scope,left,right,seed,order,prefix,phase,metric_and_role,denominator,errors_corrected,new_errors_introduced,both_wrong,both_correct,net_correct_change
TAO_TRAIN_GT_CONTROLLED_HELDOUT,A0_RAW,A1_SELECTED,1027,main,1,representation,standard_correct_all,223,95,1,123,4,94
TAO_TRAIN_GT_CONTROLLED_HELDOUT,A0_RAW,A1_SELECTED,1027,main,1,representation,standard_correct_known,207,91,0,116,0,91
TAO_TRAIN_GT_CONTROLLED_HELDOUT,A0_RAW,A1_SELECTED,1027,main,1,representation,standard_correct_novel,16,4,1,7,4,3
TAO_TRAIN_GT_CONTROLLED_HELDOUT,A0_RAW,A1_SELECTED,1027,main,1,representation,CT_correct_all,9,1,0,7,1,1
TAO_TRAIN_GT_CONTROLLED_HELDOUT,A0_RAW,A1_SELECTED,1027,main,1,representation,CT_correct_known,0,0,0,0,0,0
TAO_TRAIN_GT_CONTROLLED_HELDOUT,A0_RAW,A1_SELECTED,1027,main,1,representation,CT_correct_novel,9,1,0,7,1,1
TAO_TRAIN_GT_CONTROLLED_HELDOUT,A0_RAW,A2_EVIDENCE,1027,main,1,representation,standard_correct_all,223,99,2,119,3,97
TAO_TRAIN_GT_CONTROLLED_HELDOUT,A0_RAW,A2_EVIDENCE,1027,main,1,representation,standard_correct_known,207,95,0,112,0,95
TAO_TRAIN_GT_CONTROLLED_HELDOUT,A0_RAW,A2_EVIDENCE,1027,main,1,representation,standard_correct_novel,16,4,2,7,3,2
TAO_TRAIN_GT_CONTROLLED_HELDOUT,A0_RAW,A2_EVIDENCE,1027,main,1,representation,CT_correct_all,9,2,1,6,0,1
TAO_TRAIN_GT_CONTROLLED_HELDOUT,A0_RAW,A2_EVIDENCE,1027,main,1,representation,CT_correct_known,0,0,0,0,0,0
TAO_TRAIN_GT_CONTROLLED_HELDOUT,A0_RAW,A2_EVIDENCE,1027,main,1,representation,CT_correct_novel,9,2,1,6,0,1
TAO_TRAIN_GT_CONTROLLED_HELDOUT,A0_RAW,A2_CAPACITY_CONTROL,1027,main,1,representation,standard_correct_all,223,88,1,130,4,87
TAO_TRAIN_GT_CONTROLLED_HELDOUT,A0_RAW,A2_CAPACITY_CONTROL,1027,main,1,representation,standard_correct_known,207,85,0,122,0,85
TAO_TRAIN_GT_CONTROLLED_HELDOUT,A0_RAW,A2_CAPACITY_CONTROL,1027,main,1,representation,standard_correct_novel,16,3,1,8,4,2
TAO_TRAIN_GT_CONTROLLED_HELDOUT,A0_RAW,A2_CAPACITY_CONTROL,1027,main,1,representation,CT_correct_all,9,2,1,6,0,1
TAO_TRAIN_GT_CONTROLLED_HELDOUT,A0_RAW,A2_CAPACITY_CONTROL,1027,main,1,representation,CT_correct_known,0,0,0,0,0,0
TAO_TRAIN_GT_CONTROLLED_HELDOUT,A0_RAW,A2_CAPACITY_CONTROL,1027,main,1,representation,CT_correct_novel,9,2,1,6,0,1
TAO_TRAIN_GT_CONTROLLED_HELDOUT,A1_SELECTED,A2_EVIDENCE,1027,main,1,representation,standard_correct_all,223,9,6,115,93,3
TAO_TRAIN_GT_CONTROLLED_HELDOUT,A1_SELECTED,A2_EVIDENCE,1027,main,1,representation,standard_correct_known,207,7,3,109,88,4
TAO_TRAIN_GT_CONTROLLED_HELDOUT,A1_SELECTED,A2_EVIDENCE,1027,main,1,representation,standard_correct_novel,16,2,3,6,5,-1
TAO_TRAIN_GT_CONTROLLED_HELDOUT,A1_SELECTED,A2_EVIDENCE,1027,main,1,representation,CT_correct_all,9,2,2,5,0,0
TAO_TRAIN_GT_CONTROLLED_HELDOUT,A1_SELECTED,A2_EVIDENCE,1027,main,1,representation,CT_correct_known,0,0,0,0,0,0
TAO_TRAIN_GT_CONTROLLED_HELDOUT,A1_SELECTED,A2_EVIDENCE,1027,main,1,representation,CT_correct_novel,9,2,2,5,0,0
TAO_TRAIN_GT_CONTROLLED_HELDOUT,A1_SELECTED,A2_CAPACITY_CONTROL,1027,main,1,representation,standard_correct_all,223,5,12,119,87,-7
TAO_TRAIN_GT_CONTROLLED_HELDOUT,A1_SELECTED,A2_CAPACITY_CONTROL,1027,main,1,representation,standard_correct_known,207,4,10,112,81,-6
TAO_TRAIN_GT_CONTROLLED_HELDOUT,A1_SELECTED,A2_CAPACITY_CONTROL,1027,main,1,representation,standard_correct_novel,16,1,2,7,6,-1
TAO_TRAIN_GT_CONTROLLED_HELDOUT,A1_SELECTED,A2_CAPACITY_CONTROL,1027,main,1,representation,CT_correct_all,9,2,2,5,0,0
TAO_TRAIN_GT_CONTROLLED_HELDOUT,A1_SELECTED,A2_CAPACITY_CONTROL,1027,main,1,representation,CT_correct_known,0,0,0,0,0,0
TAO_TRAIN_GT_CONTROLLED_HELDOUT,A1_SELECTED,A2_CAPACITY_CONTROL,1027,main,1,representation,CT_correct_novel,9,2,2,5,0,0
TAO_TRAIN_GT_CONTROLLED_HELDOUT,D1_SIMPLE_MLP,D2_RISK_AWARE,1027,main,1,policy,standard_correct_all,223,9,50,163,1,-41
TAO_TRAIN_GT_CONTROLLED_HELDOUT,D1_SIMPLE_MLP,D2_RISK_AWARE,1027,main,1,policy,standard_correct_known,207,0,49,158,0,-49
TAO_TRAIN_GT_CONTROLLED_HELDOUT,D1_SIMPLE_MLP,D2_RISK_AWARE,1027,main,1,policy,standard_correct_novel,16,9,1,5,1,8
TAO_TRAIN_GT_CONTROLLED_HELDOUT,D1_SIMPLE_MLP,D2_RISK_AWARE,1027,main,1,policy,CT_correct_all,9,0,0,9,0,0
TAO_TRAIN_GT_CONTROLLED_HELDOUT,D1_SIMPLE_MLP,D2_RISK_AWARE,1027,main,1,policy,CT_correct_known,0,0,0,0,0,0
TAO_TRAIN_GT_CONTROLLED_HELDOUT,D1_SIMPLE_MLP,D2_RISK_AWARE,1027,main,1,policy,CT_correct_novel,9,0,0,9,0,0
TAO_TRAIN_GT_CONTROLLED_HELDOUT,WITHOUT_RISK,FULL,1027,main,1,policy,standard_correct_all,223,10,136,77,0,-126
TAO_TRAIN_GT_CONTROLLED_HELDOUT,WITHOUT_RISK,FULL,1027,main,1,policy,standard_correct_known,207,0,136,71,0,-136
TAO_TRAIN_GT_CONTROLLED_HELDOUT,WITHOUT_RISK,FULL,1027,main,1,policy,standard_correct_novel,16,10,0,6,0,10
TAO_TRAIN_GT_CONTROLLED_HELDOUT,WITHOUT_RISK,FULL,1027,main,1,policy,CT_correct_all,9,0,0,9,0,0
TAO_TRAIN_GT_CONTROLLED_HELDOUT,WITHOUT_RISK,FULL,1027,main,1,policy,CT_correct_known,0,0,0,0,0,0
TAO_TRAIN_GT_CONTROLLED_HELDOUT,WITHOUT_RISK,FULL,1027,main,1,policy,CT_correct_novel,9,0,0,9,0,0
TAO_TRAIN_GT_CONTROLLED_HELDOUT,WITHOUT_TEMPORAL,FULL,1027,main,1,policy,standard_correct_all,223,0,0,213,10,0
TAO_TRAIN_GT_CONTROLLED_HELDOUT,WITHOUT_TEMPORAL,FULL,1027,main,1,policy,standard_correct_known,207,0,0,207,0,0
TAO_TRAIN_GT_CONTROLLED_HELDOUT,WITHOUT_TEMPORAL,FULL,1027,main,1,policy,standard_correct_novel,16,0,0,6,10,0
TAO_TRAIN_GT_CONTROLLED_HELDOUT,WITHOUT_TEMPORAL,FULL,1027,main,1,policy,CT_correct_all,9,0,0,9,0,0
TAO_TRAIN_GT_CONTROLLED_HELDOUT,WITHOUT_TEMPORAL,FULL,1027,main,1,policy,CT_correct_known,0,0,0,0,0,0
TAO_TRAIN_GT_CONTROLLED_HELDOUT,WITHOUT_TEMPORAL,FULL,1027,main,1,policy,CT_correct_novel,9,0,0,9,0,0
TAO_TRAIN_GT_CONTROLLED_HELDOUT,A0_RAW,A1_SELECTED,1027,main,2,representation,standard_correct_all,223,106,1,110,6,105
TAO_TRAIN_GT_CONTROLLED_HELDOUT,A0_RAW,A1_SELECTED,1027,main,2,representation,standard_correct_known,207,104,0,103,0,104
TAO_TRAIN_GT_CONTROLLED_HELDOUT,A0_RAW,A1_SELECTED,1027,main,2,representation,standard_correct_novel,16,2,1,7,6,1
TAO_TRAIN_GT_CONTROLLED_HELDOUT,A0_RAW,A1_SELECTED,1027,main,2,representation,CT_correct_all,9,0,1,8,0,-1
TAO_TRAIN_GT_CONTROLLED_HELDOUT,A0_RAW,A1_SELECTED,1027,main,2,representation,CT_correct_known,0,0,0,0,0,0
TAO_TRAIN_GT_CONTROLLED_HELDOUT,A0_RAW,A1_SELECTED,1027,main,2,representation,CT_correct_novel,9,0,1,8,0,-1
TAO_TRAIN_GT_CONTROLLED_HELDOUT,A0_RAW,A2_EVIDENCE,1027,main,2,representation,standard_correct_all,223,109,3,107,4,106
TAO_TRAIN_GT_CONTROLLED_HELDOUT,A0_RAW,A2_EVIDENCE,1027,main,2,representation,standard_correct_known,207,106,0,101,0,106
TAO_TRAIN_GT_CONTROLLED_HELDOUT,A0_RAW,A2_EVIDENCE,1027,main,2,representation,standard_correct_novel,16,3,3,6,4,0
TAO_TRAIN_GT_CONTROLLED_HELDOUT,A0_RAW,A2_EVIDENCE,1027,main,2,representation,CT_correct_all,9,0,1,8,0,-1
TAO_TRAIN_GT_CONTROLLED_HELDOUT,A0_RAW,A2_EVIDENCE,1027,main,2,representation,CT_correct_known,0,0,0,0,0,0
TAO_TRAIN_GT_CONTROLLED_HELDOUT,A0_RAW,A2_EVIDENCE,1027,main,2,representation,CT_correct_novel,9,0,1,8,0,-1
TAO_TRAIN_GT_CONTROLLED_HELDOUT,A0_RAW,A2_CAPACITY_CONTROL,1027,main,2,representation,standard_correct_all,223,107,2,109,5,105
TAO_TRAIN_GT_CONTROLLED_HELDOUT,A0_RAW,A2_CAPACITY_CONTROL,1027,main,2,representation,standard_correct_known,207,105,0,102,0,105
TAO_TRAIN_GT_CONTROLLED_HELDOUT,A0_RAW,A2_CAPACITY_CONTROL,1027,main,2,representation,standard_correct_novel,16,2,2,7,5,0
TAO_TRAIN_GT_CONTROLLED_HELDOUT,A0_RAW,A2_CAPACITY_CONTROL,1027,main,2,representation,CT_correct_all,9,0,1,8,0,-1
TAO_TRAIN_GT_CONTROLLED_HELDOUT,A0_RAW,A2_CAPACITY_CONTROL,1027,main,2,representation,CT_correct_known,0,0,0,0,0,0
TAO_TRAIN_GT_CONTROLLED_HELDOUT,A0_RAW,A2_CAPACITY_CONTROL,1027,main,2,representation,CT_correct_novel,9,0,1,8,0,-1
TAO_TRAIN_GT_CONTROLLED_HELDOUT,A1_SELECTED,A2_EVIDENCE,1027,main,2,representation,standard_correct_all,223,5,4,106,108,1
TAO_TRAIN_GT_CONTROLLED_HELDOUT,A1_SELECTED,A2_EVIDENCE,1027,main,2,representation,standard_correct_known,207,3,1,100,103,2
TAO_TRAIN_GT_CONTROLLED_HELDOUT,A1_SELECTED,A2_EVIDENCE,1027,main,2,representation,standard_correct_novel,16,2,3,6,5,-1
TAO_TRAIN_GT_CONTROLLED_HELDOUT,A1_SELECTED,A2_EVIDENCE,1027,main,2,representation,CT_correct_all,9,0,0,9,0,0
TAO_TRAIN_GT_CONTROLLED_HELDOUT,A1_SELECTED,A2_EVIDENCE,1027,main,2,representation,CT_correct_known,0,0,0,0,0,0
TAO_TRAIN_GT_CONTROLLED_HELDOUT,A1_SELECTED,A2_EVIDENCE,1027,main,2,representation,CT_correct_novel,9,0,0,9,0,0
TAO_TRAIN_GT_CONTROLLED_HELDOUT,A1_SELECTED,A2_CAPACITY_CONTROL,1027,main,2,representation,standard_correct_all,223,2,2,109,110,0
TAO_TRAIN_GT_CONTROLLED_HELDOUT,A1_SELECTED,A2_CAPACITY_CONTROL,1027,main,2,representation,standard_correct_known,207,1,0,102,104,1
TAO_TRAIN_GT_CONTROLLED_HELDOUT,A1_SELECTED,A2_CAPACITY_CONTROL,1027,main,2,representation,standard_correct_novel,16,1,2,7,6,-1
TAO_TRAIN_GT_CONTROLLED_HELDOUT,A1_SELECTED,A2_CAPACITY_CONTROL,1027,main,2,representation,CT_correct_all,9,0,0,9,0,0
TAO_TRAIN_GT_CONTROLLED_HELDOUT,A1_SELECTED,A2_CAPACITY_CONTROL,1027,main,2,representation,CT_correct_known,0,0,0,0,0,0
TAO_TRAIN_GT_CONTROLLED_HELDOUT,A1_SELECTED,A2_CAPACITY_CONTROL,1027,main,2,representation,CT_correct_novel,9,0,0,9,0,0
TAO_TRAIN_GT_CONTROLLED_HELDOUT,D1_SIMPLE_MLP,D2_RISK_AWARE,1027,main,2,policy,standard_correct_all,223,10,68,145,0,-58
TAO_TRAIN_GT_CONTROLLED_HELDOUT,D1_SIMPLE_MLP,D2_RISK_AWARE,1027,main,2,policy,standard_correct_known,207,0,68,139,0,-68
TAO_TRAIN_GT_CONTROLLED_HELDOUT,D1_SIMPLE_MLP,D2_RISK_AWARE,1027,main,2,policy,standard_correct_novel,16,10,0,6,0,10
TAO_TRAIN_GT_CONTROLLED_HELDOUT,D1_SIMPLE_MLP,D2_RISK_AWARE,1027,main,2,policy,CT_correct_all,9,0,0,9,0,0
TAO_TRAIN_GT_CONTROLLED_HELDOUT,D1_SIMPLE_MLP,D2_RISK_AWARE,1027,main,2,policy,CT_correct_known,0,0,0,0,0,0
TAO_TRAIN_GT_CONTROLLED_HELDOUT,D1_SIMPLE_MLP,D2_RISK_AWARE,1027,main,2,policy,CT_correct_novel,9,0,0,9,0,0
TAO_TRAIN_GT_CONTROLLED_HELDOUT,WITHOUT_RISK,FULL,1027,main,2,policy,standard_correct_all,223,10,146,67,0,-136
TAO_TRAIN_GT_CONTROLLED_HELDOUT,WITHOUT_RISK,FULL,1027,main,2,policy,standard_correct_known,207,0,146,61,0,-146
TAO_TRAIN_GT_CONTROLLED_HELDOUT,WITHOUT_RISK,FULL,1027,main,2,policy,standard_correct_novel,16,10,0,6,0,10
TAO_TRAIN_GT_CONTROLLED_HELDOUT,WITHOUT_RISK,FULL,1027,main,2,policy,CT_correct_all,9,0,0,9,0,0
TAO_TRAIN_GT_CONTROLLED_HELDOUT,WITHOUT_RISK,FULL,1027,main,2,policy,CT_correct_known,0,0,0,0,0,0
TAO_TRAIN_GT_CONTROLLED_HELDOUT,WITHOUT_RISK,FULL,1027,main,2,policy,CT_correct_novel,9,0,0,9,0,0
TAO_TRAIN_GT_CONTROLLED_HELDOUT,WITHOUT_TEMPORAL,FULL,1027,main,2,policy,standard_correct_all,223,0,0,213,10,0
TAO_TRAIN_GT_CONTROLLED_HELDOUT,WITHOUT_TEMPORAL,FULL,1027,main,2,policy,standard_correct_known,207,0,0,207,0,0
TAO_TRAIN_GT_CONTROLLED_HELDOUT,WITHOUT_TEMPORAL,FULL,1027,main,2,policy,standard_correct_novel,16,0,0,6,10,0
TAO_TRAIN_GT_CONTROLLED_HELDOUT,WITHOUT_TEMPORAL,FULL,1027,main,2,policy,CT_correct_all,9,0,0,9,0,0
TAO_TRAIN_GT_CONTROLLED_HELDOUT,WITHOUT_TEMPORAL,FULL,1027,main,2,policy,CT_correct_known,0,0,0,0,0,0
TAO_TRAIN_GT_CONTROLLED_HELDOUT,WITHOUT_TEMPORAL,FULL,1027,main,2,policy,CT_correct_novel,9,0,0,9,0,0
TAO_TRAIN_GT_CONTROLLED_HELDOUT,A0_RAW,A1_SELECTED,1027,main,4,representation,standard_correct_all,223,108,3,108,4,105
TAO_TRAIN_GT_CONTROLLED_HELDOUT,A0_RAW,A1_SELECTED,1027,main,4,representation,standard_correct_known,207,107,0,100,0,107
TAO_TRAIN_GT_CONTROLLED_HELDOUT,A0_RAW,A1_SELECTED,1027,main,4,representation,standard_correct_novel,16,1,3,8,4,-2
TAO_TRAIN_GT_CONTROLLED_HELDOUT,A0_RAW,A1_SELECTED,1027,main,4,representation,CT_correct_all,9,0,1,8,0,-1
TAO_TRAIN_GT_CONTROLLED_HELDOUT,A0_RAW,A1_SELECTED,1027,main,4,representation,CT_correct_known,0,0,0,0,0,0
TAO_TRAIN_GT_CONTROLLED_HELDOUT,A0_RAW,A1_SELECTED,1027,main,4,representation,CT_correct_novel,9,0,1,8,0,-1
TAO_TRAIN_GT_CONTROLLED_HELDOUT,A0_RAW,A2_EVIDENCE,1027,main,4,representation,standard_correct_all,223,112,3,104,4,109
TAO_TRAIN_GT_CONTROLLED_HELDOUT,A0_RAW,A2_EVIDENCE,1027,main,4,representation,standard_correct_known,207,108,0,99,0,108
TAO_TRAIN_GT_CONTROLLED_HELDOUT,A0_RAW,A2_EVIDENCE,1027,main,4,representation,standard_correct_novel,16,4,3,5,4,1
TAO_TRAIN_GT_CONTROLLED_HELDOUT,A0_RAW,A2_EVIDENCE,1027,main,4,representation,CT_correct_all,9,0,1,8,0,-1
TAO_TRAIN_GT_CONTROLLED_HELDOUT,A0_RAW,A2_EVIDENCE,1027,main,4,representation,CT_correct_known,0,0,0,0,0,0
TAO_TRAIN_GT_CONTROLLED_HELDOUT,A0_RAW,A2_EVIDENCE,1027,main,4,representation,CT_correct_novel,9,0,1,8,0,-1
TAO_TRAIN_GT_CONTROLLED_HELDOUT,A0_RAW,A2_CAPACITY_CONTROL,1027,main,4,representation,standard_correct_all,223,112,3,104,4,109
TAO_TRAIN_GT_CONTROLLED_HELDOUT,A0_RAW,A2_CAPACITY_CONTROL,1027,main,4,representation,standard_correct_known,207,108,0,99,0,108
TAO_TRAIN_GT_CONTROLLED_HELDOUT,A0_RAW,A2_CAPACITY_CONTROL,1027,main,4,representation,standard_correct_novel,16,4,3,5,4,1
TAO_TRAIN_GT_CONTROLLED_HELDOUT,A0_RAW,A2_CAPACITY_CONTROL,1027,main,4,representation,CT_correct_all,9,0,1,8,0,-1
TAO_TRAIN_GT_CONTROLLED_HELDOUT,A0_RAW,A2_CAPACITY_CONTROL,1027,main,4,representation,CT_correct_known,0,0,0,0,0,0
TAO_TRAIN_GT_CONTROLLED_HELDOUT,A0_RAW,A2_CAPACITY_CONTROL,1027,main,4,representation,CT_correct_novel,9,0,1,8,0,-1
TAO_TRAIN_GT_CONTROLLED_HELDOUT,A1_SELECTED,A2_EVIDENCE,1027,main,4,representation,standard_correct_all,223,7,3,104,109,4
TAO_TRAIN_GT_CONTROLLED_HELDOUT,A1_SELECTED,A2_EVIDENCE,1027,main,4,representation,standard_correct_known,207,3,2,97,105,1
TAO_TRAIN_GT_CONTROLLED_HELDOUT,A1_SELECTED,A2_EVIDENCE,1027,main,4,representation,standard_correct_novel,16,4,1,7,4,3
TAO_TRAIN_GT_CONTROLLED_HELDOUT,A1_SELECTED,A2_EVIDENCE,1027,main,4,representation,CT_correct_all,9,0,0,9,0,0
TAO_TRAIN_GT_CONTROLLED_HELDOUT,A1_SELECTED,A2_EVIDENCE,1027,main,4,representation,CT_correct_known,0,0,0,0,0,0
TAO_TRAIN_GT_CONTROLLED_HELDOUT,A1_SELECTED,A2_EVIDENCE,1027,main,4,representation,CT_correct_novel,9,0,0,9,0,0
TAO_TRAIN_GT_CONTROLLED_HELDOUT,A1_SELECTED,A2_CAPACITY_CONTROL,1027,main,4,representation,standard_correct_all,223,6,2,105,110,4
TAO_TRAIN_GT_CONTROLLED_HELDOUT,A1_SELECTED,A2_CAPACITY_CONTROL,1027,main,4,representation,standard_correct_known,207,2,1,98,106,1
TAO_TRAIN_GT_CONTROLLED_HELDOUT,A1_SELECTED,A2_CAPACITY_CONTROL,1027,main,4,representation,standard_correct_novel,16,4,1,7,4,3
TAO_TRAIN_GT_CONTROLLED_HELDOUT,A1_SELECTED,A2_CAPACITY_CONTROL,1027,main,4,representation,CT_correct_all,9,0,0,9,0,0
TAO_TRAIN_GT_CONTROLLED_HELDOUT,A1_SELECTED,A2_CAPACITY_CONTROL,1027,main,4,representation,CT_correct_known,0,0,0,0,0,0
TAO_TRAIN_GT_CONTROLLED_HELDOUT,A1_SELECTED,A2_CAPACITY_CONTROL,1027,main,4,representation,CT_correct_novel,9,0,0,9,0,0
TAO_TRAIN_GT_CONTROLLED_HELDOUT,D1_SIMPLE_MLP,D2_RISK_AWARE,1027,main,4,policy,standard_correct_all,223,10,78,135,0,-68
TAO_TRAIN_GT_CONTROLLED_HELDOUT,D1_SIMPLE_MLP,D2_RISK_AWARE,1027,main,4,policy,standard_correct_known,207,0,78,129,0,-78
TAO_TRAIN_GT_CONTROLLED_HELDOUT,D1_SIMPLE_MLP,D2_RISK_AWARE,1027,main,4,policy,standard_correct_novel,16,10,0,6,0,10
TAO_TRAIN_GT_CONTROLLED_HELDOUT,D1_SIMPLE_MLP,D2_RISK_AWARE,1027,main,4,policy,CT_correct_all,9,0,0,9,0,0
TAO_TRAIN_GT_CONTROLLED_HELDOUT,D1_SIMPLE_MLP,D2_RISK_AWARE,1027,main,4,policy,CT_correct_known,0,0,0,0,0,0
TAO_TRAIN_GT_CONTROLLED_HELDOUT,D1_SIMPLE_MLP,D2_RISK_AWARE,1027,main,4,policy,CT_correct_novel,9,0,0,9,0,0
TAO_TRAIN_GT_CONTROLLED_HELDOUT,WITHOUT_RISK,FULL,1027,main,4,policy,standard_correct_all,223,10,149,64,0,-139
TAO_TRAIN_GT_CONTROLLED_HELDOUT,WITHOUT_RISK,FULL,1027,main,4,policy,standard_correct_known,207,0,149,58,0,-149
TAO_TRAIN_GT_CONTROLLED_HELDOUT,WITHOUT_RISK,FULL,1027,main,4,policy,standard_correct_novel,16,10,0,6,0,10
TAO_TRAIN_GT_CONTROLLED_HELDOUT,WITHOUT_RISK,FULL,1027,main,4,policy,CT_correct_all,9,0,0,9,0,0
TAO_TRAIN_GT_CONTROLLED_HELDOUT,WITHOUT_RISK,FULL,1027,main,4,policy,CT_correct_known,0,0,0,0,0,0
TAO_TRAIN_GT_CONTROLLED_HELDOUT,WITHOUT_RISK,FULL,1027,main,4,policy,CT_correct_novel,9,0,0,9,0,0
TAO_TRAIN_GT_CONTROLLED_HELDOUT,WITHOUT_TEMPORAL,FULL,1027,main,4,policy,standard_correct_all,223,0,0,213,10,0
TAO_TRAIN_GT_CONTROLLED_HELDOUT,WITHOUT_TEMPORAL,FULL,1027,main,4,policy,standard_correct_known,207,0,0,207,0,0
TAO_TRAIN_GT_CONTROLLED_HELDOUT,WITHOUT_TEMPORAL,FULL,1027,main,4,policy,standard_correct_novel,16,0,0,6,10,0
TAO_TRAIN_GT_CONTROLLED_HELDOUT,WITHOUT_TEMPORAL,FULL,1027,main,4,policy,CT_correct_all,9,0,0,9,0,0
TAO_TRAIN_GT_CONTROLLED_HELDOUT,WITHOUT_TEMPORAL,FULL,1027,main,4,policy,CT_correct_known,0,0,0,0,0,0
TAO_TRAIN_GT_CONTROLLED_HELDOUT,WITHOUT_TEMPORAL,FULL,1027,main,4,policy,CT_correct_novel,9,0,0,9,0,0
TAO_TRAIN_GT_CONTROLLED_HELDOUT,A0_RAW,A1_SELECTED,1027,main,8,representation,standard_correct_all,223,107,1,107,8,106
TAO_TRAIN_GT_CONTROLLED_HELDOUT,A0_RAW,A1_SELECTED,1027,main,8,representation,standard_correct_known,207,106,0,100,1,106
TAO_TRAIN_GT_CONTROLLED_HELDOUT,A0_RAW,A1_SELECTED,1027,main,8,representation,standard_correct_novel,16,1,1,7,7,0
TAO_TRAIN_GT_CONTROLLED_HELDOUT,A0_RAW,A1_SELECTED,1027,main,8,representation,CT_correct_all,9,1,0,6,2,1
TAO_TRAIN_GT_CONTROLLED_HELDOUT,A0_RAW,A1_SELECTED,1027,main,8,representation,CT_correct_known,0,0,0,0,0,0
TAO_TRAIN_GT_CONTROLLED_HELDOUT,A0_RAW,A1_SELECTED,1027,main,8,representation,CT_correct_novel,9,1,0,6,2,1
TAO_TRAIN_GT_CONTROLLED_HELDOUT,A0_RAW,A2_EVIDENCE,1027,main,8,representation,standard_correct_all,223,116,2,98,7,114
TAO_TRAIN_GT_CONTROLLED_HELDOUT,A0_RAW,A2_EVIDENCE,1027,main,8,representation,standard_correct_known,207,114,0,92,1,114
TAO_TRAIN_GT_CONTROLLED_HELDOUT,A0_RAW,A2_EVIDENCE,1027,main,8,representation,standard_correct_novel,16,2,2,6,6,0
TAO_TRAIN_GT_CONTROLLED_HELDOUT,A0_RAW,A2_EVIDENCE,1027,main,8,representation,CT_correct_all,9,0,2,7,0,-2
TAO_TRAIN_GT_CONTROLLED_HELDOUT,A0_RAW,A2_EVIDENCE,1027,main,8,representation,CT_correct_known,0,0,0,0,0,0
TAO_TRAIN_GT_CONTROLLED_HELDOUT,A0_RAW,A2_EVIDENCE,1027,main,8,representation,CT_correct_novel,9,0,2,7,0,-2
TAO_TRAIN_GT_CONTROLLED_HELDOUT,A0_RAW,A2_CAPACITY_CONTROL,1027,main,8,representation,standard_correct_all,223,107,2,107,7,105
TAO_TRAIN_GT_CONTROLLED_HELDOUT,A0_RAW,A2_CAPACITY_CONTROL,1027,main,8,representation,standard_correct_known,207,105,0,101,1,105
TAO_TRAIN_GT_CONTROLLED_HELDOUT,A0_RAW,A2_CAPACITY_CONTROL,1027,main,8,representation,standard_correct_novel,16,2,2,6,6,0
TAO_TRAIN_GT_CONTROLLED_HELDOUT,A0_RAW,A2_CAPACITY_CONTROL,1027,main,8,representation,CT_correct_all,9,1,2,6,0,-1
TAO_TRAIN_GT_CONTROLLED_HELDOUT,A0_RAW,A2_CAPACITY_CONTROL,1027,main,8,representation,CT_correct_known,0,0,0,0,0,0
TAO_TRAIN_GT_CONTROLLED_HELDOUT,A0_RAW,A2_CAPACITY_CONTROL,1027,main,8,representation,CT_correct_novel,9,1,2,6,0,-1
TAO_TRAIN_GT_CONTROLLED_HELDOUT,A1_SELECTED,A2_EVIDENCE,1027,main,8,representation,standard_correct_all,223,11,3,97,112,8
TAO_TRAIN_GT_CONTROLLED_HELDOUT,A1_SELECTED,A2_EVIDENCE,1027,main,8,representation,standard_correct_known,207,8,0,92,107,8
TAO_TRAIN_GT_CONTROLLED_HELDOUT,A1_SELECTED,A2_EVIDENCE,1027,main,8,representation,standard_correct_novel,16,3,3,5,5,0
TAO_TRAIN_GT_CONTROLLED_HELDOUT,A1_SELECTED,A2_EVIDENCE,1027,main,8,representation,CT_correct_all,9,0,3,6,0,-3
TAO_TRAIN_GT_CONTROLLED_HELDOUT,A1_SELECTED,A2_EVIDENCE,1027,main,8,representation,CT_correct_known,0,0,0,0,0,0
TAO_TRAIN_GT_CONTROLLED_HELDOUT,A1_SELECTED,A2_EVIDENCE,1027,main,8,representation,CT_correct_novel,9,0,3,6,0,-3
TAO_TRAIN_GT_CONTROLLED_HELDOUT,A1_SELECTED,A2_CAPACITY_CONTROL,1027,main,8,representation,standard_correct_all,223,2,3,106,112,-1
TAO_TRAIN_GT_CONTROLLED_HELDOUT,A1_SELECTED,A2_CAPACITY_CONTROL,1027,main,8,representation,standard_correct_known,207,0,1,100,106,-1
TAO_TRAIN_GT_CONTROLLED_HELDOUT,A1_SELECTED,A2_CAPACITY_CONTROL,1027,main,8,representation,standard_correct_novel,16,2,2,6,6,0
TAO_TRAIN_GT_CONTROLLED_HELDOUT,A1_SELECTED,A2_CAPACITY_CONTROL,1027,main,8,representation,CT_correct_all,9,0,2,6,1,-2
TAO_TRAIN_GT_CONTROLLED_HELDOUT,A1_SELECTED,A2_CAPACITY_CONTROL,1027,main,8,representation,CT_correct_known,0,0,0,0,0,0
TAO_TRAIN_GT_CONTROLLED_HELDOUT,A1_SELECTED,A2_CAPACITY_CONTROL,1027,main,8,representation,CT_correct_novel,9,0,2,6,1,-2
TAO_TRAIN_GT_CONTROLLED_HELDOUT,D1_SIMPLE_MLP,D2_RISK_AWARE,1027,main,8,policy,standard_correct_all,223,10,84,129,0,-74
TAO_TRAIN_GT_CONTROLLED_HELDOUT,D1_SIMPLE_MLP,D2_RISK_AWARE,1027,main,8,policy,standard_correct_known,207,0,83,124,0,-83
TAO_TRAIN_GT_CONTROLLED_HELDOUT,D1_SIMPLE_MLP,D2_RISK_AWARE,1027,main,8,policy,standard_correct_novel,16,10,1,5,0,9
TAO_TRAIN_GT_CONTROLLED_HELDOUT,D1_SIMPLE_MLP,D2_RISK_AWARE,1027,main,8,policy,CT_correct_all,9,0,0,9,0,0
TAO_TRAIN_GT_CONTROLLED_HELDOUT,D1_SIMPLE_MLP,D2_RISK_AWARE,1027,main,8,policy,CT_correct_known,0,0,0,0,0,0
TAO_TRAIN_GT_CONTROLLED_HELDOUT,D1_SIMPLE_MLP,D2_RISK_AWARE,1027,main,8,policy,CT_correct_novel,9,0,0,9,0,0
TAO_TRAIN_GT_CONTROLLED_HELDOUT,WITHOUT_RISK,FULL,1027,main,8,policy,standard_correct_all,223,10,158,55,0,-148
TAO_TRAIN_GT_CONTROLLED_HELDOUT,WITHOUT_RISK,FULL,1027,main,8,policy,standard_correct_known,207,0,158,49,0,-158
TAO_TRAIN_GT_CONTROLLED_HELDOUT,WITHOUT_RISK,FULL,1027,main,8,policy,standard_correct_novel,16,10,0,6,0,10
TAO_TRAIN_GT_CONTROLLED_HELDOUT,WITHOUT_RISK,FULL,1027,main,8,policy,CT_correct_all,9,0,0,9,0,0
TAO_TRAIN_GT_CONTROLLED_HELDOUT,WITHOUT_RISK,FULL,1027,main,8,policy,CT_correct_known,0,0,0,0,0,0
TAO_TRAIN_GT_CONTROLLED_HELDOUT,WITHOUT_RISK,FULL,1027,main,8,policy,CT_correct_novel,9,0,0,9,0,0
TAO_TRAIN_GT_CONTROLLED_HELDOUT,WITHOUT_TEMPORAL,FULL,1027,main,8,policy,standard_correct_all,223,0,0,213,10,0
TAO_TRAIN_GT_CONTROLLED_HELDOUT,WITHOUT_TEMPORAL,FULL,1027,main,8,policy,standard_correct_known,207,0,0,207,0,0
TAO_TRAIN_GT_CONTROLLED_HELDOUT,WITHOUT_TEMPORAL,FULL,1027,main,8,policy,standard_correct_novel,16,0,0,6,10,0
TAO_TRAIN_GT_CONTROLLED_HELDOUT,WITHOUT_TEMPORAL,FULL,1027,main,8,policy,CT_correct_all,9,0,0,9,0,0
TAO_TRAIN_GT_CONTROLLED_HELDOUT,WITHOUT_TEMPORAL,FULL,1027,main,8,policy,CT_correct_known,0,0,0,0,0,0
TAO_TRAIN_GT_CONTROLLED_HELDOUT,WITHOUT_TEMPORAL,FULL,1027,main,8,policy,CT_correct_novel,9,0,0,9,0,0
TAO_TRAIN_GT_CONTROLLED_HELDOUT,A0_RAW,A1_SELECTED,1027,main,16,representation,standard_correct_all,223,109,4,104,6,105
TAO_TRAIN_GT_CONTROLLED_HELDOUT,A0_RAW,A1_SELECTED,1027,main,16,representation,standard_correct_known,207,107,1,98,1,106
TAO_TRAIN_GT_CONTROLLED_HELDOUT,A0_RAW,A1_SELECTED,1027,main,16,representation,standard_correct_novel,16,2,3,6,5,-1
TAO_TRAIN_GT_CONTROLLED_HELDOUT,A0_RAW,A1_SELECTED,1027,main,16,representation,CT_correct_all,9,0,2,7,0,-2
TAO_TRAIN_GT_CONTROLLED_HELDOUT,A0_RAW,A1_SELECTED,1027,main,16,representation,CT_correct_known,0,0,0,0,0,0
TAO_TRAIN_GT_CONTROLLED_HELDOUT,A0_RAW,A1_SELECTED,1027,main,16,representation,CT_correct_novel,9,0,2,7,0,-2
TAO_TRAIN_GT_CONTROLLED_HELDOUT,A0_RAW,A2_EVIDENCE,1027,main,16,representation,standard_correct_all,223,106,6,107,4,100
TAO_TRAIN_GT_CONTROLLED_HELDOUT,A0_RAW,A2_EVIDENCE,1027,main,16,representation,standard_correct_known,207,102,1,103,1,101
TAO_TRAIN_GT_CONTROLLED_HELDOUT,A0_RAW,A2_EVIDENCE,1027,main,16,representation,standard_correct_novel,16,4,5,4,3,-1
TAO_TRAIN_GT_CONTROLLED_HELDOUT,A0_RAW,A2_EVIDENCE,1027,main,16,representation,CT_correct_all,9,0,2,7,0,-2
TAO_TRAIN_GT_CONTROLLED_HELDOUT,A0_RAW,A2_EVIDENCE,1027,main,16,representation,CT_correct_known,0,0,0,0,0,0
TAO_TRAIN_GT_CONTROLLED_HELDOUT,A0_RAW,A2_EVIDENCE,1027,main,16,representation,CT_correct_novel,9,0,2,7,0,-2
TAO_TRAIN_GT_CONTROLLED_HELDOUT,A0_RAW,A2_CAPACITY_CONTROL,1027,main,16,representation,standard_correct_all,223,104,6,109,4,98
TAO_TRAIN_GT_CONTROLLED_HELDOUT,A0_RAW,A2_CAPACITY_CONTROL,1027,main,16,representation,standard_correct_known,207,100,1,105,1,99
TAO_TRAIN_GT_CONTROLLED_HELDOUT,A0_RAW,A2_CAPACITY_CONTROL,1027,main,16,representation,standard_correct_novel,16,4,5,4,3,-1
TAO_TRAIN_GT_CONTROLLED_HELDOUT,A0_RAW,A2_CAPACITY_CONTROL,1027,main,16,representation,CT_correct_all,9,0,2,7,0,-2
TAO_TRAIN_GT_CONTROLLED_HELDOUT,A0_RAW,A2_CAPACITY_CONTROL,1027,main,16,representation,CT_correct_known,0,0,0,0,0,0
TAO_TRAIN_GT_CONTROLLED_HELDOUT,A0_RAW,A2_CAPACITY_CONTROL,1027,main,16,representation,CT_correct_novel,9,0,2,7,0,-2
TAO_TRAIN_GT_CONTROLLED_HELDOUT,A1_SELECTED,A2_EVIDENCE,1027,main,16,representation,standard_correct_all,223,6,11,102,104,-5
TAO_TRAIN_GT_CONTROLLED_HELDOUT,A1_SELECTED,A2_EVIDENCE,1027,main,16,representation,standard_correct_known,207,4,9,95,99,-5
TAO_TRAIN_GT_CONTROLLED_HELDOUT,A1_SELECTED,A2_EVIDENCE,1027,main,16,representation,standard_correct_novel,16,2,2,7,5,0
TAO_TRAIN_GT_CONTROLLED_HELDOUT,A1_SELECTED,A2_EVIDENCE,1027,main,16,representation,CT_correct_all,9,0,0,9,0,0
TAO_TRAIN_GT_CONTROLLED_HELDOUT,A1_SELECTED,A2_EVIDENCE,1027,main,16,representation,CT_correct_known,0,0,0,0,0,0
TAO_TRAIN_GT_CONTROLLED_HELDOUT,A1_SELECTED,A2_EVIDENCE,1027,main,16,representation,CT_correct_novel,9,0,0,9,0,0
TAO_TRAIN_GT_CONTROLLED_HELDOUT,A1_SELECTED,A2_CAPACITY_CONTROL,1027,main,16,representation,standard_correct_all,223,4,11,104,104,-7
TAO_TRAIN_GT_CONTROLLED_HELDOUT,A1_SELECTED,A2_CAPACITY_CONTROL,1027,main,16,representation,standard_correct_known,207,2,9,97,99,-7
TAO_TRAIN_GT_CONTROLLED_HELDOUT,A1_SELECTED,A2_CAPACITY_CONTROL,1027,main,16,representation,standard_correct_novel,16,2,2,7,5,0
TAO_TRAIN_GT_CONTROLLED_HELDOUT,A1_SELECTED,A2_CAPACITY_CONTROL,1027,main,16,representation,CT_correct_all,9,0,0,9,0,0
TAO_TRAIN_GT_CONTROLLED_HELDOUT,A1_SELECTED,A2_CAPACITY_CONTROL,1027,main,16,representation,CT_correct_known,0,0,0,0,0,0
TAO_TRAIN_GT_CONTROLLED_HELDOUT,A1_SELECTED,A2_CAPACITY_CONTROL,1027,main,16,representation,CT_correct_novel,9,0,0,9,0,0
TAO_TRAIN_GT_CONTROLLED_HELDOUT,D1_SIMPLE_MLP,D2_RISK_AWARE,1027,main,16,policy,standard_correct_all,223,10,86,127,0,-76
TAO_TRAIN_GT_CONTROLLED_HELDOUT,D1_SIMPLE_MLP,D2_RISK_AWARE,1027,main,16,policy,standard_correct_known,207,0,84,123,0,-84
TAO_TRAIN_GT_CONTROLLED_HELDOUT,D1_SIMPLE_MLP,D2_RISK_AWARE,1027,main,16,policy,standard_correct_novel,16,10,2,4,0,8
TAO_TRAIN_GT_CONTROLLED_HELDOUT,D1_SIMPLE_MLP,D2_RISK_AWARE,1027,main,16,policy,CT_correct_all,9,0,0,9,0,0
TAO_TRAIN_GT_CONTROLLED_HELDOUT,D1_SIMPLE_MLP,D2_RISK_AWARE,1027,main,16,policy,CT_correct_known,0,0,0,0,0,0
TAO_TRAIN_GT_CONTROLLED_HELDOUT,D1_SIMPLE_MLP,D2_RISK_AWARE,1027,main,16,policy,CT_correct_novel,9,0,0,9,0,0
TAO_TRAIN_GT_CONTROLLED_HELDOUT,WITHOUT_RISK,FULL,1027,main,16,policy,standard_correct_all,223,10,157,56,0,-147
TAO_TRAIN_GT_CONTROLLED_HELDOUT,WITHOUT_RISK,FULL,1027,main,16,policy,standard_correct_known,207,0,157,50,0,-157
TAO_TRAIN_GT_CONTROLLED_HELDOUT,WITHOUT_RISK,FULL,1027,main,16,policy,standard_correct_novel,16,10,0,6,0,10
TAO_TRAIN_GT_CONTROLLED_HELDOUT,WITHOUT_RISK,FULL,1027,main,16,policy,CT_correct_all,9,0,0,9,0,0
TAO_TRAIN_GT_CONTROLLED_HELDOUT,WITHOUT_RISK,FULL,1027,main,16,policy,CT_correct_known,0,0,0,0,0,0
TAO_TRAIN_GT_CONTROLLED_HELDOUT,WITHOUT_RISK,FULL,1027,main,16,policy,CT_correct_novel,9,0,0,9,0,0
TAO_TRAIN_GT_CONTROLLED_HELDOUT,WITHOUT_TEMPORAL,FULL,1027,main,16,policy,standard_correct_all,223,0,0,213,10,0
TAO_TRAIN_GT_CONTROLLED_HELDOUT,WITHOUT_TEMPORAL,FULL,1027,main,16,policy,standard_correct_known,207,0,0,207,0,0
TAO_TRAIN_GT_CONTROLLED_HELDOUT,WITHOUT_TEMPORAL,FULL,1027,main,16,policy,standard_correct_novel,16,0,0,6,10,0
TAO_TRAIN_GT_CONTROLLED_HELDOUT,WITHOUT_TEMPORAL,FULL,1027,main,16,policy,CT_correct_all,9,0,0,9,0,0
TAO_TRAIN_GT_CONTROLLED_HELDOUT,WITHOUT_TEMPORAL,FULL,1027,main,16,policy,CT_correct_known,0,0,0,0,0,0
TAO_TRAIN_GT_CONTROLLED_HELDOUT,WITHOUT_TEMPORAL,FULL,1027,main,16,policy,CT_correct_novel,9,0,0,9,0,0
TAO_TRAIN_GT_CONTROLLED_HELDOUT,A0_RAW,A1_SELECTED,1027,seed1027,1,representation,standard_correct_all,223,87,0,128,8,87
TAO_TRAIN_GT_CONTROLLED_HELDOUT,A0_RAW,A1_SELECTED,1027,seed1027,1,representation,standard_correct_known,207,87,0,120,0,87
TAO_TRAIN_GT_CONTROLLED_HELDOUT,A0_RAW,A1_SELECTED,1027,seed1027,1,representation,standard_correct_novel,16,0,0,8,8,0
TAO_TRAIN_GT_CONTROLLED_HELDOUT,A0_RAW,A1_SELECTED,1027,seed1027,1,representation,CT_correct_all,7,0,0,4,3,0
TAO_TRAIN_GT_CONTROLLED_HELDOUT,A0_RAW,A1_SELECTED,1027,seed1027,1,representation,CT_correct_known,0,0,0,0,0,0
TAO_TRAIN_GT_CONTROLLED_HELDOUT,A0_RAW,A1_SELECTED,1027,seed1027,1,representation,CT_correct_novel,7,0,0,4,3,0
TAO_TRAIN_GT_CONTROLLED_HELDOUT,A0_RAW,A2_EVIDENCE,1027,seed1027,1,representation,standard_correct_all,223,95,1,120,7,94
TAO_TRAIN_GT_CONTROLLED_HELDOUT,A0_RAW,A2_EVIDENCE,1027,seed1027,1,representation,standard_correct_known,207,94,0,113,0,94
TAO_TRAIN_GT_CONTROLLED_HELDOUT,A0_RAW,A2_EVIDENCE,1027,seed1027,1,representation,standard_correct_novel,16,1,1,7,7,0
TAO_TRAIN_GT_CONTROLLED_HELDOUT,A0_RAW,A2_EVIDENCE,1027,seed1027,1,representation,CT_correct_all,7,1,3,3,0,-2
TAO_TRAIN_GT_CONTROLLED_HELDOUT,A0_RAW,A2_EVIDENCE,1027,seed1027,1,representation,CT_correct_known,0,0,0,0,0,0
TAO_TRAIN_GT_CONTROLLED_HELDOUT,A0_RAW,A2_EVIDENCE,1027,seed1027,1,representation,CT_correct_novel,7,1,3,3,0,-2
TAO_TRAIN_GT_CONTROLLED_HELDOUT,A0_RAW,A2_CAPACITY_CONTROL,1027,seed1027,1,representation,standard_correct_all,223,81,0,134,8,81
TAO_TRAIN_GT_CONTROLLED_HELDOUT,A0_RAW,A2_CAPACITY_CONTROL,1027,seed1027,1,representation,standard_correct_known,207,81,0,126,0,81
TAO_TRAIN_GT_CONTROLLED_HELDOUT,A0_RAW,A2_CAPACITY_CONTROL,1027,seed1027,1,representation,standard_correct_novel,16,0,0,8,8,0
TAO_TRAIN_GT_CONTROLLED_HELDOUT,A0_RAW,A2_CAPACITY_CONTROL,1027,seed1027,1,representation,CT_correct_all,7,1,3,3,0,-2
TAO_TRAIN_GT_CONTROLLED_HELDOUT,A0_RAW,A2_CAPACITY_CONTROL,1027,seed1027,1,representation,CT_correct_known,0,0,0,0,0,0
TAO_TRAIN_GT_CONTROLLED_HELDOUT,A0_RAW,A2_CAPACITY_CONTROL,1027,seed1027,1,representation,CT_correct_novel,7,1,3,3,0,-2
TAO_TRAIN_GT_CONTROLLED_HELDOUT,A1_SELECTED,A2_EVIDENCE,1027,seed1027,1,representation,standard_correct_all,223,10,3,118,92,7
TAO_TRAIN_GT_CONTROLLED_HELDOUT,A1_SELECTED,A2_EVIDENCE,1027,seed1027,1,representation,standard_correct_known,207,9,2,111,85,7
TAO_TRAIN_GT_CONTROLLED_HELDOUT,A1_SELECTED,A2_EVIDENCE,1027,seed1027,1,representation,standard_correct_novel,16,1,1,7,7,0
TAO_TRAIN_GT_CONTROLLED_HELDOUT,A1_SELECTED,A2_EVIDENCE,1027,seed1027,1,representation,CT_correct_all,7,1,3,3,0,-2
TAO_TRAIN_GT_CONTROLLED_HELDOUT,A1_SELECTED,A2_EVIDENCE,1027,seed1027,1,representation,CT_correct_known,0,0,0,0,0,0
TAO_TRAIN_GT_CONTROLLED_HELDOUT,A1_SELECTED,A2_EVIDENCE,1027,seed1027,1,representation,CT_correct_novel,7,1,3,3,0,-2
TAO_TRAIN_GT_CONTROLLED_HELDOUT,A1_SELECTED,A2_CAPACITY_CONTROL,1027,seed1027,1,representation,standard_correct_all,223,5,11,123,84,-6
TAO_TRAIN_GT_CONTROLLED_HELDOUT,A1_SELECTED,A2_CAPACITY_CONTROL,1027,seed1027,1,representation,standard_correct_known,207,5,11,115,76,-6
TAO_TRAIN_GT_CONTROLLED_HELDOUT,A1_SELECTED,A2_CAPACITY_CONTROL,1027,seed1027,1,representation,standard_correct_novel,16,0,0,8,8,0
TAO_TRAIN_GT_CONTROLLED_HELDOUT,A1_SELECTED,A2_CAPACITY_CONTROL,1027,seed1027,1,representation,CT_correct_all,7,1,3,3,0,-2
TAO_TRAIN_GT_CONTROLLED_HELDOUT,A1_SELECTED,A2_CAPACITY_CONTROL,1027,seed1027,1,representation,CT_correct_known,0,0,0,0,0,0
TAO_TRAIN_GT_CONTROLLED_HELDOUT,A1_SELECTED,A2_CAPACITY_CONTROL,1027,seed1027,1,representation,CT_correct_novel,7,1,3,3,0,-2
TAO_TRAIN_GT_CONTROLLED_HELDOUT,D1_SIMPLE_MLP,D2_RISK_AWARE,1027,seed1027,1,policy,standard_correct_all,223,9,50,163,1,-41
TAO_TRAIN_GT_CONTROLLED_HELDOUT,D1_SIMPLE_MLP,D2_RISK_AWARE,1027,seed1027,1,policy,standard_correct_known,207,0,49,158,0,-49
TAO_TRAIN_GT_CONTROLLED_HELDOUT,D1_SIMPLE_MLP,D2_RISK_AWARE,1027,seed1027,1,policy,standard_correct_novel,16,9,1,5,1,8
TAO_TRAIN_GT_CONTROLLED_HELDOUT,D1_SIMPLE_MLP,D2_RISK_AWARE,1027,seed1027,1,policy,CT_correct_all,7,0,0,7,0,0
TAO_TRAIN_GT_CONTROLLED_HELDOUT,D1_SIMPLE_MLP,D2_RISK_AWARE,1027,seed1027,1,policy,CT_correct_known,0,0,0,0,0,0
TAO_TRAIN_GT_CONTROLLED_HELDOUT,D1_SIMPLE_MLP,D2_RISK_AWARE,1027,seed1027,1,policy,CT_correct_novel,7,0,0,7,0,0
TAO_TRAIN_GT_CONTROLLED_HELDOUT,WITHOUT_RISK,FULL,1027,seed1027,1,policy,standard_correct_all,223,10,136,77,0,-126
TAO_TRAIN_GT_CONTROLLED_HELDOUT,WITHOUT_RISK,FULL,1027,seed1027,1,policy,standard_correct_known,207,0,136,71,0,-136
TAO_TRAIN_GT_CONTROLLED_HELDOUT,WITHOUT_RISK,FULL,1027,seed1027,1,policy,standard_correct_novel,16,10,0,6,0,10
TAO_TRAIN_GT_CONTROLLED_HELDOUT,WITHOUT_RISK,FULL,1027,seed1027,1,policy,CT_correct_all,7,0,0,7,0,0
TAO_TRAIN_GT_CONTROLLED_HELDOUT,WITHOUT_RISK,FULL,1027,seed1027,1,policy,CT_correct_known,0,0,0,0,0,0
TAO_TRAIN_GT_CONTROLLED_HELDOUT,WITHOUT_RISK,FULL,1027,seed1027,1,policy,CT_correct_novel,7,0,0,7,0,0
TAO_TRAIN_GT_CONTROLLED_HELDOUT,WITHOUT_TEMPORAL,FULL,1027,seed1027,1,policy,standard_correct_all,223,0,0,213,10,0
TAO_TRAIN_GT_CONTROLLED_HELDOUT,WITHOUT_TEMPORAL,FULL,1027,seed1027,1,policy,standard_correct_known,207,0,0,207,0,0
TAO_TRAIN_GT_CONTROLLED_HELDOUT,WITHOUT_TEMPORAL,FULL,1027,seed1027,1,policy,standard_correct_novel,16,0,0,6,10,0
TAO_TRAIN_GT_CONTROLLED_HELDOUT,WITHOUT_TEMPORAL,FULL,1027,seed1027,1,policy,CT_correct_all,7,0,0,7,0,0
TAO_TRAIN_GT_CONTROLLED_HELDOUT,WITHOUT_TEMPORAL,FULL,1027,seed1027,1,policy,CT_correct_known,0,0,0,0,0,0
TAO_TRAIN_GT_CONTROLLED_HELDOUT,WITHOUT_TEMPORAL,FULL,1027,seed1027,1,policy,CT_correct_novel,7,0,0,7,0,0
TAO_TRAIN_GT_CONTROLLED_HELDOUT,A0_RAW,A1_SELECTED,1027,seed1027,2,representation,standard_correct_all,223,104,1,111,7,103
TAO_TRAIN_GT_CONTROLLED_HELDOUT,A0_RAW,A1_SELECTED,1027,seed1027,2,representation,standard_correct_known,207,103,0,104,0,103
TAO_TRAIN_GT_CONTROLLED_HELDOUT,A0_RAW,A1_SELECTED,1027,seed1027,2,representation,standard_correct_novel,16,1,1,7,7,0
TAO_TRAIN_GT_CONTROLLED_HELDOUT,A0_RAW,A1_SELECTED,1027,seed1027,2,representation,CT_correct_all,7,0,0,4,3,0
TAO_TRAIN_GT_CONTROLLED_HELDOUT,A0_RAW,A1_SELECTED,1027,seed1027,2,representation,CT_correct_known,0,0,0,0,0,0
TAO_TRAIN_GT_CONTROLLED_HELDOUT,A0_RAW,A1_SELECTED,1027,seed1027,2,representation,CT_correct_novel,7,0,0,4,3,0
TAO_TRAIN_GT_CONTROLLED_HELDOUT,A0_RAW,A2_EVIDENCE,1027,seed1027,2,representation,standard_correct_all,223,108,0,107,8,108
TAO_TRAIN_GT_CONTROLLED_HELDOUT,A0_RAW,A2_EVIDENCE,1027,seed1027,2,representation,standard_correct_known,207,107,0,100,0,107
TAO_TRAIN_GT_CONTROLLED_HELDOUT,A0_RAW,A2_EVIDENCE,1027,seed1027,2,representation,standard_correct_novel,16,1,0,7,8,1
TAO_TRAIN_GT_CONTROLLED_HELDOUT,A0_RAW,A2_EVIDENCE,1027,seed1027,2,representation,CT_correct_all,7,1,3,3,0,-2
TAO_TRAIN_GT_CONTROLLED_HELDOUT,A0_RAW,A2_EVIDENCE,1027,seed1027,2,representation,CT_correct_known,0,0,0,0,0,0
TAO_TRAIN_GT_CONTROLLED_HELDOUT,A0_RAW,A2_EVIDENCE,1027,seed1027,2,representation,CT_correct_novel,7,1,3,3,0,-2
TAO_TRAIN_GT_CONTROLLED_HELDOUT,A0_RAW,A2_CAPACITY_CONTROL,1027,seed1027,2,representation,standard_correct_all,223,105,0,110,8,105
TAO_TRAIN_GT_CONTROLLED_HELDOUT,A0_RAW,A2_CAPACITY_CONTROL,1027,seed1027,2,representation,standard_correct_known,207,105,0,102,0,105
TAO_TRAIN_GT_CONTROLLED_HELDOUT,A0_RAW,A2_CAPACITY_CONTROL,1027,seed1027,2,representation,standard_correct_novel,16,0,0,8,8,0
TAO_TRAIN_GT_CONTROLLED_HELDOUT,A0_RAW,A2_CAPACITY_CONTROL,1027,seed1027,2,representation,CT_correct_all,7,1,3,3,0,-2
TAO_TRAIN_GT_CONTROLLED_HELDOUT,A0_RAW,A2_CAPACITY_CONTROL,1027,seed1027,2,representation,CT_correct_known,0,0,0,0,0,0
TAO_TRAIN_GT_CONTROLLED_HELDOUT,A0_RAW,A2_CAPACITY_CONTROL,1027,seed1027,2,representation,CT_correct_novel,7,1,3,3,0,-2
TAO_TRAIN_GT_CONTROLLED_HELDOUT,A1_SELECTED,A2_EVIDENCE,1027,seed1027,2,representation,standard_correct_all,223,6,1,106,110,5
TAO_TRAIN_GT_CONTROLLED_HELDOUT,A1_SELECTED,A2_EVIDENCE,1027,seed1027,2,representation,standard_correct_known,207,4,0,100,103,4
TAO_TRAIN_GT_CONTROLLED_HELDOUT,A1_SELECTED,A2_EVIDENCE,1027,seed1027,2,representation,standard_correct_novel,16,2,1,6,7,1
TAO_TRAIN_GT_CONTROLLED_HELDOUT,A1_SELECTED,A2_EVIDENCE,1027,seed1027,2,representation,CT_correct_all,7,1,3,3,0,-2
TAO_TRAIN_GT_CONTROLLED_HELDOUT,A1_SELECTED,A2_EVIDENCE,1027,seed1027,2,representation,CT_correct_known,0,0,0,0,0,0
TAO_TRAIN_GT_CONTROLLED_HELDOUT,A1_SELECTED,A2_EVIDENCE,1027,seed1027,2,representation,CT_correct_novel,7,1,3,3,0,-2
TAO_TRAIN_GT_CONTROLLED_HELDOUT,A1_SELECTED,A2_CAPACITY_CONTROL,1027,seed1027,2,representation,standard_correct_all,223,3,1,109,110,2
TAO_TRAIN_GT_CONTROLLED_HELDOUT,A1_SELECTED,A2_CAPACITY_CONTROL,1027,seed1027,2,representation,standard_correct_known,207,2,0,102,103,2
TAO_TRAIN_GT_CONTROLLED_HELDOUT,A1_SELECTED,A2_CAPACITY_CONTROL,1027,seed1027,2,representation,standard_correct_novel,16,1,1,7,7,0
TAO_TRAIN_GT_CONTROLLED_HELDOUT,A1_SELECTED,A2_CAPACITY_CONTROL,1027,seed1027,2,representation,CT_correct_all,7,1,3,3,0,-2
TAO_TRAIN_GT_CONTROLLED_HELDOUT,A1_SELECTED,A2_CAPACITY_CONTROL,1027,seed1027,2,representation,CT_correct_known,0,0,0,0,0,0
TAO_TRAIN_GT_CONTROLLED_HELDOUT,A1_SELECTED,A2_CAPACITY_CONTROL,1027,seed1027,2,representation,CT_correct_novel,7,1,3,3,0,-2
TAO_TRAIN_GT_CONTROLLED_HELDOUT,D1_SIMPLE_MLP,D2_RISK_AWARE,1027,seed1027,2,policy,standard_correct_all,223,10,67,146,0,-57
TAO_TRAIN_GT_CONTROLLED_HELDOUT,D1_SIMPLE_MLP,D2_RISK_AWARE,1027,seed1027,2,policy,standard_correct_known,207,0,67,140,0,-67
TAO_TRAIN_GT_CONTROLLED_HELDOUT,D1_SIMPLE_MLP,D2_RISK_AWARE,1027,seed1027,2,policy,standard_correct_novel,16,10,0,6,0,10
TAO_TRAIN_GT_CONTROLLED_HELDOUT,D1_SIMPLE_MLP,D2_RISK_AWARE,1027,seed1027,2,policy,CT_correct_all,7,0,0,7,0,0
TAO_TRAIN_GT_CONTROLLED_HELDOUT,D1_SIMPLE_MLP,D2_RISK_AWARE,1027,seed1027,2,policy,CT_correct_known,0,0,0,0,0,0
TAO_TRAIN_GT_CONTROLLED_HELDOUT,D1_SIMPLE_MLP,D2_RISK_AWARE,1027,seed1027,2,policy,CT_correct_novel,7,0,0,7,0,0
TAO_TRAIN_GT_CONTROLLED_HELDOUT,WITHOUT_RISK,FULL,1027,seed1027,2,policy,standard_correct_all,223,10,146,67,0,-136
TAO_TRAIN_GT_CONTROLLED_HELDOUT,WITHOUT_RISK,FULL,1027,seed1027,2,policy,standard_correct_known,207,0,146,61,0,-146
TAO_TRAIN_GT_CONTROLLED_HELDOUT,WITHOUT_RISK,FULL,1027,seed1027,2,policy,standard_correct_novel,16,10,0,6,0,10
TAO_TRAIN_GT_CONTROLLED_HELDOUT,WITHOUT_RISK,FULL,1027,seed1027,2,policy,CT_correct_all,7,0,0,7,0,0
TAO_TRAIN_GT_CONTROLLED_HELDOUT,WITHOUT_RISK,FULL,1027,seed1027,2,policy,CT_correct_known,0,0,0,0,0,0
TAO_TRAIN_GT_CONTROLLED_HELDOUT,WITHOUT_RISK,FULL,1027,seed1027,2,policy,CT_correct_novel,7,0,0,7,0,0
TAO_TRAIN_GT_CONTROLLED_HELDOUT,WITHOUT_TEMPORAL,FULL,1027,seed1027,2,policy,standard_correct_all,223,0,0,213,10,0
TAO_TRAIN_GT_CONTROLLED_HELDOUT,WITHOUT_TEMPORAL,FULL,1027,seed1027,2,policy,standard_correct_known,207,0,0,207,0,0
TAO_TRAIN_GT_CONTROLLED_HELDOUT,WITHOUT_TEMPORAL,FULL,1027,seed1027,2,policy,standard_correct_novel,16,0,0,6,10,0
TAO_TRAIN_GT_CONTROLLED_HELDOUT,WITHOUT_TEMPORAL,FULL,1027,seed1027,2,policy,CT_correct_all,7,0,0,7,0,0
TAO_TRAIN_GT_CONTROLLED_HELDOUT,WITHOUT_TEMPORAL,FULL,1027,seed1027,2,policy,CT_correct_known,0,0,0,0,0,0
TAO_TRAIN_GT_CONTROLLED_HELDOUT,WITHOUT_TEMPORAL,FULL,1027,seed1027,2,policy,CT_correct_novel,7,0,0,7,0,0
TAO_TRAIN_GT_CONTROLLED_HELDOUT,A0_RAW,A1_SELECTED,1027,seed1027,4,representation,standard_correct_all,223,110,2,105,6,108
TAO_TRAIN_GT_CONTROLLED_HELDOUT,A0_RAW,A1_SELECTED,1027,seed1027,4,representation,standard_correct_known,207,109,0,98,0,109
TAO_TRAIN_GT_CONTROLLED_HELDOUT,A0_RAW,A1_SELECTED,1027,seed1027,4,representation,standard_correct_novel,16,1,2,7,6,-1
TAO_TRAIN_GT_CONTROLLED_HELDOUT,A0_RAW,A1_SELECTED,1027,seed1027,4,representation,CT_correct_all,7,0,1,4,2,-1
TAO_TRAIN_GT_CONTROLLED_HELDOUT,A0_RAW,A1_SELECTED,1027,seed1027,4,representation,CT_correct_known,0,0,0,0,0,0
TAO_TRAIN_GT_CONTROLLED_HELDOUT,A0_RAW,A1_SELECTED,1027,seed1027,4,representation,CT_correct_novel,7,0,1,4,2,-1
TAO_TRAIN_GT_CONTROLLED_HELDOUT,A0_RAW,A2_EVIDENCE,1027,seed1027,4,representation,standard_correct_all,223,109,2,106,6,107
TAO_TRAIN_GT_CONTROLLED_HELDOUT,A0_RAW,A2_EVIDENCE,1027,seed1027,4,representation,standard_correct_known,207,106,0,101,0,106
TAO_TRAIN_GT_CONTROLLED_HELDOUT,A0_RAW,A2_EVIDENCE,1027,seed1027,4,representation,standard_correct_novel,16,3,2,5,6,1
TAO_TRAIN_GT_CONTROLLED_HELDOUT,A0_RAW,A2_EVIDENCE,1027,seed1027,4,representation,CT_correct_all,7,0,3,4,0,-3
TAO_TRAIN_GT_CONTROLLED_HELDOUT,A0_RAW,A2_EVIDENCE,1027,seed1027,4,representation,CT_correct_known,0,0,0,0,0,0
TAO_TRAIN_GT_CONTROLLED_HELDOUT,A0_RAW,A2_EVIDENCE,1027,seed1027,4,representation,CT_correct_novel,7,0,3,4,0,-3
TAO_TRAIN_GT_CONTROLLED_HELDOUT,A0_RAW,A2_CAPACITY_CONTROL,1027,seed1027,4,representation,standard_correct_all,223,111,2,104,6,109
TAO_TRAIN_GT_CONTROLLED_HELDOUT,A0_RAW,A2_CAPACITY_CONTROL,1027,seed1027,4,representation,standard_correct_known,207,108,0,99,0,108
TAO_TRAIN_GT_CONTROLLED_HELDOUT,A0_RAW,A2_CAPACITY_CONTROL,1027,seed1027,4,representation,standard_correct_novel,16,3,2,5,6,1
TAO_TRAIN_GT_CONTROLLED_HELDOUT,A0_RAW,A2_CAPACITY_CONTROL,1027,seed1027,4,representation,CT_correct_all,7,0,3,4,0,-3
TAO_TRAIN_GT_CONTROLLED_HELDOUT,A0_RAW,A2_CAPACITY_CONTROL,1027,seed1027,4,representation,CT_correct_known,0,0,0,0,0,0
TAO_TRAIN_GT_CONTROLLED_HELDOUT,A0_RAW,A2_CAPACITY_CONTROL,1027,seed1027,4,representation,CT_correct_novel,7,0,3,4,0,-3
TAO_TRAIN_GT_CONTROLLED_HELDOUT,A1_SELECTED,A2_EVIDENCE,1027,seed1027,4,representation,standard_correct_all,223,4,5,103,111,-1
TAO_TRAIN_GT_CONTROLLED_HELDOUT,A1_SELECTED,A2_EVIDENCE,1027,seed1027,4,representation,standard_correct_known,207,2,5,96,104,-3
TAO_TRAIN_GT_CONTROLLED_HELDOUT,A1_SELECTED,A2_EVIDENCE,1027,seed1027,4,representation,standard_correct_novel,16,2,0,7,7,2
TAO_TRAIN_GT_CONTROLLED_HELDOUT,A1_SELECTED,A2_EVIDENCE,1027,seed1027,4,representation,CT_correct_all,7,0,2,5,0,-2
TAO_TRAIN_GT_CONTROLLED_HELDOUT,A1_SELECTED,A2_EVIDENCE,1027,seed1027,4,representation,CT_correct_known,0,0,0,0,0,0
TAO_TRAIN_GT_CONTROLLED_HELDOUT,A1_SELECTED,A2_EVIDENCE,1027,seed1027,4,representation,CT_correct_novel,7,0,2,5,0,-2
TAO_TRAIN_GT_CONTROLLED_HELDOUT,A1_SELECTED,A2_CAPACITY_CONTROL,1027,seed1027,4,representation,standard_correct_all,223,3,2,104,114,1
TAO_TRAIN_GT_CONTROLLED_HELDOUT,A1_SELECTED,A2_CAPACITY_CONTROL,1027,seed1027,4,representation,standard_correct_known,207,1,2,97,107,-1
TAO_TRAIN_GT_CONTROLLED_HELDOUT,A1_SELECTED,A2_CAPACITY_CONTROL,1027,seed1027,4,representation,standard_correct_novel,16,2,0,7,7,2
TAO_TRAIN_GT_CONTROLLED_HELDOUT,A1_SELECTED,A2_CAPACITY_CONTROL,1027,seed1027,4,representation,CT_correct_all,7,0,2,5,0,-2
TAO_TRAIN_GT_CONTROLLED_HELDOUT,A1_SELECTED,A2_CAPACITY_CONTROL,1027,seed1027,4,representation,CT_correct_known,0,0,0,0,0,0
TAO_TRAIN_GT_CONTROLLED_HELDOUT,A1_SELECTED,A2_CAPACITY_CONTROL,1027,seed1027,4,representation,CT_correct_novel,7,0,2,5,0,-2
TAO_TRAIN_GT_CONTROLLED_HELDOUT,D1_SIMPLE_MLP,D2_RISK_AWARE,1027,seed1027,4,policy,standard_correct_all,223,10,78,135,0,-68
TAO_TRAIN_GT_CONTROLLED_HELDOUT,D1_SIMPLE_MLP,D2_RISK_AWARE,1027,seed1027,4,policy,standard_correct_known,207,0,78,129,0,-78
TAO_TRAIN_GT_CONTROLLED_HELDOUT,D1_SIMPLE_MLP,D2_RISK_AWARE,1027,seed1027,4,policy,standard_correct_novel,16,10,0,6,0,10
TAO_TRAIN_GT_CONTROLLED_HELDOUT,D1_SIMPLE_MLP,D2_RISK_AWARE,1027,seed1027,4,policy,CT_correct_all,7,0,0,7,0,0
TAO_TRAIN_GT_CONTROLLED_HELDOUT,D1_SIMPLE_MLP,D2_RISK_AWARE,1027,seed1027,4,policy,CT_correct_known,0,0,0,0,0,0
TAO_TRAIN_GT_CONTROLLED_HELDOUT,D1_SIMPLE_MLP,D2_RISK_AWARE,1027,seed1027,4,policy,CT_correct_novel,7,0,0,7,0,0
TAO_TRAIN_GT_CONTROLLED_HELDOUT,WITHOUT_RISK,FULL,1027,seed1027,4,policy,standard_correct_all,223,10,149,64,0,-139
TAO_TRAIN_GT_CONTROLLED_HELDOUT,WITHOUT_RISK,FULL,1027,seed1027,4,policy,standard_correct_known,207,0,149,58,0,-149
TAO_TRAIN_GT_CONTROLLED_HELDOUT,WITHOUT_RISK,FULL,1027,seed1027,4,policy,standard_correct_novel,16,10,0,6,0,10
TAO_TRAIN_GT_CONTROLLED_HELDOUT,WITHOUT_RISK,FULL,1027,seed1027,4,policy,CT_correct_all,7,0,0,7,0,0
TAO_TRAIN_GT_CONTROLLED_HELDOUT,WITHOUT_RISK,FULL,1027,seed1027,4,policy,CT_correct_known,0,0,0,0,0,0
TAO_TRAIN_GT_CONTROLLED_HELDOUT,WITHOUT_RISK,FULL,1027,seed1027,4,policy,CT_correct_novel,7,0,0,7,0,0
TAO_TRAIN_GT_CONTROLLED_HELDOUT,WITHOUT_TEMPORAL,FULL,1027,seed1027,4,policy,standard_correct_all,223,0,0,213,10,0
TAO_TRAIN_GT_CONTROLLED_HELDOUT,WITHOUT_TEMPORAL,FULL,1027,seed1027,4,policy,standard_correct_known,207,0,0,207,0,0
TAO_TRAIN_GT_CONTROLLED_HELDOUT,WITHOUT_TEMPORAL,FULL,1027,seed1027,4,policy,standard_correct_novel,16,0,0,6,10,0
TAO_TRAIN_GT_CONTROLLED_HELDOUT,WITHOUT_TEMPORAL,FULL,1027,seed1027,4,policy,CT_correct_all,7,0,0,7,0,0
TAO_TRAIN_GT_CONTROLLED_HELDOUT,WITHOUT_TEMPORAL,FULL,1027,seed1027,4,policy,CT_correct_known,0,0,0,0,0,0
TAO_TRAIN_GT_CONTROLLED_HELDOUT,WITHOUT_TEMPORAL,FULL,1027,seed1027,4,policy,CT_correct_novel,7,0,0,7,0,0
TAO_TRAIN_GT_CONTROLLED_HELDOUT,A0_RAW,A1_SELECTED,1027,seed1027,8,representation,standard_correct_all,223,105,2,109,7,103
TAO_TRAIN_GT_CONTROLLED_HELDOUT,A0_RAW,A1_SELECTED,1027,seed1027,8,representation,standard_correct_known,207,104,0,102,1,104
TAO_TRAIN_GT_CONTROLLED_HELDOUT,A0_RAW,A1_SELECTED,1027,seed1027,8,representation,standard_correct_novel,16,1,2,7,6,-1
TAO_TRAIN_GT_CONTROLLED_HELDOUT,A0_RAW,A1_SELECTED,1027,seed1027,8,representation,CT_correct_all,7,0,1,4,2,-1
TAO_TRAIN_GT_CONTROLLED_HELDOUT,A0_RAW,A1_SELECTED,1027,seed1027,8,representation,CT_correct_known,0,0,0,0,0,0
TAO_TRAIN_GT_CONTROLLED_HELDOUT,A0_RAW,A1_SELECTED,1027,seed1027,8,representation,CT_correct_novel,7,0,1,4,2,-1
TAO_TRAIN_GT_CONTROLLED_HELDOUT,A0_RAW,A2_EVIDENCE,1027,seed1027,8,representation,standard_correct_all,223,119,2,95,7,117
TAO_TRAIN_GT_CONTROLLED_HELDOUT,A0_RAW,A2_EVIDENCE,1027,seed1027,8,representation,standard_correct_known,207,115,0,91,1,115
TAO_TRAIN_GT_CONTROLLED_HELDOUT,A0_RAW,A2_EVIDENCE,1027,seed1027,8,representation,standard_correct_novel,16,4,2,4,6,2
TAO_TRAIN_GT_CONTROLLED_HELDOUT,A0_RAW,A2_EVIDENCE,1027,seed1027,8,representation,CT_correct_all,7,0,3,4,0,-3
TAO_TRAIN_GT_CONTROLLED_HELDOUT,A0_RAW,A2_EVIDENCE,1027,seed1027,8,representation,CT_correct_known,0,0,0,0,0,0
TAO_TRAIN_GT_CONTROLLED_HELDOUT,A0_RAW,A2_EVIDENCE,1027,seed1027,8,representation,CT_correct_novel,7,0,3,4,0,-3
TAO_TRAIN_GT_CONTROLLED_HELDOUT,A0_RAW,A2_CAPACITY_CONTROL,1027,seed1027,8,representation,standard_correct_all,223,108,2,106,7,106
TAO_TRAIN_GT_CONTROLLED_HELDOUT,A0_RAW,A2_CAPACITY_CONTROL,1027,seed1027,8,representation,standard_correct_known,207,103,0,103,1,103
TAO_TRAIN_GT_CONTROLLED_HELDOUT,A0_RAW,A2_CAPACITY_CONTROL,1027,seed1027,8,representation,standard_correct_novel,16,5,2,3,6,3
TAO_TRAIN_GT_CONTROLLED_HELDOUT,A0_RAW,A2_CAPACITY_CONTROL,1027,seed1027,8,representation,CT_correct_all,7,0,3,4,0,-3
TAO_TRAIN_GT_CONTROLLED_HELDOUT,A0_RAW,A2_CAPACITY_CONTROL,1027,seed1027,8,representation,CT_correct_known,0,0,0,0,0,0
TAO_TRAIN_GT_CONTROLLED_HELDOUT,A0_RAW,A2_CAPACITY_CONTROL,1027,seed1027,8,representation,CT_correct_novel,7,0,3,4,0,-3
TAO_TRAIN_GT_CONTROLLED_HELDOUT,A1_SELECTED,A2_EVIDENCE,1027,seed1027,8,representation,standard_correct_all,223,16,2,95,110,14
TAO_TRAIN_GT_CONTROLLED_HELDOUT,A1_SELECTED,A2_EVIDENCE,1027,seed1027,8,representation,standard_correct_known,207,11,0,91,105,11
TAO_TRAIN_GT_CONTROLLED_HELDOUT,A1_SELECTED,A2_EVIDENCE,1027,seed1027,8,representation,standard_correct_novel,16,5,2,4,5,3
TAO_TRAIN_GT_CONTROLLED_HELDOUT,A1_SELECTED,A2_EVIDENCE,1027,seed1027,8,representation,CT_correct_all,7,0,2,5,0,-2
TAO_TRAIN_GT_CONTROLLED_HELDOUT,A1_SELECTED,A2_EVIDENCE,1027,seed1027,8,representation,CT_correct_known,0,0,0,0,0,0
TAO_TRAIN_GT_CONTROLLED_HELDOUT,A1_SELECTED,A2_EVIDENCE,1027,seed1027,8,representation,CT_correct_novel,7,0,2,5,0,-2
TAO_TRAIN_GT_CONTROLLED_HELDOUT,A1_SELECTED,A2_CAPACITY_CONTROL,1027,seed1027,8,representation,standard_correct_all,223,7,4,104,108,3
TAO_TRAIN_GT_CONTROLLED_HELDOUT,A1_SELECTED,A2_CAPACITY_CONTROL,1027,seed1027,8,representation,standard_correct_known,207,1,2,101,103,-1
TAO_TRAIN_GT_CONTROLLED_HELDOUT,A1_SELECTED,A2_CAPACITY_CONTROL,1027,seed1027,8,representation,standard_correct_novel,16,6,2,3,5,4
TAO_TRAIN_GT_CONTROLLED_HELDOUT,A1_SELECTED,A2_CAPACITY_CONTROL,1027,seed1027,8,representation,CT_correct_all,7,0,2,5,0,-2
TAO_TRAIN_GT_CONTROLLED_HELDOUT,A1_SELECTED,A2_CAPACITY_CONTROL,1027,seed1027,8,representation,CT_correct_known,0,0,0,0,0,0
TAO_TRAIN_GT_CONTROLLED_HELDOUT,A1_SELECTED,A2_CAPACITY_CONTROL,1027,seed1027,8,representation,CT_correct_novel,7,0,2,5,0,-2
TAO_TRAIN_GT_CONTROLLED_HELDOUT,D1_SIMPLE_MLP,D2_RISK_AWARE,1027,seed1027,8,policy,standard_correct_all,223,10,82,131,0,-72
TAO_TRAIN_GT_CONTROLLED_HELDOUT,D1_SIMPLE_MLP,D2_RISK_AWARE,1027,seed1027,8,policy,standard_correct_known,207,0,81,126,0,-81
TAO_TRAIN_GT_CONTROLLED_HELDOUT,D1_SIMPLE_MLP,D2_RISK_AWARE,1027,seed1027,8,policy,standard_correct_novel,16,10,1,5,0,9
TAO_TRAIN_GT_CONTROLLED_HELDOUT,D1_SIMPLE_MLP,D2_RISK_AWARE,1027,seed1027,8,policy,CT_correct_all,7,0,0,7,0,0
TAO_TRAIN_GT_CONTROLLED_HELDOUT,D1_SIMPLE_MLP,D2_RISK_AWARE,1027,seed1027,8,policy,CT_correct_known,0,0,0,0,0,0
TAO_TRAIN_GT_CONTROLLED_HELDOUT,D1_SIMPLE_MLP,D2_RISK_AWARE,1027,seed1027,8,policy,CT_correct_novel,7,0,0,7,0,0
TAO_TRAIN_GT_CONTROLLED_HELDOUT,WITHOUT_RISK,FULL,1027,seed1027,8,policy,standard_correct_all,223,10,158,55,0,-148
TAO_TRAIN_GT_CONTROLLED_HELDOUT,WITHOUT_RISK,FULL,1027,seed1027,8,policy,standard_correct_known,207,0,158,49,0,-158
TAO_TRAIN_GT_CONTROLLED_HELDOUT,WITHOUT_RISK,FULL,1027,seed1027,8,policy,standard_correct_novel,16,10,0,6,0,10
TAO_TRAIN_GT_CONTROLLED_HELDOUT,WITHOUT_RISK,FULL,1027,seed1027,8,policy,CT_correct_all,7,0,0,7,0,0
TAO_TRAIN_GT_CONTROLLED_HELDOUT,WITHOUT_RISK,FULL,1027,seed1027,8,policy,CT_correct_known,0,0,0,0,0,0
TAO_TRAIN_GT_CONTROLLED_HELDOUT,WITHOUT_RISK,FULL,1027,seed1027,8,policy,CT_correct_novel,7,0,0,7,0,0
TAO_TRAIN_GT_CONTROLLED_HELDOUT,WITHOUT_TEMPORAL,FULL,1027,seed1027,8,policy,standard_correct_all,223,0,0,213,10,0
TAO_TRAIN_GT_CONTROLLED_HELDOUT,WITHOUT_TEMPORAL,FULL,1027,seed1027,8,policy,standard_correct_known,207,0,0,207,0,0
TAO_TRAIN_GT_CONTROLLED_HELDOUT,WITHOUT_TEMPORAL,FULL,1027,seed1027,8,policy,standard_correct_novel,16,0,0,6,10,0
TAO_TRAIN_GT_CONTROLLED_HELDOUT,WITHOUT_TEMPORAL,FULL,1027,seed1027,8,policy,CT_correct_all,7,0,0,7,0,0
TAO_TRAIN_GT_CONTROLLED_HELDOUT,WITHOUT_TEMPORAL,FULL,1027,seed1027,8,policy,CT_correct_known,0,0,0,0,0,0
TAO_TRAIN_GT_CONTROLLED_HELDOUT,WITHOUT_TEMPORAL,FULL,1027,seed1027,8,policy,CT_correct_novel,7,0,0,7,0,0
TAO_TRAIN_GT_CONTROLLED_HELDOUT,A0_RAW,A1_SELECTED,1027,seed1027,16,representation,standard_correct_all,223,110,4,102,7,106
TAO_TRAIN_GT_CONTROLLED_HELDOUT,A0_RAW,A1_SELECTED,1027,seed1027,16,representation,standard_correct_known,207,109,1,96,1,108
TAO_TRAIN_GT_CONTROLLED_HELDOUT,A0_RAW,A1_SELECTED,1027,seed1027,16,representation,standard_correct_novel,16,1,3,6,6,-2
TAO_TRAIN_GT_CONTROLLED_HELDOUT,A0_RAW,A1_SELECTED,1027,seed1027,16,representation,CT_correct_all,7,0,2,3,2,-2
TAO_TRAIN_GT_CONTROLLED_HELDOUT,A0_RAW,A1_SELECTED,1027,seed1027,16,representation,CT_correct_known,0,0,0,0,0,0
TAO_TRAIN_GT_CONTROLLED_HELDOUT,A0_RAW,A1_SELECTED,1027,seed1027,16,representation,CT_correct_novel,7,0,2,3,2,-2
TAO_TRAIN_GT_CONTROLLED_HELDOUT,A0_RAW,A2_EVIDENCE,1027,seed1027,16,representation,standard_correct_all,223,117,3,95,8,114
TAO_TRAIN_GT_CONTROLLED_HELDOUT,A0_RAW,A2_EVIDENCE,1027,seed1027,16,representation,standard_correct_known,207,114,1,91,1,113
TAO_TRAIN_GT_CONTROLLED_HELDOUT,A0_RAW,A2_EVIDENCE,1027,seed1027,16,representation,standard_correct_novel,16,3,2,4,7,1
TAO_TRAIN_GT_CONTROLLED_HELDOUT,A0_RAW,A2_EVIDENCE,1027,seed1027,16,representation,CT_correct_all,7,0,4,3,0,-4
TAO_TRAIN_GT_CONTROLLED_HELDOUT,A0_RAW,A2_EVIDENCE,1027,seed1027,16,representation,CT_correct_known,0,0,0,0,0,0
TAO_TRAIN_GT_CONTROLLED_HELDOUT,A0_RAW,A2_EVIDENCE,1027,seed1027,16,representation,CT_correct_novel,7,0,4,3,0,-4
TAO_TRAIN_GT_CONTROLLED_HELDOUT,A0_RAW,A2_CAPACITY_CONTROL,1027,seed1027,16,representation,standard_correct_all,223,115,3,97,8,112
TAO_TRAIN_GT_CONTROLLED_HELDOUT,A0_RAW,A2_CAPACITY_CONTROL,1027,seed1027,16,representation,standard_correct_known,207,112,1,93,1,111
TAO_TRAIN_GT_CONTROLLED_HELDOUT,A0_RAW,A2_CAPACITY_CONTROL,1027,seed1027,16,representation,standard_correct_novel,16,3,2,4,7,1
TAO_TRAIN_GT_CONTROLLED_HELDOUT,A0_RAW,A2_CAPACITY_CONTROL,1027,seed1027,16,representation,CT_correct_all,7,0,4,3,0,-4
TAO_TRAIN_GT_CONTROLLED_HELDOUT,A0_RAW,A2_CAPACITY_CONTROL,1027,seed1027,16,representation,CT_correct_known,0,0,0,0,0,0
TAO_TRAIN_GT_CONTROLLED_HELDOUT,A0_RAW,A2_CAPACITY_CONTROL,1027,seed1027,16,representation,CT_correct_novel,7,0,4,3,0,-4
TAO_TRAIN_GT_CONTROLLED_HELDOUT,A1_SELECTED,A2_EVIDENCE,1027,seed1027,16,representation,standard_correct_all,223,10,2,96,115,8
TAO_TRAIN_GT_CONTROLLED_HELDOUT,A1_SELECTED,A2_EVIDENCE,1027,seed1027,16,representation,standard_correct_known,207,5,0,92,110,5
TAO_TRAIN_GT_CONTROLLED_HELDOUT,A1_SELECTED,A2_EVIDENCE,1027,seed1027,16,representation,standard_correct_novel,16,5,2,4,5,3
TAO_TRAIN_GT_CONTROLLED_HELDOUT,A1_SELECTED,A2_EVIDENCE,1027,seed1027,16,representation,CT_correct_all,7,0,2,5,0,-2
TAO_TRAIN_GT_CONTROLLED_HELDOUT,A1_SELECTED,A2_EVIDENCE,1027,seed1027,16,representation,CT_correct_known,0,0,0,0,0,0
TAO_TRAIN_GT_CONTROLLED_HELDOUT,A1_SELECTED,A2_EVIDENCE,1027,seed1027,16,representation,CT_correct_novel,7,0,2,5,0,-2
TAO_TRAIN_GT_CONTROLLED_HELDOUT,A1_SELECTED,A2_CAPACITY_CONTROL,1027,seed1027,16,representation,standard_correct_all,223,8,2,98,115,6
TAO_TRAIN_GT_CONTROLLED_HELDOUT,A1_SELECTED,A2_CAPACITY_CONTROL,1027,seed1027,16,representation,standard_correct_known,207,3,0,94,110,3
TAO_TRAIN_GT_CONTROLLED_HELDOUT,A1_SELECTED,A2_CAPACITY_CONTROL,1027,seed1027,16,representation,standard_correct_novel,16,5,2,4,5,3
TAO_TRAIN_GT_CONTROLLED_HELDOUT,A1_SELECTED,A2_CAPACITY_CONTROL,1027,seed1027,16,representation,CT_correct_all,7,0,2,5,0,-2
TAO_TRAIN_GT_CONTROLLED_HELDOUT,A1_SELECTED,A2_CAPACITY_CONTROL,1027,seed1027,16,representation,CT_correct_known,0,0,0,0,0,0
TAO_TRAIN_GT_CONTROLLED_HELDOUT,A1_SELECTED,A2_CAPACITY_CONTROL,1027,seed1027,16,representation,CT_correct_novel,7,0,2,5,0,-2
TAO_TRAIN_GT_CONTROLLED_HELDOUT,D1_SIMPLE_MLP,D2_RISK_AWARE,1027,seed1027,16,policy,standard_correct_all,223,10,86,127,0,-76
TAO_TRAIN_GT_CONTROLLED_HELDOUT,D1_SIMPLE_MLP,D2_RISK_AWARE,1027,seed1027,16,policy,standard_correct_known,207,0,84,123,0,-84
TAO_TRAIN_GT_CONTROLLED_HELDOUT,D1_SIMPLE_MLP,D2_RISK_AWARE,1027,seed1027,16,policy,standard_correct_novel,16,10,2,4,0,8
TAO_TRAIN_GT_CONTROLLED_HELDOUT,D1_SIMPLE_MLP,D2_RISK_AWARE,1027,seed1027,16,policy,CT_correct_all,7,0,0,7,0,0
TAO_TRAIN_GT_CONTROLLED_HELDOUT,D1_SIMPLE_MLP,D2_RISK_AWARE,1027,seed1027,16,policy,CT_correct_known,0,0,0,0,0,0
TAO_TRAIN_GT_CONTROLLED_HELDOUT,D1_SIMPLE_MLP,D2_RISK_AWARE,1027,seed1027,16,policy,CT_correct_novel,7,0,0,7,0,0
TAO_TRAIN_GT_CONTROLLED_HELDOUT,WITHOUT_RISK,FULL,1027,seed1027,16,policy,standard_correct_all,223,10,157,56,0,-147
TAO_TRAIN_GT_CONTROLLED_HELDOUT,WITHOUT_RISK,FULL,1027,seed1027,16,policy,standard_correct_known,207,0,157,50,0,-157
TAO_TRAIN_GT_CONTROLLED_HELDOUT,WITHOUT_RISK,FULL,1027,seed1027,16,policy,standard_correct_novel,16,10,0,6,0,10
TAO_TRAIN_GT_CONTROLLED_HELDOUT,WITHOUT_RISK,FULL,1027,seed1027,16,policy,CT_correct_all,7,0,0,7,0,0
TAO_TRAIN_GT_CONTROLLED_HELDOUT,WITHOUT_RISK,FULL,1027,seed1027,16,policy,CT_correct_known,0,0,0,0,0,0
TAO_TRAIN_GT_CONTROLLED_HELDOUT,WITHOUT_RISK,FULL,1027,seed1027,16,policy,CT_correct_novel,7,0,0,7,0,0
TAO_TRAIN_GT_CONTROLLED_HELDOUT,WITHOUT_TEMPORAL,FULL,1027,seed1027,16,policy,standard_correct_all,223,0,0,213,10,0
TAO_TRAIN_GT_CONTROLLED_HELDOUT,WITHOUT_TEMPORAL,FULL,1027,seed1027,16,policy,standard_correct_known,207,0,0,207,0,0
TAO_TRAIN_GT_CONTROLLED_HELDOUT,WITHOUT_TEMPORAL,FULL,1027,seed1027,16,policy,standard_correct_novel,16,0,0,6,10,0
TAO_TRAIN_GT_CONTROLLED_HELDOUT,WITHOUT_TEMPORAL,FULL,1027,seed1027,16,policy,CT_correct_all,7,0,0,7,0,0
TAO_TRAIN_GT_CONTROLLED_HELDOUT,WITHOUT_TEMPORAL,FULL,1027,seed1027,16,policy,CT_correct_known,0,0,0,0,0,0
TAO_TRAIN_GT_CONTROLLED_HELDOUT,WITHOUT_TEMPORAL,FULL,1027,seed1027,16,policy,CT_correct_novel,7,0,0,7,0,0
TAO_TRAIN_GT_CONTROLLED_HELDOUT,A0_RAW,A1_SELECTED,1027,seed1028,1,representation,standard_correct_all,223,94,0,121,8,94
TAO_TRAIN_GT_CONTROLLED_HELDOUT,A0_RAW,A1_SELECTED,1027,seed1028,1,representation,standard_correct_known,207,93,0,114,0,93
TAO_TRAIN_GT_CONTROLLED_HELDOUT,A0_RAW,A1_SELECTED,1027,seed1028,1,representation,standard_correct_novel,16,1,0,7,8,1
TAO_TRAIN_GT_CONTROLLED_HELDOUT,A0_RAW,A1_SELECTED,1027,seed1028,1,representation,CT_correct_all,7,0,0,4,3,0
TAO_TRAIN_GT_CONTROLLED_HELDOUT,A0_RAW,A1_SELECTED,1027,seed1028,1,representation,CT_correct_known,0,0,0,0,0,0
TAO_TRAIN_GT_CONTROLLED_HELDOUT,A0_RAW,A1_SELECTED,1027,seed1028,1,representation,CT_correct_novel,7,0,0,4,3,0
TAO_TRAIN_GT_CONTROLLED_HELDOUT,A0_RAW,A2_EVIDENCE,1027,seed1028,1,representation,standard_correct_all,223,100,0,115,8,100
TAO_TRAIN_GT_CONTROLLED_HELDOUT,A0_RAW,A2_EVIDENCE,1027,seed1028,1,representation,standard_correct_known,207,98,0,109,0,98
TAO_TRAIN_GT_CONTROLLED_HELDOUT,A0_RAW,A2_EVIDENCE,1027,seed1028,1,representation,standard_correct_novel,16,2,0,6,8,2
TAO_TRAIN_GT_CONTROLLED_HELDOUT,A0_RAW,A2_EVIDENCE,1027,seed1028,1,representation,CT_correct_all,7,1,3,3,0,-2
TAO_TRAIN_GT_CONTROLLED_HELDOUT,A0_RAW,A2_EVIDENCE,1027,seed1028,1,representation,CT_correct_known,0,0,0,0,0,0
TAO_TRAIN_GT_CONTROLLED_HELDOUT,A0_RAW,A2_EVIDENCE,1027,seed1028,1,representation,CT_correct_novel,7,1,3,3,0,-2
TAO_TRAIN_GT_CONTROLLED_HELDOUT,A0_RAW,A2_CAPACITY_CONTROL,1027,seed1028,1,representation,standard_correct_all,223,89,0,126,8,89
TAO_TRAIN_GT_CONTROLLED_HELDOUT,A0_RAW,A2_CAPACITY_CONTROL,1027,seed1028,1,representation,standard_correct_known,207,87,0,120,0,87
TAO_TRAIN_GT_CONTROLLED_HELDOUT,A0_RAW,A2_CAPACITY_CONTROL,1027,seed1028,1,representation,standard_correct_novel,16,2,0,6,8,2
TAO_TRAIN_GT_CONTROLLED_HELDOUT,A0_RAW,A2_CAPACITY_CONTROL,1027,seed1028,1,representation,CT_correct_all,7,1,3,3,0,-2
TAO_TRAIN_GT_CONTROLLED_HELDOUT,A0_RAW,A2_CAPACITY_CONTROL,1027,seed1028,1,representation,CT_correct_known,0,0,0,0,0,0
TAO_TRAIN_GT_CONTROLLED_HELDOUT,A0_RAW,A2_CAPACITY_CONTROL,1027,seed1028,1,representation,CT_correct_novel,7,1,3,3,0,-2
TAO_TRAIN_GT_CONTROLLED_HELDOUT,A1_SELECTED,A2_EVIDENCE,1027,seed1028,1,representation,standard_correct_all,223,7,1,114,101,6
TAO_TRAIN_GT_CONTROLLED_HELDOUT,A1_SELECTED,A2_EVIDENCE,1027,seed1028,1,representation,standard_correct_known,207,6,1,108,92,5
TAO_TRAIN_GT_CONTROLLED_HELDOUT,A1_SELECTED,A2_EVIDENCE,1027,seed1028,1,representation,standard_correct_novel,16,1,0,6,9,1
TAO_TRAIN_GT_CONTROLLED_HELDOUT,A1_SELECTED,A2_EVIDENCE,1027,seed1028,1,representation,CT_correct_all,7,1,3,3,0,-2
TAO_TRAIN_GT_CONTROLLED_HELDOUT,A1_SELECTED,A2_EVIDENCE,1027,seed1028,1,representation,CT_correct_known,0,0,0,0,0,0
TAO_TRAIN_GT_CONTROLLED_HELDOUT,A1_SELECTED,A2_EVIDENCE,1027,seed1028,1,representation,CT_correct_novel,7,1,3,3,0,-2
TAO_TRAIN_GT_CONTROLLED_HELDOUT,A1_SELECTED,A2_CAPACITY_CONTROL,1027,seed1028,1,representation,standard_correct_all,223,3,8,118,94,-5
TAO_TRAIN_GT_CONTROLLED_HELDOUT,A1_SELECTED,A2_CAPACITY_CONTROL,1027,seed1028,1,representation,standard_correct_known,207,2,8,112,85,-6
TAO_TRAIN_GT_CONTROLLED_HELDOUT,A1_SELECTED,A2_CAPACITY_CONTROL,1027,seed1028,1,representation,standard_correct_novel,16,1,0,6,9,1
TAO_TRAIN_GT_CONTROLLED_HELDOUT,A1_SELECTED,A2_CAPACITY_CONTROL,1027,seed1028,1,representation,CT_correct_all,7,1,3,3,0,-2
TAO_TRAIN_GT_CONTROLLED_HELDOUT,A1_SELECTED,A2_CAPACITY_CONTROL,1027,seed1028,1,representation,CT_correct_known,0,0,0,0,0,0
TAO_TRAIN_GT_CONTROLLED_HELDOUT,A1_SELECTED,A2_CAPACITY_CONTROL,1027,seed1028,1,representation,CT_correct_novel,7,1,3,3,0,-2
TAO_TRAIN_GT_CONTROLLED_HELDOUT,D1_SIMPLE_MLP,D2_RISK_AWARE,1027,seed1028,1,policy,standard_correct_all,223,9,47,166,1,-38
TAO_TRAIN_GT_CONTROLLED_HELDOUT,D1_SIMPLE_MLP,D2_RISK_AWARE,1027,seed1028,1,policy,standard_correct_known,207,0,46,161,0,-46
TAO_TRAIN_GT_CONTROLLED_HELDOUT,D1_SIMPLE_MLP,D2_RISK_AWARE,1027,seed1028,1,policy,standard_correct_novel,16,9,1,5,1,8
TAO_TRAIN_GT_CONTROLLED_HELDOUT,D1_SIMPLE_MLP,D2_RISK_AWARE,1027,seed1028,1,policy,CT_correct_all,7,0,0,7,0,0
TAO_TRAIN_GT_CONTROLLED_HELDOUT,D1_SIMPLE_MLP,D2_RISK_AWARE,1027,seed1028,1,policy,CT_correct_known,0,0,0,0,0,0
TAO_TRAIN_GT_CONTROLLED_HELDOUT,D1_SIMPLE_MLP,D2_RISK_AWARE,1027,seed1028,1,policy,CT_correct_novel,7,0,0,7,0,0
TAO_TRAIN_GT_CONTROLLED_HELDOUT,WITHOUT_RISK,FULL,1027,seed1028,1,policy,standard_correct_all,223,10,136,77,0,-126
TAO_TRAIN_GT_CONTROLLED_HELDOUT,WITHOUT_RISK,FULL,1027,seed1028,1,policy,standard_correct_known,207,0,136,71,0,-136
TAO_TRAIN_GT_CONTROLLED_HELDOUT,WITHOUT_RISK,FULL,1027,seed1028,1,policy,standard_correct_novel,16,10,0,6,0,10
TAO_TRAIN_GT_CONTROLLED_HELDOUT,WITHOUT_RISK,FULL,1027,seed1028,1,policy,CT_correct_all,7,0,0,7,0,0
TAO_TRAIN_GT_CONTROLLED_HELDOUT,WITHOUT_RISK,FULL,1027,seed1028,1,policy,CT_correct_known,0,0,0,0,0,0
TAO_TRAIN_GT_CONTROLLED_HELDOUT,WITHOUT_RISK,FULL,1027,seed1028,1,policy,CT_correct_novel,7,0,0,7,0,0
TAO_TRAIN_GT_CONTROLLED_HELDOUT,WITHOUT_TEMPORAL,FULL,1027,seed1028,1,policy,standard_correct_all,223,0,0,213,10,0
TAO_TRAIN_GT_CONTROLLED_HELDOUT,WITHOUT_TEMPORAL,FULL,1027,seed1028,1,policy,standard_correct_known,207,0,0,207,0,0
TAO_TRAIN_GT_CONTROLLED_HELDOUT,WITHOUT_TEMPORAL,FULL,1027,seed1028,1,policy,standard_correct_novel,16,0,0,6,10,0
TAO_TRAIN_GT_CONTROLLED_HELDOUT,WITHOUT_TEMPORAL,FULL,1027,seed1028,1,policy,CT_correct_all,7,0,0,7,0,0
TAO_TRAIN_GT_CONTROLLED_HELDOUT,WITHOUT_TEMPORAL,FULL,1027,seed1028,1,policy,CT_correct_known,0,0,0,0,0,0
TAO_TRAIN_GT_CONTROLLED_HELDOUT,WITHOUT_TEMPORAL,FULL,1027,seed1028,1,policy,CT_correct_novel,7,0,0,7,0,0
TAO_TRAIN_GT_CONTROLLED_HELDOUT,A0_RAW,A1_SELECTED,1027,seed1028,2,representation,standard_correct_all,223,101,0,114,8,101
TAO_TRAIN_GT_CONTROLLED_HELDOUT,A0_RAW,A1_SELECTED,1027,seed1028,2,representation,standard_correct_known,207,100,0,107,0,100
TAO_TRAIN_GT_CONTROLLED_HELDOUT,A0_RAW,A1_SELECTED,1027,seed1028,2,representation,standard_correct_novel,16,1,0,7,8,1
TAO_TRAIN_GT_CONTROLLED_HELDOUT,A0_RAW,A1_SELECTED,1027,seed1028,2,representation,CT_correct_all,7,0,0,4,3,0
TAO_TRAIN_GT_CONTROLLED_HELDOUT,A0_RAW,A1_SELECTED,1027,seed1028,2,representation,CT_correct_known,0,0,0,0,0,0
TAO_TRAIN_GT_CONTROLLED_HELDOUT,A0_RAW,A1_SELECTED,1027,seed1028,2,representation,CT_correct_novel,7,0,0,4,3,0
TAO_TRAIN_GT_CONTROLLED_HELDOUT,A0_RAW,A2_EVIDENCE,1027,seed1028,2,representation,standard_correct_all,223,108,1,107,7,107
TAO_TRAIN_GT_CONTROLLED_HELDOUT,A0_RAW,A2_EVIDENCE,1027,seed1028,2,representation,standard_correct_known,207,106,0,101,0,106
TAO_TRAIN_GT_CONTROLLED_HELDOUT,A0_RAW,A2_EVIDENCE,1027,seed1028,2,representation,standard_correct_novel,16,2,1,6,7,1
TAO_TRAIN_GT_CONTROLLED_HELDOUT,A0_RAW,A2_EVIDENCE,1027,seed1028,2,representation,CT_correct_all,7,1,3,3,0,-2
TAO_TRAIN_GT_CONTROLLED_HELDOUT,A0_RAW,A2_EVIDENCE,1027,seed1028,2,representation,CT_correct_known,0,0,0,0,0,0
TAO_TRAIN_GT_CONTROLLED_HELDOUT,A0_RAW,A2_EVIDENCE,1027,seed1028,2,representation,CT_correct_novel,7,1,3,3,0,-2
TAO_TRAIN_GT_CONTROLLED_HELDOUT,A0_RAW,A2_CAPACITY_CONTROL,1027,seed1028,2,representation,standard_correct_all,223,106,2,109,6,104
TAO_TRAIN_GT_CONTROLLED_HELDOUT,A0_RAW,A2_CAPACITY_CONTROL,1027,seed1028,2,representation,standard_correct_known,207,103,0,104,0,103
TAO_TRAIN_GT_CONTROLLED_HELDOUT,A0_RAW,A2_CAPACITY_CONTROL,1027,seed1028,2,representation,standard_correct_novel,16,3,2,5,6,1
TAO_TRAIN_GT_CONTROLLED_HELDOUT,A0_RAW,A2_CAPACITY_CONTROL,1027,seed1028,2,representation,CT_correct_all,7,0,3,4,0,-3
TAO_TRAIN_GT_CONTROLLED_HELDOUT,A0_RAW,A2_CAPACITY_CONTROL,1027,seed1028,2,representation,CT_correct_known,0,0,0,0,0,0
TAO_TRAIN_GT_CONTROLLED_HELDOUT,A0_RAW,A2_CAPACITY_CONTROL,1027,seed1028,2,representation,CT_correct_novel,7,0,3,4,0,-3
TAO_TRAIN_GT_CONTROLLED_HELDOUT,A1_SELECTED,A2_EVIDENCE,1027,seed1028,2,representation,standard_correct_all,223,8,2,106,107,6
TAO_TRAIN_GT_CONTROLLED_HELDOUT,A1_SELECTED,A2_EVIDENCE,1027,seed1028,2,representation,standard_correct_known,207,6,0,101,100,6
TAO_TRAIN_GT_CONTROLLED_HELDOUT,A1_SELECTED,A2_EVIDENCE,1027,seed1028,2,representation,standard_correct_novel,16,2,2,5,7,0
TAO_TRAIN_GT_CONTROLLED_HELDOUT,A1_SELECTED,A2_EVIDENCE,1027,seed1028,2,representation,CT_correct_all,7,1,3,3,0,-2
TAO_TRAIN_GT_CONTROLLED_HELDOUT,A1_SELECTED,A2_EVIDENCE,1027,seed1028,2,representation,CT_correct_known,0,0,0,0,0,0
TAO_TRAIN_GT_CONTROLLED_HELDOUT,A1_SELECTED,A2_EVIDENCE,1027,seed1028,2,representation,CT_correct_novel,7,1,3,3,0,-2
TAO_TRAIN_GT_CONTROLLED_HELDOUT,A1_SELECTED,A2_CAPACITY_CONTROL,1027,seed1028,2,representation,standard_correct_all,223,6,3,108,106,3
TAO_TRAIN_GT_CONTROLLED_HELDOUT,A1_SELECTED,A2_CAPACITY_CONTROL,1027,seed1028,2,representation,standard_correct_known,207,3,0,104,100,3
TAO_TRAIN_GT_CONTROLLED_HELDOUT,A1_SELECTED,A2_CAPACITY_CONTROL,1027,seed1028,2,representation,standard_correct_novel,16,3,3,4,6,0
TAO_TRAIN_GT_CONTROLLED_HELDOUT,A1_SELECTED,A2_CAPACITY_CONTROL,1027,seed1028,2,representation,CT_correct_all,7,0,3,4,0,-3
TAO_TRAIN_GT_CONTROLLED_HELDOUT,A1_SELECTED,A2_CAPACITY_CONTROL,1027,seed1028,2,representation,CT_correct_known,0,0,0,0,0,0
TAO_TRAIN_GT_CONTROLLED_HELDOUT,A1_SELECTED,A2_CAPACITY_CONTROL,1027,seed1028,2,representation,CT_correct_novel,7,0,3,4,0,-3
TAO_TRAIN_GT_CONTROLLED_HELDOUT,D1_SIMPLE_MLP,D2_RISK_AWARE,1027,seed1028,2,policy,standard_correct_all,223,10,68,145,0,-58
TAO_TRAIN_GT_CONTROLLED_HELDOUT,D1_SIMPLE_MLP,D2_RISK_AWARE,1027,seed1028,2,policy,standard_correct_known,207,0,68,139,0,-68
TAO_TRAIN_GT_CONTROLLED_HELDOUT,D1_SIMPLE_MLP,D2_RISK_AWARE,1027,seed1028,2,policy,standard_correct_novel,16,10,0,6,0,10
TAO_TRAIN_GT_CONTROLLED_HELDOUT,D1_SIMPLE_MLP,D2_RISK_AWARE,1027,seed1028,2,policy,CT_correct_all,7,0,0,7,0,0
TAO_TRAIN_GT_CONTROLLED_HELDOUT,D1_SIMPLE_MLP,D2_RISK_AWARE,1027,seed1028,2,policy,CT_correct_known,0,0,0,0,0,0
TAO_TRAIN_GT_CONTROLLED_HELDOUT,D1_SIMPLE_MLP,D2_RISK_AWARE,1027,seed1028,2,policy,CT_correct_novel,7,0,0,7,0,0
TAO_TRAIN_GT_CONTROLLED_HELDOUT,WITHOUT_RISK,FULL,1027,seed1028,2,policy,standard_correct_all,223,10,146,67,0,-136
TAO_TRAIN_GT_CONTROLLED_HELDOUT,WITHOUT_RISK,FULL,1027,seed1028,2,policy,standard_correct_known,207,0,146,61,0,-146
TAO_TRAIN_GT_CONTROLLED_HELDOUT,WITHOUT_RISK,FULL,1027,seed1028,2,policy,standard_correct_novel,16,10,0,6,0,10
TAO_TRAIN_GT_CONTROLLED_HELDOUT,WITHOUT_RISK,FULL,1027,seed1028,2,policy,CT_correct_all,7,0,0,7,0,0
TAO_TRAIN_GT_CONTROLLED_HELDOUT,WITHOUT_RISK,FULL,1027,seed1028,2,policy,CT_correct_known,0,0,0,0,0,0
TAO_TRAIN_GT_CONTROLLED_HELDOUT,WITHOUT_RISK,FULL,1027,seed1028,2,policy,CT_correct_novel,7,0,0,7,0,0
TAO_TRAIN_GT_CONTROLLED_HELDOUT,WITHOUT_TEMPORAL,FULL,1027,seed1028,2,policy,standard_correct_all,223,0,0,213,10,0
TAO_TRAIN_GT_CONTROLLED_HELDOUT,WITHOUT_TEMPORAL,FULL,1027,seed1028,2,policy,standard_correct_known,207,0,0,207,0,0
TAO_TRAIN_GT_CONTROLLED_HELDOUT,WITHOUT_TEMPORAL,FULL,1027,seed1028,2,policy,standard_correct_novel,16,0,0,6,10,0
TAO_TRAIN_GT_CONTROLLED_HELDOUT,WITHOUT_TEMPORAL,FULL,1027,seed1028,2,policy,CT_correct_all,7,0,0,7,0,0
TAO_TRAIN_GT_CONTROLLED_HELDOUT,WITHOUT_TEMPORAL,FULL,1027,seed1028,2,policy,CT_correct_known,0,0,0,0,0,0
TAO_TRAIN_GT_CONTROLLED_HELDOUT,WITHOUT_TEMPORAL,FULL,1027,seed1028,2,policy,CT_correct_novel,7,0,0,7,0,0
TAO_TRAIN_GT_CONTROLLED_HELDOUT,A0_RAW,A1_SELECTED,1027,seed1028,4,representation,standard_correct_all,223,108,0,107,8,108
TAO_TRAIN_GT_CONTROLLED_HELDOUT,A0_RAW,A1_SELECTED,1027,seed1028,4,representation,standard_correct_known,207,108,0,99,0,108
TAO_TRAIN_GT_CONTROLLED_HELDOUT,A0_RAW,A1_SELECTED,1027,seed1028,4,representation,standard_correct_novel,16,0,0,8,8,0
TAO_TRAIN_GT_CONTROLLED_HELDOUT,A0_RAW,A1_SELECTED,1027,seed1028,4,representation,CT_correct_all,7,0,0,4,3,0
TAO_TRAIN_GT_CONTROLLED_HELDOUT,A0_RAW,A1_SELECTED,1027,seed1028,4,representation,CT_correct_known,0,0,0,0,0,0
TAO_TRAIN_GT_CONTROLLED_HELDOUT,A0_RAW,A1_SELECTED,1027,seed1028,4,representation,CT_correct_novel,7,0,0,4,3,0
TAO_TRAIN_GT_CONTROLLED_HELDOUT,A0_RAW,A2_EVIDENCE,1027,seed1028,4,representation,standard_correct_all,223,111,1,104,7,110
TAO_TRAIN_GT_CONTROLLED_HELDOUT,A0_RAW,A2_EVIDENCE,1027,seed1028,4,representation,standard_correct_known,207,107,0,100,0,107
TAO_TRAIN_GT_CONTROLLED_HELDOUT,A0_RAW,A2_EVIDENCE,1027,seed1028,4,representation,standard_correct_novel,16,4,1,4,7,3
TAO_TRAIN_GT_CONTROLLED_HELDOUT,A0_RAW,A2_EVIDENCE,1027,seed1028,4,representation,CT_correct_all,7,0,3,4,0,-3
TAO_TRAIN_GT_CONTROLLED_HELDOUT,A0_RAW,A2_EVIDENCE,1027,seed1028,4,representation,CT_correct_known,0,0,0,0,0,0
TAO_TRAIN_GT_CONTROLLED_HELDOUT,A0_RAW,A2_EVIDENCE,1027,seed1028,4,representation,CT_correct_novel,7,0,3,4,0,-3
TAO_TRAIN_GT_CONTROLLED_HELDOUT,A0_RAW,A2_CAPACITY_CONTROL,1027,seed1028,4,representation,standard_correct_all,223,110,1,105,7,109
TAO_TRAIN_GT_CONTROLLED_HELDOUT,A0_RAW,A2_CAPACITY_CONTROL,1027,seed1028,4,representation,standard_correct_known,207,107,0,100,0,107
TAO_TRAIN_GT_CONTROLLED_HELDOUT,A0_RAW,A2_CAPACITY_CONTROL,1027,seed1028,4,representation,standard_correct_novel,16,3,1,5,7,2
TAO_TRAIN_GT_CONTROLLED_HELDOUT,A0_RAW,A2_CAPACITY_CONTROL,1027,seed1028,4,representation,CT_correct_all,7,0,3,4,0,-3
TAO_TRAIN_GT_CONTROLLED_HELDOUT,A0_RAW,A2_CAPACITY_CONTROL,1027,seed1028,4,representation,CT_correct_known,0,0,0,0,0,0
TAO_TRAIN_GT_CONTROLLED_HELDOUT,A0_RAW,A2_CAPACITY_CONTROL,1027,seed1028,4,representation,CT_correct_novel,7,0,3,4,0,-3
TAO_TRAIN_GT_CONTROLLED_HELDOUT,A1_SELECTED,A2_EVIDENCE,1027,seed1028,4,representation,standard_correct_all,223,7,5,100,111,2
TAO_TRAIN_GT_CONTROLLED_HELDOUT,A1_SELECTED,A2_EVIDENCE,1027,seed1028,4,representation,standard_correct_known,207,3,4,96,104,-1
TAO_TRAIN_GT_CONTROLLED_HELDOUT,A1_SELECTED,A2_EVIDENCE,1027,seed1028,4,representation,standard_correct_novel,16,4,1,4,7,3
TAO_TRAIN_GT_CONTROLLED_HELDOUT,A1_SELECTED,A2_EVIDENCE,1027,seed1028,4,representation,CT_correct_all,7,0,3,4,0,-3
TAO_TRAIN_GT_CONTROLLED_HELDOUT,A1_SELECTED,A2_EVIDENCE,1027,seed1028,4,representation,CT_correct_known,0,0,0,0,0,0
TAO_TRAIN_GT_CONTROLLED_HELDOUT,A1_SELECTED,A2_EVIDENCE,1027,seed1028,4,representation,CT_correct_novel,7,0,3,4,0,-3
TAO_TRAIN_GT_CONTROLLED_HELDOUT,A1_SELECTED,A2_CAPACITY_CONTROL,1027,seed1028,4,representation,standard_correct_all,223,4,3,103,113,1
TAO_TRAIN_GT_CONTROLLED_HELDOUT,A1_SELECTED,A2_CAPACITY_CONTROL,1027,seed1028,4,representation,standard_correct_known,207,1,2,98,106,-1
TAO_TRAIN_GT_CONTROLLED_HELDOUT,A1_SELECTED,A2_CAPACITY_CONTROL,1027,seed1028,4,representation,standard_correct_novel,16,3,1,5,7,2
TAO_TRAIN_GT_CONTROLLED_HELDOUT,A1_SELECTED,A2_CAPACITY_CONTROL,1027,seed1028,4,representation,CT_correct_all,7,0,3,4,0,-3
TAO_TRAIN_GT_CONTROLLED_HELDOUT,A1_SELECTED,A2_CAPACITY_CONTROL,1027,seed1028,4,representation,CT_correct_known,0,0,0,0,0,0
TAO_TRAIN_GT_CONTROLLED_HELDOUT,A1_SELECTED,A2_CAPACITY_CONTROL,1027,seed1028,4,representation,CT_correct_novel,7,0,3,4,0,-3
TAO_TRAIN_GT_CONTROLLED_HELDOUT,D1_SIMPLE_MLP,D2_RISK_AWARE,1027,seed1028,4,policy,standard_correct_all,223,10,82,131,0,-72
TAO_TRAIN_GT_CONTROLLED_HELDOUT,D1_SIMPLE_MLP,D2_RISK_AWARE,1027,seed1028,4,policy,standard_correct_known,207,0,82,125,0,-82
TAO_TRAIN_GT_CONTROLLED_HELDOUT,D1_SIMPLE_MLP,D2_RISK_AWARE,1027,seed1028,4,policy,standard_correct_novel,16,10,0,6,0,10
TAO_TRAIN_GT_CONTROLLED_HELDOUT,D1_SIMPLE_MLP,D2_RISK_AWARE,1027,seed1028,4,policy,CT_correct_all,7,0,0,7,0,0
TAO_TRAIN_GT_CONTROLLED_HELDOUT,D1_SIMPLE_MLP,D2_RISK_AWARE,1027,seed1028,4,policy,CT_correct_known,0,0,0,0,0,0
TAO_TRAIN_GT_CONTROLLED_HELDOUT,D1_SIMPLE_MLP,D2_RISK_AWARE,1027,seed1028,4,policy,CT_correct_novel,7,0,0,7,0,0
TAO_TRAIN_GT_CONTROLLED_HELDOUT,WITHOUT_RISK,FULL,1027,seed1028,4,policy,standard_correct_all,223,10,149,64,0,-139
TAO_TRAIN_GT_CONTROLLED_HELDOUT,WITHOUT_RISK,FULL,1027,seed1028,4,policy,standard_correct_known,207,0,149,58,0,-149
TAO_TRAIN_GT_CONTROLLED_HELDOUT,WITHOUT_RISK,FULL,1027,seed1028,4,policy,standard_correct_novel,16,10,0,6,0,10
TAO_TRAIN_GT_CONTROLLED_HELDOUT,WITHOUT_RISK,FULL,1027,seed1028,4,policy,CT_correct_all,7,0,0,7,0,0
TAO_TRAIN_GT_CONTROLLED_HELDOUT,WITHOUT_RISK,FULL,1027,seed1028,4,policy,CT_correct_known,0,0,0,0,0,0
TAO_TRAIN_GT_CONTROLLED_HELDOUT,WITHOUT_RISK,FULL,1027,seed1028,4,policy,CT_correct_novel,7,0,0,7,0,0
TAO_TRAIN_GT_CONTROLLED_HELDOUT,WITHOUT_TEMPORAL,FULL,1027,seed1028,4,policy,standard_correct_all,223,0,0,213,10,0
TAO_TRAIN_GT_CONTROLLED_HELDOUT,WITHOUT_TEMPORAL,FULL,1027,seed1028,4,policy,standard_correct_known,207,0,0,207,0,0
TAO_TRAIN_GT_CONTROLLED_HELDOUT,WITHOUT_TEMPORAL,FULL,1027,seed1028,4,policy,standard_correct_novel,16,0,0,6,10,0
TAO_TRAIN_GT_CONTROLLED_HELDOUT,WITHOUT_TEMPORAL,FULL,1027,seed1028,4,policy,CT_correct_all,7,0,0,7,0,0
TAO_TRAIN_GT_CONTROLLED_HELDOUT,WITHOUT_TEMPORAL,FULL,1027,seed1028,4,policy,CT_correct_known,0,0,0,0,0,0
TAO_TRAIN_GT_CONTROLLED_HELDOUT,WITHOUT_TEMPORAL,FULL,1027,seed1028,4,policy,CT_correct_novel,7,0,0,7,0,0
TAO_TRAIN_GT_CONTROLLED_HELDOUT,A0_RAW,A1_SELECTED,1027,seed1028,8,representation,standard_correct_all,223,110,1,104,8,109
TAO_TRAIN_GT_CONTROLLED_HELDOUT,A0_RAW,A1_SELECTED,1027,seed1028,8,representation,standard_correct_known,207,110,0,96,1,110
TAO_TRAIN_GT_CONTROLLED_HELDOUT,A0_RAW,A1_SELECTED,1027,seed1028,8,representation,standard_correct_novel,16,0,1,8,7,-1
TAO_TRAIN_GT_CONTROLLED_HELDOUT,A0_RAW,A1_SELECTED,1027,seed1028,8,representation,CT_correct_all,7,0,1,4,2,-1
TAO_TRAIN_GT_CONTROLLED_HELDOUT,A0_RAW,A1_SELECTED,1027,seed1028,8,representation,CT_correct_known,0,0,0,0,0,0
TAO_TRAIN_GT_CONTROLLED_HELDOUT,A0_RAW,A1_SELECTED,1027,seed1028,8,representation,CT_correct_novel,7,0,1,4,2,-1
TAO_TRAIN_GT_CONTROLLED_HELDOUT,A0_RAW,A2_EVIDENCE,1027,seed1028,8,representation,standard_correct_all,223,118,2,96,7,116
TAO_TRAIN_GT_CONTROLLED_HELDOUT,A0_RAW,A2_EVIDENCE,1027,seed1028,8,representation,standard_correct_known,207,116,0,90,1,116
TAO_TRAIN_GT_CONTROLLED_HELDOUT,A0_RAW,A2_EVIDENCE,1027,seed1028,8,representation,standard_correct_novel,16,2,2,6,6,0
TAO_TRAIN_GT_CONTROLLED_HELDOUT,A0_RAW,A2_EVIDENCE,1027,seed1028,8,representation,CT_correct_all,7,0,3,4,0,-3
TAO_TRAIN_GT_CONTROLLED_HELDOUT,A0_RAW,A2_EVIDENCE,1027,seed1028,8,representation,CT_correct_known,0,0,0,0,0,0
TAO_TRAIN_GT_CONTROLLED_HELDOUT,A0_RAW,A2_EVIDENCE,1027,seed1028,8,representation,CT_correct_novel,7,0,3,4,0,-3
TAO_TRAIN_GT_CONTROLLED_HELDOUT,A0_RAW,A2_CAPACITY_CONTROL,1027,seed1028,8,representation,standard_correct_all,223,110,2,104,7,108
TAO_TRAIN_GT_CONTROLLED_HELDOUT,A0_RAW,A2_CAPACITY_CONTROL,1027,seed1028,8,representation,standard_correct_known,207,108,0,98,1,108
TAO_TRAIN_GT_CONTROLLED_HELDOUT,A0_RAW,A2_CAPACITY_CONTROL,1027,seed1028,8,representation,standard_correct_novel,16,2,2,6,6,0
TAO_TRAIN_GT_CONTROLLED_HELDOUT,A0_RAW,A2_CAPACITY_CONTROL,1027,seed1028,8,representation,CT_correct_all,7,0,3,4,0,-3
TAO_TRAIN_GT_CONTROLLED_HELDOUT,A0_RAW,A2_CAPACITY_CONTROL,1027,seed1028,8,representation,CT_correct_known,0,0,0,0,0,0
TAO_TRAIN_GT_CONTROLLED_HELDOUT,A0_RAW,A2_CAPACITY_CONTROL,1027,seed1028,8,representation,CT_correct_novel,7,0,3,4,0,-3
TAO_TRAIN_GT_CONTROLLED_HELDOUT,A1_SELECTED,A2_EVIDENCE,1027,seed1028,8,representation,standard_correct_all,223,10,3,95,115,7
TAO_TRAIN_GT_CONTROLLED_HELDOUT,A1_SELECTED,A2_EVIDENCE,1027,seed1028,8,representation,standard_correct_known,207,7,1,89,110,6
TAO_TRAIN_GT_CONTROLLED_HELDOUT,A1_SELECTED,A2_EVIDENCE,1027,seed1028,8,representation,standard_correct_novel,16,3,2,6,5,1
TAO_TRAIN_GT_CONTROLLED_HELDOUT,A1_SELECTED,A2_EVIDENCE,1027,seed1028,8,representation,CT_correct_all,7,0,2,5,0,-2
TAO_TRAIN_GT_CONTROLLED_HELDOUT,A1_SELECTED,A2_EVIDENCE,1027,seed1028,8,representation,CT_correct_known,0,0,0,0,0,0
TAO_TRAIN_GT_CONTROLLED_HELDOUT,A1_SELECTED,A2_EVIDENCE,1027,seed1028,8,representation,CT_correct_novel,7,0,2,5,0,-2
TAO_TRAIN_GT_CONTROLLED_HELDOUT,A1_SELECTED,A2_CAPACITY_CONTROL,1027,seed1028,8,representation,standard_correct_all,223,4,5,101,113,-1
TAO_TRAIN_GT_CONTROLLED_HELDOUT,A1_SELECTED,A2_CAPACITY_CONTROL,1027,seed1028,8,representation,standard_correct_known,207,1,3,95,108,-2
TAO_TRAIN_GT_CONTROLLED_HELDOUT,A1_SELECTED,A2_CAPACITY_CONTROL,1027,seed1028,8,representation,standard_correct_novel,16,3,2,6,5,1
TAO_TRAIN_GT_CONTROLLED_HELDOUT,A1_SELECTED,A2_CAPACITY_CONTROL,1027,seed1028,8,representation,CT_correct_all,7,0,2,5,0,-2
TAO_TRAIN_GT_CONTROLLED_HELDOUT,A1_SELECTED,A2_CAPACITY_CONTROL,1027,seed1028,8,representation,CT_correct_known,0,0,0,0,0,0
TAO_TRAIN_GT_CONTROLLED_HELDOUT,A1_SELECTED,A2_CAPACITY_CONTROL,1027,seed1028,8,representation,CT_correct_novel,7,0,2,5,0,-2
TAO_TRAIN_GT_CONTROLLED_HELDOUT,D1_SIMPLE_MLP,D2_RISK_AWARE,1027,seed1028,8,policy,standard_correct_all,223,10,84,129,0,-74
TAO_TRAIN_GT_CONTROLLED_HELDOUT,D1_SIMPLE_MLP,D2_RISK_AWARE,1027,seed1028,8,policy,standard_correct_known,207,0,83,124,0,-83
TAO_TRAIN_GT_CONTROLLED_HELDOUT,D1_SIMPLE_MLP,D2_RISK_AWARE,1027,seed1028,8,policy,standard_correct_novel,16,10,1,5,0,9
TAO_TRAIN_GT_CONTROLLED_HELDOUT,D1_SIMPLE_MLP,D2_RISK_AWARE,1027,seed1028,8,policy,CT_correct_all,7,0,0,7,0,0
TAO_TRAIN_GT_CONTROLLED_HELDOUT,D1_SIMPLE_MLP,D2_RISK_AWARE,1027,seed1028,8,policy,CT_correct_known,0,0,0,0,0,0
TAO_TRAIN_GT_CONTROLLED_HELDOUT,D1_SIMPLE_MLP,D2_RISK_AWARE,1027,seed1028,8,policy,CT_correct_novel,7,0,0,7,0,0
TAO_TRAIN_GT_CONTROLLED_HELDOUT,WITHOUT_RISK,FULL,1027,seed1028,8,policy,standard_correct_all,223,10,158,55,0,-148
TAO_TRAIN_GT_CONTROLLED_HELDOUT,WITHOUT_RISK,FULL,1027,seed1028,8,policy,standard_correct_known,207,0,158,49,0,-158
TAO_TRAIN_GT_CONTROLLED_HELDOUT,WITHOUT_RISK,FULL,1027,seed1028,8,policy,standard_correct_novel,16,10,0,6,0,10
TAO_TRAIN_GT_CONTROLLED_HELDOUT,WITHOUT_RISK,FULL,1027,seed1028,8,policy,CT_correct_all,7,0,0,7,0,0
TAO_TRAIN_GT_CONTROLLED_HELDOUT,WITHOUT_RISK,FULL,1027,seed1028,8,policy,CT_correct_known,0,0,0,0,0,0
TAO_TRAIN_GT_CONTROLLED_HELDOUT,WITHOUT_RISK,FULL,1027,seed1028,8,policy,CT_correct_novel,7,0,0,7,0,0
TAO_TRAIN_GT_CONTROLLED_HELDOUT,WITHOUT_TEMPORAL,FULL,1027,seed1028,8,policy,standard_correct_all,223,0,0,213,10,0
TAO_TRAIN_GT_CONTROLLED_HELDOUT,WITHOUT_TEMPORAL,FULL,1027,seed1028,8,policy,standard_correct_known,207,0,0,207,0,0
TAO_TRAIN_GT_CONTROLLED_HELDOUT,WITHOUT_TEMPORAL,FULL,1027,seed1028,8,policy,standard_correct_novel,16,0,0,6,10,0
TAO_TRAIN_GT_CONTROLLED_HELDOUT,WITHOUT_TEMPORAL,FULL,1027,seed1028,8,policy,CT_correct_all,7,0,0,7,0,0
TAO_TRAIN_GT_CONTROLLED_HELDOUT,WITHOUT_TEMPORAL,FULL,1027,seed1028,8,policy,CT_correct_known,0,0,0,0,0,0
TAO_TRAIN_GT_CONTROLLED_HELDOUT,WITHOUT_TEMPORAL,FULL,1027,seed1028,8,policy,CT_correct_novel,7,0,0,7,0,0
TAO_TRAIN_GT_CONTROLLED_HELDOUT,A0_RAW,A1_SELECTED,1027,seed1028,16,representation,standard_correct_all,223,108,4,104,7,104
TAO_TRAIN_GT_CONTROLLED_HELDOUT,A0_RAW,A1_SELECTED,1027,seed1028,16,representation,standard_correct_known,207,107,1,98,1,106
TAO_TRAIN_GT_CONTROLLED_HELDOUT,A0_RAW,A1_SELECTED,1027,seed1028,16,representation,standard_correct_novel,16,1,3,6,6,-2
TAO_TRAIN_GT_CONTROLLED_HELDOUT,A0_RAW,A1_SELECTED,1027,seed1028,16,representation,CT_correct_all,7,0,2,3,2,-2
TAO_TRAIN_GT_CONTROLLED_HELDOUT,A0_RAW,A1_SELECTED,1027,seed1028,16,representation,CT_correct_known,0,0,0,0,0,0
TAO_TRAIN_GT_CONTROLLED_HELDOUT,A0_RAW,A1_SELECTED,1027,seed1028,16,representation,CT_correct_novel,7,0,2,3,2,-2
TAO_TRAIN_GT_CONTROLLED_HELDOUT,A0_RAW,A2_EVIDENCE,1027,seed1028,16,representation,standard_correct_all,223,112,5,100,6,107
TAO_TRAIN_GT_CONTROLLED_HELDOUT,A0_RAW,A2_EVIDENCE,1027,seed1028,16,representation,standard_correct_known,207,110,1,95,1,109
TAO_TRAIN_GT_CONTROLLED_HELDOUT,A0_RAW,A2_EVIDENCE,1027,seed1028,16,representation,standard_correct_novel,16,2,4,5,5,-2
TAO_TRAIN_GT_CONTROLLED_HELDOUT,A0_RAW,A2_EVIDENCE,1027,seed1028,16,representation,CT_correct_all,7,0,4,3,0,-4
TAO_TRAIN_GT_CONTROLLED_HELDOUT,A0_RAW,A2_EVIDENCE,1027,seed1028,16,representation,CT_correct_known,0,0,0,0,0,0
TAO_TRAIN_GT_CONTROLLED_HELDOUT,A0_RAW,A2_EVIDENCE,1027,seed1028,16,representation,CT_correct_novel,7,0,4,3,0,-4
TAO_TRAIN_GT_CONTROLLED_HELDOUT,A0_RAW,A2_CAPACITY_CONTROL,1027,seed1028,16,representation,standard_correct_all,223,114,6,98,5,108
TAO_TRAIN_GT_CONTROLLED_HELDOUT,A0_RAW,A2_CAPACITY_CONTROL,1027,seed1028,16,representation,standard_correct_known,207,111,1,94,1,110
TAO_TRAIN_GT_CONTROLLED_HELDOUT,A0_RAW,A2_CAPACITY_CONTROL,1027,seed1028,16,representation,standard_correct_novel,16,3,5,4,4,-2
TAO_TRAIN_GT_CONTROLLED_HELDOUT,A0_RAW,A2_CAPACITY_CONTROL,1027,seed1028,16,representation,CT_correct_all,7,0,2,3,2,-2
TAO_TRAIN_GT_CONTROLLED_HELDOUT,A0_RAW,A2_CAPACITY_CONTROL,1027,seed1028,16,representation,CT_correct_known,0,0,0,0,0,0
TAO_TRAIN_GT_CONTROLLED_HELDOUT,A0_RAW,A2_CAPACITY_CONTROL,1027,seed1028,16,representation,CT_correct_novel,7,0,2,3,2,-2
TAO_TRAIN_GT_CONTROLLED_HELDOUT,A1_SELECTED,A2_EVIDENCE,1027,seed1028,16,representation,standard_correct_all,223,8,5,100,110,3
TAO_TRAIN_GT_CONTROLLED_HELDOUT,A1_SELECTED,A2_EVIDENCE,1027,seed1028,16,representation,standard_correct_known,207,5,2,94,106,3
TAO_TRAIN_GT_CONTROLLED_HELDOUT,A1_SELECTED,A2_EVIDENCE,1027,seed1028,16,representation,standard_correct_novel,16,3,3,6,4,0
TAO_TRAIN_GT_CONTROLLED_HELDOUT,A1_SELECTED,A2_EVIDENCE,1027,seed1028,16,representation,CT_correct_all,7,0,2,5,0,-2
TAO_TRAIN_GT_CONTROLLED_HELDOUT,A1_SELECTED,A2_EVIDENCE,1027,seed1028,16,representation,CT_correct_known,0,0,0,0,0,0
TAO_TRAIN_GT_CONTROLLED_HELDOUT,A1_SELECTED,A2_EVIDENCE,1027,seed1028,16,representation,CT_correct_novel,7,0,2,5,0,-2
TAO_TRAIN_GT_CONTROLLED_HELDOUT,A1_SELECTED,A2_CAPACITY_CONTROL,1027,seed1028,16,representation,standard_correct_all,223,7,3,101,112,4
TAO_TRAIN_GT_CONTROLLED_HELDOUT,A1_SELECTED,A2_CAPACITY_CONTROL,1027,seed1028,16,representation,standard_correct_known,207,4,0,95,108,4
TAO_TRAIN_GT_CONTROLLED_HELDOUT,A1_SELECTED,A2_CAPACITY_CONTROL,1027,seed1028,16,representation,standard_correct_novel,16,3,3,6,4,0
TAO_TRAIN_GT_CONTROLLED_HELDOUT,A1_SELECTED,A2_CAPACITY_CONTROL,1027,seed1028,16,representation,CT_correct_all,7,1,1,4,1,0
TAO_TRAIN_GT_CONTROLLED_HELDOUT,A1_SELECTED,A2_CAPACITY_CONTROL,1027,seed1028,16,representation,CT_correct_known,0,0,0,0,0,0
TAO_TRAIN_GT_CONTROLLED_HELDOUT,A1_SELECTED,A2_CAPACITY_CONTROL,1027,seed1028,16,representation,CT_correct_novel,7,1,1,4,1,0
TAO_TRAIN_GT_CONTROLLED_HELDOUT,D1_SIMPLE_MLP,D2_RISK_AWARE,1027,seed1028,16,policy,standard_correct_all,223,10,90,123,0,-80
TAO_TRAIN_GT_CONTROLLED_HELDOUT,D1_SIMPLE_MLP,D2_RISK_AWARE,1027,seed1028,16,policy,standard_correct_known,207,0,88,119,0,-88
TAO_TRAIN_GT_CONTROLLED_HELDOUT,D1_SIMPLE_MLP,D2_RISK_AWARE,1027,seed1028,16,policy,standard_correct_novel,16,10,2,4,0,8
TAO_TRAIN_GT_CONTROLLED_HELDOUT,D1_SIMPLE_MLP,D2_RISK_AWARE,1027,seed1028,16,policy,CT_correct_all,7,0,0,7,0,0
TAO_TRAIN_GT_CONTROLLED_HELDOUT,D1_SIMPLE_MLP,D2_RISK_AWARE,1027,seed1028,16,policy,CT_correct_known,0,0,0,0,0,0
TAO_TRAIN_GT_CONTROLLED_HELDOUT,D1_SIMPLE_MLP,D2_RISK_AWARE,1027,seed1028,16,policy,CT_correct_novel,7,0,0,7,0,0
TAO_TRAIN_GT_CONTROLLED_HELDOUT,WITHOUT_RISK,FULL,1027,seed1028,16,policy,standard_correct_all,223,10,157,56,0,-147
TAO_TRAIN_GT_CONTROLLED_HELDOUT,WITHOUT_RISK,FULL,1027,seed1028,16,policy,standard_correct_known,207,0,157,50,0,-157
TAO_TRAIN_GT_CONTROLLED_HELDOUT,WITHOUT_RISK,FULL,1027,seed1028,16,policy,standard_correct_novel,16,10,0,6,0,10
TAO_TRAIN_GT_CONTROLLED_HELDOUT,WITHOUT_RISK,FULL,1027,seed1028,16,policy,CT_correct_all,7,0,0,7,0,0
TAO_TRAIN_GT_CONTROLLED_HELDOUT,WITHOUT_RISK,FULL,1027,seed1028,16,policy,CT_correct_known,0,0,0,0,0,0
TAO_TRAIN_GT_CONTROLLED_HELDOUT,WITHOUT_RISK,FULL,1027,seed1028,16,policy,CT_correct_novel,7,0,0,7,0,0
TAO_TRAIN_GT_CONTROLLED_HELDOUT,WITHOUT_TEMPORAL,FULL,1027,seed1028,16,policy,standard_correct_all,223,0,0,213,10,0
TAO_TRAIN_GT_CONTROLLED_HELDOUT,WITHOUT_TEMPORAL,FULL,1027,seed1028,16,policy,standard_correct_known,207,0,0,207,0,0
TAO_TRAIN_GT_CONTROLLED_HELDOUT,WITHOUT_TEMPORAL,FULL,1027,seed1028,16,policy,standard_correct_novel,16,0,0,6,10,0
TAO_TRAIN_GT_CONTROLLED_HELDOUT,WITHOUT_TEMPORAL,FULL,1027,seed1028,16,policy,CT_correct_all,7,0,0,7,0,0
TAO_TRAIN_GT_CONTROLLED_HELDOUT,WITHOUT_TEMPORAL,FULL,1027,seed1028,16,policy,CT_correct_known,0,0,0,0,0,0
TAO_TRAIN_GT_CONTROLLED_HELDOUT,WITHOUT_TEMPORAL,FULL,1027,seed1028,16,policy,CT_correct_novel,7,0,0,7,0,0
TAO_TRAIN_GT_CONTROLLED_HELDOUT,A0_RAW,A1_SELECTED,1027,seed1029,1,representation,standard_correct_all,223,95,2,123,3,93
TAO_TRAIN_GT_CONTROLLED_HELDOUT,A0_RAW,A1_SELECTED,1027,seed1029,1,representation,standard_correct_known,207,92,0,115,0,92
TAO_TRAIN_GT_CONTROLLED_HELDOUT,A0_RAW,A1_SELECTED,1027,seed1029,1,representation,standard_correct_novel,16,3,2,8,3,1
TAO_TRAIN_GT_CONTROLLED_HELDOUT,A0_RAW,A1_SELECTED,1027,seed1029,1,representation,CT_correct_all,9,0,1,8,0,-1
TAO_TRAIN_GT_CONTROLLED_HELDOUT,A0_RAW,A1_SELECTED,1027,seed1029,1,representation,CT_correct_known,0,0,0,0,0,0
TAO_TRAIN_GT_CONTROLLED_HELDOUT,A0_RAW,A1_SELECTED,1027,seed1029,1,representation,CT_correct_novel,9,0,1,8,0,-1
TAO_TRAIN_GT_CONTROLLED_HELDOUT,A0_RAW,A2_EVIDENCE,1027,seed1029,1,representation,standard_correct_all,223,95,0,123,5,95
TAO_TRAIN_GT_CONTROLLED_HELDOUT,A0_RAW,A2_EVIDENCE,1027,seed1029,1,representation,standard_correct_known,207,92,0,115,0,92
TAO_TRAIN_GT_CONTROLLED_HELDOUT,A0_RAW,A2_EVIDENCE,1027,seed1029,1,representation,standard_correct_novel,16,3,0,8,5,3
TAO_TRAIN_GT_CONTROLLED_HELDOUT,A0_RAW,A2_EVIDENCE,1027,seed1029,1,representation,CT_correct_all,9,1,1,7,0,0
TAO_TRAIN_GT_CONTROLLED_HELDOUT,A0_RAW,A2_EVIDENCE,1027,seed1029,1,representation,CT_correct_known,0,0,0,0,0,0
TAO_TRAIN_GT_CONTROLLED_HELDOUT,A0_RAW,A2_EVIDENCE,1027,seed1029,1,representation,CT_correct_novel,9,1,1,7,0,0
TAO_TRAIN_GT_CONTROLLED_HELDOUT,A0_RAW,A2_CAPACITY_CONTROL,1027,seed1029,1,representation,standard_correct_all,223,91,3,127,2,88
TAO_TRAIN_GT_CONTROLLED_HELDOUT,A0_RAW,A2_CAPACITY_CONTROL,1027,seed1029,1,representation,standard_correct_known,207,85,0,122,0,85
TAO_TRAIN_GT_CONTROLLED_HELDOUT,A0_RAW,A2_CAPACITY_CONTROL,1027,seed1029,1,representation,standard_correct_novel,16,6,3,5,2,3
TAO_TRAIN_GT_CONTROLLED_HELDOUT,A0_RAW,A2_CAPACITY_CONTROL,1027,seed1029,1,representation,CT_correct_all,9,4,1,4,0,3
TAO_TRAIN_GT_CONTROLLED_HELDOUT,A0_RAW,A2_CAPACITY_CONTROL,1027,seed1029,1,representation,CT_correct_known,0,0,0,0,0,0
TAO_TRAIN_GT_CONTROLLED_HELDOUT,A0_RAW,A2_CAPACITY_CONTROL,1027,seed1029,1,representation,CT_correct_novel,9,4,1,4,0,3
TAO_TRAIN_GT_CONTROLLED_HELDOUT,A1_SELECTED,A2_EVIDENCE,1027,seed1029,1,representation,standard_correct_all,223,5,3,120,95,2
TAO_TRAIN_GT_CONTROLLED_HELDOUT,A1_SELECTED,A2_EVIDENCE,1027,seed1029,1,representation,standard_correct_known,207,2,2,113,90,0
TAO_TRAIN_GT_CONTROLLED_HELDOUT,A1_SELECTED,A2_EVIDENCE,1027,seed1029,1,representation,standard_correct_novel,16,3,1,7,5,2
TAO_TRAIN_GT_CONTROLLED_HELDOUT,A1_SELECTED,A2_EVIDENCE,1027,seed1029,1,representation,CT_correct_all,9,1,0,8,0,1
TAO_TRAIN_GT_CONTROLLED_HELDOUT,A1_SELECTED,A2_EVIDENCE,1027,seed1029,1,representation,CT_correct_known,0,0,0,0,0,0
TAO_TRAIN_GT_CONTROLLED_HELDOUT,A1_SELECTED,A2_EVIDENCE,1027,seed1029,1,representation,CT_correct_novel,9,1,0,8,0,1
TAO_TRAIN_GT_CONTROLLED_HELDOUT,A1_SELECTED,A2_CAPACITY_CONTROL,1027,seed1029,1,representation,standard_correct_all,223,9,14,116,84,-5
TAO_TRAIN_GT_CONTROLLED_HELDOUT,A1_SELECTED,A2_CAPACITY_CONTROL,1027,seed1029,1,representation,standard_correct_known,207,2,9,113,83,-7
TAO_TRAIN_GT_CONTROLLED_HELDOUT,A1_SELECTED,A2_CAPACITY_CONTROL,1027,seed1029,1,representation,standard_correct_novel,16,7,5,3,1,2
TAO_TRAIN_GT_CONTROLLED_HELDOUT,A1_SELECTED,A2_CAPACITY_CONTROL,1027,seed1029,1,representation,CT_correct_all,9,4,0,5,0,4
TAO_TRAIN_GT_CONTROLLED_HELDOUT,A1_SELECTED,A2_CAPACITY_CONTROL,1027,seed1029,1,representation,CT_correct_known,0,0,0,0,0,0
TAO_TRAIN_GT_CONTROLLED_HELDOUT,A1_SELECTED,A2_CAPACITY_CONTROL,1027,seed1029,1,representation,CT_correct_novel,9,4,0,5,0,4
TAO_TRAIN_GT_CONTROLLED_HELDOUT,D1_SIMPLE_MLP,D2_RISK_AWARE,1027,seed1029,1,policy,standard_correct_all,223,9,49,164,1,-40
TAO_TRAIN_GT_CONTROLLED_HELDOUT,D1_SIMPLE_MLP,D2_RISK_AWARE,1027,seed1029,1,policy,standard_correct_known,207,0,48,159,0,-48
TAO_TRAIN_GT_CONTROLLED_HELDOUT,D1_SIMPLE_MLP,D2_RISK_AWARE,1027,seed1029,1,policy,standard_correct_novel,16,9,1,5,1,8
TAO_TRAIN_GT_CONTROLLED_HELDOUT,D1_SIMPLE_MLP,D2_RISK_AWARE,1027,seed1029,1,policy,CT_correct_all,9,0,0,9,0,0
TAO_TRAIN_GT_CONTROLLED_HELDOUT,D1_SIMPLE_MLP,D2_RISK_AWARE,1027,seed1029,1,policy,CT_correct_known,0,0,0,0,0,0
TAO_TRAIN_GT_CONTROLLED_HELDOUT,D1_SIMPLE_MLP,D2_RISK_AWARE,1027,seed1029,1,policy,CT_correct_novel,9,0,0,9,0,0
TAO_TRAIN_GT_CONTROLLED_HELDOUT,WITHOUT_RISK,FULL,1027,seed1029,1,policy,standard_correct_all,223,10,136,77,0,-126
TAO_TRAIN_GT_CONTROLLED_HELDOUT,WITHOUT_RISK,FULL,1027,seed1029,1,policy,standard_correct_known,207,0,136,71,0,-136
TAO_TRAIN_GT_CONTROLLED_HELDOUT,WITHOUT_RISK,FULL,1027,seed1029,1,policy,standard_correct_novel,16,10,0,6,0,10
TAO_TRAIN_GT_CONTROLLED_HELDOUT,WITHOUT_RISK,FULL,1027,seed1029,1,policy,CT_correct_all,9,0,0,9,0,0
TAO_TRAIN_GT_CONTROLLED_HELDOUT,WITHOUT_RISK,FULL,1027,seed1029,1,policy,CT_correct_known,0,0,0,0,0,0
TAO_TRAIN_GT_CONTROLLED_HELDOUT,WITHOUT_RISK,FULL,1027,seed1029,1,policy,CT_correct_novel,9,0,0,9,0,0
TAO_TRAIN_GT_CONTROLLED_HELDOUT,WITHOUT_TEMPORAL,FULL,1027,seed1029,1,policy,standard_correct_all,223,0,0,213,10,0
TAO_TRAIN_GT_CONTROLLED_HELDOUT,WITHOUT_TEMPORAL,FULL,1027,seed1029,1,policy,standard_correct_known,207,0,0,207,0,0
TAO_TRAIN_GT_CONTROLLED_HELDOUT,WITHOUT_TEMPORAL,FULL,1027,seed1029,1,policy,standard_correct_novel,16,0,0,6,10,0
TAO_TRAIN_GT_CONTROLLED_HELDOUT,WITHOUT_TEMPORAL,FULL,1027,seed1029,1,policy,CT_correct_all,9,0,0,9,0,0
TAO_TRAIN_GT_CONTROLLED_HELDOUT,WITHOUT_TEMPORAL,FULL,1027,seed1029,1,policy,CT_correct_known,0,0,0,0,0,0
TAO_TRAIN_GT_CONTROLLED_HELDOUT,WITHOUT_TEMPORAL,FULL,1027,seed1029,1,policy,CT_correct_novel,9,0,0,9,0,0
TAO_TRAIN_GT_CONTROLLED_HELDOUT,A0_RAW,A1_SELECTED,1027,seed1029,2,representation,standard_correct_all,223,104,2,112,5,102
TAO_TRAIN_GT_CONTROLLED_HELDOUT,A0_RAW,A1_SELECTED,1027,seed1029,2,representation,standard_correct_known,207,102,0,105,0,102
TAO_TRAIN_GT_CONTROLLED_HELDOUT,A0_RAW,A1_SELECTED,1027,seed1029,2,representation,standard_correct_novel,16,2,2,7,5,0
TAO_TRAIN_GT_CONTROLLED_HELDOUT,A0_RAW,A1_SELECTED,1027,seed1029,2,representation,CT_correct_all,9,0,1,8,0,-1
TAO_TRAIN_GT_CONTROLLED_HELDOUT,A0_RAW,A1_SELECTED,1027,seed1029,2,representation,CT_correct_known,0,0,0,0,0,0
TAO_TRAIN_GT_CONTROLLED_HELDOUT,A0_RAW,A1_SELECTED,1027,seed1029,2,representation,CT_correct_novel,9,0,1,8,0,-1
TAO_TRAIN_GT_CONTROLLED_HELDOUT,A0_RAW,A2_EVIDENCE,1027,seed1029,2,representation,standard_correct_all,223,105,1,111,6,104
TAO_TRAIN_GT_CONTROLLED_HELDOUT,A0_RAW,A2_EVIDENCE,1027,seed1029,2,representation,standard_correct_known,207,104,0,103,0,104
TAO_TRAIN_GT_CONTROLLED_HELDOUT,A0_RAW,A2_EVIDENCE,1027,seed1029,2,representation,standard_correct_novel,16,1,1,8,6,0
TAO_TRAIN_GT_CONTROLLED_HELDOUT,A0_RAW,A2_EVIDENCE,1027,seed1029,2,representation,CT_correct_all,9,0,1,8,0,-1
TAO_TRAIN_GT_CONTROLLED_HELDOUT,A0_RAW,A2_EVIDENCE,1027,seed1029,2,representation,CT_correct_known,0,0,0,0,0,0
TAO_TRAIN_GT_CONTROLLED_HELDOUT,A0_RAW,A2_EVIDENCE,1027,seed1029,2,representation,CT_correct_novel,9,0,1,8,0,-1
TAO_TRAIN_GT_CONTROLLED_HELDOUT,A0_RAW,A2_CAPACITY_CONTROL,1027,seed1029,2,representation,standard_correct_all,223,106,2,110,5,104
TAO_TRAIN_GT_CONTROLLED_HELDOUT,A0_RAW,A2_CAPACITY_CONTROL,1027,seed1029,2,representation,standard_correct_known,207,104,0,103,0,104
TAO_TRAIN_GT_CONTROLLED_HELDOUT,A0_RAW,A2_CAPACITY_CONTROL,1027,seed1029,2,representation,standard_correct_novel,16,2,2,7,5,0
TAO_TRAIN_GT_CONTROLLED_HELDOUT,A0_RAW,A2_CAPACITY_CONTROL,1027,seed1029,2,representation,CT_correct_all,9,0,1,8,0,-1
TAO_TRAIN_GT_CONTROLLED_HELDOUT,A0_RAW,A2_CAPACITY_CONTROL,1027,seed1029,2,representation,CT_correct_known,0,0,0,0,0,0
TAO_TRAIN_GT_CONTROLLED_HELDOUT,A0_RAW,A2_CAPACITY_CONTROL,1027,seed1029,2,representation,CT_correct_novel,9,0,1,8,0,-1
TAO_TRAIN_GT_CONTROLLED_HELDOUT,A1_SELECTED,A2_EVIDENCE,1027,seed1029,2,representation,standard_correct_all,223,4,2,110,107,2
TAO_TRAIN_GT_CONTROLLED_HELDOUT,A1_SELECTED,A2_EVIDENCE,1027,seed1029,2,representation,standard_correct_known,207,3,1,102,101,2
TAO_TRAIN_GT_CONTROLLED_HELDOUT,A1_SELECTED,A2_EVIDENCE,1027,seed1029,2,representation,standard_correct_novel,16,1,1,8,6,0
TAO_TRAIN_GT_CONTROLLED_HELDOUT,A1_SELECTED,A2_EVIDENCE,1027,seed1029,2,representation,CT_correct_all,9,0,0,9,0,0
TAO_TRAIN_GT_CONTROLLED_HELDOUT,A1_SELECTED,A2_EVIDENCE,1027,seed1029,2,representation,CT_correct_known,0,0,0,0,0,0
TAO_TRAIN_GT_CONTROLLED_HELDOUT,A1_SELECTED,A2_EVIDENCE,1027,seed1029,2,representation,CT_correct_novel,9,0,0,9,0,0
TAO_TRAIN_GT_CONTROLLED_HELDOUT,A1_SELECTED,A2_CAPACITY_CONTROL,1027,seed1029,2,representation,standard_correct_all,223,4,2,110,107,2
TAO_TRAIN_GT_CONTROLLED_HELDOUT,A1_SELECTED,A2_CAPACITY_CONTROL,1027,seed1029,2,representation,standard_correct_known,207,2,0,103,102,2
TAO_TRAIN_GT_CONTROLLED_HELDOUT,A1_SELECTED,A2_CAPACITY_CONTROL,1027,seed1029,2,representation,standard_correct_novel,16,2,2,7,5,0
TAO_TRAIN_GT_CONTROLLED_HELDOUT,A1_SELECTED,A2_CAPACITY_CONTROL,1027,seed1029,2,representation,CT_correct_all,9,0,0,9,0,0
TAO_TRAIN_GT_CONTROLLED_HELDOUT,A1_SELECTED,A2_CAPACITY_CONTROL,1027,seed1029,2,representation,CT_correct_known,0,0,0,0,0,0
TAO_TRAIN_GT_CONTROLLED_HELDOUT,A1_SELECTED,A2_CAPACITY_CONTROL,1027,seed1029,2,representation,CT_correct_novel,9,0,0,9,0,0
TAO_TRAIN_GT_CONTROLLED_HELDOUT,D1_SIMPLE_MLP,D2_RISK_AWARE,1027,seed1029,2,policy,standard_correct_all,223,10,69,144,0,-59
TAO_TRAIN_GT_CONTROLLED_HELDOUT,D1_SIMPLE_MLP,D2_RISK_AWARE,1027,seed1029,2,policy,standard_correct_known,207,0,69,138,0,-69
TAO_TRAIN_GT_CONTROLLED_HELDOUT,D1_SIMPLE_MLP,D2_RISK_AWARE,1027,seed1029,2,policy,standard_correct_novel,16,10,0,6,0,10
TAO_TRAIN_GT_CONTROLLED_HELDOUT,D1_SIMPLE_MLP,D2_RISK_AWARE,1027,seed1029,2,policy,CT_correct_all,9,0,0,9,0,0
TAO_TRAIN_GT_CONTROLLED_HELDOUT,D1_SIMPLE_MLP,D2_RISK_AWARE,1027,seed1029,2,policy,CT_correct_known,0,0,0,0,0,0
TAO_TRAIN_GT_CONTROLLED_HELDOUT,D1_SIMPLE_MLP,D2_RISK_AWARE,1027,seed1029,2,policy,CT_correct_novel,9,0,0,9,0,0
TAO_TRAIN_GT_CONTROLLED_HELDOUT,WITHOUT_RISK,FULL,1027,seed1029,2,policy,standard_correct_all,223,10,146,67,0,-136
TAO_TRAIN_GT_CONTROLLED_HELDOUT,WITHOUT_RISK,FULL,1027,seed1029,2,policy,standard_correct_known,207,0,146,61,0,-146
TAO_TRAIN_GT_CONTROLLED_HELDOUT,WITHOUT_RISK,FULL,1027,seed1029,2,policy,standard_correct_novel,16,10,0,6,0,10
TAO_TRAIN_GT_CONTROLLED_HELDOUT,WITHOUT_RISK,FULL,1027,seed1029,2,policy,CT_correct_all,9,0,0,9,0,0
TAO_TRAIN_GT_CONTROLLED_HELDOUT,WITHOUT_RISK,FULL,1027,seed1029,2,policy,CT_correct_known,0,0,0,0,0,0
TAO_TRAIN_GT_CONTROLLED_HELDOUT,WITHOUT_RISK,FULL,1027,seed1029,2,policy,CT_correct_novel,9,0,0,9,0,0
TAO_TRAIN_GT_CONTROLLED_HELDOUT,WITHOUT_TEMPORAL,FULL,1027,seed1029,2,policy,standard_correct_all,223,0,0,213,10,0
TAO_TRAIN_GT_CONTROLLED_HELDOUT,WITHOUT_TEMPORAL,FULL,1027,seed1029,2,policy,standard_correct_known,207,0,0,207,0,0
TAO_TRAIN_GT_CONTROLLED_HELDOUT,WITHOUT_TEMPORAL,FULL,1027,seed1029,2,policy,standard_correct_novel,16,0,0,6,10,0
TAO_TRAIN_GT_CONTROLLED_HELDOUT,WITHOUT_TEMPORAL,FULL,1027,seed1029,2,policy,CT_correct_all,9,0,0,9,0,0
TAO_TRAIN_GT_CONTROLLED_HELDOUT,WITHOUT_TEMPORAL,FULL,1027,seed1029,2,policy,CT_correct_known,0,0,0,0,0,0
TAO_TRAIN_GT_CONTROLLED_HELDOUT,WITHOUT_TEMPORAL,FULL,1027,seed1029,2,policy,CT_correct_novel,9,0,0,9,0,0
TAO_TRAIN_GT_CONTROLLED_HELDOUT,A0_RAW,A1_SELECTED,1027,seed1029,4,representation,standard_correct_all,223,110,1,106,6,109
TAO_TRAIN_GT_CONTROLLED_HELDOUT,A0_RAW,A1_SELECTED,1027,seed1029,4,representation,standard_correct_known,207,110,0,97,0,110
TAO_TRAIN_GT_CONTROLLED_HELDOUT,A0_RAW,A1_SELECTED,1027,seed1029,4,representation,standard_correct_novel,16,0,1,9,6,-1
TAO_TRAIN_GT_CONTROLLED_HELDOUT,A0_RAW,A1_SELECTED,1027,seed1029,4,representation,CT_correct_all,9,0,1,8,0,-1
TAO_TRAIN_GT_CONTROLLED_HELDOUT,A0_RAW,A1_SELECTED,1027,seed1029,4,representation,CT_correct_known,0,0,0,0,0,0
TAO_TRAIN_GT_CONTROLLED_HELDOUT,A0_RAW,A1_SELECTED,1027,seed1029,4,representation,CT_correct_novel,9,0,1,8,0,-1
TAO_TRAIN_GT_CONTROLLED_HELDOUT,A0_RAW,A2_EVIDENCE,1027,seed1029,4,representation,standard_correct_all,223,111,1,105,6,110
TAO_TRAIN_GT_CONTROLLED_HELDOUT,A0_RAW,A2_EVIDENCE,1027,seed1029,4,representation,standard_correct_known,207,109,0,98,0,109
TAO_TRAIN_GT_CONTROLLED_HELDOUT,A0_RAW,A2_EVIDENCE,1027,seed1029,4,representation,standard_correct_novel,16,2,1,7,6,1
TAO_TRAIN_GT_CONTROLLED_HELDOUT,A0_RAW,A2_EVIDENCE,1027,seed1029,4,representation,CT_correct_all,9,0,1,8,0,-1
TAO_TRAIN_GT_CONTROLLED_HELDOUT,A0_RAW,A2_EVIDENCE,1027,seed1029,4,representation,CT_correct_known,0,0,0,0,0,0
TAO_TRAIN_GT_CONTROLLED_HELDOUT,A0_RAW,A2_EVIDENCE,1027,seed1029,4,representation,CT_correct_novel,9,0,1,8,0,-1
TAO_TRAIN_GT_CONTROLLED_HELDOUT,A0_RAW,A2_CAPACITY_CONTROL,1027,seed1029,4,representation,standard_correct_all,223,113,2,103,5,111
TAO_TRAIN_GT_CONTROLLED_HELDOUT,A0_RAW,A2_CAPACITY_CONTROL,1027,seed1029,4,representation,standard_correct_known,207,111,0,96,0,111
TAO_TRAIN_GT_CONTROLLED_HELDOUT,A0_RAW,A2_CAPACITY_CONTROL,1027,seed1029,4,representation,standard_correct_novel,16,2,2,7,5,0
TAO_TRAIN_GT_CONTROLLED_HELDOUT,A0_RAW,A2_CAPACITY_CONTROL,1027,seed1029,4,representation,CT_correct_all,9,0,1,8,0,-1
TAO_TRAIN_GT_CONTROLLED_HELDOUT,A0_RAW,A2_CAPACITY_CONTROL,1027,seed1029,4,representation,CT_correct_known,0,0,0,0,0,0
TAO_TRAIN_GT_CONTROLLED_HELDOUT,A0_RAW,A2_CAPACITY_CONTROL,1027,seed1029,4,representation,CT_correct_novel,9,0,1,8,0,-1
TAO_TRAIN_GT_CONTROLLED_HELDOUT,A1_SELECTED,A2_EVIDENCE,1027,seed1029,4,representation,standard_correct_all,223,5,4,102,112,1
TAO_TRAIN_GT_CONTROLLED_HELDOUT,A1_SELECTED,A2_EVIDENCE,1027,seed1029,4,representation,standard_correct_known,207,2,3,95,107,-1
TAO_TRAIN_GT_CONTROLLED_HELDOUT,A1_SELECTED,A2_EVIDENCE,1027,seed1029,4,representation,standard_correct_novel,16,3,1,7,5,2
TAO_TRAIN_GT_CONTROLLED_HELDOUT,A1_SELECTED,A2_EVIDENCE,1027,seed1029,4,representation,CT_correct_all,9,0,0,9,0,0
TAO_TRAIN_GT_CONTROLLED_HELDOUT,A1_SELECTED,A2_EVIDENCE,1027,seed1029,4,representation,CT_correct_known,0,0,0,0,0,0
TAO_TRAIN_GT_CONTROLLED_HELDOUT,A1_SELECTED,A2_EVIDENCE,1027,seed1029,4,representation,CT_correct_novel,9,0,0,9,0,0
TAO_TRAIN_GT_CONTROLLED_HELDOUT,A1_SELECTED,A2_CAPACITY_CONTROL,1027,seed1029,4,representation,standard_correct_all,223,5,3,102,113,2
TAO_TRAIN_GT_CONTROLLED_HELDOUT,A1_SELECTED,A2_CAPACITY_CONTROL,1027,seed1029,4,representation,standard_correct_known,207,2,1,95,109,1
TAO_TRAIN_GT_CONTROLLED_HELDOUT,A1_SELECTED,A2_CAPACITY_CONTROL,1027,seed1029,4,representation,standard_correct_novel,16,3,2,7,4,1
TAO_TRAIN_GT_CONTROLLED_HELDOUT,A1_SELECTED,A2_CAPACITY_CONTROL,1027,seed1029,4,representation,CT_correct_all,9,0,0,9,0,0
TAO_TRAIN_GT_CONTROLLED_HELDOUT,A1_SELECTED,A2_CAPACITY_CONTROL,1027,seed1029,4,representation,CT_correct_known,0,0,0,0,0,0
TAO_TRAIN_GT_CONTROLLED_HELDOUT,A1_SELECTED,A2_CAPACITY_CONTROL,1027,seed1029,4,representation,CT_correct_novel,9,0,0,9,0,0
TAO_TRAIN_GT_CONTROLLED_HELDOUT,D1_SIMPLE_MLP,D2_RISK_AWARE,1027,seed1029,4,policy,standard_correct_all,223,10,77,136,0,-67
TAO_TRAIN_GT_CONTROLLED_HELDOUT,D1_SIMPLE_MLP,D2_RISK_AWARE,1027,seed1029,4,policy,standard_correct_known,207,0,77,130,0,-77
TAO_TRAIN_GT_CONTROLLED_HELDOUT,D1_SIMPLE_MLP,D2_RISK_AWARE,1027,seed1029,4,policy,standard_correct_novel,16,10,0,6,0,10
TAO_TRAIN_GT_CONTROLLED_HELDOUT,D1_SIMPLE_MLP,D2_RISK_AWARE,1027,seed1029,4,policy,CT_correct_all,9,0,0,9,0,0
TAO_TRAIN_GT_CONTROLLED_HELDOUT,D1_SIMPLE_MLP,D2_RISK_AWARE,1027,seed1029,4,policy,CT_correct_known,0,0,0,0,0,0
TAO_TRAIN_GT_CONTROLLED_HELDOUT,D1_SIMPLE_MLP,D2_RISK_AWARE,1027,seed1029,4,policy,CT_correct_novel,9,0,0,9,0,0
TAO_TRAIN_GT_CONTROLLED_HELDOUT,WITHOUT_RISK,FULL,1027,seed1029,4,policy,standard_correct_all,223,10,149,64,0,-139
TAO_TRAIN_GT_CONTROLLED_HELDOUT,WITHOUT_RISK,FULL,1027,seed1029,4,policy,standard_correct_known,207,0,149,58,0,-149
TAO_TRAIN_GT_CONTROLLED_HELDOUT,WITHOUT_RISK,FULL,1027,seed1029,4,policy,standard_correct_novel,16,10,0,6,0,10
TAO_TRAIN_GT_CONTROLLED_HELDOUT,WITHOUT_RISK,FULL,1027,seed1029,4,policy,CT_correct_all,9,0,0,9,0,0
TAO_TRAIN_GT_CONTROLLED_HELDOUT,WITHOUT_RISK,FULL,1027,seed1029,4,policy,CT_correct_known,0,0,0,0,0,0
TAO_TRAIN_GT_CONTROLLED_HELDOUT,WITHOUT_RISK,FULL,1027,seed1029,4,policy,CT_correct_novel,9,0,0,9,0,0
TAO_TRAIN_GT_CONTROLLED_HELDOUT,WITHOUT_TEMPORAL,FULL,1027,seed1029,4,policy,standard_correct_all,223,0,0,213,10,0
TAO_TRAIN_GT_CONTROLLED_HELDOUT,WITHOUT_TEMPORAL,FULL,1027,seed1029,4,policy,standard_correct_known,207,0,0,207,0,0
TAO_TRAIN_GT_CONTROLLED_HELDOUT,WITHOUT_TEMPORAL,FULL,1027,seed1029,4,policy,standard_correct_novel,16,0,0,6,10,0
TAO_TRAIN_GT_CONTROLLED_HELDOUT,WITHOUT_TEMPORAL,FULL,1027,seed1029,4,policy,CT_correct_all,9,0,0,9,0,0
TAO_TRAIN_GT_CONTROLLED_HELDOUT,WITHOUT_TEMPORAL,FULL,1027,seed1029,4,policy,CT_correct_known,0,0,0,0,0,0
TAO_TRAIN_GT_CONTROLLED_HELDOUT,WITHOUT_TEMPORAL,FULL,1027,seed1029,4,policy,CT_correct_novel,9,0,0,9,0,0
TAO_TRAIN_GT_CONTROLLED_HELDOUT,A0_RAW,A1_SELECTED,1027,seed1029,8,representation,standard_correct_all,223,106,3,107,7,103
TAO_TRAIN_GT_CONTROLLED_HELDOUT,A0_RAW,A1_SELECTED,1027,seed1029,8,representation,standard_correct_known,207,104,1,101,1,103
TAO_TRAIN_GT_CONTROLLED_HELDOUT,A0_RAW,A1_SELECTED,1027,seed1029,8,representation,standard_correct_novel,16,2,2,6,6,0
TAO_TRAIN_GT_CONTROLLED_HELDOUT,A0_RAW,A1_SELECTED,1027,seed1029,8,representation,CT_correct_all,9,0,0,7,2,0
TAO_TRAIN_GT_CONTROLLED_HELDOUT,A0_RAW,A1_SELECTED,1027,seed1029,8,representation,CT_correct_known,0,0,0,0,0,0
TAO_TRAIN_GT_CONTROLLED_HELDOUT,A0_RAW,A1_SELECTED,1027,seed1029,8,representation,CT_correct_novel,9,0,0,7,2,0
TAO_TRAIN_GT_CONTROLLED_HELDOUT,A0_RAW,A2_EVIDENCE,1027,seed1029,8,representation,standard_correct_all,223,116,1,97,9,115
TAO_TRAIN_GT_CONTROLLED_HELDOUT,A0_RAW,A2_EVIDENCE,1027,seed1029,8,representation,standard_correct_known,207,116,1,89,1,115
TAO_TRAIN_GT_CONTROLLED_HELDOUT,A0_RAW,A2_EVIDENCE,1027,seed1029,8,representation,standard_correct_novel,16,0,0,8,8,0
TAO_TRAIN_GT_CONTROLLED_HELDOUT,A0_RAW,A2_EVIDENCE,1027,seed1029,8,representation,CT_correct_all,9,0,2,7,0,-2
TAO_TRAIN_GT_CONTROLLED_HELDOUT,A0_RAW,A2_EVIDENCE,1027,seed1029,8,representation,CT_correct_known,0,0,0,0,0,0
TAO_TRAIN_GT_CONTROLLED_HELDOUT,A0_RAW,A2_EVIDENCE,1027,seed1029,8,representation,CT_correct_novel,9,0,2,7,0,-2
TAO_TRAIN_GT_CONTROLLED_HELDOUT,A0_RAW,A2_CAPACITY_CONTROL,1027,seed1029,8,representation,standard_correct_all,223,111,2,102,8,109
TAO_TRAIN_GT_CONTROLLED_HELDOUT,A0_RAW,A2_CAPACITY_CONTROL,1027,seed1029,8,representation,standard_correct_known,207,109,1,96,1,108
TAO_TRAIN_GT_CONTROLLED_HELDOUT,A0_RAW,A2_CAPACITY_CONTROL,1027,seed1029,8,representation,standard_correct_novel,16,2,1,6,7,1
TAO_TRAIN_GT_CONTROLLED_HELDOUT,A0_RAW,A2_CAPACITY_CONTROL,1027,seed1029,8,representation,CT_correct_all,9,0,2,7,0,-2
TAO_TRAIN_GT_CONTROLLED_HELDOUT,A0_RAW,A2_CAPACITY_CONTROL,1027,seed1029,8,representation,CT_correct_known,0,0,0,0,0,0
TAO_TRAIN_GT_CONTROLLED_HELDOUT,A0_RAW,A2_CAPACITY_CONTROL,1027,seed1029,8,representation,CT_correct_novel,9,0,2,7,0,-2
TAO_TRAIN_GT_CONTROLLED_HELDOUT,A1_SELECTED,A2_EVIDENCE,1027,seed1029,8,representation,standard_correct_all,223,16,4,94,109,12
TAO_TRAIN_GT_CONTROLLED_HELDOUT,A1_SELECTED,A2_EVIDENCE,1027,seed1029,8,representation,standard_correct_known,207,14,2,88,103,12
TAO_TRAIN_GT_CONTROLLED_HELDOUT,A1_SELECTED,A2_EVIDENCE,1027,seed1029,8,representation,standard_correct_novel,16,2,2,6,6,0
TAO_TRAIN_GT_CONTROLLED_HELDOUT,A1_SELECTED,A2_EVIDENCE,1027,seed1029,8,representation,CT_correct_all,9,0,2,7,0,-2
TAO_TRAIN_GT_CONTROLLED_HELDOUT,A1_SELECTED,A2_EVIDENCE,1027,seed1029,8,representation,CT_correct_known,0,0,0,0,0,0
TAO_TRAIN_GT_CONTROLLED_HELDOUT,A1_SELECTED,A2_EVIDENCE,1027,seed1029,8,representation,CT_correct_novel,9,0,2,7,0,-2
TAO_TRAIN_GT_CONTROLLED_HELDOUT,A1_SELECTED,A2_CAPACITY_CONTROL,1027,seed1029,8,representation,standard_correct_all,223,10,4,100,109,6
TAO_TRAIN_GT_CONTROLLED_HELDOUT,A1_SELECTED,A2_CAPACITY_CONTROL,1027,seed1029,8,representation,standard_correct_known,207,8,3,94,102,5
TAO_TRAIN_GT_CONTROLLED_HELDOUT,A1_SELECTED,A2_CAPACITY_CONTROL,1027,seed1029,8,representation,standard_correct_novel,16,2,1,6,7,1
TAO_TRAIN_GT_CONTROLLED_HELDOUT,A1_SELECTED,A2_CAPACITY_CONTROL,1027,seed1029,8,representation,CT_correct_all,9,0,2,7,0,-2
TAO_TRAIN_GT_CONTROLLED_HELDOUT,A1_SELECTED,A2_CAPACITY_CONTROL,1027,seed1029,8,representation,CT_correct_known,0,0,0,0,0,0
TAO_TRAIN_GT_CONTROLLED_HELDOUT,A1_SELECTED,A2_CAPACITY_CONTROL,1027,seed1029,8,representation,CT_correct_novel,9,0,2,7,0,-2
TAO_TRAIN_GT_CONTROLLED_HELDOUT,D1_SIMPLE_MLP,D2_RISK_AWARE,1027,seed1029,8,policy,standard_correct_all,223,10,80,133,0,-70
TAO_TRAIN_GT_CONTROLLED_HELDOUT,D1_SIMPLE_MLP,D2_RISK_AWARE,1027,seed1029,8,policy,standard_correct_known,207,0,79,128,0,-79
TAO_TRAIN_GT_CONTROLLED_HELDOUT,D1_SIMPLE_MLP,D2_RISK_AWARE,1027,seed1029,8,policy,standard_correct_novel,16,10,1,5,0,9
TAO_TRAIN_GT_CONTROLLED_HELDOUT,D1_SIMPLE_MLP,D2_RISK_AWARE,1027,seed1029,8,policy,CT_correct_all,9,0,0,9,0,0
TAO_TRAIN_GT_CONTROLLED_HELDOUT,D1_SIMPLE_MLP,D2_RISK_AWARE,1027,seed1029,8,policy,CT_correct_known,0,0,0,0,0,0
TAO_TRAIN_GT_CONTROLLED_HELDOUT,D1_SIMPLE_MLP,D2_RISK_AWARE,1027,seed1029,8,policy,CT_correct_novel,9,0,0,9,0,0
TAO_TRAIN_GT_CONTROLLED_HELDOUT,WITHOUT_RISK,FULL,1027,seed1029,8,policy,standard_correct_all,223,10,158,55,0,-148
TAO_TRAIN_GT_CONTROLLED_HELDOUT,WITHOUT_RISK,FULL,1027,seed1029,8,policy,standard_correct_known,207,0,158,49,0,-158
TAO_TRAIN_GT_CONTROLLED_HELDOUT,WITHOUT_RISK,FULL,1027,seed1029,8,policy,standard_correct_novel,16,10,0,6,0,10
TAO_TRAIN_GT_CONTROLLED_HELDOUT,WITHOUT_RISK,FULL,1027,seed1029,8,policy,CT_correct_all,9,0,0,9,0,0
TAO_TRAIN_GT_CONTROLLED_HELDOUT,WITHOUT_RISK,FULL,1027,seed1029,8,policy,CT_correct_known,0,0,0,0,0,0
TAO_TRAIN_GT_CONTROLLED_HELDOUT,WITHOUT_RISK,FULL,1027,seed1029,8,policy,CT_correct_novel,9,0,0,9,0,0
TAO_TRAIN_GT_CONTROLLED_HELDOUT,WITHOUT_TEMPORAL,FULL,1027,seed1029,8,policy,standard_correct_all,223,0,0,213,10,0
TAO_TRAIN_GT_CONTROLLED_HELDOUT,WITHOUT_TEMPORAL,FULL,1027,seed1029,8,policy,standard_correct_known,207,0,0,207,0,0
TAO_TRAIN_GT_CONTROLLED_HELDOUT,WITHOUT_TEMPORAL,FULL,1027,seed1029,8,policy,standard_correct_novel,16,0,0,6,10,0
TAO_TRAIN_GT_CONTROLLED_HELDOUT,WITHOUT_TEMPORAL,FULL,1027,seed1029,8,policy,CT_correct_all,9,0,0,9,0,0
TAO_TRAIN_GT_CONTROLLED_HELDOUT,WITHOUT_TEMPORAL,FULL,1027,seed1029,8,policy,CT_correct_known,0,0,0,0,0,0
TAO_TRAIN_GT_CONTROLLED_HELDOUT,WITHOUT_TEMPORAL,FULL,1027,seed1029,8,policy,CT_correct_novel,9,0,0,9,0,0
TAO_TRAIN_GT_CONTROLLED_HELDOUT,A0_RAW,A1_SELECTED,1027,seed1029,16,representation,standard_correct_all,223,108,3,105,7,105
TAO_TRAIN_GT_CONTROLLED_HELDOUT,A0_RAW,A1_SELECTED,1027,seed1029,16,representation,standard_correct_known,207,107,1,98,1,106
TAO_TRAIN_GT_CONTROLLED_HELDOUT,A0_RAW,A1_SELECTED,1027,seed1029,16,representation,standard_correct_novel,16,1,2,7,6,-1
TAO_TRAIN_GT_CONTROLLED_HELDOUT,A0_RAW,A1_SELECTED,1027,seed1029,16,representation,CT_correct_all,9,0,2,7,0,-2
TAO_TRAIN_GT_CONTROLLED_HELDOUT,A0_RAW,A1_SELECTED,1027,seed1029,16,representation,CT_correct_known,0,0,0,0,0,0
TAO_TRAIN_GT_CONTROLLED_HELDOUT,A0_RAW,A1_SELECTED,1027,seed1029,16,representation,CT_correct_novel,9,0,2,7,0,-2
TAO_TRAIN_GT_CONTROLLED_HELDOUT,A0_RAW,A2_EVIDENCE,1027,seed1029,16,representation,standard_correct_all,223,116,3,97,7,113
TAO_TRAIN_GT_CONTROLLED_HELDOUT,A0_RAW,A2_EVIDENCE,1027,seed1029,16,representation,standard_correct_known,207,115,1,90,1,114
TAO_TRAIN_GT_CONTROLLED_HELDOUT,A0_RAW,A2_EVIDENCE,1027,seed1029,16,representation,standard_correct_novel,16,1,2,7,6,-1
TAO_TRAIN_GT_CONTROLLED_HELDOUT,A0_RAW,A2_EVIDENCE,1027,seed1029,16,representation,CT_correct_all,9,0,2,7,0,-2
TAO_TRAIN_GT_CONTROLLED_HELDOUT,A0_RAW,A2_EVIDENCE,1027,seed1029,16,representation,CT_correct_known,0,0,0,0,0,0
TAO_TRAIN_GT_CONTROLLED_HELDOUT,A0_RAW,A2_EVIDENCE,1027,seed1029,16,representation,CT_correct_novel,9,0,2,7,0,-2
TAO_TRAIN_GT_CONTROLLED_HELDOUT,A0_RAW,A2_CAPACITY_CONTROL,1027,seed1029,16,representation,standard_correct_all,223,113,3,100,7,110
TAO_TRAIN_GT_CONTROLLED_HELDOUT,A0_RAW,A2_CAPACITY_CONTROL,1027,seed1029,16,representation,standard_correct_known,207,112,1,93,1,111
TAO_TRAIN_GT_CONTROLLED_HELDOUT,A0_RAW,A2_CAPACITY_CONTROL,1027,seed1029,16,representation,standard_correct_novel,16,1,2,7,6,-1
TAO_TRAIN_GT_CONTROLLED_HELDOUT,A0_RAW,A2_CAPACITY_CONTROL,1027,seed1029,16,representation,CT_correct_all,9,0,2,7,0,-2
TAO_TRAIN_GT_CONTROLLED_HELDOUT,A0_RAW,A2_CAPACITY_CONTROL,1027,seed1029,16,representation,CT_correct_known,0,0,0,0,0,0
TAO_TRAIN_GT_CONTROLLED_HELDOUT,A0_RAW,A2_CAPACITY_CONTROL,1027,seed1029,16,representation,CT_correct_novel,9,0,2,7,0,-2
TAO_TRAIN_GT_CONTROLLED_HELDOUT,A1_SELECTED,A2_EVIDENCE,1027,seed1029,16,representation,standard_correct_all,223,9,1,99,114,8
TAO_TRAIN_GT_CONTROLLED_HELDOUT,A1_SELECTED,A2_EVIDENCE,1027,seed1029,16,representation,standard_correct_known,207,9,1,90,107,8
TAO_TRAIN_GT_CONTROLLED_HELDOUT,A1_SELECTED,A2_EVIDENCE,1027,seed1029,16,representation,standard_correct_novel,16,0,0,9,7,0
TAO_TRAIN_GT_CONTROLLED_HELDOUT,A1_SELECTED,A2_EVIDENCE,1027,seed1029,16,representation,CT_correct_all,9,0,0,9,0,0
TAO_TRAIN_GT_CONTROLLED_HELDOUT,A1_SELECTED,A2_EVIDENCE,1027,seed1029,16,representation,CT_correct_known,0,0,0,0,0,0
TAO_TRAIN_GT_CONTROLLED_HELDOUT,A1_SELECTED,A2_EVIDENCE,1027,seed1029,16,representation,CT_correct_novel,9,0,0,9,0,0
TAO_TRAIN_GT_CONTROLLED_HELDOUT,A1_SELECTED,A2_CAPACITY_CONTROL,1027,seed1029,16,representation,standard_correct_all,223,8,3,100,112,5
TAO_TRAIN_GT_CONTROLLED_HELDOUT,A1_SELECTED,A2_CAPACITY_CONTROL,1027,seed1029,16,representation,standard_correct_known,207,8,3,91,105,5
TAO_TRAIN_GT_CONTROLLED_HELDOUT,A1_SELECTED,A2_CAPACITY_CONTROL,1027,seed1029,16,representation,standard_correct_novel,16,0,0,9,7,0
TAO_TRAIN_GT_CONTROLLED_HELDOUT,A1_SELECTED,A2_CAPACITY_CONTROL,1027,seed1029,16,representation,CT_correct_all,9,0,0,9,0,0
TAO_TRAIN_GT_CONTROLLED_HELDOUT,A1_SELECTED,A2_CAPACITY_CONTROL,1027,seed1029,16,representation,CT_correct_known,0,0,0,0,0,0
TAO_TRAIN_GT_CONTROLLED_HELDOUT,A1_SELECTED,A2_CAPACITY_CONTROL,1027,seed1029,16,representation,CT_correct_novel,9,0,0,9,0,0
TAO_TRAIN_GT_CONTROLLED_HELDOUT,D1_SIMPLE_MLP,D2_RISK_AWARE,1027,seed1029,16,policy,standard_correct_all,223,10,86,127,0,-76
TAO_TRAIN_GT_CONTROLLED_HELDOUT,D1_SIMPLE_MLP,D2_RISK_AWARE,1027,seed1029,16,policy,standard_correct_known,207,0,84,123,0,-84
TAO_TRAIN_GT_CONTROLLED_HELDOUT,D1_SIMPLE_MLP,D2_RISK_AWARE,1027,seed1029,16,policy,standard_correct_novel,16,10,2,4,0,8
TAO_TRAIN_GT_CONTROLLED_HELDOUT,D1_SIMPLE_MLP,D2_RISK_AWARE,1027,seed1029,16,policy,CT_correct_all,9,0,0,9,0,0
TAO_TRAIN_GT_CONTROLLED_HELDOUT,D1_SIMPLE_MLP,D2_RISK_AWARE,1027,seed1029,16,policy,CT_correct_known,0,0,0,0,0,0
TAO_TRAIN_GT_CONTROLLED_HELDOUT,D1_SIMPLE_MLP,D2_RISK_AWARE,1027,seed1029,16,policy,CT_correct_novel,9,0,0,9,0,0
TAO_TRAIN_GT_CONTROLLED_HELDOUT,WITHOUT_RISK,FULL,1027,seed1029,16,policy,standard_correct_all,223,10,157,56,0,-147
TAO_TRAIN_GT_CONTROLLED_HELDOUT,WITHOUT_RISK,FULL,1027,seed1029,16,policy,standard_correct_known,207,0,157,50,0,-157
TAO_TRAIN_GT_CONTROLLED_HELDOUT,WITHOUT_RISK,FULL,1027,seed1029,16,policy,standard_correct_novel,16,10,0,6,0,10
TAO_TRAIN_GT_CONTROLLED_HELDOUT,WITHOUT_RISK,FULL,1027,seed1029,16,policy,CT_correct_all,9,0,0,9,0,0
TAO_TRAIN_GT_CONTROLLED_HELDOUT,WITHOUT_RISK,FULL,1027,seed1029,16,policy,CT_correct_known,0,0,0,0,0,0
TAO_TRAIN_GT_CONTROLLED_HELDOUT,WITHOUT_RISK,FULL,1027,seed1029,16,policy,CT_correct_novel,9,0,0,9,0,0
TAO_TRAIN_GT_CONTROLLED_HELDOUT,WITHOUT_TEMPORAL,FULL,1027,seed1029,16,policy,standard_correct_all,223,0,0,213,10,0
TAO_TRAIN_GT_CONTROLLED_HELDOUT,WITHOUT_TEMPORAL,FULL,1027,seed1029,16,policy,standard_correct_known,207,0,0,207,0,0
TAO_TRAIN_GT_CONTROLLED_HELDOUT,WITHOUT_TEMPORAL,FULL,1027,seed1029,16,policy,standard_correct_novel,16,0,0,6,10,0
TAO_TRAIN_GT_CONTROLLED_HELDOUT,WITHOUT_TEMPORAL,FULL,1027,seed1029,16,policy,CT_correct_all,9,0,0,9,0,0
TAO_TRAIN_GT_CONTROLLED_HELDOUT,WITHOUT_TEMPORAL,FULL,1027,seed1029,16,policy,CT_correct_known,0,0,0,0,0,0
TAO_TRAIN_GT_CONTROLLED_HELDOUT,WITHOUT_TEMPORAL,FULL,1027,seed1029,16,policy,CT_correct_novel,9,0,0,9,0,0
TAO_TRAIN_GT_CONTROLLED_HELDOUT,A0_RAW,A1_SELECTED,1028,main,1,representation,standard_correct_all,223,125,0,93,5,125
TAO_TRAIN_GT_CONTROLLED_HELDOUT,A0_RAW,A1_SELECTED,1028,main,1,representation,standard_correct_known,207,122,0,85,0,122
TAO_TRAIN_GT_CONTROLLED_HELDOUT,A0_RAW,A1_SELECTED,1028,main,1,representation,standard_correct_novel,16,3,0,8,5,3
TAO_TRAIN_GT_CONTROLLED_HELDOUT,A0_RAW,A1_SELECTED,1028,main,1,representation,CT_correct_all,9,4,0,4,1,4
TAO_TRAIN_GT_CONTROLLED_HELDOUT,A0_RAW,A1_SELECTED,1028,main,1,representation,CT_correct_known,0,0,0,0,0,0
TAO_TRAIN_GT_CONTROLLED_HELDOUT,A0_RAW,A1_SELECTED,1028,main,1,representation,CT_correct_novel,9,4,0,4,1,4
TAO_TRAIN_GT_CONTROLLED_HELDOUT,A0_RAW,A2_EVIDENCE,1028,main,1,representation,standard_correct_all,223,89,1,129,4,88
TAO_TRAIN_GT_CONTROLLED_HELDOUT,A0_RAW,A2_EVIDENCE,1028,main,1,representation,standard_correct_known,207,86,0,121,0,86
TAO_TRAIN_GT_CONTROLLED_HELDOUT,A0_RAW,A2_EVIDENCE,1028,main,1,representation,standard_correct_novel,16,3,1,8,4,2
TAO_TRAIN_GT_CONTROLLED_HELDOUT,A0_RAW,A2_EVIDENCE,1028,main,1,representation,CT_correct_all,9,0,1,8,0,-1
TAO_TRAIN_GT_CONTROLLED_HELDOUT,A0_RAW,A2_EVIDENCE,1028,main,1,representation,CT_correct_known,0,0,0,0,0,0
TAO_TRAIN_GT_CONTROLLED_HELDOUT,A0_RAW,A2_EVIDENCE,1028,main,1,representation,CT_correct_novel,9,0,1,8,0,-1
TAO_TRAIN_GT_CONTROLLED_HELDOUT,A0_RAW,A2_CAPACITY_CONTROL,1028,main,1,representation,standard_correct_all,223,88,1,130,4,87
TAO_TRAIN_GT_CONTROLLED_HELDOUT,A0_RAW,A2_CAPACITY_CONTROL,1028,main,1,representation,standard_correct_known,207,85,0,122,0,85
TAO_TRAIN_GT_CONTROLLED_HELDOUT,A0_RAW,A2_CAPACITY_CONTROL,1028,main,1,representation,standard_correct_novel,16,3,1,8,4,2
TAO_TRAIN_GT_CONTROLLED_HELDOUT,A0_RAW,A2_CAPACITY_CONTROL,1028,main,1,representation,CT_correct_all,9,0,1,8,0,-1
TAO_TRAIN_GT_CONTROLLED_HELDOUT,A0_RAW,A2_CAPACITY_CONTROL,1028,main,1,representation,CT_correct_known,0,0,0,0,0,0
TAO_TRAIN_GT_CONTROLLED_HELDOUT,A0_RAW,A2_CAPACITY_CONTROL,1028,main,1,representation,CT_correct_novel,9,0,1,8,0,-1
TAO_TRAIN_GT_CONTROLLED_HELDOUT,A1_SELECTED,A2_EVIDENCE,1028,main,1,representation,standard_correct_all,223,1,38,92,92,-37
TAO_TRAIN_GT_CONTROLLED_HELDOUT,A1_SELECTED,A2_EVIDENCE,1028,main,1,representation,standard_correct_known,207,1,37,84,85,-36
TAO_TRAIN_GT_CONTROLLED_HELDOUT,A1_SELECTED,A2_EVIDENCE,1028,main,1,representation,standard_correct_novel,16,0,1,8,7,-1
TAO_TRAIN_GT_CONTROLLED_HELDOUT,A1_SELECTED,A2_EVIDENCE,1028,main,1,representation,CT_correct_all,9,0,5,4,0,-5
TAO_TRAIN_GT_CONTROLLED_HELDOUT,A1_SELECTED,A2_EVIDENCE,1028,main,1,representation,CT_correct_known,0,0,0,0,0,0
TAO_TRAIN_GT_CONTROLLED_HELDOUT,A1_SELECTED,A2_EVIDENCE,1028,main,1,representation,CT_correct_novel,9,0,5,4,0,-5
TAO_TRAIN_GT_CONTROLLED_HELDOUT,A1_SELECTED,A2_CAPACITY_CONTROL,1028,main,1,representation,standard_correct_all,223,0,38,93,92,-38
TAO_TRAIN_GT_CONTROLLED_HELDOUT,A1_SELECTED,A2_CAPACITY_CONTROL,1028,main,1,representation,standard_correct_known,207,0,37,85,85,-37
TAO_TRAIN_GT_CONTROLLED_HELDOUT,A1_SELECTED,A2_CAPACITY_CONTROL,1028,main,1,representation,standard_correct_novel,16,0,1,8,7,-1
TAO_TRAIN_GT_CONTROLLED_HELDOUT,A1_SELECTED,A2_CAPACITY_CONTROL,1028,main,1,representation,CT_correct_all,9,0,5,4,0,-5
TAO_TRAIN_GT_CONTROLLED_HELDOUT,A1_SELECTED,A2_CAPACITY_CONTROL,1028,main,1,representation,CT_correct_known,0,0,0,0,0,0
TAO_TRAIN_GT_CONTROLLED_HELDOUT,A1_SELECTED,A2_CAPACITY_CONTROL,1028,main,1,representation,CT_correct_novel,9,0,5,4,0,-5
TAO_TRAIN_GT_CONTROLLED_HELDOUT,D1_SIMPLE_MLP,D2_RISK_AWARE,1028,main,1,policy,standard_correct_all,223,89,1,76,57,88
TAO_TRAIN_GT_CONTROLLED_HELDOUT,D1_SIMPLE_MLP,D2_RISK_AWARE,1028,main,1,policy,standard_correct_known,207,89,0,61,57,89
TAO_TRAIN_GT_CONTROLLED_HELDOUT,D1_SIMPLE_MLP,D2_RISK_AWARE,1028,main,1,policy,standard_correct_novel,16,0,1,15,0,-1
TAO_TRAIN_GT_CONTROLLED_HELDOUT,D1_SIMPLE_MLP,D2_RISK_AWARE,1028,main,1,policy,CT_correct_all,9,0,0,9,0,0
TAO_TRAIN_GT_CONTROLLED_HELDOUT,D1_SIMPLE_MLP,D2_RISK_AWARE,1028,main,1,policy,CT_correct_known,0,0,0,0,0,0
TAO_TRAIN_GT_CONTROLLED_HELDOUT,D1_SIMPLE_MLP,D2_RISK_AWARE,1028,main,1,policy,CT_correct_novel,9,0,0,9,0,0
TAO_TRAIN_GT_CONTROLLED_HELDOUT,WITHOUT_RISK,FULL,1028,main,1,policy,standard_correct_all,223,90,3,72,58,87
TAO_TRAIN_GT_CONTROLLED_HELDOUT,WITHOUT_RISK,FULL,1028,main,1,policy,standard_correct_known,207,90,0,59,58,90
TAO_TRAIN_GT_CONTROLLED_HELDOUT,WITHOUT_RISK,FULL,1028,main,1,policy,standard_correct_novel,16,0,3,13,0,-3
TAO_TRAIN_GT_CONTROLLED_HELDOUT,WITHOUT_RISK,FULL,1028,main,1,policy,CT_correct_all,9,0,0,9,0,0
TAO_TRAIN_GT_CONTROLLED_HELDOUT,WITHOUT_RISK,FULL,1028,main,1,policy,CT_correct_known,0,0,0,0,0,0
TAO_TRAIN_GT_CONTROLLED_HELDOUT,WITHOUT_RISK,FULL,1028,main,1,policy,CT_correct_novel,9,0,0,9,0,0
TAO_TRAIN_GT_CONTROLLED_HELDOUT,WITHOUT_TEMPORAL,FULL,1028,main,1,policy,standard_correct_all,223,2,0,75,146,2
TAO_TRAIN_GT_CONTROLLED_HELDOUT,WITHOUT_TEMPORAL,FULL,1028,main,1,policy,standard_correct_known,207,2,0,59,146,2
TAO_TRAIN_GT_CONTROLLED_HELDOUT,WITHOUT_TEMPORAL,FULL,1028,main,1,policy,standard_correct_novel,16,0,0,16,0,0
TAO_TRAIN_GT_CONTROLLED_HELDOUT,WITHOUT_TEMPORAL,FULL,1028,main,1,policy,CT_correct_all,9,0,0,9,0,0
TAO_TRAIN_GT_CONTROLLED_HELDOUT,WITHOUT_TEMPORAL,FULL,1028,main,1,policy,CT_correct_known,0,0,0,0,0,0
TAO_TRAIN_GT_CONTROLLED_HELDOUT,WITHOUT_TEMPORAL,FULL,1028,main,1,policy,CT_correct_novel,9,0,0,9,0,0
TAO_TRAIN_GT_CONTROLLED_HELDOUT,A0_RAW,A1_SELECTED,1028,main,2,representation,standard_correct_all,223,135,0,81,7,135
TAO_TRAIN_GT_CONTROLLED_HELDOUT,A0_RAW,A1_SELECTED,1028,main,2,representation,standard_correct_known,207,134,0,73,0,134
TAO_TRAIN_GT_CONTROLLED_HELDOUT,A0_RAW,A1_SELECTED,1028,main,2,representation,standard_correct_novel,16,1,0,8,7,1
TAO_TRAIN_GT_CONTROLLED_HELDOUT,A0_RAW,A1_SELECTED,1028,main,2,representation,CT_correct_all,9,1,0,7,1,1
TAO_TRAIN_GT_CONTROLLED_HELDOUT,A0_RAW,A1_SELECTED,1028,main,2,representation,CT_correct_known,0,0,0,0,0,0
TAO_TRAIN_GT_CONTROLLED_HELDOUT,A0_RAW,A1_SELECTED,1028,main,2,representation,CT_correct_novel,9,1,0,7,1,1
TAO_TRAIN_GT_CONTROLLED_HELDOUT,A0_RAW,A2_EVIDENCE,1028,main,2,representation,standard_correct_all,223,95,0,121,7,95
TAO_TRAIN_GT_CONTROLLED_HELDOUT,A0_RAW,A2_EVIDENCE,1028,main,2,representation,standard_correct_known,207,94,0,113,0,94
TAO_TRAIN_GT_CONTROLLED_HELDOUT,A0_RAW,A2_EVIDENCE,1028,main,2,representation,standard_correct_novel,16,1,0,8,7,1
TAO_TRAIN_GT_CONTROLLED_HELDOUT,A0_RAW,A2_EVIDENCE,1028,main,2,representation,CT_correct_all,9,0,1,8,0,-1
TAO_TRAIN_GT_CONTROLLED_HELDOUT,A0_RAW,A2_EVIDENCE,1028,main,2,representation,CT_correct_known,0,0,0,0,0,0
TAO_TRAIN_GT_CONTROLLED_HELDOUT,A0_RAW,A2_EVIDENCE,1028,main,2,representation,CT_correct_novel,9,0,1,8,0,-1
TAO_TRAIN_GT_CONTROLLED_HELDOUT,A0_RAW,A2_CAPACITY_CONTROL,1028,main,2,representation,standard_correct_all,223,93,0,123,7,93
TAO_TRAIN_GT_CONTROLLED_HELDOUT,A0_RAW,A2_CAPACITY_CONTROL,1028,main,2,representation,standard_correct_known,207,92,0,115,0,92
TAO_TRAIN_GT_CONTROLLED_HELDOUT,A0_RAW,A2_CAPACITY_CONTROL,1028,main,2,representation,standard_correct_novel,16,1,0,8,7,1
TAO_TRAIN_GT_CONTROLLED_HELDOUT,A0_RAW,A2_CAPACITY_CONTROL,1028,main,2,representation,CT_correct_all,9,0,1,8,0,-1
TAO_TRAIN_GT_CONTROLLED_HELDOUT,A0_RAW,A2_CAPACITY_CONTROL,1028,main,2,representation,CT_correct_known,0,0,0,0,0,0
TAO_TRAIN_GT_CONTROLLED_HELDOUT,A0_RAW,A2_CAPACITY_CONTROL,1028,main,2,representation,CT_correct_novel,9,0,1,8,0,-1
TAO_TRAIN_GT_CONTROLLED_HELDOUT,A1_SELECTED,A2_EVIDENCE,1028,main,2,representation,standard_correct_all,223,0,40,81,102,-40
TAO_TRAIN_GT_CONTROLLED_HELDOUT,A1_SELECTED,A2_EVIDENCE,1028,main,2,representation,standard_correct_known,207,0,40,73,94,-40
TAO_TRAIN_GT_CONTROLLED_HELDOUT,A1_SELECTED,A2_EVIDENCE,1028,main,2,representation,standard_correct_novel,16,0,0,8,8,0
TAO_TRAIN_GT_CONTROLLED_HELDOUT,A1_SELECTED,A2_EVIDENCE,1028,main,2,representation,CT_correct_all,9,0,2,7,0,-2
TAO_TRAIN_GT_CONTROLLED_HELDOUT,A1_SELECTED,A2_EVIDENCE,1028,main,2,representation,CT_correct_known,0,0,0,0,0,0
TAO_TRAIN_GT_CONTROLLED_HELDOUT,A1_SELECTED,A2_EVIDENCE,1028,main,2,representation,CT_correct_novel,9,0,2,7,0,-2
TAO_TRAIN_GT_CONTROLLED_HELDOUT,A1_SELECTED,A2_CAPACITY_CONTROL,1028,main,2,representation,standard_correct_all,223,0,42,81,100,-42
TAO_TRAIN_GT_CONTROLLED_HELDOUT,A1_SELECTED,A2_CAPACITY_CONTROL,1028,main,2,representation,standard_correct_known,207,0,42,73,92,-42
TAO_TRAIN_GT_CONTROLLED_HELDOUT,A1_SELECTED,A2_CAPACITY_CONTROL,1028,main,2,representation,standard_correct_novel,16,0,0,8,8,0
TAO_TRAIN_GT_CONTROLLED_HELDOUT,A1_SELECTED,A2_CAPACITY_CONTROL,1028,main,2,representation,CT_correct_all,9,0,2,7,0,-2
TAO_TRAIN_GT_CONTROLLED_HELDOUT,A1_SELECTED,A2_CAPACITY_CONTROL,1028,main,2,representation,CT_correct_known,0,0,0,0,0,0
TAO_TRAIN_GT_CONTROLLED_HELDOUT,A1_SELECTED,A2_CAPACITY_CONTROL,1028,main,2,representation,CT_correct_novel,9,0,2,7,0,-2
TAO_TRAIN_GT_CONTROLLED_HELDOUT,D1_SIMPLE_MLP,D2_RISK_AWARE,1028,main,2,policy,standard_correct_all,223,78,1,72,72,77
TAO_TRAIN_GT_CONTROLLED_HELDOUT,D1_SIMPLE_MLP,D2_RISK_AWARE,1028,main,2,policy,standard_correct_known,207,78,0,57,72,78
TAO_TRAIN_GT_CONTROLLED_HELDOUT,D1_SIMPLE_MLP,D2_RISK_AWARE,1028,main,2,policy,standard_correct_novel,16,0,1,15,0,-1
TAO_TRAIN_GT_CONTROLLED_HELDOUT,D1_SIMPLE_MLP,D2_RISK_AWARE,1028,main,2,policy,CT_correct_all,9,0,0,9,0,0
TAO_TRAIN_GT_CONTROLLED_HELDOUT,D1_SIMPLE_MLP,D2_RISK_AWARE,1028,main,2,policy,CT_correct_known,0,0,0,0,0,0
TAO_TRAIN_GT_CONTROLLED_HELDOUT,D1_SIMPLE_MLP,D2_RISK_AWARE,1028,main,2,policy,CT_correct_novel,9,0,0,9,0,0
TAO_TRAIN_GT_CONTROLLED_HELDOUT,WITHOUT_RISK,FULL,1028,main,2,policy,standard_correct_all,223,88,1,71,63,87
TAO_TRAIN_GT_CONTROLLED_HELDOUT,WITHOUT_RISK,FULL,1028,main,2,policy,standard_correct_known,207,88,0,56,63,88
TAO_TRAIN_GT_CONTROLLED_HELDOUT,WITHOUT_RISK,FULL,1028,main,2,policy,standard_correct_novel,16,0,1,15,0,-1
TAO_TRAIN_GT_CONTROLLED_HELDOUT,WITHOUT_RISK,FULL,1028,main,2,policy,CT_correct_all,9,0,0,9,0,0
TAO_TRAIN_GT_CONTROLLED_HELDOUT,WITHOUT_RISK,FULL,1028,main,2,policy,CT_correct_known,0,0,0,0,0,0
TAO_TRAIN_GT_CONTROLLED_HELDOUT,WITHOUT_RISK,FULL,1028,main,2,policy,CT_correct_novel,9,0,0,9,0,0
TAO_TRAIN_GT_CONTROLLED_HELDOUT,WITHOUT_TEMPORAL,FULL,1028,main,2,policy,standard_correct_all,223,1,0,72,150,1
TAO_TRAIN_GT_CONTROLLED_HELDOUT,WITHOUT_TEMPORAL,FULL,1028,main,2,policy,standard_correct_known,207,1,0,56,150,1
TAO_TRAIN_GT_CONTROLLED_HELDOUT,WITHOUT_TEMPORAL,FULL,1028,main,2,policy,standard_correct_novel,16,0,0,16,0,0
TAO_TRAIN_GT_CONTROLLED_HELDOUT,WITHOUT_TEMPORAL,FULL,1028,main,2,policy,CT_correct_all,9,0,0,9,0,0
TAO_TRAIN_GT_CONTROLLED_HELDOUT,WITHOUT_TEMPORAL,FULL,1028,main,2,policy,CT_correct_known,0,0,0,0,0,0
TAO_TRAIN_GT_CONTROLLED_HELDOUT,WITHOUT_TEMPORAL,FULL,1028,main,2,policy,CT_correct_novel,9,0,0,9,0,0
TAO_TRAIN_GT_CONTROLLED_HELDOUT,A0_RAW,A1_SELECTED,1028,main,4,representation,standard_correct_all,223,139,1,77,6,138
TAO_TRAIN_GT_CONTROLLED_HELDOUT,A0_RAW,A1_SELECTED,1028,main,4,representation,standard_correct_known,207,137,0,70,0,137
TAO_TRAIN_GT_CONTROLLED_HELDOUT,A0_RAW,A1_SELECTED,1028,main,4,representation,standard_correct_novel,16,2,1,7,6,1
TAO_TRAIN_GT_CONTROLLED_HELDOUT,A0_RAW,A1_SELECTED,1028,main,4,representation,CT_correct_all,9,5,0,3,1,5
TAO_TRAIN_GT_CONTROLLED_HELDOUT,A0_RAW,A1_SELECTED,1028,main,4,representation,CT_correct_known,0,0,0,0,0,0
TAO_TRAIN_GT_CONTROLLED_HELDOUT,A0_RAW,A1_SELECTED,1028,main,4,representation,CT_correct_novel,9,5,0,3,1,5
TAO_TRAIN_GT_CONTROLLED_HELDOUT,A0_RAW,A2_EVIDENCE,1028,main,4,representation,standard_correct_all,223,100,1,116,6,99
TAO_TRAIN_GT_CONTROLLED_HELDOUT,A0_RAW,A2_EVIDENCE,1028,main,4,representation,standard_correct_known,207,98,0,109,0,98
TAO_TRAIN_GT_CONTROLLED_HELDOUT,A0_RAW,A2_EVIDENCE,1028,main,4,representation,standard_correct_novel,16,2,1,7,6,1
TAO_TRAIN_GT_CONTROLLED_HELDOUT,A0_RAW,A2_EVIDENCE,1028,main,4,representation,CT_correct_all,9,1,0,7,1,1
TAO_TRAIN_GT_CONTROLLED_HELDOUT,A0_RAW,A2_EVIDENCE,1028,main,4,representation,CT_correct_known,0,0,0,0,0,0
TAO_TRAIN_GT_CONTROLLED_HELDOUT,A0_RAW,A2_EVIDENCE,1028,main,4,representation,CT_correct_novel,9,1,0,7,1,1
TAO_TRAIN_GT_CONTROLLED_HELDOUT,A0_RAW,A2_CAPACITY_CONTROL,1028,main,4,representation,standard_correct_all,223,96,1,120,6,95
TAO_TRAIN_GT_CONTROLLED_HELDOUT,A0_RAW,A2_CAPACITY_CONTROL,1028,main,4,representation,standard_correct_known,207,94,0,113,0,94
TAO_TRAIN_GT_CONTROLLED_HELDOUT,A0_RAW,A2_CAPACITY_CONTROL,1028,main,4,representation,standard_correct_novel,16,2,1,7,6,1
TAO_TRAIN_GT_CONTROLLED_HELDOUT,A0_RAW,A2_CAPACITY_CONTROL,1028,main,4,representation,CT_correct_all,9,1,0,7,1,1
TAO_TRAIN_GT_CONTROLLED_HELDOUT,A0_RAW,A2_CAPACITY_CONTROL,1028,main,4,representation,CT_correct_known,0,0,0,0,0,0
TAO_TRAIN_GT_CONTROLLED_HELDOUT,A0_RAW,A2_CAPACITY_CONTROL,1028,main,4,representation,CT_correct_novel,9,1,0,7,1,1
TAO_TRAIN_GT_CONTROLLED_HELDOUT,A1_SELECTED,A2_EVIDENCE,1028,main,4,representation,standard_correct_all,223,2,41,76,104,-39
TAO_TRAIN_GT_CONTROLLED_HELDOUT,A1_SELECTED,A2_EVIDENCE,1028,main,4,representation,standard_correct_known,207,2,41,68,96,-39
TAO_TRAIN_GT_CONTROLLED_HELDOUT,A1_SELECTED,A2_EVIDENCE,1028,main,4,representation,standard_correct_novel,16,0,0,8,8,0
TAO_TRAIN_GT_CONTROLLED_HELDOUT,A1_SELECTED,A2_EVIDENCE,1028,main,4,representation,CT_correct_all,9,0,4,3,2,-4
TAO_TRAIN_GT_CONTROLLED_HELDOUT,A1_SELECTED,A2_EVIDENCE,1028,main,4,representation,CT_correct_known,0,0,0,0,0,0
TAO_TRAIN_GT_CONTROLLED_HELDOUT,A1_SELECTED,A2_EVIDENCE,1028,main,4,representation,CT_correct_novel,9,0,4,3,2,-4
TAO_TRAIN_GT_CONTROLLED_HELDOUT,A1_SELECTED,A2_CAPACITY_CONTROL,1028,main,4,representation,standard_correct_all,223,1,44,77,101,-43
TAO_TRAIN_GT_CONTROLLED_HELDOUT,A1_SELECTED,A2_CAPACITY_CONTROL,1028,main,4,representation,standard_correct_known,207,1,44,69,93,-43
TAO_TRAIN_GT_CONTROLLED_HELDOUT,A1_SELECTED,A2_CAPACITY_CONTROL,1028,main,4,representation,standard_correct_novel,16,0,0,8,8,0
TAO_TRAIN_GT_CONTROLLED_HELDOUT,A1_SELECTED,A2_CAPACITY_CONTROL,1028,main,4,representation,CT_correct_all,9,0,4,3,2,-4
TAO_TRAIN_GT_CONTROLLED_HELDOUT,A1_SELECTED,A2_CAPACITY_CONTROL,1028,main,4,representation,CT_correct_known,0,0,0,0,0,0
TAO_TRAIN_GT_CONTROLLED_HELDOUT,A1_SELECTED,A2_CAPACITY_CONTROL,1028,main,4,representation,CT_correct_novel,9,0,4,3,2,-4
TAO_TRAIN_GT_CONTROLLED_HELDOUT,D1_SIMPLE_MLP,D2_RISK_AWARE,1028,main,4,policy,standard_correct_all,223,86,1,65,71,85
TAO_TRAIN_GT_CONTROLLED_HELDOUT,D1_SIMPLE_MLP,D2_RISK_AWARE,1028,main,4,policy,standard_correct_known,207,86,0,50,71,86
TAO_TRAIN_GT_CONTROLLED_HELDOUT,D1_SIMPLE_MLP,D2_RISK_AWARE,1028,main,4,policy,standard_correct_novel,16,0,1,15,0,-1
TAO_TRAIN_GT_CONTROLLED_HELDOUT,D1_SIMPLE_MLP,D2_RISK_AWARE,1028,main,4,policy,CT_correct_all,9,0,0,9,0,0
TAO_TRAIN_GT_CONTROLLED_HELDOUT,D1_SIMPLE_MLP,D2_RISK_AWARE,1028,main,4,policy,CT_correct_known,0,0,0,0,0,0
TAO_TRAIN_GT_CONTROLLED_HELDOUT,D1_SIMPLE_MLP,D2_RISK_AWARE,1028,main,4,policy,CT_correct_novel,9,0,0,9,0,0
TAO_TRAIN_GT_CONTROLLED_HELDOUT,WITHOUT_RISK,FULL,1028,main,4,policy,standard_correct_all,223,92,1,67,63,91
TAO_TRAIN_GT_CONTROLLED_HELDOUT,WITHOUT_RISK,FULL,1028,main,4,policy,standard_correct_known,207,92,0,52,63,92
TAO_TRAIN_GT_CONTROLLED_HELDOUT,WITHOUT_RISK,FULL,1028,main,4,policy,standard_correct_novel,16,0,1,15,0,-1
TAO_TRAIN_GT_CONTROLLED_HELDOUT,WITHOUT_RISK,FULL,1028,main,4,policy,CT_correct_all,9,0,0,9,0,0
TAO_TRAIN_GT_CONTROLLED_HELDOUT,WITHOUT_RISK,FULL,1028,main,4,policy,CT_correct_known,0,0,0,0,0,0
TAO_TRAIN_GT_CONTROLLED_HELDOUT,WITHOUT_RISK,FULL,1028,main,4,policy,CT_correct_novel,9,0,0,9,0,0
TAO_TRAIN_GT_CONTROLLED_HELDOUT,WITHOUT_TEMPORAL,FULL,1028,main,4,policy,standard_correct_all,223,1,3,65,154,-2
TAO_TRAIN_GT_CONTROLLED_HELDOUT,WITHOUT_TEMPORAL,FULL,1028,main,4,policy,standard_correct_known,207,1,3,49,154,-2
TAO_TRAIN_GT_CONTROLLED_HELDOUT,WITHOUT_TEMPORAL,FULL,1028,main,4,policy,standard_correct_novel,16,0,0,16,0,0
TAO_TRAIN_GT_CONTROLLED_HELDOUT,WITHOUT_TEMPORAL,FULL,1028,main,4,policy,CT_correct_all,9,0,0,9,0,0
TAO_TRAIN_GT_CONTROLLED_HELDOUT,WITHOUT_TEMPORAL,FULL,1028,main,4,policy,CT_correct_known,0,0,0,0,0,0
TAO_TRAIN_GT_CONTROLLED_HELDOUT,WITHOUT_TEMPORAL,FULL,1028,main,4,policy,CT_correct_novel,9,0,0,9,0,0
TAO_TRAIN_GT_CONTROLLED_HELDOUT,A0_RAW,A1_SELECTED,1028,main,8,representation,standard_correct_all,223,133,1,81,8,132
TAO_TRAIN_GT_CONTROLLED_HELDOUT,A0_RAW,A1_SELECTED,1028,main,8,representation,standard_correct_known,207,133,0,73,1,133
TAO_TRAIN_GT_CONTROLLED_HELDOUT,A0_RAW,A1_SELECTED,1028,main,8,representation,standard_correct_novel,16,0,1,8,7,-1
TAO_TRAIN_GT_CONTROLLED_HELDOUT,A0_RAW,A1_SELECTED,1028,main,8,representation,CT_correct_all,9,3,0,4,2,3
TAO_TRAIN_GT_CONTROLLED_HELDOUT,A0_RAW,A1_SELECTED,1028,main,8,representation,CT_correct_known,0,0,0,0,0,0
TAO_TRAIN_GT_CONTROLLED_HELDOUT,A0_RAW,A1_SELECTED,1028,main,8,representation,CT_correct_novel,9,3,0,4,2,3
TAO_TRAIN_GT_CONTROLLED_HELDOUT,A0_RAW,A2_EVIDENCE,1028,main,8,representation,standard_correct_all,223,99,0,115,9,99
TAO_TRAIN_GT_CONTROLLED_HELDOUT,A0_RAW,A2_EVIDENCE,1028,main,8,representation,standard_correct_known,207,99,0,107,1,99
TAO_TRAIN_GT_CONTROLLED_HELDOUT,A0_RAW,A2_EVIDENCE,1028,main,8,representation,standard_correct_novel,16,0,0,8,8,0
TAO_TRAIN_GT_CONTROLLED_HELDOUT,A0_RAW,A2_EVIDENCE,1028,main,8,representation,CT_correct_all,9,0,0,7,2,0
TAO_TRAIN_GT_CONTROLLED_HELDOUT,A0_RAW,A2_EVIDENCE,1028,main,8,representation,CT_correct_known,0,0,0,0,0,0
TAO_TRAIN_GT_CONTROLLED_HELDOUT,A0_RAW,A2_EVIDENCE,1028,main,8,representation,CT_correct_novel,9,0,0,7,2,0
TAO_TRAIN_GT_CONTROLLED_HELDOUT,A0_RAW,A2_CAPACITY_CONTROL,1028,main,8,representation,standard_correct_all,223,101,1,113,8,100
TAO_TRAIN_GT_CONTROLLED_HELDOUT,A0_RAW,A2_CAPACITY_CONTROL,1028,main,8,representation,standard_correct_known,207,100,0,106,1,100
TAO_TRAIN_GT_CONTROLLED_HELDOUT,A0_RAW,A2_CAPACITY_CONTROL,1028,main,8,representation,standard_correct_novel,16,1,1,7,7,0
TAO_TRAIN_GT_CONTROLLED_HELDOUT,A0_RAW,A2_CAPACITY_CONTROL,1028,main,8,representation,CT_correct_all,9,0,0,7,2,0
TAO_TRAIN_GT_CONTROLLED_HELDOUT,A0_RAW,A2_CAPACITY_CONTROL,1028,main,8,representation,CT_correct_known,0,0,0,0,0,0
TAO_TRAIN_GT_CONTROLLED_HELDOUT,A0_RAW,A2_CAPACITY_CONTROL,1028,main,8,representation,CT_correct_novel,9,0,0,7,2,0
TAO_TRAIN_GT_CONTROLLED_HELDOUT,A1_SELECTED,A2_EVIDENCE,1028,main,8,representation,standard_correct_all,223,1,34,81,107,-33
TAO_TRAIN_GT_CONTROLLED_HELDOUT,A1_SELECTED,A2_EVIDENCE,1028,main,8,representation,standard_correct_known,207,0,34,73,100,-34
TAO_TRAIN_GT_CONTROLLED_HELDOUT,A1_SELECTED,A2_EVIDENCE,1028,main,8,representation,standard_correct_novel,16,1,0,8,7,1
TAO_TRAIN_GT_CONTROLLED_HELDOUT,A1_SELECTED,A2_EVIDENCE,1028,main,8,representation,CT_correct_all,9,0,3,4,2,-3
TAO_TRAIN_GT_CONTROLLED_HELDOUT,A1_SELECTED,A2_EVIDENCE,1028,main,8,representation,CT_correct_known,0,0,0,0,0,0
TAO_TRAIN_GT_CONTROLLED_HELDOUT,A1_SELECTED,A2_EVIDENCE,1028,main,8,representation,CT_correct_novel,9,0,3,4,2,-3
TAO_TRAIN_GT_CONTROLLED_HELDOUT,A1_SELECTED,A2_CAPACITY_CONTROL,1028,main,8,representation,standard_correct_all,223,3,35,79,106,-32
TAO_TRAIN_GT_CONTROLLED_HELDOUT,A1_SELECTED,A2_CAPACITY_CONTROL,1028,main,8,representation,standard_correct_known,207,1,34,72,100,-33
TAO_TRAIN_GT_CONTROLLED_HELDOUT,A1_SELECTED,A2_CAPACITY_CONTROL,1028,main,8,representation,standard_correct_novel,16,2,1,7,6,1
TAO_TRAIN_GT_CONTROLLED_HELDOUT,A1_SELECTED,A2_CAPACITY_CONTROL,1028,main,8,representation,CT_correct_all,9,0,3,4,2,-3
TAO_TRAIN_GT_CONTROLLED_HELDOUT,A1_SELECTED,A2_CAPACITY_CONTROL,1028,main,8,representation,CT_correct_known,0,0,0,0,0,0
TAO_TRAIN_GT_CONTROLLED_HELDOUT,A1_SELECTED,A2_CAPACITY_CONTROL,1028,main,8,representation,CT_correct_novel,9,0,3,4,2,-3
TAO_TRAIN_GT_CONTROLLED_HELDOUT,D1_SIMPLE_MLP,D2_RISK_AWARE,1028,main,8,policy,standard_correct_all,223,92,1,63,67,91
TAO_TRAIN_GT_CONTROLLED_HELDOUT,D1_SIMPLE_MLP,D2_RISK_AWARE,1028,main,8,policy,standard_correct_known,207,92,0,48,67,92
TAO_TRAIN_GT_CONTROLLED_HELDOUT,D1_SIMPLE_MLP,D2_RISK_AWARE,1028,main,8,policy,standard_correct_novel,16,0,1,15,0,-1
TAO_TRAIN_GT_CONTROLLED_HELDOUT,D1_SIMPLE_MLP,D2_RISK_AWARE,1028,main,8,policy,CT_correct_all,9,0,0,9,0,0
TAO_TRAIN_GT_CONTROLLED_HELDOUT,D1_SIMPLE_MLP,D2_RISK_AWARE,1028,main,8,policy,CT_correct_known,0,0,0,0,0,0
TAO_TRAIN_GT_CONTROLLED_HELDOUT,D1_SIMPLE_MLP,D2_RISK_AWARE,1028,main,8,policy,CT_correct_novel,9,0,0,9,0,0
TAO_TRAIN_GT_CONTROLLED_HELDOUT,WITHOUT_RISK,FULL,1028,main,8,policy,standard_correct_all,223,93,2,63,65,91
TAO_TRAIN_GT_CONTROLLED_HELDOUT,WITHOUT_RISK,FULL,1028,main,8,policy,standard_correct_known,207,93,0,49,65,93
TAO_TRAIN_GT_CONTROLLED_HELDOUT,WITHOUT_RISK,FULL,1028,main,8,policy,standard_correct_novel,16,0,2,14,0,-2
TAO_TRAIN_GT_CONTROLLED_HELDOUT,WITHOUT_RISK,FULL,1028,main,8,policy,CT_correct_all,9,0,0,9,0,0
TAO_TRAIN_GT_CONTROLLED_HELDOUT,WITHOUT_RISK,FULL,1028,main,8,policy,CT_correct_known,0,0,0,0,0,0
TAO_TRAIN_GT_CONTROLLED_HELDOUT,WITHOUT_RISK,FULL,1028,main,8,policy,CT_correct_novel,9,0,0,9,0,0
TAO_TRAIN_GT_CONTROLLED_HELDOUT,WITHOUT_TEMPORAL,FULL,1028,main,8,policy,standard_correct_all,223,0,1,64,158,-1
TAO_TRAIN_GT_CONTROLLED_HELDOUT,WITHOUT_TEMPORAL,FULL,1028,main,8,policy,standard_correct_known,207,0,1,48,158,-1
TAO_TRAIN_GT_CONTROLLED_HELDOUT,WITHOUT_TEMPORAL,FULL,1028,main,8,policy,standard_correct_novel,16,0,0,16,0,0
TAO_TRAIN_GT_CONTROLLED_HELDOUT,WITHOUT_TEMPORAL,FULL,1028,main,8,policy,CT_correct_all,9,0,0,9,0,0
TAO_TRAIN_GT_CONTROLLED_HELDOUT,WITHOUT_TEMPORAL,FULL,1028,main,8,policy,CT_correct_known,0,0,0,0,0,0
TAO_TRAIN_GT_CONTROLLED_HELDOUT,WITHOUT_TEMPORAL,FULL,1028,main,8,policy,CT_correct_novel,9,0,0,9,0,0
TAO_TRAIN_GT_CONTROLLED_HELDOUT,A0_RAW,A1_SELECTED,1028,main,16,representation,standard_correct_all,223,136,3,77,7,133
TAO_TRAIN_GT_CONTROLLED_HELDOUT,A0_RAW,A1_SELECTED,1028,main,16,representation,standard_correct_known,207,135,0,70,2,135
TAO_TRAIN_GT_CONTROLLED_HELDOUT,A0_RAW,A1_SELECTED,1028,main,16,representation,standard_correct_novel,16,1,3,7,5,-2
TAO_TRAIN_GT_CONTROLLED_HELDOUT,A0_RAW,A1_SELECTED,1028,main,16,representation,CT_correct_all,9,2,0,5,2,2
TAO_TRAIN_GT_CONTROLLED_HELDOUT,A0_RAW,A1_SELECTED,1028,main,16,representation,CT_correct_known,0,0,0,0,0,0
TAO_TRAIN_GT_CONTROLLED_HELDOUT,A0_RAW,A1_SELECTED,1028,main,16,representation,CT_correct_novel,9,2,0,5,2,2
TAO_TRAIN_GT_CONTROLLED_HELDOUT,A0_RAW,A2_EVIDENCE,1028,main,16,representation,standard_correct_all,223,99,1,114,9,98
TAO_TRAIN_GT_CONTROLLED_HELDOUT,A0_RAW,A2_EVIDENCE,1028,main,16,representation,standard_correct_known,207,99,1,106,1,98
TAO_TRAIN_GT_CONTROLLED_HELDOUT,A0_RAW,A2_EVIDENCE,1028,main,16,representation,standard_correct_novel,16,0,0,8,8,0
TAO_TRAIN_GT_CONTROLLED_HELDOUT,A0_RAW,A2_EVIDENCE,1028,main,16,representation,CT_correct_all,9,2,2,5,0,0
TAO_TRAIN_GT_CONTROLLED_HELDOUT,A0_RAW,A2_EVIDENCE,1028,main,16,representation,CT_correct_known,0,0,0,0,0,0
TAO_TRAIN_GT_CONTROLLED_HELDOUT,A0_RAW,A2_EVIDENCE,1028,main,16,representation,CT_correct_novel,9,2,2,5,0,0
TAO_TRAIN_GT_CONTROLLED_HELDOUT,A0_RAW,A2_CAPACITY_CONTROL,1028,main,16,representation,standard_correct_all,223,103,3,110,7,100
TAO_TRAIN_GT_CONTROLLED_HELDOUT,A0_RAW,A2_CAPACITY_CONTROL,1028,main,16,representation,standard_correct_known,207,102,1,103,1,101
TAO_TRAIN_GT_CONTROLLED_HELDOUT,A0_RAW,A2_CAPACITY_CONTROL,1028,main,16,representation,standard_correct_novel,16,1,2,7,6,-1
TAO_TRAIN_GT_CONTROLLED_HELDOUT,A0_RAW,A2_CAPACITY_CONTROL,1028,main,16,representation,CT_correct_all,9,2,2,5,0,0
TAO_TRAIN_GT_CONTROLLED_HELDOUT,A0_RAW,A2_CAPACITY_CONTROL,1028,main,16,representation,CT_correct_known,0,0,0,0,0,0
TAO_TRAIN_GT_CONTROLLED_HELDOUT,A0_RAW,A2_CAPACITY_CONTROL,1028,main,16,representation,CT_correct_novel,9,2,2,5,0,0
TAO_TRAIN_GT_CONTROLLED_HELDOUT,A1_SELECTED,A2_EVIDENCE,1028,main,16,representation,standard_correct_all,223,3,38,77,105,-35
TAO_TRAIN_GT_CONTROLLED_HELDOUT,A1_SELECTED,A2_EVIDENCE,1028,main,16,representation,standard_correct_known,207,0,37,70,100,-37
TAO_TRAIN_GT_CONTROLLED_HELDOUT,A1_SELECTED,A2_EVIDENCE,1028,main,16,representation,standard_correct_novel,16,3,1,7,5,2
TAO_TRAIN_GT_CONTROLLED_HELDOUT,A1_SELECTED,A2_EVIDENCE,1028,main,16,representation,CT_correct_all,9,0,2,5,2,-2
TAO_TRAIN_GT_CONTROLLED_HELDOUT,A1_SELECTED,A2_EVIDENCE,1028,main,16,representation,CT_correct_known,0,0,0,0,0,0
TAO_TRAIN_GT_CONTROLLED_HELDOUT,A1_SELECTED,A2_EVIDENCE,1028,main,16,representation,CT_correct_novel,9,0,2,5,2,-2
TAO_TRAIN_GT_CONTROLLED_HELDOUT,A1_SELECTED,A2_CAPACITY_CONTROL,1028,main,16,representation,standard_correct_all,223,3,36,77,107,-33
TAO_TRAIN_GT_CONTROLLED_HELDOUT,A1_SELECTED,A2_CAPACITY_CONTROL,1028,main,16,representation,standard_correct_known,207,0,34,70,103,-34
TAO_TRAIN_GT_CONTROLLED_HELDOUT,A1_SELECTED,A2_CAPACITY_CONTROL,1028,main,16,representation,standard_correct_novel,16,3,2,7,4,1
TAO_TRAIN_GT_CONTROLLED_HELDOUT,A1_SELECTED,A2_CAPACITY_CONTROL,1028,main,16,representation,CT_correct_all,9,0,2,5,2,-2
TAO_TRAIN_GT_CONTROLLED_HELDOUT,A1_SELECTED,A2_CAPACITY_CONTROL,1028,main,16,representation,CT_correct_known,0,0,0,0,0,0
TAO_TRAIN_GT_CONTROLLED_HELDOUT,A1_SELECTED,A2_CAPACITY_CONTROL,1028,main,16,representation,CT_correct_novel,9,0,2,5,2,-2
TAO_TRAIN_GT_CONTROLLED_HELDOUT,D1_SIMPLE_MLP,D2_RISK_AWARE,1028,main,16,policy,standard_correct_all,223,90,2,63,68,88
TAO_TRAIN_GT_CONTROLLED_HELDOUT,D1_SIMPLE_MLP,D2_RISK_AWARE,1028,main,16,policy,standard_correct_known,207,90,0,49,68,90
TAO_TRAIN_GT_CONTROLLED_HELDOUT,D1_SIMPLE_MLP,D2_RISK_AWARE,1028,main,16,policy,standard_correct_novel,16,0,2,14,0,-2
TAO_TRAIN_GT_CONTROLLED_HELDOUT,D1_SIMPLE_MLP,D2_RISK_AWARE,1028,main,16,policy,CT_correct_all,9,0,0,9,0,0
TAO_TRAIN_GT_CONTROLLED_HELDOUT,D1_SIMPLE_MLP,D2_RISK_AWARE,1028,main,16,policy,CT_correct_known,0,0,0,0,0,0
TAO_TRAIN_GT_CONTROLLED_HELDOUT,D1_SIMPLE_MLP,D2_RISK_AWARE,1028,main,16,policy,CT_correct_novel,9,0,0,9,0,0
TAO_TRAIN_GT_CONTROLLED_HELDOUT,WITHOUT_RISK,FULL,1028,main,16,policy,standard_correct_all,223,92,2,65,64,90
TAO_TRAIN_GT_CONTROLLED_HELDOUT,WITHOUT_RISK,FULL,1028,main,16,policy,standard_correct_known,207,92,0,51,64,92
TAO_TRAIN_GT_CONTROLLED_HELDOUT,WITHOUT_RISK,FULL,1028,main,16,policy,standard_correct_novel,16,0,2,14,0,-2
TAO_TRAIN_GT_CONTROLLED_HELDOUT,WITHOUT_RISK,FULL,1028,main,16,policy,CT_correct_all,9,0,0,9,0,0
TAO_TRAIN_GT_CONTROLLED_HELDOUT,WITHOUT_RISK,FULL,1028,main,16,policy,CT_correct_known,0,0,0,0,0,0
TAO_TRAIN_GT_CONTROLLED_HELDOUT,WITHOUT_RISK,FULL,1028,main,16,policy,CT_correct_novel,9,0,0,9,0,0
TAO_TRAIN_GT_CONTROLLED_HELDOUT,WITHOUT_TEMPORAL,FULL,1028,main,16,policy,standard_correct_all,223,0,2,65,156,-2
TAO_TRAIN_GT_CONTROLLED_HELDOUT,WITHOUT_TEMPORAL,FULL,1028,main,16,policy,standard_correct_known,207,0,2,49,156,-2
TAO_TRAIN_GT_CONTROLLED_HELDOUT,WITHOUT_TEMPORAL,FULL,1028,main,16,policy,standard_correct_novel,16,0,0,16,0,0
TAO_TRAIN_GT_CONTROLLED_HELDOUT,WITHOUT_TEMPORAL,FULL,1028,main,16,policy,CT_correct_all,9,0,0,9,0,0
TAO_TRAIN_GT_CONTROLLED_HELDOUT,WITHOUT_TEMPORAL,FULL,1028,main,16,policy,CT_correct_known,0,0,0,0,0,0
TAO_TRAIN_GT_CONTROLLED_HELDOUT,WITHOUT_TEMPORAL,FULL,1028,main,16,policy,CT_correct_novel,9,0,0,9,0,0
TAO_TRAIN_GT_CONTROLLED_HELDOUT,A0_RAW,A1_SELECTED,1028,seed1027,1,representation,standard_correct_all,223,119,1,96,7,118
TAO_TRAIN_GT_CONTROLLED_HELDOUT,A0_RAW,A1_SELECTED,1028,seed1027,1,representation,standard_correct_known,207,118,0,89,0,118
TAO_TRAIN_GT_CONTROLLED_HELDOUT,A0_RAW,A1_SELECTED,1028,seed1027,1,representation,standard_correct_novel,16,1,1,7,7,0
TAO_TRAIN_GT_CONTROLLED_HELDOUT,A0_RAW,A1_SELECTED,1028,seed1027,1,representation,CT_correct_all,7,0,3,4,0,-3
TAO_TRAIN_GT_CONTROLLED_HELDOUT,A0_RAW,A1_SELECTED,1028,seed1027,1,representation,CT_correct_known,0,0,0,0,0,0
TAO_TRAIN_GT_CONTROLLED_HELDOUT,A0_RAW,A1_SELECTED,1028,seed1027,1,representation,CT_correct_novel,7,0,3,4,0,-3
TAO_TRAIN_GT_CONTROLLED_HELDOUT,A0_RAW,A2_EVIDENCE,1028,seed1027,1,representation,standard_correct_all,223,82,0,133,8,82
TAO_TRAIN_GT_CONTROLLED_HELDOUT,A0_RAW,A2_EVIDENCE,1028,seed1027,1,representation,standard_correct_known,207,82,0,125,0,82
TAO_TRAIN_GT_CONTROLLED_HELDOUT,A0_RAW,A2_EVIDENCE,1028,seed1027,1,representation,standard_correct_novel,16,0,0,8,8,0
TAO_TRAIN_GT_CONTROLLED_HELDOUT,A0_RAW,A2_EVIDENCE,1028,seed1027,1,representation,CT_correct_all,7,0,3,4,0,-3
TAO_TRAIN_GT_CONTROLLED_HELDOUT,A0_RAW,A2_EVIDENCE,1028,seed1027,1,representation,CT_correct_known,0,0,0,0,0,0
TAO_TRAIN_GT_CONTROLLED_HELDOUT,A0_RAW,A2_EVIDENCE,1028,seed1027,1,representation,CT_correct_novel,7,0,3,4,0,-3
TAO_TRAIN_GT_CONTROLLED_HELDOUT,A0_RAW,A2_CAPACITY_CONTROL,1028,seed1027,1,representation,standard_correct_all,223,84,0,131,8,84
TAO_TRAIN_GT_CONTROLLED_HELDOUT,A0_RAW,A2_CAPACITY_CONTROL,1028,seed1027,1,representation,standard_correct_known,207,84,0,123,0,84
TAO_TRAIN_GT_CONTROLLED_HELDOUT,A0_RAW,A2_CAPACITY_CONTROL,1028,seed1027,1,representation,standard_correct_novel,16,0,0,8,8,0
TAO_TRAIN_GT_CONTROLLED_HELDOUT,A0_RAW,A2_CAPACITY_CONTROL,1028,seed1027,1,representation,CT_correct_all,7,0,3,4,0,-3
TAO_TRAIN_GT_CONTROLLED_HELDOUT,A0_RAW,A2_CAPACITY_CONTROL,1028,seed1027,1,representation,CT_correct_known,0,0,0,0,0,0
TAO_TRAIN_GT_CONTROLLED_HELDOUT,A0_RAW,A2_CAPACITY_CONTROL,1028,seed1027,1,representation,CT_correct_novel,7,0,3,4,0,-3
TAO_TRAIN_GT_CONTROLLED_HELDOUT,A1_SELECTED,A2_EVIDENCE,1028,seed1027,1,representation,standard_correct_all,223,2,38,95,88,-36
TAO_TRAIN_GT_CONTROLLED_HELDOUT,A1_SELECTED,A2_EVIDENCE,1028,seed1027,1,representation,standard_correct_known,207,1,37,88,81,-36
TAO_TRAIN_GT_CONTROLLED_HELDOUT,A1_SELECTED,A2_EVIDENCE,1028,seed1027,1,representation,standard_correct_novel,16,1,1,7,7,0
TAO_TRAIN_GT_CONTROLLED_HELDOUT,A1_SELECTED,A2_EVIDENCE,1028,seed1027,1,representation,CT_correct_all,7,0,0,7,0,0
TAO_TRAIN_GT_CONTROLLED_HELDOUT,A1_SELECTED,A2_EVIDENCE,1028,seed1027,1,representation,CT_correct_known,0,0,0,0,0,0
TAO_TRAIN_GT_CONTROLLED_HELDOUT,A1_SELECTED,A2_EVIDENCE,1028,seed1027,1,representation,CT_correct_novel,7,0,0,7,0,0
TAO_TRAIN_GT_CONTROLLED_HELDOUT,A1_SELECTED,A2_CAPACITY_CONTROL,1028,seed1027,1,representation,standard_correct_all,223,1,35,96,91,-34
TAO_TRAIN_GT_CONTROLLED_HELDOUT,A1_SELECTED,A2_CAPACITY_CONTROL,1028,seed1027,1,representation,standard_correct_known,207,0,34,89,84,-34
TAO_TRAIN_GT_CONTROLLED_HELDOUT,A1_SELECTED,A2_CAPACITY_CONTROL,1028,seed1027,1,representation,standard_correct_novel,16,1,1,7,7,0
TAO_TRAIN_GT_CONTROLLED_HELDOUT,A1_SELECTED,A2_CAPACITY_CONTROL,1028,seed1027,1,representation,CT_correct_all,7,0,0,7,0,0
TAO_TRAIN_GT_CONTROLLED_HELDOUT,A1_SELECTED,A2_CAPACITY_CONTROL,1028,seed1027,1,representation,CT_correct_known,0,0,0,0,0,0
TAO_TRAIN_GT_CONTROLLED_HELDOUT,A1_SELECTED,A2_CAPACITY_CONTROL,1028,seed1027,1,representation,CT_correct_novel,7,0,0,7,0,0
TAO_TRAIN_GT_CONTROLLED_HELDOUT,D1_SIMPLE_MLP,D2_RISK_AWARE,1028,seed1027,1,policy,standard_correct_all,223,83,1,76,63,82
TAO_TRAIN_GT_CONTROLLED_HELDOUT,D1_SIMPLE_MLP,D2_RISK_AWARE,1028,seed1027,1,policy,standard_correct_known,207,83,0,61,63,83
TAO_TRAIN_GT_CONTROLLED_HELDOUT,D1_SIMPLE_MLP,D2_RISK_AWARE,1028,seed1027,1,policy,standard_correct_novel,16,0,1,15,0,-1
TAO_TRAIN_GT_CONTROLLED_HELDOUT,D1_SIMPLE_MLP,D2_RISK_AWARE,1028,seed1027,1,policy,CT_correct_all,7,0,0,7,0,0
TAO_TRAIN_GT_CONTROLLED_HELDOUT,D1_SIMPLE_MLP,D2_RISK_AWARE,1028,seed1027,1,policy,CT_correct_known,0,0,0,0,0,0
TAO_TRAIN_GT_CONTROLLED_HELDOUT,D1_SIMPLE_MLP,D2_RISK_AWARE,1028,seed1027,1,policy,CT_correct_novel,7,0,0,7,0,0
TAO_TRAIN_GT_CONTROLLED_HELDOUT,WITHOUT_RISK,FULL,1028,seed1027,1,policy,standard_correct_all,223,74,1,74,74,73
TAO_TRAIN_GT_CONTROLLED_HELDOUT,WITHOUT_RISK,FULL,1028,seed1027,1,policy,standard_correct_known,207,74,0,59,74,74
TAO_TRAIN_GT_CONTROLLED_HELDOUT,WITHOUT_RISK,FULL,1028,seed1027,1,policy,standard_correct_novel,16,0,1,15,0,-1
TAO_TRAIN_GT_CONTROLLED_HELDOUT,WITHOUT_RISK,FULL,1028,seed1027,1,policy,CT_correct_all,7,0,0,7,0,0
TAO_TRAIN_GT_CONTROLLED_HELDOUT,WITHOUT_RISK,FULL,1028,seed1027,1,policy,CT_correct_known,0,0,0,0,0,0
TAO_TRAIN_GT_CONTROLLED_HELDOUT,WITHOUT_RISK,FULL,1028,seed1027,1,policy,CT_correct_novel,7,0,0,7,0,0
TAO_TRAIN_GT_CONTROLLED_HELDOUT,WITHOUT_TEMPORAL,FULL,1028,seed1027,1,policy,standard_correct_all,223,2,0,75,146,2
TAO_TRAIN_GT_CONTROLLED_HELDOUT,WITHOUT_TEMPORAL,FULL,1028,seed1027,1,policy,standard_correct_known,207,2,0,59,146,2
TAO_TRAIN_GT_CONTROLLED_HELDOUT,WITHOUT_TEMPORAL,FULL,1028,seed1027,1,policy,standard_correct_novel,16,0,0,16,0,0
TAO_TRAIN_GT_CONTROLLED_HELDOUT,WITHOUT_TEMPORAL,FULL,1028,seed1027,1,policy,CT_correct_all,7,0,0,7,0,0
TAO_TRAIN_GT_CONTROLLED_HELDOUT,WITHOUT_TEMPORAL,FULL,1028,seed1027,1,policy,CT_correct_known,0,0,0,0,0,0
TAO_TRAIN_GT_CONTROLLED_HELDOUT,WITHOUT_TEMPORAL,FULL,1028,seed1027,1,policy,CT_correct_novel,7,0,0,7,0,0
TAO_TRAIN_GT_CONTROLLED_HELDOUT,A0_RAW,A1_SELECTED,1028,seed1027,2,representation,standard_correct_all,223,141,5,74,3,136
TAO_TRAIN_GT_CONTROLLED_HELDOUT,A0_RAW,A1_SELECTED,1028,seed1027,2,representation,standard_correct_known,207,135,0,72,0,135
TAO_TRAIN_GT_CONTROLLED_HELDOUT,A0_RAW,A1_SELECTED,1028,seed1027,2,representation,standard_correct_novel,16,6,5,2,3,1
TAO_TRAIN_GT_CONTROLLED_HELDOUT,A0_RAW,A1_SELECTED,1028,seed1027,2,representation,CT_correct_all,7,1,3,3,0,-2
TAO_TRAIN_GT_CONTROLLED_HELDOUT,A0_RAW,A1_SELECTED,1028,seed1027,2,representation,CT_correct_known,0,0,0,0,0,0
TAO_TRAIN_GT_CONTROLLED_HELDOUT,A0_RAW,A1_SELECTED,1028,seed1027,2,representation,CT_correct_novel,7,1,3,3,0,-2
TAO_TRAIN_GT_CONTROLLED_HELDOUT,A0_RAW,A2_EVIDENCE,1028,seed1027,2,representation,standard_correct_all,223,99,5,116,3,94
TAO_TRAIN_GT_CONTROLLED_HELDOUT,A0_RAW,A2_EVIDENCE,1028,seed1027,2,representation,standard_correct_known,207,94,0,113,0,94
TAO_TRAIN_GT_CONTROLLED_HELDOUT,A0_RAW,A2_EVIDENCE,1028,seed1027,2,representation,standard_correct_novel,16,5,5,3,3,0
TAO_TRAIN_GT_CONTROLLED_HELDOUT,A0_RAW,A2_EVIDENCE,1028,seed1027,2,representation,CT_correct_all,7,0,3,4,0,-3
TAO_TRAIN_GT_CONTROLLED_HELDOUT,A0_RAW,A2_EVIDENCE,1028,seed1027,2,representation,CT_correct_known,0,0,0,0,0,0
TAO_TRAIN_GT_CONTROLLED_HELDOUT,A0_RAW,A2_EVIDENCE,1028,seed1027,2,representation,CT_correct_novel,7,0,3,4,0,-3
TAO_TRAIN_GT_CONTROLLED_HELDOUT,A0_RAW,A2_CAPACITY_CONTROL,1028,seed1027,2,representation,standard_correct_all,223,92,1,123,7,91
TAO_TRAIN_GT_CONTROLLED_HELDOUT,A0_RAW,A2_CAPACITY_CONTROL,1028,seed1027,2,representation,standard_correct_known,207,91,0,116,0,91
TAO_TRAIN_GT_CONTROLLED_HELDOUT,A0_RAW,A2_CAPACITY_CONTROL,1028,seed1027,2,representation,standard_correct_novel,16,1,1,7,7,0
TAO_TRAIN_GT_CONTROLLED_HELDOUT,A0_RAW,A2_CAPACITY_CONTROL,1028,seed1027,2,representation,CT_correct_all,7,0,3,4,0,-3
TAO_TRAIN_GT_CONTROLLED_HELDOUT,A0_RAW,A2_CAPACITY_CONTROL,1028,seed1027,2,representation,CT_correct_known,0,0,0,0,0,0
TAO_TRAIN_GT_CONTROLLED_HELDOUT,A0_RAW,A2_CAPACITY_CONTROL,1028,seed1027,2,representation,CT_correct_novel,7,0,3,4,0,-3
TAO_TRAIN_GT_CONTROLLED_HELDOUT,A1_SELECTED,A2_EVIDENCE,1028,seed1027,2,representation,standard_correct_all,223,3,45,76,99,-42
TAO_TRAIN_GT_CONTROLLED_HELDOUT,A1_SELECTED,A2_EVIDENCE,1028,seed1027,2,representation,standard_correct_known,207,0,41,72,94,-41
TAO_TRAIN_GT_CONTROLLED_HELDOUT,A1_SELECTED,A2_EVIDENCE,1028,seed1027,2,representation,standard_correct_novel,16,3,4,4,5,-1
TAO_TRAIN_GT_CONTROLLED_HELDOUT,A1_SELECTED,A2_EVIDENCE,1028,seed1027,2,representation,CT_correct_all,7,0,1,6,0,-1
TAO_TRAIN_GT_CONTROLLED_HELDOUT,A1_SELECTED,A2_EVIDENCE,1028,seed1027,2,representation,CT_correct_known,0,0,0,0,0,0
TAO_TRAIN_GT_CONTROLLED_HELDOUT,A1_SELECTED,A2_EVIDENCE,1028,seed1027,2,representation,CT_correct_novel,7,0,1,6,0,-1
TAO_TRAIN_GT_CONTROLLED_HELDOUT,A1_SELECTED,A2_CAPACITY_CONTROL,1028,seed1027,2,representation,standard_correct_all,223,6,51,73,93,-45
TAO_TRAIN_GT_CONTROLLED_HELDOUT,A1_SELECTED,A2_CAPACITY_CONTROL,1028,seed1027,2,representation,standard_correct_known,207,0,44,72,91,-44
TAO_TRAIN_GT_CONTROLLED_HELDOUT,A1_SELECTED,A2_CAPACITY_CONTROL,1028,seed1027,2,representation,standard_correct_novel,16,6,7,1,2,-1
TAO_TRAIN_GT_CONTROLLED_HELDOUT,A1_SELECTED,A2_CAPACITY_CONTROL,1028,seed1027,2,representation,CT_correct_all,7,0,1,6,0,-1
TAO_TRAIN_GT_CONTROLLED_HELDOUT,A1_SELECTED,A2_CAPACITY_CONTROL,1028,seed1027,2,representation,CT_correct_known,0,0,0,0,0,0
TAO_TRAIN_GT_CONTROLLED_HELDOUT,A1_SELECTED,A2_CAPACITY_CONTROL,1028,seed1027,2,representation,CT_correct_novel,7,0,1,6,0,-1
TAO_TRAIN_GT_CONTROLLED_HELDOUT,D1_SIMPLE_MLP,D2_RISK_AWARE,1028,seed1027,2,policy,standard_correct_all,223,74,1,72,76,73
TAO_TRAIN_GT_CONTROLLED_HELDOUT,D1_SIMPLE_MLP,D2_RISK_AWARE,1028,seed1027,2,policy,standard_correct_known,207,74,0,57,76,74
TAO_TRAIN_GT_CONTROLLED_HELDOUT,D1_SIMPLE_MLP,D2_RISK_AWARE,1028,seed1027,2,policy,standard_correct_novel,16,0,1,15,0,-1
TAO_TRAIN_GT_CONTROLLED_HELDOUT,D1_SIMPLE_MLP,D2_RISK_AWARE,1028,seed1027,2,policy,CT_correct_all,7,0,0,7,0,0
TAO_TRAIN_GT_CONTROLLED_HELDOUT,D1_SIMPLE_MLP,D2_RISK_AWARE,1028,seed1027,2,policy,CT_correct_known,0,0,0,0,0,0
TAO_TRAIN_GT_CONTROLLED_HELDOUT,D1_SIMPLE_MLP,D2_RISK_AWARE,1028,seed1027,2,policy,CT_correct_novel,7,0,0,7,0,0
TAO_TRAIN_GT_CONTROLLED_HELDOUT,WITHOUT_RISK,FULL,1028,seed1027,2,policy,standard_correct_all,223,82,1,71,69,81
TAO_TRAIN_GT_CONTROLLED_HELDOUT,WITHOUT_RISK,FULL,1028,seed1027,2,policy,standard_correct_known,207,82,0,56,69,82
TAO_TRAIN_GT_CONTROLLED_HELDOUT,WITHOUT_RISK,FULL,1028,seed1027,2,policy,standard_correct_novel,16,0,1,15,0,-1
TAO_TRAIN_GT_CONTROLLED_HELDOUT,WITHOUT_RISK,FULL,1028,seed1027,2,policy,CT_correct_all,7,0,0,7,0,0
TAO_TRAIN_GT_CONTROLLED_HELDOUT,WITHOUT_RISK,FULL,1028,seed1027,2,policy,CT_correct_known,0,0,0,0,0,0
TAO_TRAIN_GT_CONTROLLED_HELDOUT,WITHOUT_RISK,FULL,1028,seed1027,2,policy,CT_correct_novel,7,0,0,7,0,0
TAO_TRAIN_GT_CONTROLLED_HELDOUT,WITHOUT_TEMPORAL,FULL,1028,seed1027,2,policy,standard_correct_all,223,1,0,72,150,1
TAO_TRAIN_GT_CONTROLLED_HELDOUT,WITHOUT_TEMPORAL,FULL,1028,seed1027,2,policy,standard_correct_known,207,1,0,56,150,1
TAO_TRAIN_GT_CONTROLLED_HELDOUT,WITHOUT_TEMPORAL,FULL,1028,seed1027,2,policy,standard_correct_novel,16,0,0,16,0,0
TAO_TRAIN_GT_CONTROLLED_HELDOUT,WITHOUT_TEMPORAL,FULL,1028,seed1027,2,policy,CT_correct_all,7,0,0,7,0,0
TAO_TRAIN_GT_CONTROLLED_HELDOUT,WITHOUT_TEMPORAL,FULL,1028,seed1027,2,policy,CT_correct_known,0,0,0,0,0,0
TAO_TRAIN_GT_CONTROLLED_HELDOUT,WITHOUT_TEMPORAL,FULL,1028,seed1027,2,policy,CT_correct_novel,7,0,0,7,0,0
TAO_TRAIN_GT_CONTROLLED_HELDOUT,A0_RAW,A1_SELECTED,1028,seed1027,4,representation,standard_correct_all,223,141,3,74,5,138
TAO_TRAIN_GT_CONTROLLED_HELDOUT,A0_RAW,A1_SELECTED,1028,seed1027,4,representation,standard_correct_known,207,136,0,71,0,136
TAO_TRAIN_GT_CONTROLLED_HELDOUT,A0_RAW,A1_SELECTED,1028,seed1027,4,representation,standard_correct_novel,16,5,3,3,5,2
TAO_TRAIN_GT_CONTROLLED_HELDOUT,A0_RAW,A1_SELECTED,1028,seed1027,4,representation,CT_correct_all,7,0,3,4,0,-3
TAO_TRAIN_GT_CONTROLLED_HELDOUT,A0_RAW,A1_SELECTED,1028,seed1027,4,representation,CT_correct_known,0,0,0,0,0,0
TAO_TRAIN_GT_CONTROLLED_HELDOUT,A0_RAW,A1_SELECTED,1028,seed1027,4,representation,CT_correct_novel,7,0,3,4,0,-3
TAO_TRAIN_GT_CONTROLLED_HELDOUT,A0_RAW,A2_EVIDENCE,1028,seed1027,4,representation,standard_correct_all,223,101,3,114,5,98
TAO_TRAIN_GT_CONTROLLED_HELDOUT,A0_RAW,A2_EVIDENCE,1028,seed1027,4,representation,standard_correct_known,207,96,0,111,0,96
TAO_TRAIN_GT_CONTROLLED_HELDOUT,A0_RAW,A2_EVIDENCE,1028,seed1027,4,representation,standard_correct_novel,16,5,3,3,5,2
TAO_TRAIN_GT_CONTROLLED_HELDOUT,A0_RAW,A2_EVIDENCE,1028,seed1027,4,representation,CT_correct_all,7,0,3,4,0,-3
TAO_TRAIN_GT_CONTROLLED_HELDOUT,A0_RAW,A2_EVIDENCE,1028,seed1027,4,representation,CT_correct_known,0,0,0,0,0,0
TAO_TRAIN_GT_CONTROLLED_HELDOUT,A0_RAW,A2_EVIDENCE,1028,seed1027,4,representation,CT_correct_novel,7,0,3,4,0,-3
TAO_TRAIN_GT_CONTROLLED_HELDOUT,A0_RAW,A2_CAPACITY_CONTROL,1028,seed1027,4,representation,standard_correct_all,223,96,3,119,5,93
TAO_TRAIN_GT_CONTROLLED_HELDOUT,A0_RAW,A2_CAPACITY_CONTROL,1028,seed1027,4,representation,standard_correct_known,207,91,0,116,0,91
TAO_TRAIN_GT_CONTROLLED_HELDOUT,A0_RAW,A2_CAPACITY_CONTROL,1028,seed1027,4,representation,standard_correct_novel,16,5,3,3,5,2
TAO_TRAIN_GT_CONTROLLED_HELDOUT,A0_RAW,A2_CAPACITY_CONTROL,1028,seed1027,4,representation,CT_correct_all,7,0,3,4,0,-3
TAO_TRAIN_GT_CONTROLLED_HELDOUT,A0_RAW,A2_CAPACITY_CONTROL,1028,seed1027,4,representation,CT_correct_known,0,0,0,0,0,0
TAO_TRAIN_GT_CONTROLLED_HELDOUT,A0_RAW,A2_CAPACITY_CONTROL,1028,seed1027,4,representation,CT_correct_novel,7,0,3,4,0,-3
TAO_TRAIN_GT_CONTROLLED_HELDOUT,A1_SELECTED,A2_EVIDENCE,1028,seed1027,4,representation,standard_correct_all,223,3,43,74,103,-40
TAO_TRAIN_GT_CONTROLLED_HELDOUT,A1_SELECTED,A2_EVIDENCE,1028,seed1027,4,representation,standard_correct_known,207,1,41,70,95,-40
TAO_TRAIN_GT_CONTROLLED_HELDOUT,A1_SELECTED,A2_EVIDENCE,1028,seed1027,4,representation,standard_correct_novel,16,2,2,4,8,0
TAO_TRAIN_GT_CONTROLLED_HELDOUT,A1_SELECTED,A2_EVIDENCE,1028,seed1027,4,representation,CT_correct_all,7,0,0,7,0,0
TAO_TRAIN_GT_CONTROLLED_HELDOUT,A1_SELECTED,A2_EVIDENCE,1028,seed1027,4,representation,CT_correct_known,0,0,0,0,0,0
TAO_TRAIN_GT_CONTROLLED_HELDOUT,A1_SELECTED,A2_EVIDENCE,1028,seed1027,4,representation,CT_correct_novel,7,0,0,7,0,0
TAO_TRAIN_GT_CONTROLLED_HELDOUT,A1_SELECTED,A2_CAPACITY_CONTROL,1028,seed1027,4,representation,standard_correct_all,223,2,47,75,99,-45
TAO_TRAIN_GT_CONTROLLED_HELDOUT,A1_SELECTED,A2_CAPACITY_CONTROL,1028,seed1027,4,representation,standard_correct_known,207,0,45,71,91,-45
TAO_TRAIN_GT_CONTROLLED_HELDOUT,A1_SELECTED,A2_CAPACITY_CONTROL,1028,seed1027,4,representation,standard_correct_novel,16,2,2,4,8,0
TAO_TRAIN_GT_CONTROLLED_HELDOUT,A1_SELECTED,A2_CAPACITY_CONTROL,1028,seed1027,4,representation,CT_correct_all,7,0,0,7,0,0
TAO_TRAIN_GT_CONTROLLED_HELDOUT,A1_SELECTED,A2_CAPACITY_CONTROL,1028,seed1027,4,representation,CT_correct_known,0,0,0,0,0,0
TAO_TRAIN_GT_CONTROLLED_HELDOUT,A1_SELECTED,A2_CAPACITY_CONTROL,1028,seed1027,4,representation,CT_correct_novel,7,0,0,7,0,0
TAO_TRAIN_GT_CONTROLLED_HELDOUT,D1_SIMPLE_MLP,D2_RISK_AWARE,1028,seed1027,4,policy,standard_correct_all,223,83,1,65,74,82
TAO_TRAIN_GT_CONTROLLED_HELDOUT,D1_SIMPLE_MLP,D2_RISK_AWARE,1028,seed1027,4,policy,standard_correct_known,207,83,0,50,74,83
TAO_TRAIN_GT_CONTROLLED_HELDOUT,D1_SIMPLE_MLP,D2_RISK_AWARE,1028,seed1027,4,policy,standard_correct_novel,16,0,1,15,0,-1
TAO_TRAIN_GT_CONTROLLED_HELDOUT,D1_SIMPLE_MLP,D2_RISK_AWARE,1028,seed1027,4,policy,CT_correct_all,7,0,0,7,0,0
TAO_TRAIN_GT_CONTROLLED_HELDOUT,D1_SIMPLE_MLP,D2_RISK_AWARE,1028,seed1027,4,policy,CT_correct_known,0,0,0,0,0,0
TAO_TRAIN_GT_CONTROLLED_HELDOUT,D1_SIMPLE_MLP,D2_RISK_AWARE,1028,seed1027,4,policy,CT_correct_novel,7,0,0,7,0,0
TAO_TRAIN_GT_CONTROLLED_HELDOUT,WITHOUT_RISK,FULL,1028,seed1027,4,policy,standard_correct_all,223,88,1,67,67,87
TAO_TRAIN_GT_CONTROLLED_HELDOUT,WITHOUT_RISK,FULL,1028,seed1027,4,policy,standard_correct_known,207,88,0,52,67,88
TAO_TRAIN_GT_CONTROLLED_HELDOUT,WITHOUT_RISK,FULL,1028,seed1027,4,policy,standard_correct_novel,16,0,1,15,0,-1
TAO_TRAIN_GT_CONTROLLED_HELDOUT,WITHOUT_RISK,FULL,1028,seed1027,4,policy,CT_correct_all,7,0,0,7,0,0
TAO_TRAIN_GT_CONTROLLED_HELDOUT,WITHOUT_RISK,FULL,1028,seed1027,4,policy,CT_correct_known,0,0,0,0,0,0
TAO_TRAIN_GT_CONTROLLED_HELDOUT,WITHOUT_RISK,FULL,1028,seed1027,4,policy,CT_correct_novel,7,0,0,7,0,0
TAO_TRAIN_GT_CONTROLLED_HELDOUT,WITHOUT_TEMPORAL,FULL,1028,seed1027,4,policy,standard_correct_all,223,1,3,65,154,-2
TAO_TRAIN_GT_CONTROLLED_HELDOUT,WITHOUT_TEMPORAL,FULL,1028,seed1027,4,policy,standard_correct_known,207,1,3,49,154,-2
TAO_TRAIN_GT_CONTROLLED_HELDOUT,WITHOUT_TEMPORAL,FULL,1028,seed1027,4,policy,standard_correct_novel,16,0,0,16,0,0
TAO_TRAIN_GT_CONTROLLED_HELDOUT,WITHOUT_TEMPORAL,FULL,1028,seed1027,4,policy,CT_correct_all,7,0,0,7,0,0
TAO_TRAIN_GT_CONTROLLED_HELDOUT,WITHOUT_TEMPORAL,FULL,1028,seed1027,4,policy,CT_correct_known,0,0,0,0,0,0
TAO_TRAIN_GT_CONTROLLED_HELDOUT,WITHOUT_TEMPORAL,FULL,1028,seed1027,4,policy,CT_correct_novel,7,0,0,7,0,0
TAO_TRAIN_GT_CONTROLLED_HELDOUT,A0_RAW,A1_SELECTED,1028,seed1027,8,representation,standard_correct_all,223,141,8,73,1,133
TAO_TRAIN_GT_CONTROLLED_HELDOUT,A0_RAW,A1_SELECTED,1028,seed1027,8,representation,standard_correct_known,207,134,0,72,1,134
TAO_TRAIN_GT_CONTROLLED_HELDOUT,A0_RAW,A1_SELECTED,1028,seed1027,8,representation,standard_correct_novel,16,7,8,1,0,-1
TAO_TRAIN_GT_CONTROLLED_HELDOUT,A0_RAW,A1_SELECTED,1028,seed1027,8,representation,CT_correct_all,7,0,3,4,0,-3
TAO_TRAIN_GT_CONTROLLED_HELDOUT,A0_RAW,A1_SELECTED,1028,seed1027,8,representation,CT_correct_known,0,0,0,0,0,0
TAO_TRAIN_GT_CONTROLLED_HELDOUT,A0_RAW,A1_SELECTED,1028,seed1027,8,representation,CT_correct_novel,7,0,3,4,0,-3
TAO_TRAIN_GT_CONTROLLED_HELDOUT,A0_RAW,A2_EVIDENCE,1028,seed1027,8,representation,standard_correct_all,223,96,1,118,8,95
TAO_TRAIN_GT_CONTROLLED_HELDOUT,A0_RAW,A2_EVIDENCE,1028,seed1027,8,representation,standard_correct_known,207,95,0,111,1,95
TAO_TRAIN_GT_CONTROLLED_HELDOUT,A0_RAW,A2_EVIDENCE,1028,seed1027,8,representation,standard_correct_novel,16,1,1,7,7,0
TAO_TRAIN_GT_CONTROLLED_HELDOUT,A0_RAW,A2_EVIDENCE,1028,seed1027,8,representation,CT_correct_all,7,0,3,4,0,-3
TAO_TRAIN_GT_CONTROLLED_HELDOUT,A0_RAW,A2_EVIDENCE,1028,seed1027,8,representation,CT_correct_known,0,0,0,0,0,0
TAO_TRAIN_GT_CONTROLLED_HELDOUT,A0_RAW,A2_EVIDENCE,1028,seed1027,8,representation,CT_correct_novel,7,0,3,4,0,-3
TAO_TRAIN_GT_CONTROLLED_HELDOUT,A0_RAW,A2_CAPACITY_CONTROL,1028,seed1027,8,representation,standard_correct_all,223,97,2,117,7,95
TAO_TRAIN_GT_CONTROLLED_HELDOUT,A0_RAW,A2_CAPACITY_CONTROL,1028,seed1027,8,representation,standard_correct_known,207,95,0,111,1,95
TAO_TRAIN_GT_CONTROLLED_HELDOUT,A0_RAW,A2_CAPACITY_CONTROL,1028,seed1027,8,representation,standard_correct_novel,16,2,2,6,6,0
TAO_TRAIN_GT_CONTROLLED_HELDOUT,A0_RAW,A2_CAPACITY_CONTROL,1028,seed1027,8,representation,CT_correct_all,7,0,3,4,0,-3
TAO_TRAIN_GT_CONTROLLED_HELDOUT,A0_RAW,A2_CAPACITY_CONTROL,1028,seed1027,8,representation,CT_correct_known,0,0,0,0,0,0
TAO_TRAIN_GT_CONTROLLED_HELDOUT,A0_RAW,A2_CAPACITY_CONTROL,1028,seed1027,8,representation,CT_correct_novel,7,0,3,4,0,-3
TAO_TRAIN_GT_CONTROLLED_HELDOUT,A1_SELECTED,A2_EVIDENCE,1028,seed1027,8,representation,standard_correct_all,223,7,45,74,97,-38
TAO_TRAIN_GT_CONTROLLED_HELDOUT,A1_SELECTED,A2_EVIDENCE,1028,seed1027,8,representation,standard_correct_known,207,0,39,72,96,-39
TAO_TRAIN_GT_CONTROLLED_HELDOUT,A1_SELECTED,A2_EVIDENCE,1028,seed1027,8,representation,standard_correct_novel,16,7,6,2,1,1
TAO_TRAIN_GT_CONTROLLED_HELDOUT,A1_SELECTED,A2_EVIDENCE,1028,seed1027,8,representation,CT_correct_all,7,0,0,7,0,0
TAO_TRAIN_GT_CONTROLLED_HELDOUT,A1_SELECTED,A2_EVIDENCE,1028,seed1027,8,representation,CT_correct_known,0,0,0,0,0,0
TAO_TRAIN_GT_CONTROLLED_HELDOUT,A1_SELECTED,A2_EVIDENCE,1028,seed1027,8,representation,CT_correct_novel,7,0,0,7,0,0
TAO_TRAIN_GT_CONTROLLED_HELDOUT,A1_SELECTED,A2_CAPACITY_CONTROL,1028,seed1027,8,representation,standard_correct_all,223,7,45,74,97,-38
TAO_TRAIN_GT_CONTROLLED_HELDOUT,A1_SELECTED,A2_CAPACITY_CONTROL,1028,seed1027,8,representation,standard_correct_known,207,1,40,71,95,-39
TAO_TRAIN_GT_CONTROLLED_HELDOUT,A1_SELECTED,A2_CAPACITY_CONTROL,1028,seed1027,8,representation,standard_correct_novel,16,6,5,3,2,1
TAO_TRAIN_GT_CONTROLLED_HELDOUT,A1_SELECTED,A2_CAPACITY_CONTROL,1028,seed1027,8,representation,CT_correct_all,7,0,0,7,0,0
TAO_TRAIN_GT_CONTROLLED_HELDOUT,A1_SELECTED,A2_CAPACITY_CONTROL,1028,seed1027,8,representation,CT_correct_known,0,0,0,0,0,0
TAO_TRAIN_GT_CONTROLLED_HELDOUT,A1_SELECTED,A2_CAPACITY_CONTROL,1028,seed1027,8,representation,CT_correct_novel,7,0,0,7,0,0
TAO_TRAIN_GT_CONTROLLED_HELDOUT,D1_SIMPLE_MLP,D2_RISK_AWARE,1028,seed1027,8,policy,standard_correct_all,223,86,1,63,73,85
TAO_TRAIN_GT_CONTROLLED_HELDOUT,D1_SIMPLE_MLP,D2_RISK_AWARE,1028,seed1027,8,policy,standard_correct_known,207,86,0,48,73,86
TAO_TRAIN_GT_CONTROLLED_HELDOUT,D1_SIMPLE_MLP,D2_RISK_AWARE,1028,seed1027,8,policy,standard_correct_novel,16,0,1,15,0,-1
TAO_TRAIN_GT_CONTROLLED_HELDOUT,D1_SIMPLE_MLP,D2_RISK_AWARE,1028,seed1027,8,policy,CT_correct_all,7,0,0,7,0,0
TAO_TRAIN_GT_CONTROLLED_HELDOUT,D1_SIMPLE_MLP,D2_RISK_AWARE,1028,seed1027,8,policy,CT_correct_known,0,0,0,0,0,0
TAO_TRAIN_GT_CONTROLLED_HELDOUT,D1_SIMPLE_MLP,D2_RISK_AWARE,1028,seed1027,8,policy,CT_correct_novel,7,0,0,7,0,0
TAO_TRAIN_GT_CONTROLLED_HELDOUT,WITHOUT_RISK,FULL,1028,seed1027,8,policy,standard_correct_all,223,88,1,64,70,87
TAO_TRAIN_GT_CONTROLLED_HELDOUT,WITHOUT_RISK,FULL,1028,seed1027,8,policy,standard_correct_known,207,88,0,49,70,88
TAO_TRAIN_GT_CONTROLLED_HELDOUT,WITHOUT_RISK,FULL,1028,seed1027,8,policy,standard_correct_novel,16,0,1,15,0,-1
TAO_TRAIN_GT_CONTROLLED_HELDOUT,WITHOUT_RISK,FULL,1028,seed1027,8,policy,CT_correct_all,7,0,0,7,0,0
TAO_TRAIN_GT_CONTROLLED_HELDOUT,WITHOUT_RISK,FULL,1028,seed1027,8,policy,CT_correct_known,0,0,0,0,0,0
TAO_TRAIN_GT_CONTROLLED_HELDOUT,WITHOUT_RISK,FULL,1028,seed1027,8,policy,CT_correct_novel,7,0,0,7,0,0
TAO_TRAIN_GT_CONTROLLED_HELDOUT,WITHOUT_TEMPORAL,FULL,1028,seed1027,8,policy,standard_correct_all,223,0,1,64,158,-1
TAO_TRAIN_GT_CONTROLLED_HELDOUT,WITHOUT_TEMPORAL,FULL,1028,seed1027,8,policy,standard_correct_known,207,0,1,48,158,-1
TAO_TRAIN_GT_CONTROLLED_HELDOUT,WITHOUT_TEMPORAL,FULL,1028,seed1027,8,policy,standard_correct_novel,16,0,0,16,0,0
TAO_TRAIN_GT_CONTROLLED_HELDOUT,WITHOUT_TEMPORAL,FULL,1028,seed1027,8,policy,CT_correct_all,7,0,0,7,0,0
TAO_TRAIN_GT_CONTROLLED_HELDOUT,WITHOUT_TEMPORAL,FULL,1028,seed1027,8,policy,CT_correct_known,0,0,0,0,0,0
TAO_TRAIN_GT_CONTROLLED_HELDOUT,WITHOUT_TEMPORAL,FULL,1028,seed1027,8,policy,CT_correct_novel,7,0,0,7,0,0
TAO_TRAIN_GT_CONTROLLED_HELDOUT,A0_RAW,A1_SELECTED,1028,seed1027,16,representation,standard_correct_all,223,138,3,74,8,135
TAO_TRAIN_GT_CONTROLLED_HELDOUT,A0_RAW,A1_SELECTED,1028,seed1027,16,representation,standard_correct_known,207,135,0,70,2,135
TAO_TRAIN_GT_CONTROLLED_HELDOUT,A0_RAW,A1_SELECTED,1028,seed1027,16,representation,standard_correct_novel,16,3,3,4,6,0
TAO_TRAIN_GT_CONTROLLED_HELDOUT,A0_RAW,A1_SELECTED,1028,seed1027,16,representation,CT_correct_all,7,0,4,3,0,-4
TAO_TRAIN_GT_CONTROLLED_HELDOUT,A0_RAW,A1_SELECTED,1028,seed1027,16,representation,CT_correct_known,0,0,0,0,0,0
TAO_TRAIN_GT_CONTROLLED_HELDOUT,A0_RAW,A1_SELECTED,1028,seed1027,16,representation,CT_correct_novel,7,0,4,3,0,-4
TAO_TRAIN_GT_CONTROLLED_HELDOUT,A0_RAW,A2_EVIDENCE,1028,seed1027,16,representation,standard_correct_all,223,101,3,111,8,98
TAO_TRAIN_GT_CONTROLLED_HELDOUT,A0_RAW,A2_EVIDENCE,1028,seed1027,16,representation,standard_correct_known,207,97,1,108,1,96
TAO_TRAIN_GT_CONTROLLED_HELDOUT,A0_RAW,A2_EVIDENCE,1028,seed1027,16,representation,standard_correct_novel,16,4,2,3,7,2
TAO_TRAIN_GT_CONTROLLED_HELDOUT,A0_RAW,A2_EVIDENCE,1028,seed1027,16,representation,CT_correct_all,7,0,4,3,0,-4
TAO_TRAIN_GT_CONTROLLED_HELDOUT,A0_RAW,A2_EVIDENCE,1028,seed1027,16,representation,CT_correct_known,0,0,0,0,0,0
TAO_TRAIN_GT_CONTROLLED_HELDOUT,A0_RAW,A2_EVIDENCE,1028,seed1027,16,representation,CT_correct_novel,7,0,4,3,0,-4
TAO_TRAIN_GT_CONTROLLED_HELDOUT,A0_RAW,A2_CAPACITY_CONTROL,1028,seed1027,16,representation,standard_correct_all,223,101,2,111,9,99
TAO_TRAIN_GT_CONTROLLED_HELDOUT,A0_RAW,A2_CAPACITY_CONTROL,1028,seed1027,16,representation,standard_correct_known,207,97,1,108,1,96
TAO_TRAIN_GT_CONTROLLED_HELDOUT,A0_RAW,A2_CAPACITY_CONTROL,1028,seed1027,16,representation,standard_correct_novel,16,4,1,3,8,3
TAO_TRAIN_GT_CONTROLLED_HELDOUT,A0_RAW,A2_CAPACITY_CONTROL,1028,seed1027,16,representation,CT_correct_all,7,0,4,3,0,-4
TAO_TRAIN_GT_CONTROLLED_HELDOUT,A0_RAW,A2_CAPACITY_CONTROL,1028,seed1027,16,representation,CT_correct_known,0,0,0,0,0,0
TAO_TRAIN_GT_CONTROLLED_HELDOUT,A0_RAW,A2_CAPACITY_CONTROL,1028,seed1027,16,representation,CT_correct_novel,7,0,4,3,0,-4
TAO_TRAIN_GT_CONTROLLED_HELDOUT,A1_SELECTED,A2_EVIDENCE,1028,seed1027,16,representation,standard_correct_all,223,3,40,74,106,-37
TAO_TRAIN_GT_CONTROLLED_HELDOUT,A1_SELECTED,A2_EVIDENCE,1028,seed1027,16,representation,standard_correct_known,207,0,39,70,98,-39
TAO_TRAIN_GT_CONTROLLED_HELDOUT,A1_SELECTED,A2_EVIDENCE,1028,seed1027,16,representation,standard_correct_novel,16,3,1,4,8,2
TAO_TRAIN_GT_CONTROLLED_HELDOUT,A1_SELECTED,A2_EVIDENCE,1028,seed1027,16,representation,CT_correct_all,7,0,0,7,0,0
TAO_TRAIN_GT_CONTROLLED_HELDOUT,A1_SELECTED,A2_EVIDENCE,1028,seed1027,16,representation,CT_correct_known,0,0,0,0,0,0
TAO_TRAIN_GT_CONTROLLED_HELDOUT,A1_SELECTED,A2_EVIDENCE,1028,seed1027,16,representation,CT_correct_novel,7,0,0,7,0,0
TAO_TRAIN_GT_CONTROLLED_HELDOUT,A1_SELECTED,A2_CAPACITY_CONTROL,1028,seed1027,16,representation,standard_correct_all,223,3,39,74,107,-36
TAO_TRAIN_GT_CONTROLLED_HELDOUT,A1_SELECTED,A2_CAPACITY_CONTROL,1028,seed1027,16,representation,standard_correct_known,207,0,39,70,98,-39
TAO_TRAIN_GT_CONTROLLED_HELDOUT,A1_SELECTED,A2_CAPACITY_CONTROL,1028,seed1027,16,representation,standard_correct_novel,16,3,0,4,9,3
TAO_TRAIN_GT_CONTROLLED_HELDOUT,A1_SELECTED,A2_CAPACITY_CONTROL,1028,seed1027,16,representation,CT_correct_all,7,0,0,7,0,0
TAO_TRAIN_GT_CONTROLLED_HELDOUT,A1_SELECTED,A2_CAPACITY_CONTROL,1028,seed1027,16,representation,CT_correct_known,0,0,0,0,0,0
TAO_TRAIN_GT_CONTROLLED_HELDOUT,A1_SELECTED,A2_CAPACITY_CONTROL,1028,seed1027,16,representation,CT_correct_novel,7,0,0,7,0,0
TAO_TRAIN_GT_CONTROLLED_HELDOUT,D1_SIMPLE_MLP,D2_RISK_AWARE,1028,seed1027,16,policy,standard_correct_all,223,90,2,63,68,88
TAO_TRAIN_GT_CONTROLLED_HELDOUT,D1_SIMPLE_MLP,D2_RISK_AWARE,1028,seed1027,16,policy,standard_correct_known,207,90,0,49,68,90
TAO_TRAIN_GT_CONTROLLED_HELDOUT,D1_SIMPLE_MLP,D2_RISK_AWARE,1028,seed1027,16,policy,standard_correct_novel,16,0,2,14,0,-2
TAO_TRAIN_GT_CONTROLLED_HELDOUT,D1_SIMPLE_MLP,D2_RISK_AWARE,1028,seed1027,16,policy,CT_correct_all,7,0,0,7,0,0
TAO_TRAIN_GT_CONTROLLED_HELDOUT,D1_SIMPLE_MLP,D2_RISK_AWARE,1028,seed1027,16,policy,CT_correct_known,0,0,0,0,0,0
TAO_TRAIN_GT_CONTROLLED_HELDOUT,D1_SIMPLE_MLP,D2_RISK_AWARE,1028,seed1027,16,policy,CT_correct_novel,7,0,0,7,0,0
TAO_TRAIN_GT_CONTROLLED_HELDOUT,WITHOUT_RISK,FULL,1028,seed1027,16,policy,standard_correct_all,223,91,3,64,65,88
TAO_TRAIN_GT_CONTROLLED_HELDOUT,WITHOUT_RISK,FULL,1028,seed1027,16,policy,standard_correct_known,207,91,0,51,65,91
TAO_TRAIN_GT_CONTROLLED_HELDOUT,WITHOUT_RISK,FULL,1028,seed1027,16,policy,standard_correct_novel,16,0,3,13,0,-3
TAO_TRAIN_GT_CONTROLLED_HELDOUT,WITHOUT_RISK,FULL,1028,seed1027,16,policy,CT_correct_all,7,0,0,7,0,0
TAO_TRAIN_GT_CONTROLLED_HELDOUT,WITHOUT_RISK,FULL,1028,seed1027,16,policy,CT_correct_known,0,0,0,0,0,0
TAO_TRAIN_GT_CONTROLLED_HELDOUT,WITHOUT_RISK,FULL,1028,seed1027,16,policy,CT_correct_novel,7,0,0,7,0,0
TAO_TRAIN_GT_CONTROLLED_HELDOUT,WITHOUT_TEMPORAL,FULL,1028,seed1027,16,policy,standard_correct_all,223,0,2,65,156,-2
TAO_TRAIN_GT_CONTROLLED_HELDOUT,WITHOUT_TEMPORAL,FULL,1028,seed1027,16,policy,standard_correct_known,207,0,2,49,156,-2
TAO_TRAIN_GT_CONTROLLED_HELDOUT,WITHOUT_TEMPORAL,FULL,1028,seed1027,16,policy,standard_correct_novel,16,0,0,16,0,0
TAO_TRAIN_GT_CONTROLLED_HELDOUT,WITHOUT_TEMPORAL,FULL,1028,seed1027,16,policy,CT_correct_all,7,0,0,7,0,0
TAO_TRAIN_GT_CONTROLLED_HELDOUT,WITHOUT_TEMPORAL,FULL,1028,seed1027,16,policy,CT_correct_known,0,0,0,0,0,0
TAO_TRAIN_GT_CONTROLLED_HELDOUT,WITHOUT_TEMPORAL,FULL,1028,seed1027,16,policy,CT_correct_novel,7,0,0,7,0,0
TAO_TRAIN_GT_CONTROLLED_HELDOUT,A0_RAW,A1_SELECTED,1028,seed1028,1,representation,standard_correct_all,223,122,0,93,8,122
TAO_TRAIN_GT_CONTROLLED_HELDOUT,A0_RAW,A1_SELECTED,1028,seed1028,1,representation,standard_correct_known,207,122,0,85,0,122
TAO_TRAIN_GT_CONTROLLED_HELDOUT,A0_RAW,A1_SELECTED,1028,seed1028,1,representation,standard_correct_novel,16,0,0,8,8,0
TAO_TRAIN_GT_CONTROLLED_HELDOUT,A0_RAW,A1_SELECTED,1028,seed1028,1,representation,CT_correct_all,7,1,3,3,0,-2
TAO_TRAIN_GT_CONTROLLED_HELDOUT,A0_RAW,A1_SELECTED,1028,seed1028,1,representation,CT_correct_known,0,0,0,0,0,0
TAO_TRAIN_GT_CONTROLLED_HELDOUT,A0_RAW,A1_SELECTED,1028,seed1028,1,representation,CT_correct_novel,7,1,3,3,0,-2
TAO_TRAIN_GT_CONTROLLED_HELDOUT,A0_RAW,A2_EVIDENCE,1028,seed1028,1,representation,standard_correct_all,223,85,1,130,7,84
TAO_TRAIN_GT_CONTROLLED_HELDOUT,A0_RAW,A2_EVIDENCE,1028,seed1028,1,representation,standard_correct_known,207,84,0,123,0,84
TAO_TRAIN_GT_CONTROLLED_HELDOUT,A0_RAW,A2_EVIDENCE,1028,seed1028,1,representation,standard_correct_novel,16,1,1,7,7,0
TAO_TRAIN_GT_CONTROLLED_HELDOUT,A0_RAW,A2_EVIDENCE,1028,seed1028,1,representation,CT_correct_all,7,1,3,3,0,-2
TAO_TRAIN_GT_CONTROLLED_HELDOUT,A0_RAW,A2_EVIDENCE,1028,seed1028,1,representation,CT_correct_known,0,0,0,0,0,0
TAO_TRAIN_GT_CONTROLLED_HELDOUT,A0_RAW,A2_EVIDENCE,1028,seed1028,1,representation,CT_correct_novel,7,1,3,3,0,-2
TAO_TRAIN_GT_CONTROLLED_HELDOUT,A0_RAW,A2_CAPACITY_CONTROL,1028,seed1028,1,representation,standard_correct_all,223,83,1,132,7,82
TAO_TRAIN_GT_CONTROLLED_HELDOUT,A0_RAW,A2_CAPACITY_CONTROL,1028,seed1028,1,representation,standard_correct_known,207,82,0,125,0,82
TAO_TRAIN_GT_CONTROLLED_HELDOUT,A0_RAW,A2_CAPACITY_CONTROL,1028,seed1028,1,representation,standard_correct_novel,16,1,1,7,7,0
TAO_TRAIN_GT_CONTROLLED_HELDOUT,A0_RAW,A2_CAPACITY_CONTROL,1028,seed1028,1,representation,CT_correct_all,7,1,3,3,0,-2
TAO_TRAIN_GT_CONTROLLED_HELDOUT,A0_RAW,A2_CAPACITY_CONTROL,1028,seed1028,1,representation,CT_correct_known,0,0,0,0,0,0
TAO_TRAIN_GT_CONTROLLED_HELDOUT,A0_RAW,A2_CAPACITY_CONTROL,1028,seed1028,1,representation,CT_correct_novel,7,1,3,3,0,-2
TAO_TRAIN_GT_CONTROLLED_HELDOUT,A1_SELECTED,A2_EVIDENCE,1028,seed1028,1,representation,standard_correct_all,223,2,40,91,90,-38
TAO_TRAIN_GT_CONTROLLED_HELDOUT,A1_SELECTED,A2_EVIDENCE,1028,seed1028,1,representation,standard_correct_known,207,1,39,84,83,-38
TAO_TRAIN_GT_CONTROLLED_HELDOUT,A1_SELECTED,A2_EVIDENCE,1028,seed1028,1,representation,standard_correct_novel,16,1,1,7,7,0
TAO_TRAIN_GT_CONTROLLED_HELDOUT,A1_SELECTED,A2_EVIDENCE,1028,seed1028,1,representation,CT_correct_all,7,0,0,6,1,0
TAO_TRAIN_GT_CONTROLLED_HELDOUT,A1_SELECTED,A2_EVIDENCE,1028,seed1028,1,representation,CT_correct_known,0,0,0,0,0,0
TAO_TRAIN_GT_CONTROLLED_HELDOUT,A1_SELECTED,A2_EVIDENCE,1028,seed1028,1,representation,CT_correct_novel,7,0,0,6,1,0
TAO_TRAIN_GT_CONTROLLED_HELDOUT,A1_SELECTED,A2_CAPACITY_CONTROL,1028,seed1028,1,representation,standard_correct_all,223,1,41,92,89,-40
TAO_TRAIN_GT_CONTROLLED_HELDOUT,A1_SELECTED,A2_CAPACITY_CONTROL,1028,seed1028,1,representation,standard_correct_known,207,0,40,85,82,-40
TAO_TRAIN_GT_CONTROLLED_HELDOUT,A1_SELECTED,A2_CAPACITY_CONTROL,1028,seed1028,1,representation,standard_correct_novel,16,1,1,7,7,0
TAO_TRAIN_GT_CONTROLLED_HELDOUT,A1_SELECTED,A2_CAPACITY_CONTROL,1028,seed1028,1,representation,CT_correct_all,7,0,0,6,1,0
TAO_TRAIN_GT_CONTROLLED_HELDOUT,A1_SELECTED,A2_CAPACITY_CONTROL,1028,seed1028,1,representation,CT_correct_known,0,0,0,0,0,0
TAO_TRAIN_GT_CONTROLLED_HELDOUT,A1_SELECTED,A2_CAPACITY_CONTROL,1028,seed1028,1,representation,CT_correct_novel,7,0,0,6,1,0
TAO_TRAIN_GT_CONTROLLED_HELDOUT,D1_SIMPLE_MLP,D2_RISK_AWARE,1028,seed1028,1,policy,standard_correct_all,223,88,1,76,58,87
TAO_TRAIN_GT_CONTROLLED_HELDOUT,D1_SIMPLE_MLP,D2_RISK_AWARE,1028,seed1028,1,policy,standard_correct_known,207,88,0,61,58,88
TAO_TRAIN_GT_CONTROLLED_HELDOUT,D1_SIMPLE_MLP,D2_RISK_AWARE,1028,seed1028,1,policy,standard_correct_novel,16,0,1,15,0,-1
TAO_TRAIN_GT_CONTROLLED_HELDOUT,D1_SIMPLE_MLP,D2_RISK_AWARE,1028,seed1028,1,policy,CT_correct_all,7,0,0,7,0,0
TAO_TRAIN_GT_CONTROLLED_HELDOUT,D1_SIMPLE_MLP,D2_RISK_AWARE,1028,seed1028,1,policy,CT_correct_known,0,0,0,0,0,0
TAO_TRAIN_GT_CONTROLLED_HELDOUT,D1_SIMPLE_MLP,D2_RISK_AWARE,1028,seed1028,1,policy,CT_correct_novel,7,0,0,7,0,0
TAO_TRAIN_GT_CONTROLLED_HELDOUT,WITHOUT_RISK,FULL,1028,seed1028,1,policy,standard_correct_all,223,91,3,72,57,88
TAO_TRAIN_GT_CONTROLLED_HELDOUT,WITHOUT_RISK,FULL,1028,seed1028,1,policy,standard_correct_known,207,91,0,59,57,91
TAO_TRAIN_GT_CONTROLLED_HELDOUT,WITHOUT_RISK,FULL,1028,seed1028,1,policy,standard_correct_novel,16,0,3,13,0,-3
TAO_TRAIN_GT_CONTROLLED_HELDOUT,WITHOUT_RISK,FULL,1028,seed1028,1,policy,CT_correct_all,7,0,0,7,0,0
TAO_TRAIN_GT_CONTROLLED_HELDOUT,WITHOUT_RISK,FULL,1028,seed1028,1,policy,CT_correct_known,0,0,0,0,0,0
TAO_TRAIN_GT_CONTROLLED_HELDOUT,WITHOUT_RISK,FULL,1028,seed1028,1,policy,CT_correct_novel,7,0,0,7,0,0
TAO_TRAIN_GT_CONTROLLED_HELDOUT,WITHOUT_TEMPORAL,FULL,1028,seed1028,1,policy,standard_correct_all,223,2,0,75,146,2
TAO_TRAIN_GT_CONTROLLED_HELDOUT,WITHOUT_TEMPORAL,FULL,1028,seed1028,1,policy,standard_correct_known,207,2,0,59,146,2
TAO_TRAIN_GT_CONTROLLED_HELDOUT,WITHOUT_TEMPORAL,FULL,1028,seed1028,1,policy,standard_correct_novel,16,0,0,16,0,0
TAO_TRAIN_GT_CONTROLLED_HELDOUT,WITHOUT_TEMPORAL,FULL,1028,seed1028,1,policy,CT_correct_all,7,0,0,7,0,0
TAO_TRAIN_GT_CONTROLLED_HELDOUT,WITHOUT_TEMPORAL,FULL,1028,seed1028,1,policy,CT_correct_known,0,0,0,0,0,0
TAO_TRAIN_GT_CONTROLLED_HELDOUT,WITHOUT_TEMPORAL,FULL,1028,seed1028,1,policy,CT_correct_novel,7,0,0,7,0,0
TAO_TRAIN_GT_CONTROLLED_HELDOUT,A0_RAW,A1_SELECTED,1028,seed1028,2,representation,standard_correct_all,223,139,4,76,4,135
TAO_TRAIN_GT_CONTROLLED_HELDOUT,A0_RAW,A1_SELECTED,1028,seed1028,2,representation,standard_correct_known,207,134,0,73,0,134
TAO_TRAIN_GT_CONTROLLED_HELDOUT,A0_RAW,A1_SELECTED,1028,seed1028,2,representation,standard_correct_novel,16,5,4,3,4,1
TAO_TRAIN_GT_CONTROLLED_HELDOUT,A0_RAW,A1_SELECTED,1028,seed1028,2,representation,CT_correct_all,7,1,3,3,0,-2
TAO_TRAIN_GT_CONTROLLED_HELDOUT,A0_RAW,A1_SELECTED,1028,seed1028,2,representation,CT_correct_known,0,0,0,0,0,0
TAO_TRAIN_GT_CONTROLLED_HELDOUT,A0_RAW,A1_SELECTED,1028,seed1028,2,representation,CT_correct_novel,7,1,3,3,0,-2
TAO_TRAIN_GT_CONTROLLED_HELDOUT,A0_RAW,A2_EVIDENCE,1028,seed1028,2,representation,standard_correct_all,223,95,1,120,7,94
TAO_TRAIN_GT_CONTROLLED_HELDOUT,A0_RAW,A2_EVIDENCE,1028,seed1028,2,representation,standard_correct_known,207,94,0,113,0,94
TAO_TRAIN_GT_CONTROLLED_HELDOUT,A0_RAW,A2_EVIDENCE,1028,seed1028,2,representation,standard_correct_novel,16,1,1,7,7,0
TAO_TRAIN_GT_CONTROLLED_HELDOUT,A0_RAW,A2_EVIDENCE,1028,seed1028,2,representation,CT_correct_all,7,0,3,4,0,-3
TAO_TRAIN_GT_CONTROLLED_HELDOUT,A0_RAW,A2_EVIDENCE,1028,seed1028,2,representation,CT_correct_known,0,0,0,0,0,0
TAO_TRAIN_GT_CONTROLLED_HELDOUT,A0_RAW,A2_EVIDENCE,1028,seed1028,2,representation,CT_correct_novel,7,0,3,4,0,-3
TAO_TRAIN_GT_CONTROLLED_HELDOUT,A0_RAW,A2_CAPACITY_CONTROL,1028,seed1028,2,representation,standard_correct_all,223,98,1,117,7,97
TAO_TRAIN_GT_CONTROLLED_HELDOUT,A0_RAW,A2_CAPACITY_CONTROL,1028,seed1028,2,representation,standard_correct_known,207,97,0,110,0,97
TAO_TRAIN_GT_CONTROLLED_HELDOUT,A0_RAW,A2_CAPACITY_CONTROL,1028,seed1028,2,representation,standard_correct_novel,16,1,1,7,7,0
TAO_TRAIN_GT_CONTROLLED_HELDOUT,A0_RAW,A2_CAPACITY_CONTROL,1028,seed1028,2,representation,CT_correct_all,7,0,3,4,0,-3
TAO_TRAIN_GT_CONTROLLED_HELDOUT,A0_RAW,A2_CAPACITY_CONTROL,1028,seed1028,2,representation,CT_correct_known,0,0,0,0,0,0
TAO_TRAIN_GT_CONTROLLED_HELDOUT,A0_RAW,A2_CAPACITY_CONTROL,1028,seed1028,2,representation,CT_correct_novel,7,0,3,4,0,-3
TAO_TRAIN_GT_CONTROLLED_HELDOUT,A1_SELECTED,A2_EVIDENCE,1028,seed1028,2,representation,standard_correct_all,223,3,44,77,99,-41
TAO_TRAIN_GT_CONTROLLED_HELDOUT,A1_SELECTED,A2_EVIDENCE,1028,seed1028,2,representation,standard_correct_known,207,0,40,73,94,-40
TAO_TRAIN_GT_CONTROLLED_HELDOUT,A1_SELECTED,A2_EVIDENCE,1028,seed1028,2,representation,standard_correct_novel,16,3,4,4,5,-1
TAO_TRAIN_GT_CONTROLLED_HELDOUT,A1_SELECTED,A2_EVIDENCE,1028,seed1028,2,representation,CT_correct_all,7,0,1,6,0,-1
TAO_TRAIN_GT_CONTROLLED_HELDOUT,A1_SELECTED,A2_EVIDENCE,1028,seed1028,2,representation,CT_correct_known,0,0,0,0,0,0
TAO_TRAIN_GT_CONTROLLED_HELDOUT,A1_SELECTED,A2_EVIDENCE,1028,seed1028,2,representation,CT_correct_novel,7,0,1,6,0,-1
TAO_TRAIN_GT_CONTROLLED_HELDOUT,A1_SELECTED,A2_CAPACITY_CONTROL,1028,seed1028,2,representation,standard_correct_all,223,3,41,77,102,-38
TAO_TRAIN_GT_CONTROLLED_HELDOUT,A1_SELECTED,A2_CAPACITY_CONTROL,1028,seed1028,2,representation,standard_correct_known,207,0,37,73,97,-37
TAO_TRAIN_GT_CONTROLLED_HELDOUT,A1_SELECTED,A2_CAPACITY_CONTROL,1028,seed1028,2,representation,standard_correct_novel,16,3,4,4,5,-1
TAO_TRAIN_GT_CONTROLLED_HELDOUT,A1_SELECTED,A2_CAPACITY_CONTROL,1028,seed1028,2,representation,CT_correct_all,7,0,1,6,0,-1
TAO_TRAIN_GT_CONTROLLED_HELDOUT,A1_SELECTED,A2_CAPACITY_CONTROL,1028,seed1028,2,representation,CT_correct_known,0,0,0,0,0,0
TAO_TRAIN_GT_CONTROLLED_HELDOUT,A1_SELECTED,A2_CAPACITY_CONTROL,1028,seed1028,2,representation,CT_correct_novel,7,0,1,6,0,-1
TAO_TRAIN_GT_CONTROLLED_HELDOUT,D1_SIMPLE_MLP,D2_RISK_AWARE,1028,seed1028,2,policy,standard_correct_all,223,59,1,72,91,58
TAO_TRAIN_GT_CONTROLLED_HELDOUT,D1_SIMPLE_MLP,D2_RISK_AWARE,1028,seed1028,2,policy,standard_correct_known,207,59,0,57,91,59
TAO_TRAIN_GT_CONTROLLED_HELDOUT,D1_SIMPLE_MLP,D2_RISK_AWARE,1028,seed1028,2,policy,standard_correct_novel,16,0,1,15,0,-1
TAO_TRAIN_GT_CONTROLLED_HELDOUT,D1_SIMPLE_MLP,D2_RISK_AWARE,1028,seed1028,2,policy,CT_correct_all,7,0,0,7,0,0
TAO_TRAIN_GT_CONTROLLED_HELDOUT,D1_SIMPLE_MLP,D2_RISK_AWARE,1028,seed1028,2,policy,CT_correct_known,0,0,0,0,0,0
TAO_TRAIN_GT_CONTROLLED_HELDOUT,D1_SIMPLE_MLP,D2_RISK_AWARE,1028,seed1028,2,policy,CT_correct_novel,7,0,0,7,0,0
TAO_TRAIN_GT_CONTROLLED_HELDOUT,WITHOUT_RISK,FULL,1028,seed1028,2,policy,standard_correct_all,223,62,1,71,89,61
TAO_TRAIN_GT_CONTROLLED_HELDOUT,WITHOUT_RISK,FULL,1028,seed1028,2,policy,standard_correct_known,207,62,0,56,89,62
TAO_TRAIN_GT_CONTROLLED_HELDOUT,WITHOUT_RISK,FULL,1028,seed1028,2,policy,standard_correct_novel,16,0,1,15,0,-1
TAO_TRAIN_GT_CONTROLLED_HELDOUT,WITHOUT_RISK,FULL,1028,seed1028,2,policy,CT_correct_all,7,0,0,7,0,0
TAO_TRAIN_GT_CONTROLLED_HELDOUT,WITHOUT_RISK,FULL,1028,seed1028,2,policy,CT_correct_known,0,0,0,0,0,0
TAO_TRAIN_GT_CONTROLLED_HELDOUT,WITHOUT_RISK,FULL,1028,seed1028,2,policy,CT_correct_novel,7,0,0,7,0,0
TAO_TRAIN_GT_CONTROLLED_HELDOUT,WITHOUT_TEMPORAL,FULL,1028,seed1028,2,policy,standard_correct_all,223,1,0,72,150,1
TAO_TRAIN_GT_CONTROLLED_HELDOUT,WITHOUT_TEMPORAL,FULL,1028,seed1028,2,policy,standard_correct_known,207,1,0,56,150,1
TAO_TRAIN_GT_CONTROLLED_HELDOUT,WITHOUT_TEMPORAL,FULL,1028,seed1028,2,policy,standard_correct_novel,16,0,0,16,0,0
TAO_TRAIN_GT_CONTROLLED_HELDOUT,WITHOUT_TEMPORAL,FULL,1028,seed1028,2,policy,CT_correct_all,7,0,0,7,0,0
TAO_TRAIN_GT_CONTROLLED_HELDOUT,WITHOUT_TEMPORAL,FULL,1028,seed1028,2,policy,CT_correct_known,0,0,0,0,0,0
TAO_TRAIN_GT_CONTROLLED_HELDOUT,WITHOUT_TEMPORAL,FULL,1028,seed1028,2,policy,CT_correct_novel,7,0,0,7,0,0
TAO_TRAIN_GT_CONTROLLED_HELDOUT,A0_RAW,A1_SELECTED,1028,seed1028,4,representation,standard_correct_all,223,141,3,74,5,138
TAO_TRAIN_GT_CONTROLLED_HELDOUT,A0_RAW,A1_SELECTED,1028,seed1028,4,representation,standard_correct_known,207,137,0,70,0,137
TAO_TRAIN_GT_CONTROLLED_HELDOUT,A0_RAW,A1_SELECTED,1028,seed1028,4,representation,standard_correct_novel,16,4,3,4,5,1
TAO_TRAIN_GT_CONTROLLED_HELDOUT,A0_RAW,A1_SELECTED,1028,seed1028,4,representation,CT_correct_all,7,0,3,4,0,-3
TAO_TRAIN_GT_CONTROLLED_HELDOUT,A0_RAW,A1_SELECTED,1028,seed1028,4,representation,CT_correct_known,0,0,0,0,0,0
TAO_TRAIN_GT_CONTROLLED_HELDOUT,A0_RAW,A1_SELECTED,1028,seed1028,4,representation,CT_correct_novel,7,0,3,4,0,-3
TAO_TRAIN_GT_CONTROLLED_HELDOUT,A0_RAW,A2_EVIDENCE,1028,seed1028,4,representation,standard_correct_all,223,97,4,118,4,93
TAO_TRAIN_GT_CONTROLLED_HELDOUT,A0_RAW,A2_EVIDENCE,1028,seed1028,4,representation,standard_correct_known,207,93,0,114,0,93
TAO_TRAIN_GT_CONTROLLED_HELDOUT,A0_RAW,A2_EVIDENCE,1028,seed1028,4,representation,standard_correct_novel,16,4,4,4,4,0
TAO_TRAIN_GT_CONTROLLED_HELDOUT,A0_RAW,A2_EVIDENCE,1028,seed1028,4,representation,CT_correct_all,7,0,3,4,0,-3
TAO_TRAIN_GT_CONTROLLED_HELDOUT,A0_RAW,A2_EVIDENCE,1028,seed1028,4,representation,CT_correct_known,0,0,0,0,0,0
TAO_TRAIN_GT_CONTROLLED_HELDOUT,A0_RAW,A2_EVIDENCE,1028,seed1028,4,representation,CT_correct_novel,7,0,3,4,0,-3
TAO_TRAIN_GT_CONTROLLED_HELDOUT,A0_RAW,A2_CAPACITY_CONTROL,1028,seed1028,4,representation,standard_correct_all,223,95,4,120,4,91
TAO_TRAIN_GT_CONTROLLED_HELDOUT,A0_RAW,A2_CAPACITY_CONTROL,1028,seed1028,4,representation,standard_correct_known,207,90,0,117,0,90
TAO_TRAIN_GT_CONTROLLED_HELDOUT,A0_RAW,A2_CAPACITY_CONTROL,1028,seed1028,4,representation,standard_correct_novel,16,5,4,3,4,1
TAO_TRAIN_GT_CONTROLLED_HELDOUT,A0_RAW,A2_CAPACITY_CONTROL,1028,seed1028,4,representation,CT_correct_all,7,0,3,4,0,-3
TAO_TRAIN_GT_CONTROLLED_HELDOUT,A0_RAW,A2_CAPACITY_CONTROL,1028,seed1028,4,representation,CT_correct_known,0,0,0,0,0,0
TAO_TRAIN_GT_CONTROLLED_HELDOUT,A0_RAW,A2_CAPACITY_CONTROL,1028,seed1028,4,representation,CT_correct_novel,7,0,3,4,0,-3
TAO_TRAIN_GT_CONTROLLED_HELDOUT,A1_SELECTED,A2_EVIDENCE,1028,seed1028,4,representation,standard_correct_all,223,2,47,75,99,-45
TAO_TRAIN_GT_CONTROLLED_HELDOUT,A1_SELECTED,A2_EVIDENCE,1028,seed1028,4,representation,standard_correct_known,207,1,45,69,92,-44
TAO_TRAIN_GT_CONTROLLED_HELDOUT,A1_SELECTED,A2_EVIDENCE,1028,seed1028,4,representation,standard_correct_novel,16,1,2,6,7,-1
TAO_TRAIN_GT_CONTROLLED_HELDOUT,A1_SELECTED,A2_EVIDENCE,1028,seed1028,4,representation,CT_correct_all,7,0,0,7,0,0
TAO_TRAIN_GT_CONTROLLED_HELDOUT,A1_SELECTED,A2_EVIDENCE,1028,seed1028,4,representation,CT_correct_known,0,0,0,0,0,0
TAO_TRAIN_GT_CONTROLLED_HELDOUT,A1_SELECTED,A2_EVIDENCE,1028,seed1028,4,representation,CT_correct_novel,7,0,0,7,0,0
TAO_TRAIN_GT_CONTROLLED_HELDOUT,A1_SELECTED,A2_CAPACITY_CONTROL,1028,seed1028,4,representation,standard_correct_all,223,1,48,76,98,-47
TAO_TRAIN_GT_CONTROLLED_HELDOUT,A1_SELECTED,A2_CAPACITY_CONTROL,1028,seed1028,4,representation,standard_correct_known,207,0,47,70,90,-47
TAO_TRAIN_GT_CONTROLLED_HELDOUT,A1_SELECTED,A2_CAPACITY_CONTROL,1028,seed1028,4,representation,standard_correct_novel,16,1,1,6,8,0
TAO_TRAIN_GT_CONTROLLED_HELDOUT,A1_SELECTED,A2_CAPACITY_CONTROL,1028,seed1028,4,representation,CT_correct_all,7,0,0,7,0,0
TAO_TRAIN_GT_CONTROLLED_HELDOUT,A1_SELECTED,A2_CAPACITY_CONTROL,1028,seed1028,4,representation,CT_correct_known,0,0,0,0,0,0
TAO_TRAIN_GT_CONTROLLED_HELDOUT,A1_SELECTED,A2_CAPACITY_CONTROL,1028,seed1028,4,representation,CT_correct_novel,7,0,0,7,0,0
TAO_TRAIN_GT_CONTROLLED_HELDOUT,D1_SIMPLE_MLP,D2_RISK_AWARE,1028,seed1028,4,policy,standard_correct_all,223,80,1,65,77,79
TAO_TRAIN_GT_CONTROLLED_HELDOUT,D1_SIMPLE_MLP,D2_RISK_AWARE,1028,seed1028,4,policy,standard_correct_known,207,80,0,50,77,80
TAO_TRAIN_GT_CONTROLLED_HELDOUT,D1_SIMPLE_MLP,D2_RISK_AWARE,1028,seed1028,4,policy,standard_correct_novel,16,0,1,15,0,-1
TAO_TRAIN_GT_CONTROLLED_HELDOUT,D1_SIMPLE_MLP,D2_RISK_AWARE,1028,seed1028,4,policy,CT_correct_all,7,0,0,7,0,0
TAO_TRAIN_GT_CONTROLLED_HELDOUT,D1_SIMPLE_MLP,D2_RISK_AWARE,1028,seed1028,4,policy,CT_correct_known,0,0,0,0,0,0
TAO_TRAIN_GT_CONTROLLED_HELDOUT,D1_SIMPLE_MLP,D2_RISK_AWARE,1028,seed1028,4,policy,CT_correct_novel,7,0,0,7,0,0
TAO_TRAIN_GT_CONTROLLED_HELDOUT,WITHOUT_RISK,FULL,1028,seed1028,4,policy,standard_correct_all,223,68,1,67,87,67
TAO_TRAIN_GT_CONTROLLED_HELDOUT,WITHOUT_RISK,FULL,1028,seed1028,4,policy,standard_correct_known,207,68,0,52,87,68
TAO_TRAIN_GT_CONTROLLED_HELDOUT,WITHOUT_RISK,FULL,1028,seed1028,4,policy,standard_correct_novel,16,0,1,15,0,-1
TAO_TRAIN_GT_CONTROLLED_HELDOUT,WITHOUT_RISK,FULL,1028,seed1028,4,policy,CT_correct_all,7,0,0,7,0,0
TAO_TRAIN_GT_CONTROLLED_HELDOUT,WITHOUT_RISK,FULL,1028,seed1028,4,policy,CT_correct_known,0,0,0,0,0,0
TAO_TRAIN_GT_CONTROLLED_HELDOUT,WITHOUT_RISK,FULL,1028,seed1028,4,policy,CT_correct_novel,7,0,0,7,0,0
TAO_TRAIN_GT_CONTROLLED_HELDOUT,WITHOUT_TEMPORAL,FULL,1028,seed1028,4,policy,standard_correct_all,223,1,3,65,154,-2
TAO_TRAIN_GT_CONTROLLED_HELDOUT,WITHOUT_TEMPORAL,FULL,1028,seed1028,4,policy,standard_correct_known,207,1,3,49,154,-2
TAO_TRAIN_GT_CONTROLLED_HELDOUT,WITHOUT_TEMPORAL,FULL,1028,seed1028,4,policy,standard_correct_novel,16,0,0,16,0,0
TAO_TRAIN_GT_CONTROLLED_HELDOUT,WITHOUT_TEMPORAL,FULL,1028,seed1028,4,policy,CT_correct_all,7,0,0,7,0,0
TAO_TRAIN_GT_CONTROLLED_HELDOUT,WITHOUT_TEMPORAL,FULL,1028,seed1028,4,policy,CT_correct_known,0,0,0,0,0,0
TAO_TRAIN_GT_CONTROLLED_HELDOUT,WITHOUT_TEMPORAL,FULL,1028,seed1028,4,policy,CT_correct_novel,7,0,0,7,0,0
TAO_TRAIN_GT_CONTROLLED_HELDOUT,A0_RAW,A1_SELECTED,1028,seed1028,8,representation,standard_correct_all,223,138,7,76,2,131
TAO_TRAIN_GT_CONTROLLED_HELDOUT,A0_RAW,A1_SELECTED,1028,seed1028,8,representation,standard_correct_known,207,133,0,73,1,133
TAO_TRAIN_GT_CONTROLLED_HELDOUT,A0_RAW,A1_SELECTED,1028,seed1028,8,representation,standard_correct_novel,16,5,7,3,1,-2
TAO_TRAIN_GT_CONTROLLED_HELDOUT,A0_RAW,A1_SELECTED,1028,seed1028,8,representation,CT_correct_all,7,1,3,3,0,-2
TAO_TRAIN_GT_CONTROLLED_HELDOUT,A0_RAW,A1_SELECTED,1028,seed1028,8,representation,CT_correct_known,0,0,0,0,0,0
TAO_TRAIN_GT_CONTROLLED_HELDOUT,A0_RAW,A1_SELECTED,1028,seed1028,8,representation,CT_correct_novel,7,1,3,3,0,-2
TAO_TRAIN_GT_CONTROLLED_HELDOUT,A0_RAW,A2_EVIDENCE,1028,seed1028,8,representation,standard_correct_all,223,95,0,119,9,95
TAO_TRAIN_GT_CONTROLLED_HELDOUT,A0_RAW,A2_EVIDENCE,1028,seed1028,8,representation,standard_correct_known,207,95,0,111,1,95
TAO_TRAIN_GT_CONTROLLED_HELDOUT,A0_RAW,A2_EVIDENCE,1028,seed1028,8,representation,standard_correct_novel,16,0,0,8,8,0
TAO_TRAIN_GT_CONTROLLED_HELDOUT,A0_RAW,A2_EVIDENCE,1028,seed1028,8,representation,CT_correct_all,7,0,3,4,0,-3
TAO_TRAIN_GT_CONTROLLED_HELDOUT,A0_RAW,A2_EVIDENCE,1028,seed1028,8,representation,CT_correct_known,0,0,0,0,0,0
TAO_TRAIN_GT_CONTROLLED_HELDOUT,A0_RAW,A2_EVIDENCE,1028,seed1028,8,representation,CT_correct_novel,7,0,3,4,0,-3
TAO_TRAIN_GT_CONTROLLED_HELDOUT,A0_RAW,A2_CAPACITY_CONTROL,1028,seed1028,8,representation,standard_correct_all,223,98,1,116,8,97
TAO_TRAIN_GT_CONTROLLED_HELDOUT,A0_RAW,A2_CAPACITY_CONTROL,1028,seed1028,8,representation,standard_correct_known,207,97,0,109,1,97
TAO_TRAIN_GT_CONTROLLED_HELDOUT,A0_RAW,A2_CAPACITY_CONTROL,1028,seed1028,8,representation,standard_correct_novel,16,1,1,7,7,0
TAO_TRAIN_GT_CONTROLLED_HELDOUT,A0_RAW,A2_CAPACITY_CONTROL,1028,seed1028,8,representation,CT_correct_all,7,0,3,4,0,-3
TAO_TRAIN_GT_CONTROLLED_HELDOUT,A0_RAW,A2_CAPACITY_CONTROL,1028,seed1028,8,representation,CT_correct_known,0,0,0,0,0,0
TAO_TRAIN_GT_CONTROLLED_HELDOUT,A0_RAW,A2_CAPACITY_CONTROL,1028,seed1028,8,representation,CT_correct_novel,7,0,3,4,0,-3
TAO_TRAIN_GT_CONTROLLED_HELDOUT,A1_SELECTED,A2_EVIDENCE,1028,seed1028,8,representation,standard_correct_all,223,7,43,76,97,-36
TAO_TRAIN_GT_CONTROLLED_HELDOUT,A1_SELECTED,A2_EVIDENCE,1028,seed1028,8,representation,standard_correct_known,207,0,38,73,96,-38
TAO_TRAIN_GT_CONTROLLED_HELDOUT,A1_SELECTED,A2_EVIDENCE,1028,seed1028,8,representation,standard_correct_novel,16,7,5,3,1,2
TAO_TRAIN_GT_CONTROLLED_HELDOUT,A1_SELECTED,A2_EVIDENCE,1028,seed1028,8,representation,CT_correct_all,7,0,1,6,0,-1
TAO_TRAIN_GT_CONTROLLED_HELDOUT,A1_SELECTED,A2_EVIDENCE,1028,seed1028,8,representation,CT_correct_known,0,0,0,0,0,0
TAO_TRAIN_GT_CONTROLLED_HELDOUT,A1_SELECTED,A2_EVIDENCE,1028,seed1028,8,representation,CT_correct_novel,7,0,1,6,0,-1
TAO_TRAIN_GT_CONTROLLED_HELDOUT,A1_SELECTED,A2_CAPACITY_CONTROL,1028,seed1028,8,representation,standard_correct_all,223,8,42,75,98,-34
TAO_TRAIN_GT_CONTROLLED_HELDOUT,A1_SELECTED,A2_CAPACITY_CONTROL,1028,seed1028,8,representation,standard_correct_known,207,1,37,72,97,-36
TAO_TRAIN_GT_CONTROLLED_HELDOUT,A1_SELECTED,A2_CAPACITY_CONTROL,1028,seed1028,8,representation,standard_correct_novel,16,7,5,3,1,2
TAO_TRAIN_GT_CONTROLLED_HELDOUT,A1_SELECTED,A2_CAPACITY_CONTROL,1028,seed1028,8,representation,CT_correct_all,7,0,1,6,0,-1
TAO_TRAIN_GT_CONTROLLED_HELDOUT,A1_SELECTED,A2_CAPACITY_CONTROL,1028,seed1028,8,representation,CT_correct_known,0,0,0,0,0,0
TAO_TRAIN_GT_CONTROLLED_HELDOUT,A1_SELECTED,A2_CAPACITY_CONTROL,1028,seed1028,8,representation,CT_correct_novel,7,0,1,6,0,-1
TAO_TRAIN_GT_CONTROLLED_HELDOUT,D1_SIMPLE_MLP,D2_RISK_AWARE,1028,seed1028,8,policy,standard_correct_all,223,84,1,63,75,83
TAO_TRAIN_GT_CONTROLLED_HELDOUT,D1_SIMPLE_MLP,D2_RISK_AWARE,1028,seed1028,8,policy,standard_correct_known,207,84,0,48,75,84
TAO_TRAIN_GT_CONTROLLED_HELDOUT,D1_SIMPLE_MLP,D2_RISK_AWARE,1028,seed1028,8,policy,standard_correct_novel,16,0,1,15,0,-1
TAO_TRAIN_GT_CONTROLLED_HELDOUT,D1_SIMPLE_MLP,D2_RISK_AWARE,1028,seed1028,8,policy,CT_correct_all,7,0,0,7,0,0
TAO_TRAIN_GT_CONTROLLED_HELDOUT,D1_SIMPLE_MLP,D2_RISK_AWARE,1028,seed1028,8,policy,CT_correct_known,0,0,0,0,0,0
TAO_TRAIN_GT_CONTROLLED_HELDOUT,D1_SIMPLE_MLP,D2_RISK_AWARE,1028,seed1028,8,policy,CT_correct_novel,7,0,0,7,0,0
TAO_TRAIN_GT_CONTROLLED_HELDOUT,WITHOUT_RISK,FULL,1028,seed1028,8,policy,standard_correct_all,223,82,2,63,76,80
TAO_TRAIN_GT_CONTROLLED_HELDOUT,WITHOUT_RISK,FULL,1028,seed1028,8,policy,standard_correct_known,207,82,0,49,76,82
TAO_TRAIN_GT_CONTROLLED_HELDOUT,WITHOUT_RISK,FULL,1028,seed1028,8,policy,standard_correct_novel,16,0,2,14,0,-2
TAO_TRAIN_GT_CONTROLLED_HELDOUT,WITHOUT_RISK,FULL,1028,seed1028,8,policy,CT_correct_all,7,0,0,7,0,0
TAO_TRAIN_GT_CONTROLLED_HELDOUT,WITHOUT_RISK,FULL,1028,seed1028,8,policy,CT_correct_known,0,0,0,0,0,0
TAO_TRAIN_GT_CONTROLLED_HELDOUT,WITHOUT_RISK,FULL,1028,seed1028,8,policy,CT_correct_novel,7,0,0,7,0,0
TAO_TRAIN_GT_CONTROLLED_HELDOUT,WITHOUT_TEMPORAL,FULL,1028,seed1028,8,policy,standard_correct_all,223,0,1,64,158,-1
TAO_TRAIN_GT_CONTROLLED_HELDOUT,WITHOUT_TEMPORAL,FULL,1028,seed1028,8,policy,standard_correct_known,207,0,1,48,158,-1
TAO_TRAIN_GT_CONTROLLED_HELDOUT,WITHOUT_TEMPORAL,FULL,1028,seed1028,8,policy,standard_correct_novel,16,0,0,16,0,0
TAO_TRAIN_GT_CONTROLLED_HELDOUT,WITHOUT_TEMPORAL,FULL,1028,seed1028,8,policy,CT_correct_all,7,0,0,7,0,0
TAO_TRAIN_GT_CONTROLLED_HELDOUT,WITHOUT_TEMPORAL,FULL,1028,seed1028,8,policy,CT_correct_known,0,0,0,0,0,0
TAO_TRAIN_GT_CONTROLLED_HELDOUT,WITHOUT_TEMPORAL,FULL,1028,seed1028,8,policy,CT_correct_novel,7,0,0,7,0,0
TAO_TRAIN_GT_CONTROLLED_HELDOUT,A0_RAW,A1_SELECTED,1028,seed1028,16,representation,standard_correct_all,223,137,6,75,5,131
TAO_TRAIN_GT_CONTROLLED_HELDOUT,A0_RAW,A1_SELECTED,1028,seed1028,16,representation,standard_correct_known,207,134,0,71,2,134
TAO_TRAIN_GT_CONTROLLED_HELDOUT,A0_RAW,A1_SELECTED,1028,seed1028,16,representation,standard_correct_novel,16,3,6,4,3,-3
TAO_TRAIN_GT_CONTROLLED_HELDOUT,A0_RAW,A1_SELECTED,1028,seed1028,16,representation,CT_correct_all,7,0,4,3,0,-4
TAO_TRAIN_GT_CONTROLLED_HELDOUT,A0_RAW,A1_SELECTED,1028,seed1028,16,representation,CT_correct_known,0,0,0,0,0,0
TAO_TRAIN_GT_CONTROLLED_HELDOUT,A0_RAW,A1_SELECTED,1028,seed1028,16,representation,CT_correct_novel,7,0,4,3,0,-4
TAO_TRAIN_GT_CONTROLLED_HELDOUT,A0_RAW,A2_EVIDENCE,1028,seed1028,16,representation,standard_correct_all,223,104,5,108,6,99
TAO_TRAIN_GT_CONTROLLED_HELDOUT,A0_RAW,A2_EVIDENCE,1028,seed1028,16,representation,standard_correct_known,207,101,1,104,1,100
TAO_TRAIN_GT_CONTROLLED_HELDOUT,A0_RAW,A2_EVIDENCE,1028,seed1028,16,representation,standard_correct_novel,16,3,4,4,5,-1
TAO_TRAIN_GT_CONTROLLED_HELDOUT,A0_RAW,A2_EVIDENCE,1028,seed1028,16,representation,CT_correct_all,7,0,4,3,0,-4
TAO_TRAIN_GT_CONTROLLED_HELDOUT,A0_RAW,A2_EVIDENCE,1028,seed1028,16,representation,CT_correct_known,0,0,0,0,0,0
TAO_TRAIN_GT_CONTROLLED_HELDOUT,A0_RAW,A2_EVIDENCE,1028,seed1028,16,representation,CT_correct_novel,7,0,4,3,0,-4
TAO_TRAIN_GT_CONTROLLED_HELDOUT,A0_RAW,A2_CAPACITY_CONTROL,1028,seed1028,16,representation,standard_correct_all,223,104,4,108,7,100
TAO_TRAIN_GT_CONTROLLED_HELDOUT,A0_RAW,A2_CAPACITY_CONTROL,1028,seed1028,16,representation,standard_correct_known,207,100,1,105,1,99
TAO_TRAIN_GT_CONTROLLED_HELDOUT,A0_RAW,A2_CAPACITY_CONTROL,1028,seed1028,16,representation,standard_correct_novel,16,4,3,3,6,1
TAO_TRAIN_GT_CONTROLLED_HELDOUT,A0_RAW,A2_CAPACITY_CONTROL,1028,seed1028,16,representation,CT_correct_all,7,0,4,3,0,-4
TAO_TRAIN_GT_CONTROLLED_HELDOUT,A0_RAW,A2_CAPACITY_CONTROL,1028,seed1028,16,representation,CT_correct_known,0,0,0,0,0,0
TAO_TRAIN_GT_CONTROLLED_HELDOUT,A0_RAW,A2_CAPACITY_CONTROL,1028,seed1028,16,representation,CT_correct_novel,7,0,4,3,0,-4
TAO_TRAIN_GT_CONTROLLED_HELDOUT,A1_SELECTED,A2_EVIDENCE,1028,seed1028,16,representation,standard_correct_all,223,2,34,79,108,-32
TAO_TRAIN_GT_CONTROLLED_HELDOUT,A1_SELECTED,A2_EVIDENCE,1028,seed1028,16,representation,standard_correct_known,207,0,34,71,102,-34
TAO_TRAIN_GT_CONTROLLED_HELDOUT,A1_SELECTED,A2_EVIDENCE,1028,seed1028,16,representation,standard_correct_novel,16,2,0,8,6,2
TAO_TRAIN_GT_CONTROLLED_HELDOUT,A1_SELECTED,A2_EVIDENCE,1028,seed1028,16,representation,CT_correct_all,7,0,0,7,0,0
TAO_TRAIN_GT_CONTROLLED_HELDOUT,A1_SELECTED,A2_EVIDENCE,1028,seed1028,16,representation,CT_correct_known,0,0,0,0,0,0
TAO_TRAIN_GT_CONTROLLED_HELDOUT,A1_SELECTED,A2_EVIDENCE,1028,seed1028,16,representation,CT_correct_novel,7,0,0,7,0,0
TAO_TRAIN_GT_CONTROLLED_HELDOUT,A1_SELECTED,A2_CAPACITY_CONTROL,1028,seed1028,16,representation,standard_correct_all,223,4,35,77,107,-31
TAO_TRAIN_GT_CONTROLLED_HELDOUT,A1_SELECTED,A2_CAPACITY_CONTROL,1028,seed1028,16,representation,standard_correct_known,207,0,35,71,101,-35
TAO_TRAIN_GT_CONTROLLED_HELDOUT,A1_SELECTED,A2_CAPACITY_CONTROL,1028,seed1028,16,representation,standard_correct_novel,16,4,0,6,6,4
TAO_TRAIN_GT_CONTROLLED_HELDOUT,A1_SELECTED,A2_CAPACITY_CONTROL,1028,seed1028,16,representation,CT_correct_all,7,0,0,7,0,0
TAO_TRAIN_GT_CONTROLLED_HELDOUT,A1_SELECTED,A2_CAPACITY_CONTROL,1028,seed1028,16,representation,CT_correct_known,0,0,0,0,0,0
TAO_TRAIN_GT_CONTROLLED_HELDOUT,A1_SELECTED,A2_CAPACITY_CONTROL,1028,seed1028,16,representation,CT_correct_novel,7,0,0,7,0,0
TAO_TRAIN_GT_CONTROLLED_HELDOUT,D1_SIMPLE_MLP,D2_RISK_AWARE,1028,seed1028,16,policy,standard_correct_all,223,85,2,63,73,83
TAO_TRAIN_GT_CONTROLLED_HELDOUT,D1_SIMPLE_MLP,D2_RISK_AWARE,1028,seed1028,16,policy,standard_correct_known,207,85,0,49,73,85
TAO_TRAIN_GT_CONTROLLED_HELDOUT,D1_SIMPLE_MLP,D2_RISK_AWARE,1028,seed1028,16,policy,standard_correct_novel,16,0,2,14,0,-2
TAO_TRAIN_GT_CONTROLLED_HELDOUT,D1_SIMPLE_MLP,D2_RISK_AWARE,1028,seed1028,16,policy,CT_correct_all,7,0,0,7,0,0
TAO_TRAIN_GT_CONTROLLED_HELDOUT,D1_SIMPLE_MLP,D2_RISK_AWARE,1028,seed1028,16,policy,CT_correct_known,0,0,0,0,0,0
TAO_TRAIN_GT_CONTROLLED_HELDOUT,D1_SIMPLE_MLP,D2_RISK_AWARE,1028,seed1028,16,policy,CT_correct_novel,7,0,0,7,0,0
TAO_TRAIN_GT_CONTROLLED_HELDOUT,WITHOUT_RISK,FULL,1028,seed1028,16,policy,standard_correct_all,223,86,2,65,70,84
TAO_TRAIN_GT_CONTROLLED_HELDOUT,WITHOUT_RISK,FULL,1028,seed1028,16,policy,standard_correct_known,207,86,0,51,70,86
TAO_TRAIN_GT_CONTROLLED_HELDOUT,WITHOUT_RISK,FULL,1028,seed1028,16,policy,standard_correct_novel,16,0,2,14,0,-2
TAO_TRAIN_GT_CONTROLLED_HELDOUT,WITHOUT_RISK,FULL,1028,seed1028,16,policy,CT_correct_all,7,0,0,7,0,0
TAO_TRAIN_GT_CONTROLLED_HELDOUT,WITHOUT_RISK,FULL,1028,seed1028,16,policy,CT_correct_known,0,0,0,0,0,0
TAO_TRAIN_GT_CONTROLLED_HELDOUT,WITHOUT_RISK,FULL,1028,seed1028,16,policy,CT_correct_novel,7,0,0,7,0,0
TAO_TRAIN_GT_CONTROLLED_HELDOUT,WITHOUT_TEMPORAL,FULL,1028,seed1028,16,policy,standard_correct_all,223,0,2,65,156,-2
TAO_TRAIN_GT_CONTROLLED_HELDOUT,WITHOUT_TEMPORAL,FULL,1028,seed1028,16,policy,standard_correct_known,207,0,2,49,156,-2
TAO_TRAIN_GT_CONTROLLED_HELDOUT,WITHOUT_TEMPORAL,FULL,1028,seed1028,16,policy,standard_correct_novel,16,0,0,16,0,0
TAO_TRAIN_GT_CONTROLLED_HELDOUT,WITHOUT_TEMPORAL,FULL,1028,seed1028,16,policy,CT_correct_all,7,0,0,7,0,0
TAO_TRAIN_GT_CONTROLLED_HELDOUT,WITHOUT_TEMPORAL,FULL,1028,seed1028,16,policy,CT_correct_known,0,0,0,0,0,0
TAO_TRAIN_GT_CONTROLLED_HELDOUT,WITHOUT_TEMPORAL,FULL,1028,seed1028,16,policy,CT_correct_novel,7,0,0,7,0,0
TAO_TRAIN_GT_CONTROLLED_HELDOUT,A0_RAW,A1_SELECTED,1028,seed1029,1,representation,standard_correct_all,223,124,1,94,4,123
TAO_TRAIN_GT_CONTROLLED_HELDOUT,A0_RAW,A1_SELECTED,1028,seed1029,1,representation,standard_correct_known,207,120,0,87,0,120
TAO_TRAIN_GT_CONTROLLED_HELDOUT,A0_RAW,A1_SELECTED,1028,seed1029,1,representation,standard_correct_novel,16,4,1,7,4,3
TAO_TRAIN_GT_CONTROLLED_HELDOUT,A0_RAW,A1_SELECTED,1028,seed1029,1,representation,CT_correct_all,9,1,0,7,1,1
TAO_TRAIN_GT_CONTROLLED_HELDOUT,A0_RAW,A1_SELECTED,1028,seed1029,1,representation,CT_correct_known,0,0,0,0,0,0
TAO_TRAIN_GT_CONTROLLED_HELDOUT,A0_RAW,A1_SELECTED,1028,seed1029,1,representation,CT_correct_novel,9,1,0,7,1,1
TAO_TRAIN_GT_CONTROLLED_HELDOUT,A0_RAW,A2_EVIDENCE,1028,seed1029,1,representation,standard_correct_all,223,89,2,129,3,87
TAO_TRAIN_GT_CONTROLLED_HELDOUT,A0_RAW,A2_EVIDENCE,1028,seed1029,1,representation,standard_correct_known,207,85,0,122,0,85
TAO_TRAIN_GT_CONTROLLED_HELDOUT,A0_RAW,A2_EVIDENCE,1028,seed1029,1,representation,standard_correct_novel,16,4,2,7,3,2
TAO_TRAIN_GT_CONTROLLED_HELDOUT,A0_RAW,A2_EVIDENCE,1028,seed1029,1,representation,CT_correct_all,9,1,0,7,1,1
TAO_TRAIN_GT_CONTROLLED_HELDOUT,A0_RAW,A2_EVIDENCE,1028,seed1029,1,representation,CT_correct_known,0,0,0,0,0,0
TAO_TRAIN_GT_CONTROLLED_HELDOUT,A0_RAW,A2_EVIDENCE,1028,seed1029,1,representation,CT_correct_novel,9,1,0,7,1,1
TAO_TRAIN_GT_CONTROLLED_HELDOUT,A0_RAW,A2_CAPACITY_CONTROL,1028,seed1029,1,representation,standard_correct_all,223,87,1,131,4,86
TAO_TRAIN_GT_CONTROLLED_HELDOUT,A0_RAW,A2_CAPACITY_CONTROL,1028,seed1029,1,representation,standard_correct_known,207,83,0,124,0,83
TAO_TRAIN_GT_CONTROLLED_HELDOUT,A0_RAW,A2_CAPACITY_CONTROL,1028,seed1029,1,representation,standard_correct_novel,16,4,1,7,4,3
TAO_TRAIN_GT_CONTROLLED_HELDOUT,A0_RAW,A2_CAPACITY_CONTROL,1028,seed1029,1,representation,CT_correct_all,9,0,1,8,0,-1
TAO_TRAIN_GT_CONTROLLED_HELDOUT,A0_RAW,A2_CAPACITY_CONTROL,1028,seed1029,1,representation,CT_correct_known,0,0,0,0,0,0
TAO_TRAIN_GT_CONTROLLED_HELDOUT,A0_RAW,A2_CAPACITY_CONTROL,1028,seed1029,1,representation,CT_correct_novel,9,0,1,8,0,-1
TAO_TRAIN_GT_CONTROLLED_HELDOUT,A1_SELECTED,A2_EVIDENCE,1028,seed1029,1,representation,standard_correct_all,223,3,39,92,89,-36
TAO_TRAIN_GT_CONTROLLED_HELDOUT,A1_SELECTED,A2_EVIDENCE,1028,seed1029,1,representation,standard_correct_known,207,1,36,86,84,-35
TAO_TRAIN_GT_CONTROLLED_HELDOUT,A1_SELECTED,A2_EVIDENCE,1028,seed1029,1,representation,standard_correct_novel,16,2,3,6,5,-1
TAO_TRAIN_GT_CONTROLLED_HELDOUT,A1_SELECTED,A2_EVIDENCE,1028,seed1029,1,representation,CT_correct_all,9,0,0,7,2,0
TAO_TRAIN_GT_CONTROLLED_HELDOUT,A1_SELECTED,A2_EVIDENCE,1028,seed1029,1,representation,CT_correct_known,0,0,0,0,0,0
TAO_TRAIN_GT_CONTROLLED_HELDOUT,A1_SELECTED,A2_EVIDENCE,1028,seed1029,1,representation,CT_correct_novel,9,0,0,7,2,0
TAO_TRAIN_GT_CONTROLLED_HELDOUT,A1_SELECTED,A2_CAPACITY_CONTROL,1028,seed1029,1,representation,standard_correct_all,223,2,39,93,89,-37
TAO_TRAIN_GT_CONTROLLED_HELDOUT,A1_SELECTED,A2_CAPACITY_CONTROL,1028,seed1029,1,representation,standard_correct_known,207,0,37,87,83,-37
TAO_TRAIN_GT_CONTROLLED_HELDOUT,A1_SELECTED,A2_CAPACITY_CONTROL,1028,seed1029,1,representation,standard_correct_novel,16,2,2,6,6,0
TAO_TRAIN_GT_CONTROLLED_HELDOUT,A1_SELECTED,A2_CAPACITY_CONTROL,1028,seed1029,1,representation,CT_correct_all,9,0,2,7,0,-2
TAO_TRAIN_GT_CONTROLLED_HELDOUT,A1_SELECTED,A2_CAPACITY_CONTROL,1028,seed1029,1,representation,CT_correct_known,0,0,0,0,0,0
TAO_TRAIN_GT_CONTROLLED_HELDOUT,A1_SELECTED,A2_CAPACITY_CONTROL,1028,seed1029,1,representation,CT_correct_novel,9,0,2,7,0,-2
TAO_TRAIN_GT_CONTROLLED_HELDOUT,D1_SIMPLE_MLP,D2_RISK_AWARE,1028,seed1029,1,policy,standard_correct_all,223,89,1,76,57,88
TAO_TRAIN_GT_CONTROLLED_HELDOUT,D1_SIMPLE_MLP,D2_RISK_AWARE,1028,seed1029,1,policy,standard_correct_known,207,89,0,61,57,89
TAO_TRAIN_GT_CONTROLLED_HELDOUT,D1_SIMPLE_MLP,D2_RISK_AWARE,1028,seed1029,1,policy,standard_correct_novel,16,0,1,15,0,-1
TAO_TRAIN_GT_CONTROLLED_HELDOUT,D1_SIMPLE_MLP,D2_RISK_AWARE,1028,seed1029,1,policy,CT_correct_all,9,0,0,9,0,0
TAO_TRAIN_GT_CONTROLLED_HELDOUT,D1_SIMPLE_MLP,D2_RISK_AWARE,1028,seed1029,1,policy,CT_correct_known,0,0,0,0,0,0
TAO_TRAIN_GT_CONTROLLED_HELDOUT,D1_SIMPLE_MLP,D2_RISK_AWARE,1028,seed1029,1,policy,CT_correct_novel,9,0,0,9,0,0
TAO_TRAIN_GT_CONTROLLED_HELDOUT,WITHOUT_RISK,FULL,1028,seed1029,1,policy,standard_correct_all,223,91,2,73,57,89
TAO_TRAIN_GT_CONTROLLED_HELDOUT,WITHOUT_RISK,FULL,1028,seed1029,1,policy,standard_correct_known,207,91,0,59,57,91
TAO_TRAIN_GT_CONTROLLED_HELDOUT,WITHOUT_RISK,FULL,1028,seed1029,1,policy,standard_correct_novel,16,0,2,14,0,-2
TAO_TRAIN_GT_CONTROLLED_HELDOUT,WITHOUT_RISK,FULL,1028,seed1029,1,policy,CT_correct_all,9,0,0,9,0,0
TAO_TRAIN_GT_CONTROLLED_HELDOUT,WITHOUT_RISK,FULL,1028,seed1029,1,policy,CT_correct_known,0,0,0,0,0,0
TAO_TRAIN_GT_CONTROLLED_HELDOUT,WITHOUT_RISK,FULL,1028,seed1029,1,policy,CT_correct_novel,9,0,0,9,0,0
TAO_TRAIN_GT_CONTROLLED_HELDOUT,WITHOUT_TEMPORAL,FULL,1028,seed1029,1,policy,standard_correct_all,223,2,0,75,146,2
TAO_TRAIN_GT_CONTROLLED_HELDOUT,WITHOUT_TEMPORAL,FULL,1028,seed1029,1,policy,standard_correct_known,207,2,0,59,146,2
TAO_TRAIN_GT_CONTROLLED_HELDOUT,WITHOUT_TEMPORAL,FULL,1028,seed1029,1,policy,standard_correct_novel,16,0,0,16,0,0
TAO_TRAIN_GT_CONTROLLED_HELDOUT,WITHOUT_TEMPORAL,FULL,1028,seed1029,1,policy,CT_correct_all,9,0,0,9,0,0
TAO_TRAIN_GT_CONTROLLED_HELDOUT,WITHOUT_TEMPORAL,FULL,1028,seed1029,1,policy,CT_correct_known,0,0,0,0,0,0
TAO_TRAIN_GT_CONTROLLED_HELDOUT,WITHOUT_TEMPORAL,FULL,1028,seed1029,1,policy,CT_correct_novel,9,0,0,9,0,0
TAO_TRAIN_GT_CONTROLLED_HELDOUT,A0_RAW,A1_SELECTED,1028,seed1029,2,representation,standard_correct_all,223,138,2,78,5,136
TAO_TRAIN_GT_CONTROLLED_HELDOUT,A0_RAW,A1_SELECTED,1028,seed1029,2,representation,standard_correct_known,207,135,0,72,0,135
TAO_TRAIN_GT_CONTROLLED_HELDOUT,A0_RAW,A1_SELECTED,1028,seed1029,2,representation,standard_correct_novel,16,3,2,6,5,1
TAO_TRAIN_GT_CONTROLLED_HELDOUT,A0_RAW,A1_SELECTED,1028,seed1029,2,representation,CT_correct_all,9,1,0,7,1,1
TAO_TRAIN_GT_CONTROLLED_HELDOUT,A0_RAW,A1_SELECTED,1028,seed1029,2,representation,CT_correct_known,0,0,0,0,0,0
TAO_TRAIN_GT_CONTROLLED_HELDOUT,A0_RAW,A1_SELECTED,1028,seed1029,2,representation,CT_correct_novel,9,1,0,7,1,1
TAO_TRAIN_GT_CONTROLLED_HELDOUT,A0_RAW,A2_EVIDENCE,1028,seed1029,2,representation,standard_correct_all,223,93,1,123,6,92
TAO_TRAIN_GT_CONTROLLED_HELDOUT,A0_RAW,A2_EVIDENCE,1028,seed1029,2,representation,standard_correct_known,207,91,0,116,0,91
TAO_TRAIN_GT_CONTROLLED_HELDOUT,A0_RAW,A2_EVIDENCE,1028,seed1029,2,representation,standard_correct_novel,16,2,1,7,6,1
TAO_TRAIN_GT_CONTROLLED_HELDOUT,A0_RAW,A2_EVIDENCE,1028,seed1029,2,representation,CT_correct_all,9,0,1,8,0,-1
TAO_TRAIN_GT_CONTROLLED_HELDOUT,A0_RAW,A2_EVIDENCE,1028,seed1029,2,representation,CT_correct_known,0,0,0,0,0,0
TAO_TRAIN_GT_CONTROLLED_HELDOUT,A0_RAW,A2_EVIDENCE,1028,seed1029,2,representation,CT_correct_novel,9,0,1,8,0,-1
TAO_TRAIN_GT_CONTROLLED_HELDOUT,A0_RAW,A2_CAPACITY_CONTROL,1028,seed1029,2,representation,standard_correct_all,223,92,2,124,5,90
TAO_TRAIN_GT_CONTROLLED_HELDOUT,A0_RAW,A2_CAPACITY_CONTROL,1028,seed1029,2,representation,standard_correct_known,207,90,0,117,0,90
TAO_TRAIN_GT_CONTROLLED_HELDOUT,A0_RAW,A2_CAPACITY_CONTROL,1028,seed1029,2,representation,standard_correct_novel,16,2,2,7,5,0
TAO_TRAIN_GT_CONTROLLED_HELDOUT,A0_RAW,A2_CAPACITY_CONTROL,1028,seed1029,2,representation,CT_correct_all,9,0,1,8,0,-1
TAO_TRAIN_GT_CONTROLLED_HELDOUT,A0_RAW,A2_CAPACITY_CONTROL,1028,seed1029,2,representation,CT_correct_known,0,0,0,0,0,0
TAO_TRAIN_GT_CONTROLLED_HELDOUT,A0_RAW,A2_CAPACITY_CONTROL,1028,seed1029,2,representation,CT_correct_novel,9,0,1,8,0,-1
TAO_TRAIN_GT_CONTROLLED_HELDOUT,A1_SELECTED,A2_EVIDENCE,1028,seed1029,2,representation,standard_correct_all,223,1,45,79,98,-44
TAO_TRAIN_GT_CONTROLLED_HELDOUT,A1_SELECTED,A2_EVIDENCE,1028,seed1029,2,representation,standard_correct_known,207,0,44,72,91,-44
TAO_TRAIN_GT_CONTROLLED_HELDOUT,A1_SELECTED,A2_EVIDENCE,1028,seed1029,2,representation,standard_correct_novel,16,1,1,7,7,0
TAO_TRAIN_GT_CONTROLLED_HELDOUT,A1_SELECTED,A2_EVIDENCE,1028,seed1029,2,representation,CT_correct_all,9,0,2,7,0,-2
TAO_TRAIN_GT_CONTROLLED_HELDOUT,A1_SELECTED,A2_EVIDENCE,1028,seed1029,2,representation,CT_correct_known,0,0,0,0,0,0
TAO_TRAIN_GT_CONTROLLED_HELDOUT,A1_SELECTED,A2_EVIDENCE,1028,seed1029,2,representation,CT_correct_novel,9,0,2,7,0,-2
TAO_TRAIN_GT_CONTROLLED_HELDOUT,A1_SELECTED,A2_CAPACITY_CONTROL,1028,seed1029,2,representation,standard_correct_all,223,1,47,79,96,-46
TAO_TRAIN_GT_CONTROLLED_HELDOUT,A1_SELECTED,A2_CAPACITY_CONTROL,1028,seed1029,2,representation,standard_correct_known,207,0,45,72,90,-45
TAO_TRAIN_GT_CONTROLLED_HELDOUT,A1_SELECTED,A2_CAPACITY_CONTROL,1028,seed1029,2,representation,standard_correct_novel,16,1,2,7,6,-1
TAO_TRAIN_GT_CONTROLLED_HELDOUT,A1_SELECTED,A2_CAPACITY_CONTROL,1028,seed1029,2,representation,CT_correct_all,9,0,2,7,0,-2
TAO_TRAIN_GT_CONTROLLED_HELDOUT,A1_SELECTED,A2_CAPACITY_CONTROL,1028,seed1029,2,representation,CT_correct_known,0,0,0,0,0,0
TAO_TRAIN_GT_CONTROLLED_HELDOUT,A1_SELECTED,A2_CAPACITY_CONTROL,1028,seed1029,2,representation,CT_correct_novel,9,0,2,7,0,-2
TAO_TRAIN_GT_CONTROLLED_HELDOUT,D1_SIMPLE_MLP,D2_RISK_AWARE,1028,seed1029,2,policy,standard_correct_all,223,78,1,72,72,77
TAO_TRAIN_GT_CONTROLLED_HELDOUT,D1_SIMPLE_MLP,D2_RISK_AWARE,1028,seed1029,2,policy,standard_correct_known,207,78,0,57,72,78
TAO_TRAIN_GT_CONTROLLED_HELDOUT,D1_SIMPLE_MLP,D2_RISK_AWARE,1028,seed1029,2,policy,standard_correct_novel,16,0,1,15,0,-1
TAO_TRAIN_GT_CONTROLLED_HELDOUT,D1_SIMPLE_MLP,D2_RISK_AWARE,1028,seed1029,2,policy,CT_correct_all,9,0,0,9,0,0
TAO_TRAIN_GT_CONTROLLED_HELDOUT,D1_SIMPLE_MLP,D2_RISK_AWARE,1028,seed1029,2,policy,CT_correct_known,0,0,0,0,0,0
TAO_TRAIN_GT_CONTROLLED_HELDOUT,D1_SIMPLE_MLP,D2_RISK_AWARE,1028,seed1029,2,policy,CT_correct_novel,9,0,0,9,0,0
TAO_TRAIN_GT_CONTROLLED_HELDOUT,WITHOUT_RISK,FULL,1028,seed1029,2,policy,standard_correct_all,223,88,1,71,63,87
TAO_TRAIN_GT_CONTROLLED_HELDOUT,WITHOUT_RISK,FULL,1028,seed1029,2,policy,standard_correct_known,207,88,0,56,63,88
TAO_TRAIN_GT_CONTROLLED_HELDOUT,WITHOUT_RISK,FULL,1028,seed1029,2,policy,standard_correct_novel,16,0,1,15,0,-1
TAO_TRAIN_GT_CONTROLLED_HELDOUT,WITHOUT_RISK,FULL,1028,seed1029,2,policy,CT_correct_all,9,0,0,9,0,0
TAO_TRAIN_GT_CONTROLLED_HELDOUT,WITHOUT_RISK,FULL,1028,seed1029,2,policy,CT_correct_known,0,0,0,0,0,0
TAO_TRAIN_GT_CONTROLLED_HELDOUT,WITHOUT_RISK,FULL,1028,seed1029,2,policy,CT_correct_novel,9,0,0,9,0,0
TAO_TRAIN_GT_CONTROLLED_HELDOUT,WITHOUT_TEMPORAL,FULL,1028,seed1029,2,policy,standard_correct_all,223,1,0,72,150,1
TAO_TRAIN_GT_CONTROLLED_HELDOUT,WITHOUT_TEMPORAL,FULL,1028,seed1029,2,policy,standard_correct_known,207,1,0,56,150,1
TAO_TRAIN_GT_CONTROLLED_HELDOUT,WITHOUT_TEMPORAL,FULL,1028,seed1029,2,policy,standard_correct_novel,16,0,0,16,0,0
TAO_TRAIN_GT_CONTROLLED_HELDOUT,WITHOUT_TEMPORAL,FULL,1028,seed1029,2,policy,CT_correct_all,9,0,0,9,0,0
TAO_TRAIN_GT_CONTROLLED_HELDOUT,WITHOUT_TEMPORAL,FULL,1028,seed1029,2,policy,CT_correct_known,0,0,0,0,0,0
TAO_TRAIN_GT_CONTROLLED_HELDOUT,WITHOUT_TEMPORAL,FULL,1028,seed1029,2,policy,CT_correct_novel,9,0,0,9,0,0
TAO_TRAIN_GT_CONTROLLED_HELDOUT,A0_RAW,A1_SELECTED,1028,seed1029,4,representation,standard_correct_all,223,142,2,74,5,140
TAO_TRAIN_GT_CONTROLLED_HELDOUT,A0_RAW,A1_SELECTED,1028,seed1029,4,representation,standard_correct_known,207,139,0,68,0,139
TAO_TRAIN_GT_CONTROLLED_HELDOUT,A0_RAW,A1_SELECTED,1028,seed1029,4,representation,standard_correct_novel,16,3,2,6,5,1
TAO_TRAIN_GT_CONTROLLED_HELDOUT,A0_RAW,A1_SELECTED,1028,seed1029,4,representation,CT_correct_all,9,1,0,7,1,1
TAO_TRAIN_GT_CONTROLLED_HELDOUT,A0_RAW,A1_SELECTED,1028,seed1029,4,representation,CT_correct_known,0,0,0,0,0,0
TAO_TRAIN_GT_CONTROLLED_HELDOUT,A0_RAW,A1_SELECTED,1028,seed1029,4,representation,CT_correct_novel,9,1,0,7,1,1
TAO_TRAIN_GT_CONTROLLED_HELDOUT,A0_RAW,A2_EVIDENCE,1028,seed1029,4,representation,standard_correct_all,223,99,1,117,6,98
TAO_TRAIN_GT_CONTROLLED_HELDOUT,A0_RAW,A2_EVIDENCE,1028,seed1029,4,representation,standard_correct_known,207,97,0,110,0,97
TAO_TRAIN_GT_CONTROLLED_HELDOUT,A0_RAW,A2_EVIDENCE,1028,seed1029,4,representation,standard_correct_novel,16,2,1,7,6,1
TAO_TRAIN_GT_CONTROLLED_HELDOUT,A0_RAW,A2_EVIDENCE,1028,seed1029,4,representation,CT_correct_all,9,0,1,8,0,-1
TAO_TRAIN_GT_CONTROLLED_HELDOUT,A0_RAW,A2_EVIDENCE,1028,seed1029,4,representation,CT_correct_known,0,0,0,0,0,0
TAO_TRAIN_GT_CONTROLLED_HELDOUT,A0_RAW,A2_EVIDENCE,1028,seed1029,4,representation,CT_correct_novel,9,0,1,8,0,-1
TAO_TRAIN_GT_CONTROLLED_HELDOUT,A0_RAW,A2_CAPACITY_CONTROL,1028,seed1029,4,representation,standard_correct_all,223,101,4,115,3,97
TAO_TRAIN_GT_CONTROLLED_HELDOUT,A0_RAW,A2_CAPACITY_CONTROL,1028,seed1029,4,representation,standard_correct_known,207,96,0,111,0,96
TAO_TRAIN_GT_CONTROLLED_HELDOUT,A0_RAW,A2_CAPACITY_CONTROL,1028,seed1029,4,representation,standard_correct_novel,16,5,4,4,3,1
TAO_TRAIN_GT_CONTROLLED_HELDOUT,A0_RAW,A2_CAPACITY_CONTROL,1028,seed1029,4,representation,CT_correct_all,9,0,1,8,0,-1
TAO_TRAIN_GT_CONTROLLED_HELDOUT,A0_RAW,A2_CAPACITY_CONTROL,1028,seed1029,4,representation,CT_correct_known,0,0,0,0,0,0
TAO_TRAIN_GT_CONTROLLED_HELDOUT,A0_RAW,A2_CAPACITY_CONTROL,1028,seed1029,4,representation,CT_correct_novel,9,0,1,8,0,-1
TAO_TRAIN_GT_CONTROLLED_HELDOUT,A1_SELECTED,A2_EVIDENCE,1028,seed1029,4,representation,standard_correct_all,223,2,44,74,103,-42
TAO_TRAIN_GT_CONTROLLED_HELDOUT,A1_SELECTED,A2_EVIDENCE,1028,seed1029,4,representation,standard_correct_known,207,1,43,67,96,-42
TAO_TRAIN_GT_CONTROLLED_HELDOUT,A1_SELECTED,A2_EVIDENCE,1028,seed1029,4,representation,standard_correct_novel,16,1,1,7,7,0
TAO_TRAIN_GT_CONTROLLED_HELDOUT,A1_SELECTED,A2_EVIDENCE,1028,seed1029,4,representation,CT_correct_all,9,0,2,7,0,-2
TAO_TRAIN_GT_CONTROLLED_HELDOUT,A1_SELECTED,A2_EVIDENCE,1028,seed1029,4,representation,CT_correct_known,0,0,0,0,0,0
TAO_TRAIN_GT_CONTROLLED_HELDOUT,A1_SELECTED,A2_EVIDENCE,1028,seed1029,4,representation,CT_correct_novel,9,0,2,7,0,-2
TAO_TRAIN_GT_CONTROLLED_HELDOUT,A1_SELECTED,A2_CAPACITY_CONTROL,1028,seed1029,4,representation,standard_correct_all,223,4,47,72,100,-43
TAO_TRAIN_GT_CONTROLLED_HELDOUT,A1_SELECTED,A2_CAPACITY_CONTROL,1028,seed1029,4,representation,standard_correct_known,207,0,43,68,96,-43
TAO_TRAIN_GT_CONTROLLED_HELDOUT,A1_SELECTED,A2_CAPACITY_CONTROL,1028,seed1029,4,representation,standard_correct_novel,16,4,4,4,4,0
TAO_TRAIN_GT_CONTROLLED_HELDOUT,A1_SELECTED,A2_CAPACITY_CONTROL,1028,seed1029,4,representation,CT_correct_all,9,0,2,7,0,-2
TAO_TRAIN_GT_CONTROLLED_HELDOUT,A1_SELECTED,A2_CAPACITY_CONTROL,1028,seed1029,4,representation,CT_correct_known,0,0,0,0,0,0
TAO_TRAIN_GT_CONTROLLED_HELDOUT,A1_SELECTED,A2_CAPACITY_CONTROL,1028,seed1029,4,representation,CT_correct_novel,9,0,2,7,0,-2
TAO_TRAIN_GT_CONTROLLED_HELDOUT,D1_SIMPLE_MLP,D2_RISK_AWARE,1028,seed1029,4,policy,standard_correct_all,223,88,1,65,69,87
TAO_TRAIN_GT_CONTROLLED_HELDOUT,D1_SIMPLE_MLP,D2_RISK_AWARE,1028,seed1029,4,policy,standard_correct_known,207,88,0,50,69,88
TAO_TRAIN_GT_CONTROLLED_HELDOUT,D1_SIMPLE_MLP,D2_RISK_AWARE,1028,seed1029,4,policy,standard_correct_novel,16,0,1,15,0,-1
TAO_TRAIN_GT_CONTROLLED_HELDOUT,D1_SIMPLE_MLP,D2_RISK_AWARE,1028,seed1029,4,policy,CT_correct_all,9,0,0,9,0,0
TAO_TRAIN_GT_CONTROLLED_HELDOUT,D1_SIMPLE_MLP,D2_RISK_AWARE,1028,seed1029,4,policy,CT_correct_known,0,0,0,0,0,0
TAO_TRAIN_GT_CONTROLLED_HELDOUT,D1_SIMPLE_MLP,D2_RISK_AWARE,1028,seed1029,4,policy,CT_correct_novel,9,0,0,9,0,0
TAO_TRAIN_GT_CONTROLLED_HELDOUT,WITHOUT_RISK,FULL,1028,seed1029,4,policy,standard_correct_all,223,92,1,67,63,91
TAO_TRAIN_GT_CONTROLLED_HELDOUT,WITHOUT_RISK,FULL,1028,seed1029,4,policy,standard_correct_known,207,92,0,52,63,92
TAO_TRAIN_GT_CONTROLLED_HELDOUT,WITHOUT_RISK,FULL,1028,seed1029,4,policy,standard_correct_novel,16,0,1,15,0,-1
TAO_TRAIN_GT_CONTROLLED_HELDOUT,WITHOUT_RISK,FULL,1028,seed1029,4,policy,CT_correct_all,9,0,0,9,0,0
TAO_TRAIN_GT_CONTROLLED_HELDOUT,WITHOUT_RISK,FULL,1028,seed1029,4,policy,CT_correct_known,0,0,0,0,0,0
TAO_TRAIN_GT_CONTROLLED_HELDOUT,WITHOUT_RISK,FULL,1028,seed1029,4,policy,CT_correct_novel,9,0,0,9,0,0
TAO_TRAIN_GT_CONTROLLED_HELDOUT,WITHOUT_TEMPORAL,FULL,1028,seed1029,4,policy,standard_correct_all,223,1,3,65,154,-2
TAO_TRAIN_GT_CONTROLLED_HELDOUT,WITHOUT_TEMPORAL,FULL,1028,seed1029,4,policy,standard_correct_known,207,1,3,49,154,-2
TAO_TRAIN_GT_CONTROLLED_HELDOUT,WITHOUT_TEMPORAL,FULL,1028,seed1029,4,policy,standard_correct_novel,16,0,0,16,0,0
TAO_TRAIN_GT_CONTROLLED_HELDOUT,WITHOUT_TEMPORAL,FULL,1028,seed1029,4,policy,CT_correct_all,9,0,0,9,0,0
TAO_TRAIN_GT_CONTROLLED_HELDOUT,WITHOUT_TEMPORAL,FULL,1028,seed1029,4,policy,CT_correct_known,0,0,0,0,0,0
TAO_TRAIN_GT_CONTROLLED_HELDOUT,WITHOUT_TEMPORAL,FULL,1028,seed1029,4,policy,CT_correct_novel,9,0,0,9,0,0
TAO_TRAIN_GT_CONTROLLED_HELDOUT,A0_RAW,A1_SELECTED,1028,seed1029,8,representation,standard_correct_all,223,137,2,76,8,135
TAO_TRAIN_GT_CONTROLLED_HELDOUT,A0_RAW,A1_SELECTED,1028,seed1029,8,representation,standard_correct_known,207,136,0,69,2,136
TAO_TRAIN_GT_CONTROLLED_HELDOUT,A0_RAW,A1_SELECTED,1028,seed1029,8,representation,standard_correct_novel,16,1,2,7,6,-1
TAO_TRAIN_GT_CONTROLLED_HELDOUT,A0_RAW,A1_SELECTED,1028,seed1029,8,representation,CT_correct_all,9,4,0,3,2,4
TAO_TRAIN_GT_CONTROLLED_HELDOUT,A0_RAW,A1_SELECTED,1028,seed1029,8,representation,CT_correct_known,0,0,0,0,0,0
TAO_TRAIN_GT_CONTROLLED_HELDOUT,A0_RAW,A1_SELECTED,1028,seed1029,8,representation,CT_correct_novel,9,4,0,3,2,4
TAO_TRAIN_GT_CONTROLLED_HELDOUT,A0_RAW,A2_EVIDENCE,1028,seed1029,8,representation,standard_correct_all,223,99,2,114,8,97
TAO_TRAIN_GT_CONTROLLED_HELDOUT,A0_RAW,A2_EVIDENCE,1028,seed1029,8,representation,standard_correct_known,207,98,1,107,1,97
TAO_TRAIN_GT_CONTROLLED_HELDOUT,A0_RAW,A2_EVIDENCE,1028,seed1029,8,representation,standard_correct_novel,16,1,1,7,7,0
TAO_TRAIN_GT_CONTROLLED_HELDOUT,A0_RAW,A2_EVIDENCE,1028,seed1029,8,representation,CT_correct_all,9,0,2,7,0,-2
TAO_TRAIN_GT_CONTROLLED_HELDOUT,A0_RAW,A2_EVIDENCE,1028,seed1029,8,representation,CT_correct_known,0,0,0,0,0,0
TAO_TRAIN_GT_CONTROLLED_HELDOUT,A0_RAW,A2_EVIDENCE,1028,seed1029,8,representation,CT_correct_novel,9,0,2,7,0,-2
TAO_TRAIN_GT_CONTROLLED_HELDOUT,A0_RAW,A2_CAPACITY_CONTROL,1028,seed1029,8,representation,standard_correct_all,223,99,1,114,9,98
TAO_TRAIN_GT_CONTROLLED_HELDOUT,A0_RAW,A2_CAPACITY_CONTROL,1028,seed1029,8,representation,standard_correct_known,207,99,1,106,1,98
TAO_TRAIN_GT_CONTROLLED_HELDOUT,A0_RAW,A2_CAPACITY_CONTROL,1028,seed1029,8,representation,standard_correct_novel,16,0,0,8,8,0
TAO_TRAIN_GT_CONTROLLED_HELDOUT,A0_RAW,A2_CAPACITY_CONTROL,1028,seed1029,8,representation,CT_correct_all,9,0,2,7,0,-2
TAO_TRAIN_GT_CONTROLLED_HELDOUT,A0_RAW,A2_CAPACITY_CONTROL,1028,seed1029,8,representation,CT_correct_known,0,0,0,0,0,0
TAO_TRAIN_GT_CONTROLLED_HELDOUT,A0_RAW,A2_CAPACITY_CONTROL,1028,seed1029,8,representation,CT_correct_novel,9,0,2,7,0,-2
TAO_TRAIN_GT_CONTROLLED_HELDOUT,A1_SELECTED,A2_EVIDENCE,1028,seed1029,8,representation,standard_correct_all,223,3,41,75,104,-38
TAO_TRAIN_GT_CONTROLLED_HELDOUT,A1_SELECTED,A2_EVIDENCE,1028,seed1029,8,representation,standard_correct_known,207,0,39,69,99,-39
TAO_TRAIN_GT_CONTROLLED_HELDOUT,A1_SELECTED,A2_EVIDENCE,1028,seed1029,8,representation,standard_correct_novel,16,3,2,6,5,1
TAO_TRAIN_GT_CONTROLLED_HELDOUT,A1_SELECTED,A2_EVIDENCE,1028,seed1029,8,representation,CT_correct_all,9,0,6,3,0,-6
TAO_TRAIN_GT_CONTROLLED_HELDOUT,A1_SELECTED,A2_EVIDENCE,1028,seed1029,8,representation,CT_correct_known,0,0,0,0,0,0
TAO_TRAIN_GT_CONTROLLED_HELDOUT,A1_SELECTED,A2_EVIDENCE,1028,seed1029,8,representation,CT_correct_novel,9,0,6,3,0,-6
TAO_TRAIN_GT_CONTROLLED_HELDOUT,A1_SELECTED,A2_CAPACITY_CONTROL,1028,seed1029,8,representation,standard_correct_all,223,3,40,75,105,-37
TAO_TRAIN_GT_CONTROLLED_HELDOUT,A1_SELECTED,A2_CAPACITY_CONTROL,1028,seed1029,8,representation,standard_correct_known,207,1,39,68,99,-38
TAO_TRAIN_GT_CONTROLLED_HELDOUT,A1_SELECTED,A2_CAPACITY_CONTROL,1028,seed1029,8,representation,standard_correct_novel,16,2,1,7,6,1
TAO_TRAIN_GT_CONTROLLED_HELDOUT,A1_SELECTED,A2_CAPACITY_CONTROL,1028,seed1029,8,representation,CT_correct_all,9,0,6,3,0,-6
TAO_TRAIN_GT_CONTROLLED_HELDOUT,A1_SELECTED,A2_CAPACITY_CONTROL,1028,seed1029,8,representation,CT_correct_known,0,0,0,0,0,0
TAO_TRAIN_GT_CONTROLLED_HELDOUT,A1_SELECTED,A2_CAPACITY_CONTROL,1028,seed1029,8,representation,CT_correct_novel,9,0,6,3,0,-6
TAO_TRAIN_GT_CONTROLLED_HELDOUT,D1_SIMPLE_MLP,D2_RISK_AWARE,1028,seed1029,8,policy,standard_correct_all,223,91,1,63,68,90
TAO_TRAIN_GT_CONTROLLED_HELDOUT,D1_SIMPLE_MLP,D2_RISK_AWARE,1028,seed1029,8,policy,standard_correct_known,207,91,0,48,68,91
TAO_TRAIN_GT_CONTROLLED_HELDOUT,D1_SIMPLE_MLP,D2_RISK_AWARE,1028,seed1029,8,policy,standard_correct_novel,16,0,1,15,0,-1
TAO_TRAIN_GT_CONTROLLED_HELDOUT,D1_SIMPLE_MLP,D2_RISK_AWARE,1028,seed1029,8,policy,CT_correct_all,9,0,0,9,0,0
TAO_TRAIN_GT_CONTROLLED_HELDOUT,D1_SIMPLE_MLP,D2_RISK_AWARE,1028,seed1029,8,policy,CT_correct_known,0,0,0,0,0,0
TAO_TRAIN_GT_CONTROLLED_HELDOUT,D1_SIMPLE_MLP,D2_RISK_AWARE,1028,seed1029,8,policy,CT_correct_novel,9,0,0,9,0,0
TAO_TRAIN_GT_CONTROLLED_HELDOUT,WITHOUT_RISK,FULL,1028,seed1029,8,policy,standard_correct_all,223,93,1,64,65,92
TAO_TRAIN_GT_CONTROLLED_HELDOUT,WITHOUT_RISK,FULL,1028,seed1029,8,policy,standard_correct_known,207,93,0,49,65,93
TAO_TRAIN_GT_CONTROLLED_HELDOUT,WITHOUT_RISK,FULL,1028,seed1029,8,policy,standard_correct_novel,16,0,1,15,0,-1
TAO_TRAIN_GT_CONTROLLED_HELDOUT,WITHOUT_RISK,FULL,1028,seed1029,8,policy,CT_correct_all,9,0,0,9,0,0
TAO_TRAIN_GT_CONTROLLED_HELDOUT,WITHOUT_RISK,FULL,1028,seed1029,8,policy,CT_correct_known,0,0,0,0,0,0
TAO_TRAIN_GT_CONTROLLED_HELDOUT,WITHOUT_RISK,FULL,1028,seed1029,8,policy,CT_correct_novel,9,0,0,9,0,0
TAO_TRAIN_GT_CONTROLLED_HELDOUT,WITHOUT_TEMPORAL,FULL,1028,seed1029,8,policy,standard_correct_all,223,0,1,64,158,-1
TAO_TRAIN_GT_CONTROLLED_HELDOUT,WITHOUT_TEMPORAL,FULL,1028,seed1029,8,policy,standard_correct_known,207,0,1,48,158,-1
TAO_TRAIN_GT_CONTROLLED_HELDOUT,WITHOUT_TEMPORAL,FULL,1028,seed1029,8,policy,standard_correct_novel,16,0,0,16,0,0
TAO_TRAIN_GT_CONTROLLED_HELDOUT,WITHOUT_TEMPORAL,FULL,1028,seed1029,8,policy,CT_correct_all,9,0,0,9,0,0
TAO_TRAIN_GT_CONTROLLED_HELDOUT,WITHOUT_TEMPORAL,FULL,1028,seed1029,8,policy,CT_correct_known,0,0,0,0,0,0
TAO_TRAIN_GT_CONTROLLED_HELDOUT,WITHOUT_TEMPORAL,FULL,1028,seed1029,8,policy,CT_correct_novel,9,0,0,9,0,0
TAO_TRAIN_GT_CONTROLLED_HELDOUT,A0_RAW,A1_SELECTED,1028,seed1029,16,representation,standard_correct_all,223,137,3,76,7,134
TAO_TRAIN_GT_CONTROLLED_HELDOUT,A0_RAW,A1_SELECTED,1028,seed1029,16,representation,standard_correct_known,207,136,0,69,2,136
TAO_TRAIN_GT_CONTROLLED_HELDOUT,A0_RAW,A1_SELECTED,1028,seed1029,16,representation,standard_correct_novel,16,1,3,7,5,-2
TAO_TRAIN_GT_CONTROLLED_HELDOUT,A0_RAW,A1_SELECTED,1028,seed1029,16,representation,CT_correct_all,9,2,0,5,2,2
TAO_TRAIN_GT_CONTROLLED_HELDOUT,A0_RAW,A1_SELECTED,1028,seed1029,16,representation,CT_correct_known,0,0,0,0,0,0
TAO_TRAIN_GT_CONTROLLED_HELDOUT,A0_RAW,A1_SELECTED,1028,seed1029,16,representation,CT_correct_novel,9,2,0,5,2,2
TAO_TRAIN_GT_CONTROLLED_HELDOUT,A0_RAW,A2_EVIDENCE,1028,seed1029,16,representation,standard_correct_all,223,101,1,112,9,100
TAO_TRAIN_GT_CONTROLLED_HELDOUT,A0_RAW,A2_EVIDENCE,1028,seed1029,16,representation,standard_correct_known,207,101,1,104,1,100
TAO_TRAIN_GT_CONTROLLED_HELDOUT,A0_RAW,A2_EVIDENCE,1028,seed1029,16,representation,standard_correct_novel,16,0,0,8,8,0
TAO_TRAIN_GT_CONTROLLED_HELDOUT,A0_RAW,A2_EVIDENCE,1028,seed1029,16,representation,CT_correct_all,9,0,2,7,0,-2
TAO_TRAIN_GT_CONTROLLED_HELDOUT,A0_RAW,A2_EVIDENCE,1028,seed1029,16,representation,CT_correct_known,0,0,0,0,0,0
TAO_TRAIN_GT_CONTROLLED_HELDOUT,A0_RAW,A2_EVIDENCE,1028,seed1029,16,representation,CT_correct_novel,9,0,2,7,0,-2
TAO_TRAIN_GT_CONTROLLED_HELDOUT,A0_RAW,A2_CAPACITY_CONTROL,1028,seed1029,16,representation,standard_correct_all,223,100,1,113,9,99
TAO_TRAIN_GT_CONTROLLED_HELDOUT,A0_RAW,A2_CAPACITY_CONTROL,1028,seed1029,16,representation,standard_correct_known,207,100,1,105,1,99
TAO_TRAIN_GT_CONTROLLED_HELDOUT,A0_RAW,A2_CAPACITY_CONTROL,1028,seed1029,16,representation,standard_correct_novel,16,0,0,8,8,0
TAO_TRAIN_GT_CONTROLLED_HELDOUT,A0_RAW,A2_CAPACITY_CONTROL,1028,seed1029,16,representation,CT_correct_all,9,0,2,7,0,-2
TAO_TRAIN_GT_CONTROLLED_HELDOUT,A0_RAW,A2_CAPACITY_CONTROL,1028,seed1029,16,representation,CT_correct_known,0,0,0,0,0,0
TAO_TRAIN_GT_CONTROLLED_HELDOUT,A0_RAW,A2_CAPACITY_CONTROL,1028,seed1029,16,representation,CT_correct_novel,9,0,2,7,0,-2
TAO_TRAIN_GT_CONTROLLED_HELDOUT,A1_SELECTED,A2_EVIDENCE,1028,seed1029,16,representation,standard_correct_all,223,3,37,76,107,-34
TAO_TRAIN_GT_CONTROLLED_HELDOUT,A1_SELECTED,A2_EVIDENCE,1028,seed1029,16,representation,standard_correct_known,207,0,36,69,102,-36
TAO_TRAIN_GT_CONTROLLED_HELDOUT,A1_SELECTED,A2_EVIDENCE,1028,seed1029,16,representation,standard_correct_novel,16,3,1,7,5,2
TAO_TRAIN_GT_CONTROLLED_HELDOUT,A1_SELECTED,A2_EVIDENCE,1028,seed1029,16,representation,CT_correct_all,9,0,4,5,0,-4
TAO_TRAIN_GT_CONTROLLED_HELDOUT,A1_SELECTED,A2_EVIDENCE,1028,seed1029,16,representation,CT_correct_known,0,0,0,0,0,0
TAO_TRAIN_GT_CONTROLLED_HELDOUT,A1_SELECTED,A2_EVIDENCE,1028,seed1029,16,representation,CT_correct_novel,9,0,4,5,0,-4
TAO_TRAIN_GT_CONTROLLED_HELDOUT,A1_SELECTED,A2_CAPACITY_CONTROL,1028,seed1029,16,representation,standard_correct_all,223,3,38,76,106,-35
TAO_TRAIN_GT_CONTROLLED_HELDOUT,A1_SELECTED,A2_CAPACITY_CONTROL,1028,seed1029,16,representation,standard_correct_known,207,0,37,69,101,-37
TAO_TRAIN_GT_CONTROLLED_HELDOUT,A1_SELECTED,A2_CAPACITY_CONTROL,1028,seed1029,16,representation,standard_correct_novel,16,3,1,7,5,2
TAO_TRAIN_GT_CONTROLLED_HELDOUT,A1_SELECTED,A2_CAPACITY_CONTROL,1028,seed1029,16,representation,CT_correct_all,9,0,4,5,0,-4
TAO_TRAIN_GT_CONTROLLED_HELDOUT,A1_SELECTED,A2_CAPACITY_CONTROL,1028,seed1029,16,representation,CT_correct_known,0,0,0,0,0,0
TAO_TRAIN_GT_CONTROLLED_HELDOUT,A1_SELECTED,A2_CAPACITY_CONTROL,1028,seed1029,16,representation,CT_correct_novel,9,0,4,5,0,-4
TAO_TRAIN_GT_CONTROLLED_HELDOUT,D1_SIMPLE_MLP,D2_RISK_AWARE,1028,seed1029,16,policy,standard_correct_all,223,91,1,64,67,90
TAO_TRAIN_GT_CONTROLLED_HELDOUT,D1_SIMPLE_MLP,D2_RISK_AWARE,1028,seed1029,16,policy,standard_correct_known,207,91,0,49,67,91
TAO_TRAIN_GT_CONTROLLED_HELDOUT,D1_SIMPLE_MLP,D2_RISK_AWARE,1028,seed1029,16,policy,standard_correct_novel,16,0,1,15,0,-1
TAO_TRAIN_GT_CONTROLLED_HELDOUT,D1_SIMPLE_MLP,D2_RISK_AWARE,1028,seed1029,16,policy,CT_correct_all,9,0,0,9,0,0
TAO_TRAIN_GT_CONTROLLED_HELDOUT,D1_SIMPLE_MLP,D2_RISK_AWARE,1028,seed1029,16,policy,CT_correct_known,0,0,0,0,0,0
TAO_TRAIN_GT_CONTROLLED_HELDOUT,D1_SIMPLE_MLP,D2_RISK_AWARE,1028,seed1029,16,policy,CT_correct_novel,9,0,0,9,0,0
TAO_TRAIN_GT_CONTROLLED_HELDOUT,WITHOUT_RISK,FULL,1028,seed1029,16,policy,standard_correct_all,223,91,3,64,65,88
TAO_TRAIN_GT_CONTROLLED_HELDOUT,WITHOUT_RISK,FULL,1028,seed1029,16,policy,standard_correct_known,207,91,0,51,65,91
TAO_TRAIN_GT_CONTROLLED_HELDOUT,WITHOUT_RISK,FULL,1028,seed1029,16,policy,standard_correct_novel,16,0,3,13,0,-3
TAO_TRAIN_GT_CONTROLLED_HELDOUT,WITHOUT_RISK,FULL,1028,seed1029,16,policy,CT_correct_all,9,0,0,9,0,0
TAO_TRAIN_GT_CONTROLLED_HELDOUT,WITHOUT_RISK,FULL,1028,seed1029,16,policy,CT_correct_known,0,0,0,0,0,0
TAO_TRAIN_GT_CONTROLLED_HELDOUT,WITHOUT_RISK,FULL,1028,seed1029,16,policy,CT_correct_novel,9,0,0,9,0,0
TAO_TRAIN_GT_CONTROLLED_HELDOUT,WITHOUT_TEMPORAL,FULL,1028,seed1029,16,policy,standard_correct_all,223,0,2,65,156,-2
TAO_TRAIN_GT_CONTROLLED_HELDOUT,WITHOUT_TEMPORAL,FULL,1028,seed1029,16,policy,standard_correct_known,207,0,2,49,156,-2
TAO_TRAIN_GT_CONTROLLED_HELDOUT,WITHOUT_TEMPORAL,FULL,1028,seed1029,16,policy,standard_correct_novel,16,0,0,16,0,0
TAO_TRAIN_GT_CONTROLLED_HELDOUT,WITHOUT_TEMPORAL,FULL,1028,seed1029,16,policy,CT_correct_all,9,0,0,9,0,0
TAO_TRAIN_GT_CONTROLLED_HELDOUT,WITHOUT_TEMPORAL,FULL,1028,seed1029,16,policy,CT_correct_known,0,0,0,0,0,0
TAO_TRAIN_GT_CONTROLLED_HELDOUT,WITHOUT_TEMPORAL,FULL,1028,seed1029,16,policy,CT_correct_novel,9,0,0,9,0,0
TAO_TRAIN_GT_CONTROLLED_HELDOUT,A0_RAW,A1_SELECTED,1029,main,1,representation,standard_correct_all,223,118,2,100,3,116
TAO_TRAIN_GT_CONTROLLED_HELDOUT,A0_RAW,A1_SELECTED,1029,main,1,representation,standard_correct_known,207,113,0,94,0,113
TAO_TRAIN_GT_CONTROLLED_HELDOUT,A0_RAW,A1_SELECTED,1029,main,1,representation,standard_correct_novel,16,5,2,6,3,3
TAO_TRAIN_GT_CONTROLLED_HELDOUT,A0_RAW,A1_SELECTED,1029,main,1,representation,CT_correct_all,9,2,0,6,1,2
TAO_TRAIN_GT_CONTROLLED_HELDOUT,A0_RAW,A1_SELECTED,1029,main,1,representation,CT_correct_known,0,0,0,0,0,0
TAO_TRAIN_GT_CONTROLLED_HELDOUT,A0_RAW,A1_SELECTED,1029,main,1,representation,CT_correct_novel,9,2,0,6,1,2
TAO_TRAIN_GT_CONTROLLED_HELDOUT,A0_RAW,A2_EVIDENCE,1029,main,1,representation,standard_correct_all,223,90,1,128,4,89
TAO_TRAIN_GT_CONTROLLED_HELDOUT,A0_RAW,A2_EVIDENCE,1029,main,1,representation,standard_correct_known,207,86,0,121,0,86
TAO_TRAIN_GT_CONTROLLED_HELDOUT,A0_RAW,A2_EVIDENCE,1029,main,1,representation,standard_correct_novel,16,4,1,7,4,3
TAO_TRAIN_GT_CONTROLLED_HELDOUT,A0_RAW,A2_EVIDENCE,1029,main,1,representation,CT_correct_all,9,1,1,7,0,0
TAO_TRAIN_GT_CONTROLLED_HELDOUT,A0_RAW,A2_EVIDENCE,1029,main,1,representation,CT_correct_known,0,0,0,0,0,0
TAO_TRAIN_GT_CONTROLLED_HELDOUT,A0_RAW,A2_EVIDENCE,1029,main,1,representation,CT_correct_novel,9,1,1,7,0,0
TAO_TRAIN_GT_CONTROLLED_HELDOUT,A0_RAW,A2_CAPACITY_CONTROL,1029,main,1,representation,standard_correct_all,223,117,2,101,3,115
TAO_TRAIN_GT_CONTROLLED_HELDOUT,A0_RAW,A2_CAPACITY_CONTROL,1029,main,1,representation,standard_correct_known,207,112,0,95,0,112
TAO_TRAIN_GT_CONTROLLED_HELDOUT,A0_RAW,A2_CAPACITY_CONTROL,1029,main,1,representation,standard_correct_novel,16,5,2,6,3,3
TAO_TRAIN_GT_CONTROLLED_HELDOUT,A0_RAW,A2_CAPACITY_CONTROL,1029,main,1,representation,CT_correct_all,9,2,0,6,1,2
TAO_TRAIN_GT_CONTROLLED_HELDOUT,A0_RAW,A2_CAPACITY_CONTROL,1029,main,1,representation,CT_correct_known,0,0,0,0,0,0
TAO_TRAIN_GT_CONTROLLED_HELDOUT,A0_RAW,A2_CAPACITY_CONTROL,1029,main,1,representation,CT_correct_novel,9,2,0,6,1,2
TAO_TRAIN_GT_CONTROLLED_HELDOUT,A1_SELECTED,A2_EVIDENCE,1029,main,1,representation,standard_correct_all,223,3,30,99,91,-27
TAO_TRAIN_GT_CONTROLLED_HELDOUT,A1_SELECTED,A2_EVIDENCE,1029,main,1,representation,standard_correct_known,207,0,27,94,86,-27
TAO_TRAIN_GT_CONTROLLED_HELDOUT,A1_SELECTED,A2_EVIDENCE,1029,main,1,representation,standard_correct_novel,16,3,3,5,5,0
TAO_TRAIN_GT_CONTROLLED_HELDOUT,A1_SELECTED,A2_EVIDENCE,1029,main,1,representation,CT_correct_all,9,0,2,6,1,-2
TAO_TRAIN_GT_CONTROLLED_HELDOUT,A1_SELECTED,A2_EVIDENCE,1029,main,1,representation,CT_correct_known,0,0,0,0,0,0
TAO_TRAIN_GT_CONTROLLED_HELDOUT,A1_SELECTED,A2_EVIDENCE,1029,main,1,representation,CT_correct_novel,9,0,2,6,1,-2
TAO_TRAIN_GT_CONTROLLED_HELDOUT,A1_SELECTED,A2_CAPACITY_CONTROL,1029,main,1,representation,standard_correct_all,223,0,1,102,120,-1
TAO_TRAIN_GT_CONTROLLED_HELDOUT,A1_SELECTED,A2_CAPACITY_CONTROL,1029,main,1,representation,standard_correct_known,207,0,1,94,112,-1
TAO_TRAIN_GT_CONTROLLED_HELDOUT,A1_SELECTED,A2_CAPACITY_CONTROL,1029,main,1,representation,standard_correct_novel,16,0,0,8,8,0
TAO_TRAIN_GT_CONTROLLED_HELDOUT,A1_SELECTED,A2_CAPACITY_CONTROL,1029,main,1,representation,CT_correct_all,9,0,0,6,3,0
TAO_TRAIN_GT_CONTROLLED_HELDOUT,A1_SELECTED,A2_CAPACITY_CONTROL,1029,main,1,representation,CT_correct_known,0,0,0,0,0,0
TAO_TRAIN_GT_CONTROLLED_HELDOUT,A1_SELECTED,A2_CAPACITY_CONTROL,1029,main,1,representation,CT_correct_novel,9,0,0,6,3,0
TAO_TRAIN_GT_CONTROLLED_HELDOUT,D1_SIMPLE_MLP,D2_RISK_AWARE,1029,main,1,policy,standard_correct_all,223,0,0,92,131,0
TAO_TRAIN_GT_CONTROLLED_HELDOUT,D1_SIMPLE_MLP,D2_RISK_AWARE,1029,main,1,policy,standard_correct_known,207,0,0,76,131,0
TAO_TRAIN_GT_CONTROLLED_HELDOUT,D1_SIMPLE_MLP,D2_RISK_AWARE,1029,main,1,policy,standard_correct_novel,16,0,0,16,0,0
TAO_TRAIN_GT_CONTROLLED_HELDOUT,D1_SIMPLE_MLP,D2_RISK_AWARE,1029,main,1,policy,CT_correct_all,9,0,0,9,0,0
TAO_TRAIN_GT_CONTROLLED_HELDOUT,D1_SIMPLE_MLP,D2_RISK_AWARE,1029,main,1,policy,CT_correct_known,0,0,0,0,0,0
TAO_TRAIN_GT_CONTROLLED_HELDOUT,D1_SIMPLE_MLP,D2_RISK_AWARE,1029,main,1,policy,CT_correct_novel,9,0,0,9,0,0
TAO_TRAIN_GT_CONTROLLED_HELDOUT,WITHOUT_RISK,FULL,1029,main,1,policy,standard_correct_all,223,0,0,94,129,0
TAO_TRAIN_GT_CONTROLLED_HELDOUT,WITHOUT_RISK,FULL,1029,main,1,policy,standard_correct_known,207,0,0,78,129,0
TAO_TRAIN_GT_CONTROLLED_HELDOUT,WITHOUT_RISK,FULL,1029,main,1,policy,standard_correct_novel,16,0,0,16,0,0
TAO_TRAIN_GT_CONTROLLED_HELDOUT,WITHOUT_RISK,FULL,1029,main,1,policy,CT_correct_all,9,0,0,9,0,0
TAO_TRAIN_GT_CONTROLLED_HELDOUT,WITHOUT_RISK,FULL,1029,main,1,policy,CT_correct_known,0,0,0,0,0,0
TAO_TRAIN_GT_CONTROLLED_HELDOUT,WITHOUT_RISK,FULL,1029,main,1,policy,CT_correct_novel,9,0,0,9,0,0
TAO_TRAIN_GT_CONTROLLED_HELDOUT,WITHOUT_TEMPORAL,FULL,1029,main,1,policy,standard_correct_all,223,0,2,92,129,-2
TAO_TRAIN_GT_CONTROLLED_HELDOUT,WITHOUT_TEMPORAL,FULL,1029,main,1,policy,standard_correct_known,207,0,2,76,129,-2
TAO_TRAIN_GT_CONTROLLED_HELDOUT,WITHOUT_TEMPORAL,FULL,1029,main,1,policy,standard_correct_novel,16,0,0,16,0,0
TAO_TRAIN_GT_CONTROLLED_HELDOUT,WITHOUT_TEMPORAL,FULL,1029,main,1,policy,CT_correct_all,9,0,0,9,0,0
TAO_TRAIN_GT_CONTROLLED_HELDOUT,WITHOUT_TEMPORAL,FULL,1029,main,1,policy,CT_correct_known,0,0,0,0,0,0
TAO_TRAIN_GT_CONTROLLED_HELDOUT,WITHOUT_TEMPORAL,FULL,1029,main,1,policy,CT_correct_novel,9,0,0,9,0,0
TAO_TRAIN_GT_CONTROLLED_HELDOUT,A0_RAW,A1_SELECTED,1029,main,2,representation,standard_correct_all,223,131,4,85,3,127
TAO_TRAIN_GT_CONTROLLED_HELDOUT,A0_RAW,A1_SELECTED,1029,main,2,representation,standard_correct_known,207,126,0,81,0,126
TAO_TRAIN_GT_CONTROLLED_HELDOUT,A0_RAW,A1_SELECTED,1029,main,2,representation,standard_correct_novel,16,5,4,4,3,1
TAO_TRAIN_GT_CONTROLLED_HELDOUT,A0_RAW,A1_SELECTED,1029,main,2,representation,CT_correct_all,9,2,1,6,0,1
TAO_TRAIN_GT_CONTROLLED_HELDOUT,A0_RAW,A1_SELECTED,1029,main,2,representation,CT_correct_known,0,0,0,0,0,0
TAO_TRAIN_GT_CONTROLLED_HELDOUT,A0_RAW,A1_SELECTED,1029,main,2,representation,CT_correct_novel,9,2,1,6,0,1
TAO_TRAIN_GT_CONTROLLED_HELDOUT,A0_RAW,A2_EVIDENCE,1029,main,2,representation,standard_correct_all,223,94,0,122,7,94
TAO_TRAIN_GT_CONTROLLED_HELDOUT,A0_RAW,A2_EVIDENCE,1029,main,2,representation,standard_correct_known,207,93,0,114,0,93
TAO_TRAIN_GT_CONTROLLED_HELDOUT,A0_RAW,A2_EVIDENCE,1029,main,2,representation,standard_correct_novel,16,1,0,8,7,1
TAO_TRAIN_GT_CONTROLLED_HELDOUT,A0_RAW,A2_EVIDENCE,1029,main,2,representation,CT_correct_all,9,2,1,6,0,1
TAO_TRAIN_GT_CONTROLLED_HELDOUT,A0_RAW,A2_EVIDENCE,1029,main,2,representation,CT_correct_known,0,0,0,0,0,0
TAO_TRAIN_GT_CONTROLLED_HELDOUT,A0_RAW,A2_EVIDENCE,1029,main,2,representation,CT_correct_novel,9,2,1,6,0,1
TAO_TRAIN_GT_CONTROLLED_HELDOUT,A0_RAW,A2_CAPACITY_CONTROL,1029,main,2,representation,standard_correct_all,223,131,4,85,3,127
TAO_TRAIN_GT_CONTROLLED_HELDOUT,A0_RAW,A2_CAPACITY_CONTROL,1029,main,2,representation,standard_correct_known,207,126,0,81,0,126
TAO_TRAIN_GT_CONTROLLED_HELDOUT,A0_RAW,A2_CAPACITY_CONTROL,1029,main,2,representation,standard_correct_novel,16,5,4,4,3,1
TAO_TRAIN_GT_CONTROLLED_HELDOUT,A0_RAW,A2_CAPACITY_CONTROL,1029,main,2,representation,CT_correct_all,9,2,1,6,0,1
TAO_TRAIN_GT_CONTROLLED_HELDOUT,A0_RAW,A2_CAPACITY_CONTROL,1029,main,2,representation,CT_correct_known,0,0,0,0,0,0
TAO_TRAIN_GT_CONTROLLED_HELDOUT,A0_RAW,A2_CAPACITY_CONTROL,1029,main,2,representation,CT_correct_novel,9,2,1,6,0,1
TAO_TRAIN_GT_CONTROLLED_HELDOUT,A1_SELECTED,A2_EVIDENCE,1029,main,2,representation,standard_correct_all,223,4,37,85,97,-33
TAO_TRAIN_GT_CONTROLLED_HELDOUT,A1_SELECTED,A2_EVIDENCE,1029,main,2,representation,standard_correct_known,207,0,33,81,93,-33
TAO_TRAIN_GT_CONTROLLED_HELDOUT,A1_SELECTED,A2_EVIDENCE,1029,main,2,representation,standard_correct_novel,16,4,4,4,4,0
TAO_TRAIN_GT_CONTROLLED_HELDOUT,A1_SELECTED,A2_EVIDENCE,1029,main,2,representation,CT_correct_all,9,0,0,7,2,0
TAO_TRAIN_GT_CONTROLLED_HELDOUT,A1_SELECTED,A2_EVIDENCE,1029,main,2,representation,CT_correct_known,0,0,0,0,0,0
TAO_TRAIN_GT_CONTROLLED_HELDOUT,A1_SELECTED,A2_EVIDENCE,1029,main,2,representation,CT_correct_novel,9,0,0,7,2,0
TAO_TRAIN_GT_CONTROLLED_HELDOUT,A1_SELECTED,A2_CAPACITY_CONTROL,1029,main,2,representation,standard_correct_all,223,0,0,89,134,0
TAO_TRAIN_GT_CONTROLLED_HELDOUT,A1_SELECTED,A2_CAPACITY_CONTROL,1029,main,2,representation,standard_correct_known,207,0,0,81,126,0
TAO_TRAIN_GT_CONTROLLED_HELDOUT,A1_SELECTED,A2_CAPACITY_CONTROL,1029,main,2,representation,standard_correct_novel,16,0,0,8,8,0
TAO_TRAIN_GT_CONTROLLED_HELDOUT,A1_SELECTED,A2_CAPACITY_CONTROL,1029,main,2,representation,CT_correct_all,9,0,0,7,2,0
TAO_TRAIN_GT_CONTROLLED_HELDOUT,A1_SELECTED,A2_CAPACITY_CONTROL,1029,main,2,representation,CT_correct_known,0,0,0,0,0,0
TAO_TRAIN_GT_CONTROLLED_HELDOUT,A1_SELECTED,A2_CAPACITY_CONTROL,1029,main,2,representation,CT_correct_novel,9,0,0,7,2,0
TAO_TRAIN_GT_CONTROLLED_HELDOUT,D1_SIMPLE_MLP,D2_RISK_AWARE,1029,main,2,policy,standard_correct_all,223,0,0,83,140,0
TAO_TRAIN_GT_CONTROLLED_HELDOUT,D1_SIMPLE_MLP,D2_RISK_AWARE,1029,main,2,policy,standard_correct_known,207,0,0,67,140,0
TAO_TRAIN_GT_CONTROLLED_HELDOUT,D1_SIMPLE_MLP,D2_RISK_AWARE,1029,main,2,policy,standard_correct_novel,16,0,0,16,0,0
TAO_TRAIN_GT_CONTROLLED_HELDOUT,D1_SIMPLE_MLP,D2_RISK_AWARE,1029,main,2,policy,CT_correct_all,9,0,0,9,0,0
TAO_TRAIN_GT_CONTROLLED_HELDOUT,D1_SIMPLE_MLP,D2_RISK_AWARE,1029,main,2,policy,CT_correct_known,0,0,0,0,0,0
TAO_TRAIN_GT_CONTROLLED_HELDOUT,D1_SIMPLE_MLP,D2_RISK_AWARE,1029,main,2,policy,CT_correct_novel,9,0,0,9,0,0
TAO_TRAIN_GT_CONTROLLED_HELDOUT,WITHOUT_RISK,FULL,1029,main,2,policy,standard_correct_all,223,0,0,84,139,0
TAO_TRAIN_GT_CONTROLLED_HELDOUT,WITHOUT_RISK,FULL,1029,main,2,policy,standard_correct_known,207,0,0,68,139,0
TAO_TRAIN_GT_CONTROLLED_HELDOUT,WITHOUT_RISK,FULL,1029,main,2,policy,standard_correct_novel,16,0,0,16,0,0
TAO_TRAIN_GT_CONTROLLED_HELDOUT,WITHOUT_RISK,FULL,1029,main,2,policy,CT_correct_all,9,0,0,9,0,0
TAO_TRAIN_GT_CONTROLLED_HELDOUT,WITHOUT_RISK,FULL,1029,main,2,policy,CT_correct_known,0,0,0,0,0,0
TAO_TRAIN_GT_CONTROLLED_HELDOUT,WITHOUT_RISK,FULL,1029,main,2,policy,CT_correct_novel,9,0,0,9,0,0
TAO_TRAIN_GT_CONTROLLED_HELDOUT,WITHOUT_TEMPORAL,FULL,1029,main,2,policy,standard_correct_all,223,2,3,81,137,-1
TAO_TRAIN_GT_CONTROLLED_HELDOUT,WITHOUT_TEMPORAL,FULL,1029,main,2,policy,standard_correct_known,207,2,3,65,137,-1
TAO_TRAIN_GT_CONTROLLED_HELDOUT,WITHOUT_TEMPORAL,FULL,1029,main,2,policy,standard_correct_novel,16,0,0,16,0,0
TAO_TRAIN_GT_CONTROLLED_HELDOUT,WITHOUT_TEMPORAL,FULL,1029,main,2,policy,CT_correct_all,9,0,0,9,0,0
TAO_TRAIN_GT_CONTROLLED_HELDOUT,WITHOUT_TEMPORAL,FULL,1029,main,2,policy,CT_correct_known,0,0,0,0,0,0
TAO_TRAIN_GT_CONTROLLED_HELDOUT,WITHOUT_TEMPORAL,FULL,1029,main,2,policy,CT_correct_novel,9,0,0,9,0,0
TAO_TRAIN_GT_CONTROLLED_HELDOUT,A0_RAW,A1_SELECTED,1029,main,4,representation,standard_correct_all,223,140,3,76,4,137
TAO_TRAIN_GT_CONTROLLED_HELDOUT,A0_RAW,A1_SELECTED,1029,main,4,representation,standard_correct_known,207,136,0,71,0,136
TAO_TRAIN_GT_CONTROLLED_HELDOUT,A0_RAW,A1_SELECTED,1029,main,4,representation,standard_correct_novel,16,4,3,5,4,1
TAO_TRAIN_GT_CONTROLLED_HELDOUT,A0_RAW,A1_SELECTED,1029,main,4,representation,CT_correct_all,9,2,0,6,1,2
TAO_TRAIN_GT_CONTROLLED_HELDOUT,A0_RAW,A1_SELECTED,1029,main,4,representation,CT_correct_known,0,0,0,0,0,0
TAO_TRAIN_GT_CONTROLLED_HELDOUT,A0_RAW,A1_SELECTED,1029,main,4,representation,CT_correct_novel,9,2,0,6,1,2
TAO_TRAIN_GT_CONTROLLED_HELDOUT,A0_RAW,A2_EVIDENCE,1029,main,4,representation,standard_correct_all,223,110,1,106,6,109
TAO_TRAIN_GT_CONTROLLED_HELDOUT,A0_RAW,A2_EVIDENCE,1029,main,4,representation,standard_correct_known,207,110,0,97,0,110
TAO_TRAIN_GT_CONTROLLED_HELDOUT,A0_RAW,A2_EVIDENCE,1029,main,4,representation,standard_correct_novel,16,0,1,9,6,-1
TAO_TRAIN_GT_CONTROLLED_HELDOUT,A0_RAW,A2_EVIDENCE,1029,main,4,representation,CT_correct_all,9,2,1,6,0,1
TAO_TRAIN_GT_CONTROLLED_HELDOUT,A0_RAW,A2_EVIDENCE,1029,main,4,representation,CT_correct_known,0,0,0,0,0,0
TAO_TRAIN_GT_CONTROLLED_HELDOUT,A0_RAW,A2_EVIDENCE,1029,main,4,representation,CT_correct_novel,9,2,1,6,0,1
TAO_TRAIN_GT_CONTROLLED_HELDOUT,A0_RAW,A2_CAPACITY_CONTROL,1029,main,4,representation,standard_correct_all,223,140,3,76,4,137
TAO_TRAIN_GT_CONTROLLED_HELDOUT,A0_RAW,A2_CAPACITY_CONTROL,1029,main,4,representation,standard_correct_known,207,136,0,71,0,136
TAO_TRAIN_GT_CONTROLLED_HELDOUT,A0_RAW,A2_CAPACITY_CONTROL,1029,main,4,representation,standard_correct_novel,16,4,3,5,4,1
TAO_TRAIN_GT_CONTROLLED_HELDOUT,A0_RAW,A2_CAPACITY_CONTROL,1029,main,4,representation,CT_correct_all,9,2,0,6,1,2
TAO_TRAIN_GT_CONTROLLED_HELDOUT,A0_RAW,A2_CAPACITY_CONTROL,1029,main,4,representation,CT_correct_known,0,0,0,0,0,0
TAO_TRAIN_GT_CONTROLLED_HELDOUT,A0_RAW,A2_CAPACITY_CONTROL,1029,main,4,representation,CT_correct_novel,9,2,0,6,1,2
TAO_TRAIN_GT_CONTROLLED_HELDOUT,A1_SELECTED,A2_EVIDENCE,1029,main,4,representation,standard_correct_all,223,5,33,74,111,-28
TAO_TRAIN_GT_CONTROLLED_HELDOUT,A1_SELECTED,A2_EVIDENCE,1029,main,4,representation,standard_correct_known,207,2,28,69,108,-26
TAO_TRAIN_GT_CONTROLLED_HELDOUT,A1_SELECTED,A2_EVIDENCE,1029,main,4,representation,standard_correct_novel,16,3,5,5,3,-2
TAO_TRAIN_GT_CONTROLLED_HELDOUT,A1_SELECTED,A2_EVIDENCE,1029,main,4,representation,CT_correct_all,9,2,3,4,0,-1
TAO_TRAIN_GT_CONTROLLED_HELDOUT,A1_SELECTED,A2_EVIDENCE,1029,main,4,representation,CT_correct_known,0,0,0,0,0,0
TAO_TRAIN_GT_CONTROLLED_HELDOUT,A1_SELECTED,A2_EVIDENCE,1029,main,4,representation,CT_correct_novel,9,2,3,4,0,-1
TAO_TRAIN_GT_CONTROLLED_HELDOUT,A1_SELECTED,A2_CAPACITY_CONTROL,1029,main,4,representation,standard_correct_all,223,1,1,78,143,0
TAO_TRAIN_GT_CONTROLLED_HELDOUT,A1_SELECTED,A2_CAPACITY_CONTROL,1029,main,4,representation,standard_correct_known,207,1,1,70,135,0
TAO_TRAIN_GT_CONTROLLED_HELDOUT,A1_SELECTED,A2_CAPACITY_CONTROL,1029,main,4,representation,standard_correct_novel,16,0,0,8,8,0
TAO_TRAIN_GT_CONTROLLED_HELDOUT,A1_SELECTED,A2_CAPACITY_CONTROL,1029,main,4,representation,CT_correct_all,9,0,0,6,3,0
TAO_TRAIN_GT_CONTROLLED_HELDOUT,A1_SELECTED,A2_CAPACITY_CONTROL,1029,main,4,representation,CT_correct_known,0,0,0,0,0,0
TAO_TRAIN_GT_CONTROLLED_HELDOUT,A1_SELECTED,A2_CAPACITY_CONTROL,1029,main,4,representation,CT_correct_novel,9,0,0,6,3,0
TAO_TRAIN_GT_CONTROLLED_HELDOUT,D1_SIMPLE_MLP,D2_RISK_AWARE,1029,main,4,policy,standard_correct_all,223,0,0,73,150,0
TAO_TRAIN_GT_CONTROLLED_HELDOUT,D1_SIMPLE_MLP,D2_RISK_AWARE,1029,main,4,policy,standard_correct_known,207,0,0,57,150,0
TAO_TRAIN_GT_CONTROLLED_HELDOUT,D1_SIMPLE_MLP,D2_RISK_AWARE,1029,main,4,policy,standard_correct_novel,16,0,0,16,0,0
TAO_TRAIN_GT_CONTROLLED_HELDOUT,D1_SIMPLE_MLP,D2_RISK_AWARE,1029,main,4,policy,CT_correct_all,9,0,0,9,0,0
TAO_TRAIN_GT_CONTROLLED_HELDOUT,D1_SIMPLE_MLP,D2_RISK_AWARE,1029,main,4,policy,CT_correct_known,0,0,0,0,0,0
TAO_TRAIN_GT_CONTROLLED_HELDOUT,D1_SIMPLE_MLP,D2_RISK_AWARE,1029,main,4,policy,CT_correct_novel,9,0,0,9,0,0
TAO_TRAIN_GT_CONTROLLED_HELDOUT,WITHOUT_RISK,FULL,1029,main,4,policy,standard_correct_all,223,0,0,74,149,0
TAO_TRAIN_GT_CONTROLLED_HELDOUT,WITHOUT_RISK,FULL,1029,main,4,policy,standard_correct_known,207,0,0,58,149,0
TAO_TRAIN_GT_CONTROLLED_HELDOUT,WITHOUT_RISK,FULL,1029,main,4,policy,standard_correct_novel,16,0,0,16,0,0
TAO_TRAIN_GT_CONTROLLED_HELDOUT,WITHOUT_RISK,FULL,1029,main,4,policy,CT_correct_all,9,0,0,9,0,0
TAO_TRAIN_GT_CONTROLLED_HELDOUT,WITHOUT_RISK,FULL,1029,main,4,policy,CT_correct_known,0,0,0,0,0,0
TAO_TRAIN_GT_CONTROLLED_HELDOUT,WITHOUT_RISK,FULL,1029,main,4,policy,CT_correct_novel,9,0,0,9,0,0
TAO_TRAIN_GT_CONTROLLED_HELDOUT,WITHOUT_TEMPORAL,FULL,1029,main,4,policy,standard_correct_all,223,5,6,68,144,-1
TAO_TRAIN_GT_CONTROLLED_HELDOUT,WITHOUT_TEMPORAL,FULL,1029,main,4,policy,standard_correct_known,207,5,6,52,144,-1
TAO_TRAIN_GT_CONTROLLED_HELDOUT,WITHOUT_TEMPORAL,FULL,1029,main,4,policy,standard_correct_novel,16,0,0,16,0,0
TAO_TRAIN_GT_CONTROLLED_HELDOUT,WITHOUT_TEMPORAL,FULL,1029,main,4,policy,CT_correct_all,9,0,0,9,0,0
TAO_TRAIN_GT_CONTROLLED_HELDOUT,WITHOUT_TEMPORAL,FULL,1029,main,4,policy,CT_correct_known,0,0,0,0,0,0
TAO_TRAIN_GT_CONTROLLED_HELDOUT,WITHOUT_TEMPORAL,FULL,1029,main,4,policy,CT_correct_novel,9,0,0,9,0,0
TAO_TRAIN_GT_CONTROLLED_HELDOUT,A0_RAW,A1_SELECTED,1029,main,8,representation,standard_correct_all,223,147,4,67,5,143
TAO_TRAIN_GT_CONTROLLED_HELDOUT,A0_RAW,A1_SELECTED,1029,main,8,representation,standard_correct_known,207,145,0,61,1,145
TAO_TRAIN_GT_CONTROLLED_HELDOUT,A0_RAW,A1_SELECTED,1029,main,8,representation,standard_correct_novel,16,2,4,6,4,-2
TAO_TRAIN_GT_CONTROLLED_HELDOUT,A0_RAW,A1_SELECTED,1029,main,8,representation,CT_correct_all,9,0,2,7,0,-2
TAO_TRAIN_GT_CONTROLLED_HELDOUT,A0_RAW,A1_SELECTED,1029,main,8,representation,CT_correct_known,0,0,0,0,0,0
TAO_TRAIN_GT_CONTROLLED_HELDOUT,A0_RAW,A1_SELECTED,1029,main,8,representation,CT_correct_novel,9,0,2,7,0,-2
TAO_TRAIN_GT_CONTROLLED_HELDOUT,A0_RAW,A2_EVIDENCE,1029,main,8,representation,standard_correct_all,223,113,0,101,9,113
TAO_TRAIN_GT_CONTROLLED_HELDOUT,A0_RAW,A2_EVIDENCE,1029,main,8,representation,standard_correct_known,207,113,0,93,1,113
TAO_TRAIN_GT_CONTROLLED_HELDOUT,A0_RAW,A2_EVIDENCE,1029,main,8,representation,standard_correct_novel,16,0,0,8,8,0
TAO_TRAIN_GT_CONTROLLED_HELDOUT,A0_RAW,A2_EVIDENCE,1029,main,8,representation,CT_correct_all,9,2,0,5,2,2
TAO_TRAIN_GT_CONTROLLED_HELDOUT,A0_RAW,A2_EVIDENCE,1029,main,8,representation,CT_correct_known,0,0,0,0,0,0
TAO_TRAIN_GT_CONTROLLED_HELDOUT,A0_RAW,A2_EVIDENCE,1029,main,8,representation,CT_correct_novel,9,2,0,5,2,2
TAO_TRAIN_GT_CONTROLLED_HELDOUT,A0_RAW,A2_CAPACITY_CONTROL,1029,main,8,representation,standard_correct_all,223,147,3,67,6,144
TAO_TRAIN_GT_CONTROLLED_HELDOUT,A0_RAW,A2_CAPACITY_CONTROL,1029,main,8,representation,standard_correct_known,207,146,0,60,1,146
TAO_TRAIN_GT_CONTROLLED_HELDOUT,A0_RAW,A2_CAPACITY_CONTROL,1029,main,8,representation,standard_correct_novel,16,1,3,7,5,-2
TAO_TRAIN_GT_CONTROLLED_HELDOUT,A0_RAW,A2_CAPACITY_CONTROL,1029,main,8,representation,CT_correct_all,9,0,2,7,0,-2
TAO_TRAIN_GT_CONTROLLED_HELDOUT,A0_RAW,A2_CAPACITY_CONTROL,1029,main,8,representation,CT_correct_known,0,0,0,0,0,0
TAO_TRAIN_GT_CONTROLLED_HELDOUT,A0_RAW,A2_CAPACITY_CONTROL,1029,main,8,representation,CT_correct_novel,9,0,2,7,0,-2
TAO_TRAIN_GT_CONTROLLED_HELDOUT,A1_SELECTED,A2_EVIDENCE,1029,main,8,representation,standard_correct_all,223,6,36,65,116,-30
TAO_TRAIN_GT_CONTROLLED_HELDOUT,A1_SELECTED,A2_EVIDENCE,1029,main,8,representation,standard_correct_known,207,2,34,59,112,-32
TAO_TRAIN_GT_CONTROLLED_HELDOUT,A1_SELECTED,A2_EVIDENCE,1029,main,8,representation,standard_correct_novel,16,4,2,6,4,2
TAO_TRAIN_GT_CONTROLLED_HELDOUT,A1_SELECTED,A2_EVIDENCE,1029,main,8,representation,CT_correct_all,9,4,0,5,0,4
TAO_TRAIN_GT_CONTROLLED_HELDOUT,A1_SELECTED,A2_EVIDENCE,1029,main,8,representation,CT_correct_known,0,0,0,0,0,0
TAO_TRAIN_GT_CONTROLLED_HELDOUT,A1_SELECTED,A2_EVIDENCE,1029,main,8,representation,CT_correct_novel,9,4,0,5,0,4
TAO_TRAIN_GT_CONTROLLED_HELDOUT,A1_SELECTED,A2_CAPACITY_CONTROL,1029,main,8,representation,standard_correct_all,223,4,3,67,149,1
TAO_TRAIN_GT_CONTROLLED_HELDOUT,A1_SELECTED,A2_CAPACITY_CONTROL,1029,main,8,representation,standard_correct_known,207,3,2,58,144,1
TAO_TRAIN_GT_CONTROLLED_HELDOUT,A1_SELECTED,A2_CAPACITY_CONTROL,1029,main,8,representation,standard_correct_novel,16,1,1,9,5,0
TAO_TRAIN_GT_CONTROLLED_HELDOUT,A1_SELECTED,A2_CAPACITY_CONTROL,1029,main,8,representation,CT_correct_all,9,0,0,9,0,0
TAO_TRAIN_GT_CONTROLLED_HELDOUT,A1_SELECTED,A2_CAPACITY_CONTROL,1029,main,8,representation,CT_correct_known,0,0,0,0,0,0
TAO_TRAIN_GT_CONTROLLED_HELDOUT,A1_SELECTED,A2_CAPACITY_CONTROL,1029,main,8,representation,CT_correct_novel,9,0,0,9,0,0
TAO_TRAIN_GT_CONTROLLED_HELDOUT,D1_SIMPLE_MLP,D2_RISK_AWARE,1029,main,8,policy,standard_correct_all,223,0,0,64,159,0
TAO_TRAIN_GT_CONTROLLED_HELDOUT,D1_SIMPLE_MLP,D2_RISK_AWARE,1029,main,8,policy,standard_correct_known,207,0,0,48,159,0
TAO_TRAIN_GT_CONTROLLED_HELDOUT,D1_SIMPLE_MLP,D2_RISK_AWARE,1029,main,8,policy,standard_correct_novel,16,0,0,16,0,0
TAO_TRAIN_GT_CONTROLLED_HELDOUT,D1_SIMPLE_MLP,D2_RISK_AWARE,1029,main,8,policy,CT_correct_all,9,0,0,9,0,0
TAO_TRAIN_GT_CONTROLLED_HELDOUT,D1_SIMPLE_MLP,D2_RISK_AWARE,1029,main,8,policy,CT_correct_known,0,0,0,0,0,0
TAO_TRAIN_GT_CONTROLLED_HELDOUT,D1_SIMPLE_MLP,D2_RISK_AWARE,1029,main,8,policy,CT_correct_novel,9,0,0,9,0,0
TAO_TRAIN_GT_CONTROLLED_HELDOUT,WITHOUT_RISK,FULL,1029,main,8,policy,standard_correct_all,223,0,0,66,157,0
TAO_TRAIN_GT_CONTROLLED_HELDOUT,WITHOUT_RISK,FULL,1029,main,8,policy,standard_correct_known,207,0,0,50,157,0
TAO_TRAIN_GT_CONTROLLED_HELDOUT,WITHOUT_RISK,FULL,1029,main,8,policy,standard_correct_novel,16,0,0,16,0,0
TAO_TRAIN_GT_CONTROLLED_HELDOUT,WITHOUT_RISK,FULL,1029,main,8,policy,CT_correct_all,9,0,0,9,0,0
TAO_TRAIN_GT_CONTROLLED_HELDOUT,WITHOUT_RISK,FULL,1029,main,8,policy,CT_correct_known,0,0,0,0,0,0
TAO_TRAIN_GT_CONTROLLED_HELDOUT,WITHOUT_RISK,FULL,1029,main,8,policy,CT_correct_novel,9,0,0,9,0,0
TAO_TRAIN_GT_CONTROLLED_HELDOUT,WITHOUT_TEMPORAL,FULL,1029,main,8,policy,standard_correct_all,223,3,5,61,154,-2
TAO_TRAIN_GT_CONTROLLED_HELDOUT,WITHOUT_TEMPORAL,FULL,1029,main,8,policy,standard_correct_known,207,3,5,45,154,-2
TAO_TRAIN_GT_CONTROLLED_HELDOUT,WITHOUT_TEMPORAL,FULL,1029,main,8,policy,standard_correct_novel,16,0,0,16,0,0
TAO_TRAIN_GT_CONTROLLED_HELDOUT,WITHOUT_TEMPORAL,FULL,1029,main,8,policy,CT_correct_all,9,0,0,9,0,0
TAO_TRAIN_GT_CONTROLLED_HELDOUT,WITHOUT_TEMPORAL,FULL,1029,main,8,policy,CT_correct_known,0,0,0,0,0,0
TAO_TRAIN_GT_CONTROLLED_HELDOUT,WITHOUT_TEMPORAL,FULL,1029,main,8,policy,CT_correct_novel,9,0,0,9,0,0
TAO_TRAIN_GT_CONTROLLED_HELDOUT,A0_RAW,A1_SELECTED,1029,main,16,representation,standard_correct_all,223,152,4,61,6,148
TAO_TRAIN_GT_CONTROLLED_HELDOUT,A0_RAW,A1_SELECTED,1029,main,16,representation,standard_correct_known,207,147,0,58,2,147
TAO_TRAIN_GT_CONTROLLED_HELDOUT,A0_RAW,A1_SELECTED,1029,main,16,representation,standard_correct_novel,16,5,4,3,4,1
TAO_TRAIN_GT_CONTROLLED_HELDOUT,A0_RAW,A1_SELECTED,1029,main,16,representation,CT_correct_all,9,0,2,7,0,-2
TAO_TRAIN_GT_CONTROLLED_HELDOUT,A0_RAW,A1_SELECTED,1029,main,16,representation,CT_correct_known,0,0,0,0,0,0
TAO_TRAIN_GT_CONTROLLED_HELDOUT,A0_RAW,A1_SELECTED,1029,main,16,representation,CT_correct_novel,9,0,2,7,0,-2
TAO_TRAIN_GT_CONTROLLED_HELDOUT,A0_RAW,A2_EVIDENCE,1029,main,16,representation,standard_correct_all,223,121,5,92,5,116
TAO_TRAIN_GT_CONTROLLED_HELDOUT,A0_RAW,A2_EVIDENCE,1029,main,16,representation,standard_correct_known,207,117,1,88,1,116
TAO_TRAIN_GT_CONTROLLED_HELDOUT,A0_RAW,A2_EVIDENCE,1029,main,16,representation,standard_correct_novel,16,4,4,4,4,0
TAO_TRAIN_GT_CONTROLLED_HELDOUT,A0_RAW,A2_EVIDENCE,1029,main,16,representation,CT_correct_all,9,2,2,5,0,0
TAO_TRAIN_GT_CONTROLLED_HELDOUT,A0_RAW,A2_EVIDENCE,1029,main,16,representation,CT_correct_known,0,0,0,0,0,0
TAO_TRAIN_GT_CONTROLLED_HELDOUT,A0_RAW,A2_EVIDENCE,1029,main,16,representation,CT_correct_novel,9,2,2,5,0,0
TAO_TRAIN_GT_CONTROLLED_HELDOUT,A0_RAW,A2_CAPACITY_CONTROL,1029,main,16,representation,standard_correct_all,223,152,4,61,6,148
TAO_TRAIN_GT_CONTROLLED_HELDOUT,A0_RAW,A2_CAPACITY_CONTROL,1029,main,16,representation,standard_correct_known,207,147,0,58,2,147
TAO_TRAIN_GT_CONTROLLED_HELDOUT,A0_RAW,A2_CAPACITY_CONTROL,1029,main,16,representation,standard_correct_novel,16,5,4,3,4,1
TAO_TRAIN_GT_CONTROLLED_HELDOUT,A0_RAW,A2_CAPACITY_CONTROL,1029,main,16,representation,CT_correct_all,9,0,2,7,0,-2
TAO_TRAIN_GT_CONTROLLED_HELDOUT,A0_RAW,A2_CAPACITY_CONTROL,1029,main,16,representation,CT_correct_known,0,0,0,0,0,0
TAO_TRAIN_GT_CONTROLLED_HELDOUT,A0_RAW,A2_CAPACITY_CONTROL,1029,main,16,representation,CT_correct_novel,9,0,2,7,0,-2
TAO_TRAIN_GT_CONTROLLED_HELDOUT,A1_SELECTED,A2_EVIDENCE,1029,main,16,representation,standard_correct_all,223,6,38,59,120,-32
TAO_TRAIN_GT_CONTROLLED_HELDOUT,A1_SELECTED,A2_EVIDENCE,1029,main,16,representation,standard_correct_known,207,3,34,55,115,-31
TAO_TRAIN_GT_CONTROLLED_HELDOUT,A1_SELECTED,A2_EVIDENCE,1029,main,16,representation,standard_correct_novel,16,3,4,4,5,-1
TAO_TRAIN_GT_CONTROLLED_HELDOUT,A1_SELECTED,A2_EVIDENCE,1029,main,16,representation,CT_correct_all,9,2,0,7,0,2
TAO_TRAIN_GT_CONTROLLED_HELDOUT,A1_SELECTED,A2_EVIDENCE,1029,main,16,representation,CT_correct_known,0,0,0,0,0,0
TAO_TRAIN_GT_CONTROLLED_HELDOUT,A1_SELECTED,A2_EVIDENCE,1029,main,16,representation,CT_correct_novel,9,2,0,7,0,2
TAO_TRAIN_GT_CONTROLLED_HELDOUT,A1_SELECTED,A2_CAPACITY_CONTROL,1029,main,16,representation,standard_correct_all,223,2,2,63,156,0
TAO_TRAIN_GT_CONTROLLED_HELDOUT,A1_SELECTED,A2_CAPACITY_CONTROL,1029,main,16,representation,standard_correct_known,207,2,2,56,147,0
TAO_TRAIN_GT_CONTROLLED_HELDOUT,A1_SELECTED,A2_CAPACITY_CONTROL,1029,main,16,representation,standard_correct_novel,16,0,0,7,9,0
TAO_TRAIN_GT_CONTROLLED_HELDOUT,A1_SELECTED,A2_CAPACITY_CONTROL,1029,main,16,representation,CT_correct_all,9,0,0,9,0,0
TAO_TRAIN_GT_CONTROLLED_HELDOUT,A1_SELECTED,A2_CAPACITY_CONTROL,1029,main,16,representation,CT_correct_known,0,0,0,0,0,0
TAO_TRAIN_GT_CONTROLLED_HELDOUT,A1_SELECTED,A2_CAPACITY_CONTROL,1029,main,16,representation,CT_correct_novel,9,0,0,9,0,0
TAO_TRAIN_GT_CONTROLLED_HELDOUT,D1_SIMPLE_MLP,D2_RISK_AWARE,1029,main,16,policy,standard_correct_all,223,0,0,61,162,0
TAO_TRAIN_GT_CONTROLLED_HELDOUT,D1_SIMPLE_MLP,D2_RISK_AWARE,1029,main,16,policy,standard_correct_known,207,0,0,45,162,0
TAO_TRAIN_GT_CONTROLLED_HELDOUT,D1_SIMPLE_MLP,D2_RISK_AWARE,1029,main,16,policy,standard_correct_novel,16,0,0,16,0,0
TAO_TRAIN_GT_CONTROLLED_HELDOUT,D1_SIMPLE_MLP,D2_RISK_AWARE,1029,main,16,policy,CT_correct_all,9,0,0,9,0,0
TAO_TRAIN_GT_CONTROLLED_HELDOUT,D1_SIMPLE_MLP,D2_RISK_AWARE,1029,main,16,policy,CT_correct_known,0,0,0,0,0,0
TAO_TRAIN_GT_CONTROLLED_HELDOUT,D1_SIMPLE_MLP,D2_RISK_AWARE,1029,main,16,policy,CT_correct_novel,9,0,0,9,0,0
TAO_TRAIN_GT_CONTROLLED_HELDOUT,WITHOUT_RISK,FULL,1029,main,16,policy,standard_correct_all,223,0,0,61,162,0
TAO_TRAIN_GT_CONTROLLED_HELDOUT,WITHOUT_RISK,FULL,1029,main,16,policy,standard_correct_known,207,0,0,45,162,0
TAO_TRAIN_GT_CONTROLLED_HELDOUT,WITHOUT_RISK,FULL,1029,main,16,policy,standard_correct_novel,16,0,0,16,0,0
TAO_TRAIN_GT_CONTROLLED_HELDOUT,WITHOUT_RISK,FULL,1029,main,16,policy,CT_correct_all,9,0,0,9,0,0
TAO_TRAIN_GT_CONTROLLED_HELDOUT,WITHOUT_RISK,FULL,1029,main,16,policy,CT_correct_known,0,0,0,0,0,0
TAO_TRAIN_GT_CONTROLLED_HELDOUT,WITHOUT_RISK,FULL,1029,main,16,policy,CT_correct_novel,9,0,0,9,0,0
TAO_TRAIN_GT_CONTROLLED_HELDOUT,WITHOUT_TEMPORAL,FULL,1029,main,16,policy,standard_correct_all,223,4,4,57,158,0
TAO_TRAIN_GT_CONTROLLED_HELDOUT,WITHOUT_TEMPORAL,FULL,1029,main,16,policy,standard_correct_known,207,4,4,41,158,0
TAO_TRAIN_GT_CONTROLLED_HELDOUT,WITHOUT_TEMPORAL,FULL,1029,main,16,policy,standard_correct_novel,16,0,0,16,0,0
TAO_TRAIN_GT_CONTROLLED_HELDOUT,WITHOUT_TEMPORAL,FULL,1029,main,16,policy,CT_correct_all,9,0,0,9,0,0
TAO_TRAIN_GT_CONTROLLED_HELDOUT,WITHOUT_TEMPORAL,FULL,1029,main,16,policy,CT_correct_known,0,0,0,0,0,0
TAO_TRAIN_GT_CONTROLLED_HELDOUT,WITHOUT_TEMPORAL,FULL,1029,main,16,policy,CT_correct_novel,9,0,0,9,0,0
TAO_TRAIN_GT_CONTROLLED_HELDOUT,A0_RAW,A1_SELECTED,1029,seed1027,1,representation,standard_correct_all,223,114,0,101,8,114
TAO_TRAIN_GT_CONTROLLED_HELDOUT,A0_RAW,A1_SELECTED,1029,seed1027,1,representation,standard_correct_known,207,113,0,94,0,113
TAO_TRAIN_GT_CONTROLLED_HELDOUT,A0_RAW,A1_SELECTED,1029,seed1027,1,representation,standard_correct_novel,16,1,0,7,8,1
TAO_TRAIN_GT_CONTROLLED_HELDOUT,A0_RAW,A1_SELECTED,1029,seed1027,1,representation,CT_correct_all,7,0,3,4,0,-3
TAO_TRAIN_GT_CONTROLLED_HELDOUT,A0_RAW,A1_SELECTED,1029,seed1027,1,representation,CT_correct_known,0,0,0,0,0,0
TAO_TRAIN_GT_CONTROLLED_HELDOUT,A0_RAW,A1_SELECTED,1029,seed1027,1,representation,CT_correct_novel,7,0,3,4,0,-3
TAO_TRAIN_GT_CONTROLLED_HELDOUT,A0_RAW,A2_EVIDENCE,1029,seed1027,1,representation,standard_correct_all,223,79,0,136,8,79
TAO_TRAIN_GT_CONTROLLED_HELDOUT,A0_RAW,A2_EVIDENCE,1029,seed1027,1,representation,standard_correct_known,207,79,0,128,0,79
TAO_TRAIN_GT_CONTROLLED_HELDOUT,A0_RAW,A2_EVIDENCE,1029,seed1027,1,representation,standard_correct_novel,16,0,0,8,8,0
TAO_TRAIN_GT_CONTROLLED_HELDOUT,A0_RAW,A2_EVIDENCE,1029,seed1027,1,representation,CT_correct_all,7,0,0,4,3,0
TAO_TRAIN_GT_CONTROLLED_HELDOUT,A0_RAW,A2_EVIDENCE,1029,seed1027,1,representation,CT_correct_known,0,0,0,0,0,0
TAO_TRAIN_GT_CONTROLLED_HELDOUT,A0_RAW,A2_EVIDENCE,1029,seed1027,1,representation,CT_correct_novel,7,0,0,4,3,0
TAO_TRAIN_GT_CONTROLLED_HELDOUT,A0_RAW,A2_CAPACITY_CONTROL,1029,seed1027,1,representation,standard_correct_all,223,113,0,102,8,113
TAO_TRAIN_GT_CONTROLLED_HELDOUT,A0_RAW,A2_CAPACITY_CONTROL,1029,seed1027,1,representation,standard_correct_known,207,112,0,95,0,112
TAO_TRAIN_GT_CONTROLLED_HELDOUT,A0_RAW,A2_CAPACITY_CONTROL,1029,seed1027,1,representation,standard_correct_novel,16,1,0,7,8,1
TAO_TRAIN_GT_CONTROLLED_HELDOUT,A0_RAW,A2_CAPACITY_CONTROL,1029,seed1027,1,representation,CT_correct_all,7,0,3,4,0,-3
TAO_TRAIN_GT_CONTROLLED_HELDOUT,A0_RAW,A2_CAPACITY_CONTROL,1029,seed1027,1,representation,CT_correct_known,0,0,0,0,0,0
TAO_TRAIN_GT_CONTROLLED_HELDOUT,A0_RAW,A2_CAPACITY_CONTROL,1029,seed1027,1,representation,CT_correct_novel,7,0,3,4,0,-3
TAO_TRAIN_GT_CONTROLLED_HELDOUT,A1_SELECTED,A2_EVIDENCE,1029,seed1027,1,representation,standard_correct_all,223,0,35,101,87,-35
TAO_TRAIN_GT_CONTROLLED_HELDOUT,A1_SELECTED,A2_EVIDENCE,1029,seed1027,1,representation,standard_correct_known,207,0,34,94,79,-34
TAO_TRAIN_GT_CONTROLLED_HELDOUT,A1_SELECTED,A2_EVIDENCE,1029,seed1027,1,representation,standard_correct_novel,16,0,1,7,8,-1
TAO_TRAIN_GT_CONTROLLED_HELDOUT,A1_SELECTED,A2_EVIDENCE,1029,seed1027,1,representation,CT_correct_all,7,3,0,4,0,3
TAO_TRAIN_GT_CONTROLLED_HELDOUT,A1_SELECTED,A2_EVIDENCE,1029,seed1027,1,representation,CT_correct_known,0,0,0,0,0,0
TAO_TRAIN_GT_CONTROLLED_HELDOUT,A1_SELECTED,A2_EVIDENCE,1029,seed1027,1,representation,CT_correct_novel,7,3,0,4,0,3
TAO_TRAIN_GT_CONTROLLED_HELDOUT,A1_SELECTED,A2_CAPACITY_CONTROL,1029,seed1027,1,representation,standard_correct_all,223,0,1,101,121,-1
TAO_TRAIN_GT_CONTROLLED_HELDOUT,A1_SELECTED,A2_CAPACITY_CONTROL,1029,seed1027,1,representation,standard_correct_known,207,0,1,94,112,-1
TAO_TRAIN_GT_CONTROLLED_HELDOUT,A1_SELECTED,A2_CAPACITY_CONTROL,1029,seed1027,1,representation,standard_correct_novel,16,0,0,7,9,0
TAO_TRAIN_GT_CONTROLLED_HELDOUT,A1_SELECTED,A2_CAPACITY_CONTROL,1029,seed1027,1,representation,CT_correct_all,7,0,0,7,0,0
TAO_TRAIN_GT_CONTROLLED_HELDOUT,A1_SELECTED,A2_CAPACITY_CONTROL,1029,seed1027,1,representation,CT_correct_known,0,0,0,0,0,0
TAO_TRAIN_GT_CONTROLLED_HELDOUT,A1_SELECTED,A2_CAPACITY_CONTROL,1029,seed1027,1,representation,CT_correct_novel,7,0,0,7,0,0
TAO_TRAIN_GT_CONTROLLED_HELDOUT,D1_SIMPLE_MLP,D2_RISK_AWARE,1029,seed1027,1,policy,standard_correct_all,223,0,0,92,131,0
TAO_TRAIN_GT_CONTROLLED_HELDOUT,D1_SIMPLE_MLP,D2_RISK_AWARE,1029,seed1027,1,policy,standard_correct_known,207,0,0,76,131,0
TAO_TRAIN_GT_CONTROLLED_HELDOUT,D1_SIMPLE_MLP,D2_RISK_AWARE,1029,seed1027,1,policy,standard_correct_novel,16,0,0,16,0,0
TAO_TRAIN_GT_CONTROLLED_HELDOUT,D1_SIMPLE_MLP,D2_RISK_AWARE,1029,seed1027,1,policy,CT_correct_all,7,0,0,7,0,0
TAO_TRAIN_GT_CONTROLLED_HELDOUT,D1_SIMPLE_MLP,D2_RISK_AWARE,1029,seed1027,1,policy,CT_correct_known,0,0,0,0,0,0
TAO_TRAIN_GT_CONTROLLED_HELDOUT,D1_SIMPLE_MLP,D2_RISK_AWARE,1029,seed1027,1,policy,CT_correct_novel,7,0,0,7,0,0
TAO_TRAIN_GT_CONTROLLED_HELDOUT,WITHOUT_RISK,FULL,1029,seed1027,1,policy,standard_correct_all,223,0,0,94,129,0
TAO_TRAIN_GT_CONTROLLED_HELDOUT,WITHOUT_RISK,FULL,1029,seed1027,1,policy,standard_correct_known,207,0,0,78,129,0
TAO_TRAIN_GT_CONTROLLED_HELDOUT,WITHOUT_RISK,FULL,1029,seed1027,1,policy,standard_correct_novel,16,0,0,16,0,0
TAO_TRAIN_GT_CONTROLLED_HELDOUT,WITHOUT_RISK,FULL,1029,seed1027,1,policy,CT_correct_all,7,0,0,7,0,0
TAO_TRAIN_GT_CONTROLLED_HELDOUT,WITHOUT_RISK,FULL,1029,seed1027,1,policy,CT_correct_known,0,0,0,0,0,0
TAO_TRAIN_GT_CONTROLLED_HELDOUT,WITHOUT_RISK,FULL,1029,seed1027,1,policy,CT_correct_novel,7,0,0,7,0,0
TAO_TRAIN_GT_CONTROLLED_HELDOUT,WITHOUT_TEMPORAL,FULL,1029,seed1027,1,policy,standard_correct_all,223,0,2,92,129,-2
TAO_TRAIN_GT_CONTROLLED_HELDOUT,WITHOUT_TEMPORAL,FULL,1029,seed1027,1,policy,standard_correct_known,207,0,2,76,129,-2
TAO_TRAIN_GT_CONTROLLED_HELDOUT,WITHOUT_TEMPORAL,FULL,1029,seed1027,1,policy,standard_correct_novel,16,0,0,16,0,0
TAO_TRAIN_GT_CONTROLLED_HELDOUT,WITHOUT_TEMPORAL,FULL,1029,seed1027,1,policy,CT_correct_all,7,0,0,7,0,0
TAO_TRAIN_GT_CONTROLLED_HELDOUT,WITHOUT_TEMPORAL,FULL,1029,seed1027,1,policy,CT_correct_known,0,0,0,0,0,0
TAO_TRAIN_GT_CONTROLLED_HELDOUT,WITHOUT_TEMPORAL,FULL,1029,seed1027,1,policy,CT_correct_novel,7,0,0,7,0,0
TAO_TRAIN_GT_CONTROLLED_HELDOUT,A0_RAW,A1_SELECTED,1029,seed1027,2,representation,standard_correct_all,223,128,1,87,7,127
TAO_TRAIN_GT_CONTROLLED_HELDOUT,A0_RAW,A1_SELECTED,1029,seed1027,2,representation,standard_correct_known,207,126,0,81,0,126
TAO_TRAIN_GT_CONTROLLED_HELDOUT,A0_RAW,A1_SELECTED,1029,seed1027,2,representation,standard_correct_novel,16,2,1,6,7,1
TAO_TRAIN_GT_CONTROLLED_HELDOUT,A0_RAW,A1_SELECTED,1029,seed1027,2,representation,CT_correct_all,7,1,3,3,0,-2
TAO_TRAIN_GT_CONTROLLED_HELDOUT,A0_RAW,A1_SELECTED,1029,seed1027,2,representation,CT_correct_known,0,0,0,0,0,0
TAO_TRAIN_GT_CONTROLLED_HELDOUT,A0_RAW,A1_SELECTED,1029,seed1027,2,representation,CT_correct_novel,7,1,3,3,0,-2
TAO_TRAIN_GT_CONTROLLED_HELDOUT,A0_RAW,A2_EVIDENCE,1029,seed1027,2,representation,standard_correct_all,223,87,1,128,7,86
TAO_TRAIN_GT_CONTROLLED_HELDOUT,A0_RAW,A2_EVIDENCE,1029,seed1027,2,representation,standard_correct_known,207,85,0,122,0,85
TAO_TRAIN_GT_CONTROLLED_HELDOUT,A0_RAW,A2_EVIDENCE,1029,seed1027,2,representation,standard_correct_novel,16,2,1,6,7,1
TAO_TRAIN_GT_CONTROLLED_HELDOUT,A0_RAW,A2_EVIDENCE,1029,seed1027,2,representation,CT_correct_all,7,1,0,3,3,1
TAO_TRAIN_GT_CONTROLLED_HELDOUT,A0_RAW,A2_EVIDENCE,1029,seed1027,2,representation,CT_correct_known,0,0,0,0,0,0
TAO_TRAIN_GT_CONTROLLED_HELDOUT,A0_RAW,A2_EVIDENCE,1029,seed1027,2,representation,CT_correct_novel,7,1,0,3,3,1
TAO_TRAIN_GT_CONTROLLED_HELDOUT,A0_RAW,A2_CAPACITY_CONTROL,1029,seed1027,2,representation,standard_correct_all,223,128,1,87,7,127
TAO_TRAIN_GT_CONTROLLED_HELDOUT,A0_RAW,A2_CAPACITY_CONTROL,1029,seed1027,2,representation,standard_correct_known,207,126,0,81,0,126
TAO_TRAIN_GT_CONTROLLED_HELDOUT,A0_RAW,A2_CAPACITY_CONTROL,1029,seed1027,2,representation,standard_correct_novel,16,2,1,6,7,1
TAO_TRAIN_GT_CONTROLLED_HELDOUT,A0_RAW,A2_CAPACITY_CONTROL,1029,seed1027,2,representation,CT_correct_all,7,1,3,3,0,-2
TAO_TRAIN_GT_CONTROLLED_HELDOUT,A0_RAW,A2_CAPACITY_CONTROL,1029,seed1027,2,representation,CT_correct_known,0,0,0,0,0,0
TAO_TRAIN_GT_CONTROLLED_HELDOUT,A0_RAW,A2_CAPACITY_CONTROL,1029,seed1027,2,representation,CT_correct_novel,7,1,3,3,0,-2
TAO_TRAIN_GT_CONTROLLED_HELDOUT,A1_SELECTED,A2_EVIDENCE,1029,seed1027,2,representation,standard_correct_all,223,0,41,88,94,-41
TAO_TRAIN_GT_CONTROLLED_HELDOUT,A1_SELECTED,A2_EVIDENCE,1029,seed1027,2,representation,standard_correct_known,207,0,41,81,85,-41
TAO_TRAIN_GT_CONTROLLED_HELDOUT,A1_SELECTED,A2_EVIDENCE,1029,seed1027,2,representation,standard_correct_novel,16,0,0,7,9,0
TAO_TRAIN_GT_CONTROLLED_HELDOUT,A1_SELECTED,A2_EVIDENCE,1029,seed1027,2,representation,CT_correct_all,7,3,0,3,1,3
TAO_TRAIN_GT_CONTROLLED_HELDOUT,A1_SELECTED,A2_EVIDENCE,1029,seed1027,2,representation,CT_correct_known,0,0,0,0,0,0
TAO_TRAIN_GT_CONTROLLED_HELDOUT,A1_SELECTED,A2_EVIDENCE,1029,seed1027,2,representation,CT_correct_novel,7,3,0,3,1,3
TAO_TRAIN_GT_CONTROLLED_HELDOUT,A1_SELECTED,A2_CAPACITY_CONTROL,1029,seed1027,2,representation,standard_correct_all,223,0,0,88,135,0
TAO_TRAIN_GT_CONTROLLED_HELDOUT,A1_SELECTED,A2_CAPACITY_CONTROL,1029,seed1027,2,representation,standard_correct_known,207,0,0,81,126,0
TAO_TRAIN_GT_CONTROLLED_HELDOUT,A1_SELECTED,A2_CAPACITY_CONTROL,1029,seed1027,2,representation,standard_correct_novel,16,0,0,7,9,0
TAO_TRAIN_GT_CONTROLLED_HELDOUT,A1_SELECTED,A2_CAPACITY_CONTROL,1029,seed1027,2,representation,CT_correct_all,7,0,0,6,1,0
TAO_TRAIN_GT_CONTROLLED_HELDOUT,A1_SELECTED,A2_CAPACITY_CONTROL,1029,seed1027,2,representation,CT_correct_known,0,0,0,0,0,0
TAO_TRAIN_GT_CONTROLLED_HELDOUT,A1_SELECTED,A2_CAPACITY_CONTROL,1029,seed1027,2,representation,CT_correct_novel,7,0,0,6,1,0
TAO_TRAIN_GT_CONTROLLED_HELDOUT,D1_SIMPLE_MLP,D2_RISK_AWARE,1029,seed1027,2,policy,standard_correct_all,223,0,0,83,140,0
TAO_TRAIN_GT_CONTROLLED_HELDOUT,D1_SIMPLE_MLP,D2_RISK_AWARE,1029,seed1027,2,policy,standard_correct_known,207,0,0,67,140,0
TAO_TRAIN_GT_CONTROLLED_HELDOUT,D1_SIMPLE_MLP,D2_RISK_AWARE,1029,seed1027,2,policy,standard_correct_novel,16,0,0,16,0,0
TAO_TRAIN_GT_CONTROLLED_HELDOUT,D1_SIMPLE_MLP,D2_RISK_AWARE,1029,seed1027,2,policy,CT_correct_all,7,0,0,7,0,0
TAO_TRAIN_GT_CONTROLLED_HELDOUT,D1_SIMPLE_MLP,D2_RISK_AWARE,1029,seed1027,2,policy,CT_correct_known,0,0,0,0,0,0
TAO_TRAIN_GT_CONTROLLED_HELDOUT,D1_SIMPLE_MLP,D2_RISK_AWARE,1029,seed1027,2,policy,CT_correct_novel,7,0,0,7,0,0
TAO_TRAIN_GT_CONTROLLED_HELDOUT,WITHOUT_RISK,FULL,1029,seed1027,2,policy,standard_correct_all,223,0,0,84,139,0
TAO_TRAIN_GT_CONTROLLED_HELDOUT,WITHOUT_RISK,FULL,1029,seed1027,2,policy,standard_correct_known,207,0,0,68,139,0
TAO_TRAIN_GT_CONTROLLED_HELDOUT,WITHOUT_RISK,FULL,1029,seed1027,2,policy,standard_correct_novel,16,0,0,16,0,0
TAO_TRAIN_GT_CONTROLLED_HELDOUT,WITHOUT_RISK,FULL,1029,seed1027,2,policy,CT_correct_all,7,0,0,7,0,0
TAO_TRAIN_GT_CONTROLLED_HELDOUT,WITHOUT_RISK,FULL,1029,seed1027,2,policy,CT_correct_known,0,0,0,0,0,0
TAO_TRAIN_GT_CONTROLLED_HELDOUT,WITHOUT_RISK,FULL,1029,seed1027,2,policy,CT_correct_novel,7,0,0,7,0,0
TAO_TRAIN_GT_CONTROLLED_HELDOUT,WITHOUT_TEMPORAL,FULL,1029,seed1027,2,policy,standard_correct_all,223,2,3,81,137,-1
TAO_TRAIN_GT_CONTROLLED_HELDOUT,WITHOUT_TEMPORAL,FULL,1029,seed1027,2,policy,standard_correct_known,207,2,3,65,137,-1
TAO_TRAIN_GT_CONTROLLED_HELDOUT,WITHOUT_TEMPORAL,FULL,1029,seed1027,2,policy,standard_correct_novel,16,0,0,16,0,0
TAO_TRAIN_GT_CONTROLLED_HELDOUT,WITHOUT_TEMPORAL,FULL,1029,seed1027,2,policy,CT_correct_all,7,0,0,7,0,0
TAO_TRAIN_GT_CONTROLLED_HELDOUT,WITHOUT_TEMPORAL,FULL,1029,seed1027,2,policy,CT_correct_known,0,0,0,0,0,0
TAO_TRAIN_GT_CONTROLLED_HELDOUT,WITHOUT_TEMPORAL,FULL,1029,seed1027,2,policy,CT_correct_novel,7,0,0,7,0,0
TAO_TRAIN_GT_CONTROLLED_HELDOUT,A0_RAW,A1_SELECTED,1029,seed1027,4,representation,standard_correct_all,223,137,2,78,6,135
TAO_TRAIN_GT_CONTROLLED_HELDOUT,A0_RAW,A1_SELECTED,1029,seed1027,4,representation,standard_correct_known,207,136,0,71,0,136
TAO_TRAIN_GT_CONTROLLED_HELDOUT,A0_RAW,A1_SELECTED,1029,seed1027,4,representation,standard_correct_novel,16,1,2,7,6,-1
TAO_TRAIN_GT_CONTROLLED_HELDOUT,A0_RAW,A1_SELECTED,1029,seed1027,4,representation,CT_correct_all,7,1,3,3,0,-2
TAO_TRAIN_GT_CONTROLLED_HELDOUT,A0_RAW,A1_SELECTED,1029,seed1027,4,representation,CT_correct_known,0,0,0,0,0,0
TAO_TRAIN_GT_CONTROLLED_HELDOUT,A0_RAW,A1_SELECTED,1029,seed1027,4,representation,CT_correct_novel,7,1,3,3,0,-2
TAO_TRAIN_GT_CONTROLLED_HELDOUT,A0_RAW,A2_EVIDENCE,1029,seed1027,4,representation,standard_correct_all,223,108,0,107,8,108
TAO_TRAIN_GT_CONTROLLED_HELDOUT,A0_RAW,A2_EVIDENCE,1029,seed1027,4,representation,standard_correct_known,207,108,0,99,0,108
TAO_TRAIN_GT_CONTROLLED_HELDOUT,A0_RAW,A2_EVIDENCE,1029,seed1027,4,representation,standard_correct_novel,16,0,0,8,8,0
TAO_TRAIN_GT_CONTROLLED_HELDOUT,A0_RAW,A2_EVIDENCE,1029,seed1027,4,representation,CT_correct_all,7,1,0,3,3,1
TAO_TRAIN_GT_CONTROLLED_HELDOUT,A0_RAW,A2_EVIDENCE,1029,seed1027,4,representation,CT_correct_known,0,0,0,0,0,0
TAO_TRAIN_GT_CONTROLLED_HELDOUT,A0_RAW,A2_EVIDENCE,1029,seed1027,4,representation,CT_correct_novel,7,1,0,3,3,1
TAO_TRAIN_GT_CONTROLLED_HELDOUT,A0_RAW,A2_CAPACITY_CONTROL,1029,seed1027,4,representation,standard_correct_all,223,141,5,74,3,136
TAO_TRAIN_GT_CONTROLLED_HELDOUT,A0_RAW,A2_CAPACITY_CONTROL,1029,seed1027,4,representation,standard_correct_known,207,136,0,71,0,136
TAO_TRAIN_GT_CONTROLLED_HELDOUT,A0_RAW,A2_CAPACITY_CONTROL,1029,seed1027,4,representation,standard_correct_novel,16,5,5,3,3,0
TAO_TRAIN_GT_CONTROLLED_HELDOUT,A0_RAW,A2_CAPACITY_CONTROL,1029,seed1027,4,representation,CT_correct_all,7,0,3,4,0,-3
TAO_TRAIN_GT_CONTROLLED_HELDOUT,A0_RAW,A2_CAPACITY_CONTROL,1029,seed1027,4,representation,CT_correct_known,0,0,0,0,0,0
TAO_TRAIN_GT_CONTROLLED_HELDOUT,A0_RAW,A2_CAPACITY_CONTROL,1029,seed1027,4,representation,CT_correct_novel,7,0,3,4,0,-3
TAO_TRAIN_GT_CONTROLLED_HELDOUT,A1_SELECTED,A2_EVIDENCE,1029,seed1027,4,representation,standard_correct_all,223,4,31,76,112,-27
TAO_TRAIN_GT_CONTROLLED_HELDOUT,A1_SELECTED,A2_EVIDENCE,1029,seed1027,4,representation,standard_correct_known,207,2,30,69,106,-28
TAO_TRAIN_GT_CONTROLLED_HELDOUT,A1_SELECTED,A2_EVIDENCE,1029,seed1027,4,representation,standard_correct_novel,16,2,1,7,6,1
TAO_TRAIN_GT_CONTROLLED_HELDOUT,A1_SELECTED,A2_EVIDENCE,1029,seed1027,4,representation,CT_correct_all,7,3,0,3,1,3
TAO_TRAIN_GT_CONTROLLED_HELDOUT,A1_SELECTED,A2_EVIDENCE,1029,seed1027,4,representation,CT_correct_known,0,0,0,0,0,0
TAO_TRAIN_GT_CONTROLLED_HELDOUT,A1_SELECTED,A2_EVIDENCE,1029,seed1027,4,representation,CT_correct_novel,7,3,0,3,1,3
TAO_TRAIN_GT_CONTROLLED_HELDOUT,A1_SELECTED,A2_CAPACITY_CONTROL,1029,seed1027,4,representation,standard_correct_all,223,8,7,72,136,1
TAO_TRAIN_GT_CONTROLLED_HELDOUT,A1_SELECTED,A2_CAPACITY_CONTROL,1029,seed1027,4,representation,standard_correct_known,207,1,1,70,135,0
TAO_TRAIN_GT_CONTROLLED_HELDOUT,A1_SELECTED,A2_CAPACITY_CONTROL,1029,seed1027,4,representation,standard_correct_novel,16,7,6,2,1,1
TAO_TRAIN_GT_CONTROLLED_HELDOUT,A1_SELECTED,A2_CAPACITY_CONTROL,1029,seed1027,4,representation,CT_correct_all,7,0,1,6,0,-1
TAO_TRAIN_GT_CONTROLLED_HELDOUT,A1_SELECTED,A2_CAPACITY_CONTROL,1029,seed1027,4,representation,CT_correct_known,0,0,0,0,0,0
TAO_TRAIN_GT_CONTROLLED_HELDOUT,A1_SELECTED,A2_CAPACITY_CONTROL,1029,seed1027,4,representation,CT_correct_novel,7,0,1,6,0,-1
TAO_TRAIN_GT_CONTROLLED_HELDOUT,D1_SIMPLE_MLP,D2_RISK_AWARE,1029,seed1027,4,policy,standard_correct_all,223,0,0,73,150,0
TAO_TRAIN_GT_CONTROLLED_HELDOUT,D1_SIMPLE_MLP,D2_RISK_AWARE,1029,seed1027,4,policy,standard_correct_known,207,0,0,57,150,0
TAO_TRAIN_GT_CONTROLLED_HELDOUT,D1_SIMPLE_MLP,D2_RISK_AWARE,1029,seed1027,4,policy,standard_correct_novel,16,0,0,16,0,0
TAO_TRAIN_GT_CONTROLLED_HELDOUT,D1_SIMPLE_MLP,D2_RISK_AWARE,1029,seed1027,4,policy,CT_correct_all,7,0,0,7,0,0
TAO_TRAIN_GT_CONTROLLED_HELDOUT,D1_SIMPLE_MLP,D2_RISK_AWARE,1029,seed1027,4,policy,CT_correct_known,0,0,0,0,0,0
TAO_TRAIN_GT_CONTROLLED_HELDOUT,D1_SIMPLE_MLP,D2_RISK_AWARE,1029,seed1027,4,policy,CT_correct_novel,7,0,0,7,0,0
TAO_TRAIN_GT_CONTROLLED_HELDOUT,WITHOUT_RISK,FULL,1029,seed1027,4,policy,standard_correct_all,223,0,0,74,149,0
TAO_TRAIN_GT_CONTROLLED_HELDOUT,WITHOUT_RISK,FULL,1029,seed1027,4,policy,standard_correct_known,207,0,0,58,149,0
TAO_TRAIN_GT_CONTROLLED_HELDOUT,WITHOUT_RISK,FULL,1029,seed1027,4,policy,standard_correct_novel,16,0,0,16,0,0
TAO_TRAIN_GT_CONTROLLED_HELDOUT,WITHOUT_RISK,FULL,1029,seed1027,4,policy,CT_correct_all,7,0,0,7,0,0
TAO_TRAIN_GT_CONTROLLED_HELDOUT,WITHOUT_RISK,FULL,1029,seed1027,4,policy,CT_correct_known,0,0,0,0,0,0
TAO_TRAIN_GT_CONTROLLED_HELDOUT,WITHOUT_RISK,FULL,1029,seed1027,4,policy,CT_correct_novel,7,0,0,7,0,0
TAO_TRAIN_GT_CONTROLLED_HELDOUT,WITHOUT_TEMPORAL,FULL,1029,seed1027,4,policy,standard_correct_all,223,5,6,68,144,-1
TAO_TRAIN_GT_CONTROLLED_HELDOUT,WITHOUT_TEMPORAL,FULL,1029,seed1027,4,policy,standard_correct_known,207,5,6,52,144,-1
TAO_TRAIN_GT_CONTROLLED_HELDOUT,WITHOUT_TEMPORAL,FULL,1029,seed1027,4,policy,standard_correct_novel,16,0,0,16,0,0
TAO_TRAIN_GT_CONTROLLED_HELDOUT,WITHOUT_TEMPORAL,FULL,1029,seed1027,4,policy,CT_correct_all,7,0,0,7,0,0
TAO_TRAIN_GT_CONTROLLED_HELDOUT,WITHOUT_TEMPORAL,FULL,1029,seed1027,4,policy,CT_correct_known,0,0,0,0,0,0
TAO_TRAIN_GT_CONTROLLED_HELDOUT,WITHOUT_TEMPORAL,FULL,1029,seed1027,4,policy,CT_correct_novel,7,0,0,7,0,0
TAO_TRAIN_GT_CONTROLLED_HELDOUT,A0_RAW,A1_SELECTED,1029,seed1027,8,representation,standard_correct_all,223,146,3,68,6,143
TAO_TRAIN_GT_CONTROLLED_HELDOUT,A0_RAW,A1_SELECTED,1029,seed1027,8,representation,standard_correct_known,207,145,0,61,1,145
TAO_TRAIN_GT_CONTROLLED_HELDOUT,A0_RAW,A1_SELECTED,1029,seed1027,8,representation,standard_correct_novel,16,1,3,7,5,-2
TAO_TRAIN_GT_CONTROLLED_HELDOUT,A0_RAW,A1_SELECTED,1029,seed1027,8,representation,CT_correct_all,7,1,3,3,0,-2
TAO_TRAIN_GT_CONTROLLED_HELDOUT,A0_RAW,A1_SELECTED,1029,seed1027,8,representation,CT_correct_known,0,0,0,0,0,0
TAO_TRAIN_GT_CONTROLLED_HELDOUT,A0_RAW,A1_SELECTED,1029,seed1027,8,representation,CT_correct_novel,7,1,3,3,0,-2
TAO_TRAIN_GT_CONTROLLED_HELDOUT,A0_RAW,A2_EVIDENCE,1029,seed1027,8,representation,standard_correct_all,223,116,2,98,7,114
TAO_TRAIN_GT_CONTROLLED_HELDOUT,A0_RAW,A2_EVIDENCE,1029,seed1027,8,representation,standard_correct_known,207,114,0,92,1,114
TAO_TRAIN_GT_CONTROLLED_HELDOUT,A0_RAW,A2_EVIDENCE,1029,seed1027,8,representation,standard_correct_novel,16,2,2,6,6,0
TAO_TRAIN_GT_CONTROLLED_HELDOUT,A0_RAW,A2_EVIDENCE,1029,seed1027,8,representation,CT_correct_all,7,1,3,3,0,-2
TAO_TRAIN_GT_CONTROLLED_HELDOUT,A0_RAW,A2_EVIDENCE,1029,seed1027,8,representation,CT_correct_known,0,0,0,0,0,0
TAO_TRAIN_GT_CONTROLLED_HELDOUT,A0_RAW,A2_EVIDENCE,1029,seed1027,8,representation,CT_correct_novel,7,1,3,3,0,-2
TAO_TRAIN_GT_CONTROLLED_HELDOUT,A0_RAW,A2_CAPACITY_CONTROL,1029,seed1027,8,representation,standard_correct_all,223,146,3,68,6,143
TAO_TRAIN_GT_CONTROLLED_HELDOUT,A0_RAW,A2_CAPACITY_CONTROL,1029,seed1027,8,representation,standard_correct_known,207,145,0,61,1,145
TAO_TRAIN_GT_CONTROLLED_HELDOUT,A0_RAW,A2_CAPACITY_CONTROL,1029,seed1027,8,representation,standard_correct_novel,16,1,3,7,5,-2
TAO_TRAIN_GT_CONTROLLED_HELDOUT,A0_RAW,A2_CAPACITY_CONTROL,1029,seed1027,8,representation,CT_correct_all,7,1,3,3,0,-2
TAO_TRAIN_GT_CONTROLLED_HELDOUT,A0_RAW,A2_CAPACITY_CONTROL,1029,seed1027,8,representation,CT_correct_known,0,0,0,0,0,0
TAO_TRAIN_GT_CONTROLLED_HELDOUT,A0_RAW,A2_CAPACITY_CONTROL,1029,seed1027,8,representation,CT_correct_novel,7,1,3,3,0,-2
TAO_TRAIN_GT_CONTROLLED_HELDOUT,A1_SELECTED,A2_EVIDENCE,1029,seed1027,8,representation,standard_correct_all,223,5,34,66,118,-29
TAO_TRAIN_GT_CONTROLLED_HELDOUT,A1_SELECTED,A2_EVIDENCE,1029,seed1027,8,representation,standard_correct_known,207,2,33,59,113,-31
TAO_TRAIN_GT_CONTROLLED_HELDOUT,A1_SELECTED,A2_EVIDENCE,1029,seed1027,8,representation,standard_correct_novel,16,3,1,7,5,2
TAO_TRAIN_GT_CONTROLLED_HELDOUT,A1_SELECTED,A2_EVIDENCE,1029,seed1027,8,representation,CT_correct_all,7,0,0,6,1,0
TAO_TRAIN_GT_CONTROLLED_HELDOUT,A1_SELECTED,A2_EVIDENCE,1029,seed1027,8,representation,CT_correct_known,0,0,0,0,0,0
TAO_TRAIN_GT_CONTROLLED_HELDOUT,A1_SELECTED,A2_EVIDENCE,1029,seed1027,8,representation,CT_correct_novel,7,0,0,6,1,0
TAO_TRAIN_GT_CONTROLLED_HELDOUT,A1_SELECTED,A2_CAPACITY_CONTROL,1029,seed1027,8,representation,standard_correct_all,223,2,2,69,150,0
TAO_TRAIN_GT_CONTROLLED_HELDOUT,A1_SELECTED,A2_CAPACITY_CONTROL,1029,seed1027,8,representation,standard_correct_known,207,2,2,59,144,0
TAO_TRAIN_GT_CONTROLLED_HELDOUT,A1_SELECTED,A2_CAPACITY_CONTROL,1029,seed1027,8,representation,standard_correct_novel,16,0,0,10,6,0
TAO_TRAIN_GT_CONTROLLED_HELDOUT,A1_SELECTED,A2_CAPACITY_CONTROL,1029,seed1027,8,representation,CT_correct_all,7,0,0,6,1,0
TAO_TRAIN_GT_CONTROLLED_HELDOUT,A1_SELECTED,A2_CAPACITY_CONTROL,1029,seed1027,8,representation,CT_correct_known,0,0,0,0,0,0
TAO_TRAIN_GT_CONTROLLED_HELDOUT,A1_SELECTED,A2_CAPACITY_CONTROL,1029,seed1027,8,representation,CT_correct_novel,7,0,0,6,1,0
TAO_TRAIN_GT_CONTROLLED_HELDOUT,D1_SIMPLE_MLP,D2_RISK_AWARE,1029,seed1027,8,policy,standard_correct_all,223,0,0,64,159,0
TAO_TRAIN_GT_CONTROLLED_HELDOUT,D1_SIMPLE_MLP,D2_RISK_AWARE,1029,seed1027,8,policy,standard_correct_known,207,0,0,48,159,0
TAO_TRAIN_GT_CONTROLLED_HELDOUT,D1_SIMPLE_MLP,D2_RISK_AWARE,1029,seed1027,8,policy,standard_correct_novel,16,0,0,16,0,0
TAO_TRAIN_GT_CONTROLLED_HELDOUT,D1_SIMPLE_MLP,D2_RISK_AWARE,1029,seed1027,8,policy,CT_correct_all,7,0,0,7,0,0
TAO_TRAIN_GT_CONTROLLED_HELDOUT,D1_SIMPLE_MLP,D2_RISK_AWARE,1029,seed1027,8,policy,CT_correct_known,0,0,0,0,0,0
TAO_TRAIN_GT_CONTROLLED_HELDOUT,D1_SIMPLE_MLP,D2_RISK_AWARE,1029,seed1027,8,policy,CT_correct_novel,7,0,0,7,0,0
TAO_TRAIN_GT_CONTROLLED_HELDOUT,WITHOUT_RISK,FULL,1029,seed1027,8,policy,standard_correct_all,223,0,0,66,157,0
TAO_TRAIN_GT_CONTROLLED_HELDOUT,WITHOUT_RISK,FULL,1029,seed1027,8,policy,standard_correct_known,207,0,0,50,157,0
TAO_TRAIN_GT_CONTROLLED_HELDOUT,WITHOUT_RISK,FULL,1029,seed1027,8,policy,standard_correct_novel,16,0,0,16,0,0
TAO_TRAIN_GT_CONTROLLED_HELDOUT,WITHOUT_RISK,FULL,1029,seed1027,8,policy,CT_correct_all,7,0,0,7,0,0
TAO_TRAIN_GT_CONTROLLED_HELDOUT,WITHOUT_RISK,FULL,1029,seed1027,8,policy,CT_correct_known,0,0,0,0,0,0
TAO_TRAIN_GT_CONTROLLED_HELDOUT,WITHOUT_RISK,FULL,1029,seed1027,8,policy,CT_correct_novel,7,0,0,7,0,0
TAO_TRAIN_GT_CONTROLLED_HELDOUT,WITHOUT_TEMPORAL,FULL,1029,seed1027,8,policy,standard_correct_all,223,3,5,61,154,-2
TAO_TRAIN_GT_CONTROLLED_HELDOUT,WITHOUT_TEMPORAL,FULL,1029,seed1027,8,policy,standard_correct_known,207,3,5,45,154,-2
TAO_TRAIN_GT_CONTROLLED_HELDOUT,WITHOUT_TEMPORAL,FULL,1029,seed1027,8,policy,standard_correct_novel,16,0,0,16,0,0
TAO_TRAIN_GT_CONTROLLED_HELDOUT,WITHOUT_TEMPORAL,FULL,1029,seed1027,8,policy,CT_correct_all,7,0,0,7,0,0
TAO_TRAIN_GT_CONTROLLED_HELDOUT,WITHOUT_TEMPORAL,FULL,1029,seed1027,8,policy,CT_correct_known,0,0,0,0,0,0
TAO_TRAIN_GT_CONTROLLED_HELDOUT,WITHOUT_TEMPORAL,FULL,1029,seed1027,8,policy,CT_correct_novel,7,0,0,7,0,0
TAO_TRAIN_GT_CONTROLLED_HELDOUT,A0_RAW,A1_SELECTED,1029,seed1027,16,representation,standard_correct_all,223,148,4,64,7,144
TAO_TRAIN_GT_CONTROLLED_HELDOUT,A0_RAW,A1_SELECTED,1029,seed1027,16,representation,standard_correct_known,207,147,0,58,2,147
TAO_TRAIN_GT_CONTROLLED_HELDOUT,A0_RAW,A1_SELECTED,1029,seed1027,16,representation,standard_correct_novel,16,1,4,6,5,-3
TAO_TRAIN_GT_CONTROLLED_HELDOUT,A0_RAW,A1_SELECTED,1029,seed1027,16,representation,CT_correct_all,7,0,0,3,4,0
TAO_TRAIN_GT_CONTROLLED_HELDOUT,A0_RAW,A1_SELECTED,1029,seed1027,16,representation,CT_correct_known,0,0,0,0,0,0
TAO_TRAIN_GT_CONTROLLED_HELDOUT,A0_RAW,A1_SELECTED,1029,seed1027,16,representation,CT_correct_novel,7,0,0,3,4,0
TAO_TRAIN_GT_CONTROLLED_HELDOUT,A0_RAW,A2_EVIDENCE,1029,seed1027,16,representation,standard_correct_all,223,116,3,96,8,113
TAO_TRAIN_GT_CONTROLLED_HELDOUT,A0_RAW,A2_EVIDENCE,1029,seed1027,16,representation,standard_correct_known,207,114,1,91,1,113
TAO_TRAIN_GT_CONTROLLED_HELDOUT,A0_RAW,A2_EVIDENCE,1029,seed1027,16,representation,standard_correct_novel,16,2,2,5,7,0
TAO_TRAIN_GT_CONTROLLED_HELDOUT,A0_RAW,A2_EVIDENCE,1029,seed1027,16,representation,CT_correct_all,7,0,3,3,1,-3
TAO_TRAIN_GT_CONTROLLED_HELDOUT,A0_RAW,A2_EVIDENCE,1029,seed1027,16,representation,CT_correct_known,0,0,0,0,0,0
TAO_TRAIN_GT_CONTROLLED_HELDOUT,A0_RAW,A2_EVIDENCE,1029,seed1027,16,representation,CT_correct_novel,7,0,3,3,1,-3
TAO_TRAIN_GT_CONTROLLED_HELDOUT,A0_RAW,A2_CAPACITY_CONTROL,1029,seed1027,16,representation,standard_correct_all,223,149,4,63,7,145
TAO_TRAIN_GT_CONTROLLED_HELDOUT,A0_RAW,A2_CAPACITY_CONTROL,1029,seed1027,16,representation,standard_correct_known,207,148,0,57,2,148
TAO_TRAIN_GT_CONTROLLED_HELDOUT,A0_RAW,A2_CAPACITY_CONTROL,1029,seed1027,16,representation,standard_correct_novel,16,1,4,6,5,-3
TAO_TRAIN_GT_CONTROLLED_HELDOUT,A0_RAW,A2_CAPACITY_CONTROL,1029,seed1027,16,representation,CT_correct_all,7,0,0,3,4,0
TAO_TRAIN_GT_CONTROLLED_HELDOUT,A0_RAW,A2_CAPACITY_CONTROL,1029,seed1027,16,representation,CT_correct_known,0,0,0,0,0,0
TAO_TRAIN_GT_CONTROLLED_HELDOUT,A0_RAW,A2_CAPACITY_CONTROL,1029,seed1027,16,representation,CT_correct_novel,7,0,0,3,4,0
TAO_TRAIN_GT_CONTROLLED_HELDOUT,A1_SELECTED,A2_EVIDENCE,1029,seed1027,16,representation,standard_correct_all,223,6,37,62,118,-31
TAO_TRAIN_GT_CONTROLLED_HELDOUT,A1_SELECTED,A2_EVIDENCE,1029,seed1027,16,representation,standard_correct_known,207,3,37,55,112,-34
TAO_TRAIN_GT_CONTROLLED_HELDOUT,A1_SELECTED,A2_EVIDENCE,1029,seed1027,16,representation,standard_correct_novel,16,3,0,7,6,3
TAO_TRAIN_GT_CONTROLLED_HELDOUT,A1_SELECTED,A2_EVIDENCE,1029,seed1027,16,representation,CT_correct_all,7,0,3,3,1,-3
TAO_TRAIN_GT_CONTROLLED_HELDOUT,A1_SELECTED,A2_EVIDENCE,1029,seed1027,16,representation,CT_correct_known,0,0,0,0,0,0
TAO_TRAIN_GT_CONTROLLED_HELDOUT,A1_SELECTED,A2_EVIDENCE,1029,seed1027,16,representation,CT_correct_novel,7,0,3,3,1,-3
TAO_TRAIN_GT_CONTROLLED_HELDOUT,A1_SELECTED,A2_CAPACITY_CONTROL,1029,seed1027,16,representation,standard_correct_all,223,3,2,65,153,1
TAO_TRAIN_GT_CONTROLLED_HELDOUT,A1_SELECTED,A2_CAPACITY_CONTROL,1029,seed1027,16,representation,standard_correct_known,207,3,2,55,147,1
TAO_TRAIN_GT_CONTROLLED_HELDOUT,A1_SELECTED,A2_CAPACITY_CONTROL,1029,seed1027,16,representation,standard_correct_novel,16,0,0,10,6,0
TAO_TRAIN_GT_CONTROLLED_HELDOUT,A1_SELECTED,A2_CAPACITY_CONTROL,1029,seed1027,16,representation,CT_correct_all,7,0,0,3,4,0
TAO_TRAIN_GT_CONTROLLED_HELDOUT,A1_SELECTED,A2_CAPACITY_CONTROL,1029,seed1027,16,representation,CT_correct_known,0,0,0,0,0,0
TAO_TRAIN_GT_CONTROLLED_HELDOUT,A1_SELECTED,A2_CAPACITY_CONTROL,1029,seed1027,16,representation,CT_correct_novel,7,0,0,3,4,0
TAO_TRAIN_GT_CONTROLLED_HELDOUT,D1_SIMPLE_MLP,D2_RISK_AWARE,1029,seed1027,16,policy,standard_correct_all,223,0,0,61,162,0
TAO_TRAIN_GT_CONTROLLED_HELDOUT,D1_SIMPLE_MLP,D2_RISK_AWARE,1029,seed1027,16,policy,standard_correct_known,207,0,0,45,162,0
TAO_TRAIN_GT_CONTROLLED_HELDOUT,D1_SIMPLE_MLP,D2_RISK_AWARE,1029,seed1027,16,policy,standard_correct_novel,16,0,0,16,0,0
TAO_TRAIN_GT_CONTROLLED_HELDOUT,D1_SIMPLE_MLP,D2_RISK_AWARE,1029,seed1027,16,policy,CT_correct_all,7,0,0,7,0,0
TAO_TRAIN_GT_CONTROLLED_HELDOUT,D1_SIMPLE_MLP,D2_RISK_AWARE,1029,seed1027,16,policy,CT_correct_known,0,0,0,0,0,0
TAO_TRAIN_GT_CONTROLLED_HELDOUT,D1_SIMPLE_MLP,D2_RISK_AWARE,1029,seed1027,16,policy,CT_correct_novel,7,0,0,7,0,0
TAO_TRAIN_GT_CONTROLLED_HELDOUT,WITHOUT_RISK,FULL,1029,seed1027,16,policy,standard_correct_all,223,0,0,61,162,0
TAO_TRAIN_GT_CONTROLLED_HELDOUT,WITHOUT_RISK,FULL,1029,seed1027,16,policy,standard_correct_known,207,0,0,45,162,0
TAO_TRAIN_GT_CONTROLLED_HELDOUT,WITHOUT_RISK,FULL,1029,seed1027,16,policy,standard_correct_novel,16,0,0,16,0,0
TAO_TRAIN_GT_CONTROLLED_HELDOUT,WITHOUT_RISK,FULL,1029,seed1027,16,policy,CT_correct_all,7,0,0,7,0,0
TAO_TRAIN_GT_CONTROLLED_HELDOUT,WITHOUT_RISK,FULL,1029,seed1027,16,policy,CT_correct_known,0,0,0,0,0,0
TAO_TRAIN_GT_CONTROLLED_HELDOUT,WITHOUT_RISK,FULL,1029,seed1027,16,policy,CT_correct_novel,7,0,0,7,0,0
TAO_TRAIN_GT_CONTROLLED_HELDOUT,WITHOUT_TEMPORAL,FULL,1029,seed1027,16,policy,standard_correct_all,223,4,4,57,158,0
TAO_TRAIN_GT_CONTROLLED_HELDOUT,WITHOUT_TEMPORAL,FULL,1029,seed1027,16,policy,standard_correct_known,207,4,4,41,158,0
TAO_TRAIN_GT_CONTROLLED_HELDOUT,WITHOUT_TEMPORAL,FULL,1029,seed1027,16,policy,standard_correct_novel,16,0,0,16,0,0
TAO_TRAIN_GT_CONTROLLED_HELDOUT,WITHOUT_TEMPORAL,FULL,1029,seed1027,16,policy,CT_correct_all,7,0,0,7,0,0
TAO_TRAIN_GT_CONTROLLED_HELDOUT,WITHOUT_TEMPORAL,FULL,1029,seed1027,16,policy,CT_correct_known,0,0,0,0,0,0
TAO_TRAIN_GT_CONTROLLED_HELDOUT,WITHOUT_TEMPORAL,FULL,1029,seed1027,16,policy,CT_correct_novel,7,0,0,7,0,0
TAO_TRAIN_GT_CONTROLLED_HELDOUT,A0_RAW,A1_SELECTED,1029,seed1028,1,representation,standard_correct_all,223,113,1,102,7,112
TAO_TRAIN_GT_CONTROLLED_HELDOUT,A0_RAW,A1_SELECTED,1029,seed1028,1,representation,standard_correct_known,207,112,0,95,0,112
TAO_TRAIN_GT_CONTROLLED_HELDOUT,A0_RAW,A1_SELECTED,1029,seed1028,1,representation,standard_correct_novel,16,1,1,7,7,0
TAO_TRAIN_GT_CONTROLLED_HELDOUT,A0_RAW,A1_SELECTED,1029,seed1028,1,representation,CT_correct_all,7,0,3,4,0,-3
TAO_TRAIN_GT_CONTROLLED_HELDOUT,A0_RAW,A1_SELECTED,1029,seed1028,1,representation,CT_correct_known,0,0,0,0,0,0
TAO_TRAIN_GT_CONTROLLED_HELDOUT,A0_RAW,A1_SELECTED,1029,seed1028,1,representation,CT_correct_novel,7,0,3,4,0,-3
TAO_TRAIN_GT_CONTROLLED_HELDOUT,A0_RAW,A2_EVIDENCE,1029,seed1028,1,representation,standard_correct_all,223,86,0,129,8,86
TAO_TRAIN_GT_CONTROLLED_HELDOUT,A0_RAW,A2_EVIDENCE,1029,seed1028,1,representation,standard_correct_known,207,85,0,122,0,85
TAO_TRAIN_GT_CONTROLLED_HELDOUT,A0_RAW,A2_EVIDENCE,1029,seed1028,1,representation,standard_correct_novel,16,1,0,7,8,1
TAO_TRAIN_GT_CONTROLLED_HELDOUT,A0_RAW,A2_EVIDENCE,1029,seed1028,1,representation,CT_correct_all,7,0,0,4,3,0
TAO_TRAIN_GT_CONTROLLED_HELDOUT,A0_RAW,A2_EVIDENCE,1029,seed1028,1,representation,CT_correct_known,0,0,0,0,0,0
TAO_TRAIN_GT_CONTROLLED_HELDOUT,A0_RAW,A2_EVIDENCE,1029,seed1028,1,representation,CT_correct_novel,7,0,0,4,3,0
TAO_TRAIN_GT_CONTROLLED_HELDOUT,A0_RAW,A2_CAPACITY_CONTROL,1029,seed1028,1,representation,standard_correct_all,223,114,2,101,6,112
TAO_TRAIN_GT_CONTROLLED_HELDOUT,A0_RAW,A2_CAPACITY_CONTROL,1029,seed1028,1,representation,standard_correct_known,207,111,0,96,0,111
TAO_TRAIN_GT_CONTROLLED_HELDOUT,A0_RAW,A2_CAPACITY_CONTROL,1029,seed1028,1,representation,standard_correct_novel,16,3,2,5,6,1
TAO_TRAIN_GT_CONTROLLED_HELDOUT,A0_RAW,A2_CAPACITY_CONTROL,1029,seed1028,1,representation,CT_correct_all,7,0,3,4,0,-3
TAO_TRAIN_GT_CONTROLLED_HELDOUT,A0_RAW,A2_CAPACITY_CONTROL,1029,seed1028,1,representation,CT_correct_known,0,0,0,0,0,0
TAO_TRAIN_GT_CONTROLLED_HELDOUT,A0_RAW,A2_CAPACITY_CONTROL,1029,seed1028,1,representation,CT_correct_novel,7,0,3,4,0,-3
TAO_TRAIN_GT_CONTROLLED_HELDOUT,A1_SELECTED,A2_EVIDENCE,1029,seed1028,1,representation,standard_correct_all,223,2,28,101,92,-26
TAO_TRAIN_GT_CONTROLLED_HELDOUT,A1_SELECTED,A2_EVIDENCE,1029,seed1028,1,representation,standard_correct_known,207,0,27,95,85,-27
TAO_TRAIN_GT_CONTROLLED_HELDOUT,A1_SELECTED,A2_EVIDENCE,1029,seed1028,1,representation,standard_correct_novel,16,2,1,6,7,1
TAO_TRAIN_GT_CONTROLLED_HELDOUT,A1_SELECTED,A2_EVIDENCE,1029,seed1028,1,representation,CT_correct_all,7,3,0,4,0,3
TAO_TRAIN_GT_CONTROLLED_HELDOUT,A1_SELECTED,A2_EVIDENCE,1029,seed1028,1,representation,CT_correct_known,0,0,0,0,0,0
TAO_TRAIN_GT_CONTROLLED_HELDOUT,A1_SELECTED,A2_EVIDENCE,1029,seed1028,1,representation,CT_correct_novel,7,3,0,4,0,3
TAO_TRAIN_GT_CONTROLLED_HELDOUT,A1_SELECTED,A2_CAPACITY_CONTROL,1029,seed1028,1,representation,standard_correct_all,223,2,2,101,118,0
TAO_TRAIN_GT_CONTROLLED_HELDOUT,A1_SELECTED,A2_CAPACITY_CONTROL,1029,seed1028,1,representation,standard_correct_known,207,0,1,95,111,-1
TAO_TRAIN_GT_CONTROLLED_HELDOUT,A1_SELECTED,A2_CAPACITY_CONTROL,1029,seed1028,1,representation,standard_correct_novel,16,2,1,6,7,1
TAO_TRAIN_GT_CONTROLLED_HELDOUT,A1_SELECTED,A2_CAPACITY_CONTROL,1029,seed1028,1,representation,CT_correct_all,7,0,0,7,0,0
TAO_TRAIN_GT_CONTROLLED_HELDOUT,A1_SELECTED,A2_CAPACITY_CONTROL,1029,seed1028,1,representation,CT_correct_known,0,0,0,0,0,0
TAO_TRAIN_GT_CONTROLLED_HELDOUT,A1_SELECTED,A2_CAPACITY_CONTROL,1029,seed1028,1,representation,CT_correct_novel,7,0,0,7,0,0
TAO_TRAIN_GT_CONTROLLED_HELDOUT,D1_SIMPLE_MLP,D2_RISK_AWARE,1029,seed1028,1,policy,standard_correct_all,223,0,0,92,131,0
TAO_TRAIN_GT_CONTROLLED_HELDOUT,D1_SIMPLE_MLP,D2_RISK_AWARE,1029,seed1028,1,policy,standard_correct_known,207,0,0,76,131,0
TAO_TRAIN_GT_CONTROLLED_HELDOUT,D1_SIMPLE_MLP,D2_RISK_AWARE,1029,seed1028,1,policy,standard_correct_novel,16,0,0,16,0,0
TAO_TRAIN_GT_CONTROLLED_HELDOUT,D1_SIMPLE_MLP,D2_RISK_AWARE,1029,seed1028,1,policy,CT_correct_all,7,0,0,7,0,0
TAO_TRAIN_GT_CONTROLLED_HELDOUT,D1_SIMPLE_MLP,D2_RISK_AWARE,1029,seed1028,1,policy,CT_correct_known,0,0,0,0,0,0
TAO_TRAIN_GT_CONTROLLED_HELDOUT,D1_SIMPLE_MLP,D2_RISK_AWARE,1029,seed1028,1,policy,CT_correct_novel,7,0,0,7,0,0
TAO_TRAIN_GT_CONTROLLED_HELDOUT,WITHOUT_RISK,FULL,1029,seed1028,1,policy,standard_correct_all,223,0,0,94,129,0
TAO_TRAIN_GT_CONTROLLED_HELDOUT,WITHOUT_RISK,FULL,1029,seed1028,1,policy,standard_correct_known,207,0,0,78,129,0
TAO_TRAIN_GT_CONTROLLED_HELDOUT,WITHOUT_RISK,FULL,1029,seed1028,1,policy,standard_correct_novel,16,0,0,16,0,0
TAO_TRAIN_GT_CONTROLLED_HELDOUT,WITHOUT_RISK,FULL,1029,seed1028,1,policy,CT_correct_all,7,0,0,7,0,0
TAO_TRAIN_GT_CONTROLLED_HELDOUT,WITHOUT_RISK,FULL,1029,seed1028,1,policy,CT_correct_known,0,0,0,0,0,0
TAO_TRAIN_GT_CONTROLLED_HELDOUT,WITHOUT_RISK,FULL,1029,seed1028,1,policy,CT_correct_novel,7,0,0,7,0,0
TAO_TRAIN_GT_CONTROLLED_HELDOUT,WITHOUT_TEMPORAL,FULL,1029,seed1028,1,policy,standard_correct_all,223,0,2,92,129,-2
TAO_TRAIN_GT_CONTROLLED_HELDOUT,WITHOUT_TEMPORAL,FULL,1029,seed1028,1,policy,standard_correct_known,207,0,2,76,129,-2
TAO_TRAIN_GT_CONTROLLED_HELDOUT,WITHOUT_TEMPORAL,FULL,1029,seed1028,1,policy,standard_correct_novel,16,0,0,16,0,0
TAO_TRAIN_GT_CONTROLLED_HELDOUT,WITHOUT_TEMPORAL,FULL,1029,seed1028,1,policy,CT_correct_all,7,0,0,7,0,0
TAO_TRAIN_GT_CONTROLLED_HELDOUT,WITHOUT_TEMPORAL,FULL,1029,seed1028,1,policy,CT_correct_known,0,0,0,0,0,0
TAO_TRAIN_GT_CONTROLLED_HELDOUT,WITHOUT_TEMPORAL,FULL,1029,seed1028,1,policy,CT_correct_novel,7,0,0,7,0,0
TAO_TRAIN_GT_CONTROLLED_HELDOUT,A0_RAW,A1_SELECTED,1029,seed1028,2,representation,standard_correct_all,223,128,1,87,7,127
TAO_TRAIN_GT_CONTROLLED_HELDOUT,A0_RAW,A1_SELECTED,1029,seed1028,2,representation,standard_correct_known,207,126,0,81,0,126
TAO_TRAIN_GT_CONTROLLED_HELDOUT,A0_RAW,A1_SELECTED,1029,seed1028,2,representation,standard_correct_novel,16,2,1,6,7,1
TAO_TRAIN_GT_CONTROLLED_HELDOUT,A0_RAW,A1_SELECTED,1029,seed1028,2,representation,CT_correct_all,7,1,3,3,0,-2
TAO_TRAIN_GT_CONTROLLED_HELDOUT,A0_RAW,A1_SELECTED,1029,seed1028,2,representation,CT_correct_known,0,0,0,0,0,0
TAO_TRAIN_GT_CONTROLLED_HELDOUT,A0_RAW,A1_SELECTED,1029,seed1028,2,representation,CT_correct_novel,7,1,3,3,0,-2
TAO_TRAIN_GT_CONTROLLED_HELDOUT,A0_RAW,A2_EVIDENCE,1029,seed1028,2,representation,standard_correct_all,223,84,1,131,7,83
TAO_TRAIN_GT_CONTROLLED_HELDOUT,A0_RAW,A2_EVIDENCE,1029,seed1028,2,representation,standard_correct_known,207,81,0,126,0,81
TAO_TRAIN_GT_CONTROLLED_HELDOUT,A0_RAW,A2_EVIDENCE,1029,seed1028,2,representation,standard_correct_novel,16,3,1,5,7,2
TAO_TRAIN_GT_CONTROLLED_HELDOUT,A0_RAW,A2_EVIDENCE,1029,seed1028,2,representation,CT_correct_all,7,1,0,3,3,1
TAO_TRAIN_GT_CONTROLLED_HELDOUT,A0_RAW,A2_EVIDENCE,1029,seed1028,2,representation,CT_correct_known,0,0,0,0,0,0
TAO_TRAIN_GT_CONTROLLED_HELDOUT,A0_RAW,A2_EVIDENCE,1029,seed1028,2,representation,CT_correct_novel,7,1,0,3,3,1
TAO_TRAIN_GT_CONTROLLED_HELDOUT,A0_RAW,A2_CAPACITY_CONTROL,1029,seed1028,2,representation,standard_correct_all,223,128,1,87,7,127
TAO_TRAIN_GT_CONTROLLED_HELDOUT,A0_RAW,A2_CAPACITY_CONTROL,1029,seed1028,2,representation,standard_correct_known,207,126,0,81,0,126
TAO_TRAIN_GT_CONTROLLED_HELDOUT,A0_RAW,A2_CAPACITY_CONTROL,1029,seed1028,2,representation,standard_correct_novel,16,2,1,6,7,1
TAO_TRAIN_GT_CONTROLLED_HELDOUT,A0_RAW,A2_CAPACITY_CONTROL,1029,seed1028,2,representation,CT_correct_all,7,1,3,3,0,-2
TAO_TRAIN_GT_CONTROLLED_HELDOUT,A0_RAW,A2_CAPACITY_CONTROL,1029,seed1028,2,representation,CT_correct_known,0,0,0,0,0,0
TAO_TRAIN_GT_CONTROLLED_HELDOUT,A0_RAW,A2_CAPACITY_CONTROL,1029,seed1028,2,representation,CT_correct_novel,7,1,3,3,0,-2
TAO_TRAIN_GT_CONTROLLED_HELDOUT,A1_SELECTED,A2_EVIDENCE,1029,seed1028,2,representation,standard_correct_all,223,2,46,86,89,-44
TAO_TRAIN_GT_CONTROLLED_HELDOUT,A1_SELECTED,A2_EVIDENCE,1029,seed1028,2,representation,standard_correct_known,207,0,45,81,81,-45
TAO_TRAIN_GT_CONTROLLED_HELDOUT,A1_SELECTED,A2_EVIDENCE,1029,seed1028,2,representation,standard_correct_novel,16,2,1,5,8,1
TAO_TRAIN_GT_CONTROLLED_HELDOUT,A1_SELECTED,A2_EVIDENCE,1029,seed1028,2,representation,CT_correct_all,7,3,0,3,1,3
TAO_TRAIN_GT_CONTROLLED_HELDOUT,A1_SELECTED,A2_EVIDENCE,1029,seed1028,2,representation,CT_correct_known,0,0,0,0,0,0
TAO_TRAIN_GT_CONTROLLED_HELDOUT,A1_SELECTED,A2_EVIDENCE,1029,seed1028,2,representation,CT_correct_novel,7,3,0,3,1,3
TAO_TRAIN_GT_CONTROLLED_HELDOUT,A1_SELECTED,A2_CAPACITY_CONTROL,1029,seed1028,2,representation,standard_correct_all,223,0,0,88,135,0
TAO_TRAIN_GT_CONTROLLED_HELDOUT,A1_SELECTED,A2_CAPACITY_CONTROL,1029,seed1028,2,representation,standard_correct_known,207,0,0,81,126,0
TAO_TRAIN_GT_CONTROLLED_HELDOUT,A1_SELECTED,A2_CAPACITY_CONTROL,1029,seed1028,2,representation,standard_correct_novel,16,0,0,7,9,0
TAO_TRAIN_GT_CONTROLLED_HELDOUT,A1_SELECTED,A2_CAPACITY_CONTROL,1029,seed1028,2,representation,CT_correct_all,7,0,0,6,1,0
TAO_TRAIN_GT_CONTROLLED_HELDOUT,A1_SELECTED,A2_CAPACITY_CONTROL,1029,seed1028,2,representation,CT_correct_known,0,0,0,0,0,0
TAO_TRAIN_GT_CONTROLLED_HELDOUT,A1_SELECTED,A2_CAPACITY_CONTROL,1029,seed1028,2,representation,CT_correct_novel,7,0,0,6,1,0
TAO_TRAIN_GT_CONTROLLED_HELDOUT,D1_SIMPLE_MLP,D2_RISK_AWARE,1029,seed1028,2,policy,standard_correct_all,223,0,0,83,140,0
TAO_TRAIN_GT_CONTROLLED_HELDOUT,D1_SIMPLE_MLP,D2_RISK_AWARE,1029,seed1028,2,policy,standard_correct_known,207,0,0,67,140,0
TAO_TRAIN_GT_CONTROLLED_HELDOUT,D1_SIMPLE_MLP,D2_RISK_AWARE,1029,seed1028,2,policy,standard_correct_novel,16,0,0,16,0,0
TAO_TRAIN_GT_CONTROLLED_HELDOUT,D1_SIMPLE_MLP,D2_RISK_AWARE,1029,seed1028,2,policy,CT_correct_all,7,0,0,7,0,0
TAO_TRAIN_GT_CONTROLLED_HELDOUT,D1_SIMPLE_MLP,D2_RISK_AWARE,1029,seed1028,2,policy,CT_correct_known,0,0,0,0,0,0
TAO_TRAIN_GT_CONTROLLED_HELDOUT,D1_SIMPLE_MLP,D2_RISK_AWARE,1029,seed1028,2,policy,CT_correct_novel,7,0,0,7,0,0
TAO_TRAIN_GT_CONTROLLED_HELDOUT,WITHOUT_RISK,FULL,1029,seed1028,2,policy,standard_correct_all,223,0,0,84,139,0
TAO_TRAIN_GT_CONTROLLED_HELDOUT,WITHOUT_RISK,FULL,1029,seed1028,2,policy,standard_correct_known,207,0,0,68,139,0
TAO_TRAIN_GT_CONTROLLED_HELDOUT,WITHOUT_RISK,FULL,1029,seed1028,2,policy,standard_correct_novel,16,0,0,16,0,0
TAO_TRAIN_GT_CONTROLLED_HELDOUT,WITHOUT_RISK,FULL,1029,seed1028,2,policy,CT_correct_all,7,0,0,7,0,0
TAO_TRAIN_GT_CONTROLLED_HELDOUT,WITHOUT_RISK,FULL,1029,seed1028,2,policy,CT_correct_known,0,0,0,0,0,0
TAO_TRAIN_GT_CONTROLLED_HELDOUT,WITHOUT_RISK,FULL,1029,seed1028,2,policy,CT_correct_novel,7,0,0,7,0,0
TAO_TRAIN_GT_CONTROLLED_HELDOUT,WITHOUT_TEMPORAL,FULL,1029,seed1028,2,policy,standard_correct_all,223,2,3,81,137,-1
TAO_TRAIN_GT_CONTROLLED_HELDOUT,WITHOUT_TEMPORAL,FULL,1029,seed1028,2,policy,standard_correct_known,207,2,3,65,137,-1
TAO_TRAIN_GT_CONTROLLED_HELDOUT,WITHOUT_TEMPORAL,FULL,1029,seed1028,2,policy,standard_correct_novel,16,0,0,16,0,0
TAO_TRAIN_GT_CONTROLLED_HELDOUT,WITHOUT_TEMPORAL,FULL,1029,seed1028,2,policy,CT_correct_all,7,0,0,7,0,0
TAO_TRAIN_GT_CONTROLLED_HELDOUT,WITHOUT_TEMPORAL,FULL,1029,seed1028,2,policy,CT_correct_known,0,0,0,0,0,0
TAO_TRAIN_GT_CONTROLLED_HELDOUT,WITHOUT_TEMPORAL,FULL,1029,seed1028,2,policy,CT_correct_novel,7,0,0,7,0,0
TAO_TRAIN_GT_CONTROLLED_HELDOUT,A0_RAW,A1_SELECTED,1029,seed1028,4,representation,standard_correct_all,223,135,5,80,3,130
TAO_TRAIN_GT_CONTROLLED_HELDOUT,A0_RAW,A1_SELECTED,1029,seed1028,4,representation,standard_correct_known,207,130,0,77,0,130
TAO_TRAIN_GT_CONTROLLED_HELDOUT,A0_RAW,A1_SELECTED,1029,seed1028,4,representation,standard_correct_novel,16,5,5,3,3,0
TAO_TRAIN_GT_CONTROLLED_HELDOUT,A0_RAW,A1_SELECTED,1029,seed1028,4,representation,CT_correct_all,7,0,0,4,3,0
TAO_TRAIN_GT_CONTROLLED_HELDOUT,A0_RAW,A1_SELECTED,1029,seed1028,4,representation,CT_correct_known,0,0,0,0,0,0
TAO_TRAIN_GT_CONTROLLED_HELDOUT,A0_RAW,A1_SELECTED,1029,seed1028,4,representation,CT_correct_novel,7,0,0,4,3,0
TAO_TRAIN_GT_CONTROLLED_HELDOUT,A0_RAW,A2_EVIDENCE,1029,seed1028,4,representation,standard_correct_all,223,101,0,114,8,101
TAO_TRAIN_GT_CONTROLLED_HELDOUT,A0_RAW,A2_EVIDENCE,1029,seed1028,4,representation,standard_correct_known,207,101,0,106,0,101
TAO_TRAIN_GT_CONTROLLED_HELDOUT,A0_RAW,A2_EVIDENCE,1029,seed1028,4,representation,standard_correct_novel,16,0,0,8,8,0
TAO_TRAIN_GT_CONTROLLED_HELDOUT,A0_RAW,A2_EVIDENCE,1029,seed1028,4,representation,CT_correct_all,7,1,0,3,3,1
TAO_TRAIN_GT_CONTROLLED_HELDOUT,A0_RAW,A2_EVIDENCE,1029,seed1028,4,representation,CT_correct_known,0,0,0,0,0,0
TAO_TRAIN_GT_CONTROLLED_HELDOUT,A0_RAW,A2_EVIDENCE,1029,seed1028,4,representation,CT_correct_novel,7,1,0,3,3,1
TAO_TRAIN_GT_CONTROLLED_HELDOUT,A0_RAW,A2_CAPACITY_CONTROL,1029,seed1028,4,representation,standard_correct_all,223,135,5,80,3,130
TAO_TRAIN_GT_CONTROLLED_HELDOUT,A0_RAW,A2_CAPACITY_CONTROL,1029,seed1028,4,representation,standard_correct_known,207,130,0,77,0,130
TAO_TRAIN_GT_CONTROLLED_HELDOUT,A0_RAW,A2_CAPACITY_CONTROL,1029,seed1028,4,representation,standard_correct_novel,16,5,5,3,3,0
TAO_TRAIN_GT_CONTROLLED_HELDOUT,A0_RAW,A2_CAPACITY_CONTROL,1029,seed1028,4,representation,CT_correct_all,7,0,0,4,3,0
TAO_TRAIN_GT_CONTROLLED_HELDOUT,A0_RAW,A2_CAPACITY_CONTROL,1029,seed1028,4,representation,CT_correct_known,0,0,0,0,0,0
TAO_TRAIN_GT_CONTROLLED_HELDOUT,A0_RAW,A2_CAPACITY_CONTROL,1029,seed1028,4,representation,CT_correct_novel,7,0,0,4,3,0
TAO_TRAIN_GT_CONTROLLED_HELDOUT,A1_SELECTED,A2_EVIDENCE,1029,seed1028,4,representation,standard_correct_all,223,6,35,79,103,-29
TAO_TRAIN_GT_CONTROLLED_HELDOUT,A1_SELECTED,A2_EVIDENCE,1029,seed1028,4,representation,standard_correct_known,207,1,30,76,100,-29
TAO_TRAIN_GT_CONTROLLED_HELDOUT,A1_SELECTED,A2_EVIDENCE,1029,seed1028,4,representation,standard_correct_novel,16,5,5,3,3,0
TAO_TRAIN_GT_CONTROLLED_HELDOUT,A1_SELECTED,A2_EVIDENCE,1029,seed1028,4,representation,CT_correct_all,7,1,0,3,3,1
TAO_TRAIN_GT_CONTROLLED_HELDOUT,A1_SELECTED,A2_EVIDENCE,1029,seed1028,4,representation,CT_correct_known,0,0,0,0,0,0
TAO_TRAIN_GT_CONTROLLED_HELDOUT,A1_SELECTED,A2_EVIDENCE,1029,seed1028,4,representation,CT_correct_novel,7,1,0,3,3,1
TAO_TRAIN_GT_CONTROLLED_HELDOUT,A1_SELECTED,A2_CAPACITY_CONTROL,1029,seed1028,4,representation,standard_correct_all,223,1,1,84,137,0
TAO_TRAIN_GT_CONTROLLED_HELDOUT,A1_SELECTED,A2_CAPACITY_CONTROL,1029,seed1028,4,representation,standard_correct_known,207,1,1,76,129,0
TAO_TRAIN_GT_CONTROLLED_HELDOUT,A1_SELECTED,A2_CAPACITY_CONTROL,1029,seed1028,4,representation,standard_correct_novel,16,0,0,8,8,0
TAO_TRAIN_GT_CONTROLLED_HELDOUT,A1_SELECTED,A2_CAPACITY_CONTROL,1029,seed1028,4,representation,CT_correct_all,7,0,0,4,3,0
TAO_TRAIN_GT_CONTROLLED_HELDOUT,A1_SELECTED,A2_CAPACITY_CONTROL,1029,seed1028,4,representation,CT_correct_known,0,0,0,0,0,0
TAO_TRAIN_GT_CONTROLLED_HELDOUT,A1_SELECTED,A2_CAPACITY_CONTROL,1029,seed1028,4,representation,CT_correct_novel,7,0,0,4,3,0
TAO_TRAIN_GT_CONTROLLED_HELDOUT,D1_SIMPLE_MLP,D2_RISK_AWARE,1029,seed1028,4,policy,standard_correct_all,223,0,0,73,150,0
TAO_TRAIN_GT_CONTROLLED_HELDOUT,D1_SIMPLE_MLP,D2_RISK_AWARE,1029,seed1028,4,policy,standard_correct_known,207,0,0,57,150,0
TAO_TRAIN_GT_CONTROLLED_HELDOUT,D1_SIMPLE_MLP,D2_RISK_AWARE,1029,seed1028,4,policy,standard_correct_novel,16,0,0,16,0,0
TAO_TRAIN_GT_CONTROLLED_HELDOUT,D1_SIMPLE_MLP,D2_RISK_AWARE,1029,seed1028,4,policy,CT_correct_all,7,0,0,7,0,0
TAO_TRAIN_GT_CONTROLLED_HELDOUT,D1_SIMPLE_MLP,D2_RISK_AWARE,1029,seed1028,4,policy,CT_correct_known,0,0,0,0,0,0
TAO_TRAIN_GT_CONTROLLED_HELDOUT,D1_SIMPLE_MLP,D2_RISK_AWARE,1029,seed1028,4,policy,CT_correct_novel,7,0,0,7,0,0
TAO_TRAIN_GT_CONTROLLED_HELDOUT,WITHOUT_RISK,FULL,1029,seed1028,4,policy,standard_correct_all,223,0,0,74,149,0
TAO_TRAIN_GT_CONTROLLED_HELDOUT,WITHOUT_RISK,FULL,1029,seed1028,4,policy,standard_correct_known,207,0,0,58,149,0
TAO_TRAIN_GT_CONTROLLED_HELDOUT,WITHOUT_RISK,FULL,1029,seed1028,4,policy,standard_correct_novel,16,0,0,16,0,0
TAO_TRAIN_GT_CONTROLLED_HELDOUT,WITHOUT_RISK,FULL,1029,seed1028,4,policy,CT_correct_all,7,0,0,7,0,0
TAO_TRAIN_GT_CONTROLLED_HELDOUT,WITHOUT_RISK,FULL,1029,seed1028,4,policy,CT_correct_known,0,0,0,0,0,0
TAO_TRAIN_GT_CONTROLLED_HELDOUT,WITHOUT_RISK,FULL,1029,seed1028,4,policy,CT_correct_novel,7,0,0,7,0,0
TAO_TRAIN_GT_CONTROLLED_HELDOUT,WITHOUT_TEMPORAL,FULL,1029,seed1028,4,policy,standard_correct_all,223,5,6,68,144,-1
TAO_TRAIN_GT_CONTROLLED_HELDOUT,WITHOUT_TEMPORAL,FULL,1029,seed1028,4,policy,standard_correct_known,207,5,6,52,144,-1
TAO_TRAIN_GT_CONTROLLED_HELDOUT,WITHOUT_TEMPORAL,FULL,1029,seed1028,4,policy,standard_correct_novel,16,0,0,16,0,0
TAO_TRAIN_GT_CONTROLLED_HELDOUT,WITHOUT_TEMPORAL,FULL,1029,seed1028,4,policy,CT_correct_all,7,0,0,7,0,0
TAO_TRAIN_GT_CONTROLLED_HELDOUT,WITHOUT_TEMPORAL,FULL,1029,seed1028,4,policy,CT_correct_known,0,0,0,0,0,0
TAO_TRAIN_GT_CONTROLLED_HELDOUT,WITHOUT_TEMPORAL,FULL,1029,seed1028,4,policy,CT_correct_novel,7,0,0,7,0,0
TAO_TRAIN_GT_CONTROLLED_HELDOUT,A0_RAW,A1_SELECTED,1029,seed1028,8,representation,standard_correct_all,223,141,1,73,8,140
TAO_TRAIN_GT_CONTROLLED_HELDOUT,A0_RAW,A1_SELECTED,1029,seed1028,8,representation,standard_correct_known,207,141,0,65,1,141
TAO_TRAIN_GT_CONTROLLED_HELDOUT,A0_RAW,A1_SELECTED,1029,seed1028,8,representation,standard_correct_novel,16,0,1,8,7,-1
TAO_TRAIN_GT_CONTROLLED_HELDOUT,A0_RAW,A1_SELECTED,1029,seed1028,8,representation,CT_correct_all,7,1,0,3,3,1
TAO_TRAIN_GT_CONTROLLED_HELDOUT,A0_RAW,A1_SELECTED,1029,seed1028,8,representation,CT_correct_known,0,0,0,0,0,0
TAO_TRAIN_GT_CONTROLLED_HELDOUT,A0_RAW,A1_SELECTED,1029,seed1028,8,representation,CT_correct_novel,7,1,0,3,3,1
TAO_TRAIN_GT_CONTROLLED_HELDOUT,A0_RAW,A2_EVIDENCE,1029,seed1028,8,representation,standard_correct_all,223,105,0,109,9,105
TAO_TRAIN_GT_CONTROLLED_HELDOUT,A0_RAW,A2_EVIDENCE,1029,seed1028,8,representation,standard_correct_known,207,105,0,101,1,105
TAO_TRAIN_GT_CONTROLLED_HELDOUT,A0_RAW,A2_EVIDENCE,1029,seed1028,8,representation,standard_correct_novel,16,0,0,8,8,0
TAO_TRAIN_GT_CONTROLLED_HELDOUT,A0_RAW,A2_EVIDENCE,1029,seed1028,8,representation,CT_correct_all,7,1,0,3,3,1
TAO_TRAIN_GT_CONTROLLED_HELDOUT,A0_RAW,A2_EVIDENCE,1029,seed1028,8,representation,CT_correct_known,0,0,0,0,0,0
TAO_TRAIN_GT_CONTROLLED_HELDOUT,A0_RAW,A2_EVIDENCE,1029,seed1028,8,representation,CT_correct_novel,7,1,0,3,3,1
TAO_TRAIN_GT_CONTROLLED_HELDOUT,A0_RAW,A2_CAPACITY_CONTROL,1029,seed1028,8,representation,standard_correct_all,223,146,2,68,7,144
TAO_TRAIN_GT_CONTROLLED_HELDOUT,A0_RAW,A2_CAPACITY_CONTROL,1029,seed1028,8,representation,standard_correct_known,207,145,0,61,1,145
TAO_TRAIN_GT_CONTROLLED_HELDOUT,A0_RAW,A2_CAPACITY_CONTROL,1029,seed1028,8,representation,standard_correct_novel,16,1,2,7,6,-1
TAO_TRAIN_GT_CONTROLLED_HELDOUT,A0_RAW,A2_CAPACITY_CONTROL,1029,seed1028,8,representation,CT_correct_all,7,1,0,3,3,1
TAO_TRAIN_GT_CONTROLLED_HELDOUT,A0_RAW,A2_CAPACITY_CONTROL,1029,seed1028,8,representation,CT_correct_known,0,0,0,0,0,0
TAO_TRAIN_GT_CONTROLLED_HELDOUT,A0_RAW,A2_CAPACITY_CONTROL,1029,seed1028,8,representation,CT_correct_novel,7,1,0,3,3,1
TAO_TRAIN_GT_CONTROLLED_HELDOUT,A1_SELECTED,A2_EVIDENCE,1029,seed1028,8,representation,standard_correct_all,223,2,37,72,112,-35
TAO_TRAIN_GT_CONTROLLED_HELDOUT,A1_SELECTED,A2_EVIDENCE,1029,seed1028,8,representation,standard_correct_known,207,1,37,64,105,-36
TAO_TRAIN_GT_CONTROLLED_HELDOUT,A1_SELECTED,A2_EVIDENCE,1029,seed1028,8,representation,standard_correct_novel,16,1,0,8,7,1
TAO_TRAIN_GT_CONTROLLED_HELDOUT,A1_SELECTED,A2_EVIDENCE,1029,seed1028,8,representation,CT_correct_all,7,0,0,3,4,0
TAO_TRAIN_GT_CONTROLLED_HELDOUT,A1_SELECTED,A2_EVIDENCE,1029,seed1028,8,representation,CT_correct_known,0,0,0,0,0,0
TAO_TRAIN_GT_CONTROLLED_HELDOUT,A1_SELECTED,A2_EVIDENCE,1029,seed1028,8,representation,CT_correct_novel,7,0,0,3,4,0
TAO_TRAIN_GT_CONTROLLED_HELDOUT,A1_SELECTED,A2_CAPACITY_CONTROL,1029,seed1028,8,representation,standard_correct_all,223,6,2,68,147,4
TAO_TRAIN_GT_CONTROLLED_HELDOUT,A1_SELECTED,A2_CAPACITY_CONTROL,1029,seed1028,8,representation,standard_correct_known,207,5,1,60,141,4
TAO_TRAIN_GT_CONTROLLED_HELDOUT,A1_SELECTED,A2_CAPACITY_CONTROL,1029,seed1028,8,representation,standard_correct_novel,16,1,1,8,6,0
TAO_TRAIN_GT_CONTROLLED_HELDOUT,A1_SELECTED,A2_CAPACITY_CONTROL,1029,seed1028,8,representation,CT_correct_all,7,0,0,3,4,0
TAO_TRAIN_GT_CONTROLLED_HELDOUT,A1_SELECTED,A2_CAPACITY_CONTROL,1029,seed1028,8,representation,CT_correct_known,0,0,0,0,0,0
TAO_TRAIN_GT_CONTROLLED_HELDOUT,A1_SELECTED,A2_CAPACITY_CONTROL,1029,seed1028,8,representation,CT_correct_novel,7,0,0,3,4,0
TAO_TRAIN_GT_CONTROLLED_HELDOUT,D1_SIMPLE_MLP,D2_RISK_AWARE,1029,seed1028,8,policy,standard_correct_all,223,0,0,64,159,0
TAO_TRAIN_GT_CONTROLLED_HELDOUT,D1_SIMPLE_MLP,D2_RISK_AWARE,1029,seed1028,8,policy,standard_correct_known,207,0,0,48,159,0
TAO_TRAIN_GT_CONTROLLED_HELDOUT,D1_SIMPLE_MLP,D2_RISK_AWARE,1029,seed1028,8,policy,standard_correct_novel,16,0,0,16,0,0
TAO_TRAIN_GT_CONTROLLED_HELDOUT,D1_SIMPLE_MLP,D2_RISK_AWARE,1029,seed1028,8,policy,CT_correct_all,7,0,0,7,0,0
TAO_TRAIN_GT_CONTROLLED_HELDOUT,D1_SIMPLE_MLP,D2_RISK_AWARE,1029,seed1028,8,policy,CT_correct_known,0,0,0,0,0,0
TAO_TRAIN_GT_CONTROLLED_HELDOUT,D1_SIMPLE_MLP,D2_RISK_AWARE,1029,seed1028,8,policy,CT_correct_novel,7,0,0,7,0,0
TAO_TRAIN_GT_CONTROLLED_HELDOUT,WITHOUT_RISK,FULL,1029,seed1028,8,policy,standard_correct_all,223,0,0,66,157,0
TAO_TRAIN_GT_CONTROLLED_HELDOUT,WITHOUT_RISK,FULL,1029,seed1028,8,policy,standard_correct_known,207,0,0,50,157,0
TAO_TRAIN_GT_CONTROLLED_HELDOUT,WITHOUT_RISK,FULL,1029,seed1028,8,policy,standard_correct_novel,16,0,0,16,0,0
TAO_TRAIN_GT_CONTROLLED_HELDOUT,WITHOUT_RISK,FULL,1029,seed1028,8,policy,CT_correct_all,7,0,0,7,0,0
TAO_TRAIN_GT_CONTROLLED_HELDOUT,WITHOUT_RISK,FULL,1029,seed1028,8,policy,CT_correct_known,0,0,0,0,0,0
TAO_TRAIN_GT_CONTROLLED_HELDOUT,WITHOUT_RISK,FULL,1029,seed1028,8,policy,CT_correct_novel,7,0,0,7,0,0
TAO_TRAIN_GT_CONTROLLED_HELDOUT,WITHOUT_TEMPORAL,FULL,1029,seed1028,8,policy,standard_correct_all,223,3,5,61,154,-2
TAO_TRAIN_GT_CONTROLLED_HELDOUT,WITHOUT_TEMPORAL,FULL,1029,seed1028,8,policy,standard_correct_known,207,3,5,45,154,-2
TAO_TRAIN_GT_CONTROLLED_HELDOUT,WITHOUT_TEMPORAL,FULL,1029,seed1028,8,policy,standard_correct_novel,16,0,0,16,0,0
TAO_TRAIN_GT_CONTROLLED_HELDOUT,WITHOUT_TEMPORAL,FULL,1029,seed1028,8,policy,CT_correct_all,7,0,0,7,0,0
TAO_TRAIN_GT_CONTROLLED_HELDOUT,WITHOUT_TEMPORAL,FULL,1029,seed1028,8,policy,CT_correct_known,0,0,0,0,0,0
TAO_TRAIN_GT_CONTROLLED_HELDOUT,WITHOUT_TEMPORAL,FULL,1029,seed1028,8,policy,CT_correct_novel,7,0,0,7,0,0
TAO_TRAIN_GT_CONTROLLED_HELDOUT,A0_RAW,A1_SELECTED,1029,seed1028,16,representation,standard_correct_all,223,148,3,64,8,145
TAO_TRAIN_GT_CONTROLLED_HELDOUT,A0_RAW,A1_SELECTED,1029,seed1028,16,representation,standard_correct_known,207,144,0,61,2,144
TAO_TRAIN_GT_CONTROLLED_HELDOUT,A0_RAW,A1_SELECTED,1029,seed1028,16,representation,standard_correct_novel,16,4,3,3,6,1
TAO_TRAIN_GT_CONTROLLED_HELDOUT,A0_RAW,A1_SELECTED,1029,seed1028,16,representation,CT_correct_all,7,0,4,3,0,-4
TAO_TRAIN_GT_CONTROLLED_HELDOUT,A0_RAW,A1_SELECTED,1029,seed1028,16,representation,CT_correct_known,0,0,0,0,0,0
TAO_TRAIN_GT_CONTROLLED_HELDOUT,A0_RAW,A1_SELECTED,1029,seed1028,16,representation,CT_correct_novel,7,0,4,3,0,-4
TAO_TRAIN_GT_CONTROLLED_HELDOUT,A0_RAW,A2_EVIDENCE,1029,seed1028,16,representation,standard_correct_all,223,120,6,92,5,114
TAO_TRAIN_GT_CONTROLLED_HELDOUT,A0_RAW,A2_EVIDENCE,1029,seed1028,16,representation,standard_correct_known,207,117,1,88,1,116
TAO_TRAIN_GT_CONTROLLED_HELDOUT,A0_RAW,A2_EVIDENCE,1029,seed1028,16,representation,standard_correct_novel,16,3,5,4,4,-2
TAO_TRAIN_GT_CONTROLLED_HELDOUT,A0_RAW,A2_EVIDENCE,1029,seed1028,16,representation,CT_correct_all,7,0,3,3,1,-3
TAO_TRAIN_GT_CONTROLLED_HELDOUT,A0_RAW,A2_EVIDENCE,1029,seed1028,16,representation,CT_correct_known,0,0,0,0,0,0
TAO_TRAIN_GT_CONTROLLED_HELDOUT,A0_RAW,A2_EVIDENCE,1029,seed1028,16,representation,CT_correct_novel,7,0,3,3,1,-3
TAO_TRAIN_GT_CONTROLLED_HELDOUT,A0_RAW,A2_CAPACITY_CONTROL,1029,seed1028,16,representation,standard_correct_all,223,152,4,60,7,148
TAO_TRAIN_GT_CONTROLLED_HELDOUT,A0_RAW,A2_CAPACITY_CONTROL,1029,seed1028,16,representation,standard_correct_known,207,148,0,57,2,148
TAO_TRAIN_GT_CONTROLLED_HELDOUT,A0_RAW,A2_CAPACITY_CONTROL,1029,seed1028,16,representation,standard_correct_novel,16,4,4,3,5,0
TAO_TRAIN_GT_CONTROLLED_HELDOUT,A0_RAW,A2_CAPACITY_CONTROL,1029,seed1028,16,representation,CT_correct_all,7,0,4,3,0,-4
TAO_TRAIN_GT_CONTROLLED_HELDOUT,A0_RAW,A2_CAPACITY_CONTROL,1029,seed1028,16,representation,CT_correct_known,0,0,0,0,0,0
TAO_TRAIN_GT_CONTROLLED_HELDOUT,A0_RAW,A2_CAPACITY_CONTROL,1029,seed1028,16,representation,CT_correct_novel,7,0,4,3,0,-4
TAO_TRAIN_GT_CONTROLLED_HELDOUT,A1_SELECTED,A2_EVIDENCE,1029,seed1028,16,representation,standard_correct_all,223,4,35,63,121,-31
TAO_TRAIN_GT_CONTROLLED_HELDOUT,A1_SELECTED,A2_EVIDENCE,1029,seed1028,16,representation,standard_correct_known,207,2,30,59,116,-28
TAO_TRAIN_GT_CONTROLLED_HELDOUT,A1_SELECTED,A2_EVIDENCE,1029,seed1028,16,representation,standard_correct_novel,16,2,5,4,5,-3
TAO_TRAIN_GT_CONTROLLED_HELDOUT,A1_SELECTED,A2_EVIDENCE,1029,seed1028,16,representation,CT_correct_all,7,1,0,6,0,1
TAO_TRAIN_GT_CONTROLLED_HELDOUT,A1_SELECTED,A2_EVIDENCE,1029,seed1028,16,representation,CT_correct_known,0,0,0,0,0,0
TAO_TRAIN_GT_CONTROLLED_HELDOUT,A1_SELECTED,A2_EVIDENCE,1029,seed1028,16,representation,CT_correct_novel,7,1,0,6,0,1
TAO_TRAIN_GT_CONTROLLED_HELDOUT,A1_SELECTED,A2_CAPACITY_CONTROL,1029,seed1028,16,representation,standard_correct_all,223,5,2,62,154,3
TAO_TRAIN_GT_CONTROLLED_HELDOUT,A1_SELECTED,A2_CAPACITY_CONTROL,1029,seed1028,16,representation,standard_correct_known,207,5,1,56,145,4
TAO_TRAIN_GT_CONTROLLED_HELDOUT,A1_SELECTED,A2_CAPACITY_CONTROL,1029,seed1028,16,representation,standard_correct_novel,16,0,1,6,9,-1
TAO_TRAIN_GT_CONTROLLED_HELDOUT,A1_SELECTED,A2_CAPACITY_CONTROL,1029,seed1028,16,representation,CT_correct_all,7,0,0,7,0,0
TAO_TRAIN_GT_CONTROLLED_HELDOUT,A1_SELECTED,A2_CAPACITY_CONTROL,1029,seed1028,16,representation,CT_correct_known,0,0,0,0,0,0
TAO_TRAIN_GT_CONTROLLED_HELDOUT,A1_SELECTED,A2_CAPACITY_CONTROL,1029,seed1028,16,representation,CT_correct_novel,7,0,0,7,0,0
TAO_TRAIN_GT_CONTROLLED_HELDOUT,D1_SIMPLE_MLP,D2_RISK_AWARE,1029,seed1028,16,policy,standard_correct_all,223,0,0,61,162,0
TAO_TRAIN_GT_CONTROLLED_HELDOUT,D1_SIMPLE_MLP,D2_RISK_AWARE,1029,seed1028,16,policy,standard_correct_known,207,0,0,45,162,0
TAO_TRAIN_GT_CONTROLLED_HELDOUT,D1_SIMPLE_MLP,D2_RISK_AWARE,1029,seed1028,16,policy,standard_correct_novel,16,0,0,16,0,0
TAO_TRAIN_GT_CONTROLLED_HELDOUT,D1_SIMPLE_MLP,D2_RISK_AWARE,1029,seed1028,16,policy,CT_correct_all,7,0,0,7,0,0
TAO_TRAIN_GT_CONTROLLED_HELDOUT,D1_SIMPLE_MLP,D2_RISK_AWARE,1029,seed1028,16,policy,CT_correct_known,0,0,0,0,0,0
TAO_TRAIN_GT_CONTROLLED_HELDOUT,D1_SIMPLE_MLP,D2_RISK_AWARE,1029,seed1028,16,policy,CT_correct_novel,7,0,0,7,0,0
TAO_TRAIN_GT_CONTROLLED_HELDOUT,WITHOUT_RISK,FULL,1029,seed1028,16,policy,standard_correct_all,223,0,0,61,162,0
TAO_TRAIN_GT_CONTROLLED_HELDOUT,WITHOUT_RISK,FULL,1029,seed1028,16,policy,standard_correct_known,207,0,0,45,162,0
TAO_TRAIN_GT_CONTROLLED_HELDOUT,WITHOUT_RISK,FULL,1029,seed1028,16,policy,standard_correct_novel,16,0,0,16,0,0
TAO_TRAIN_GT_CONTROLLED_HELDOUT,WITHOUT_RISK,FULL,1029,seed1028,16,policy,CT_correct_all,7,0,0,7,0,0
TAO_TRAIN_GT_CONTROLLED_HELDOUT,WITHOUT_RISK,FULL,1029,seed1028,16,policy,CT_correct_known,0,0,0,0,0,0
TAO_TRAIN_GT_CONTROLLED_HELDOUT,WITHOUT_RISK,FULL,1029,seed1028,16,policy,CT_correct_novel,7,0,0,7,0,0
TAO_TRAIN_GT_CONTROLLED_HELDOUT,WITHOUT_TEMPORAL,FULL,1029,seed1028,16,policy,standard_correct_all,223,4,4,57,158,0
TAO_TRAIN_GT_CONTROLLED_HELDOUT,WITHOUT_TEMPORAL,FULL,1029,seed1028,16,policy,standard_correct_known,207,4,4,41,158,0
TAO_TRAIN_GT_CONTROLLED_HELDOUT,WITHOUT_TEMPORAL,FULL,1029,seed1028,16,policy,standard_correct_novel,16,0,0,16,0,0
TAO_TRAIN_GT_CONTROLLED_HELDOUT,WITHOUT_TEMPORAL,FULL,1029,seed1028,16,policy,CT_correct_all,7,0,0,7,0,0
TAO_TRAIN_GT_CONTROLLED_HELDOUT,WITHOUT_TEMPORAL,FULL,1029,seed1028,16,policy,CT_correct_known,0,0,0,0,0,0
TAO_TRAIN_GT_CONTROLLED_HELDOUT,WITHOUT_TEMPORAL,FULL,1029,seed1028,16,policy,CT_correct_novel,7,0,0,7,0,0
TAO_TRAIN_GT_CONTROLLED_HELDOUT,A0_RAW,A1_SELECTED,1029,seed1029,1,representation,standard_correct_all,223,119,2,99,3,117
TAO_TRAIN_GT_CONTROLLED_HELDOUT,A0_RAW,A1_SELECTED,1029,seed1029,1,representation,standard_correct_known,207,114,0,93,0,114
TAO_TRAIN_GT_CONTROLLED_HELDOUT,A0_RAW,A1_SELECTED,1029,seed1029,1,representation,standard_correct_novel,16,5,2,6,3,3
TAO_TRAIN_GT_CONTROLLED_HELDOUT,A0_RAW,A1_SELECTED,1029,seed1029,1,representation,CT_correct_all,9,1,0,7,1,1
TAO_TRAIN_GT_CONTROLLED_HELDOUT,A0_RAW,A1_SELECTED,1029,seed1029,1,representation,CT_correct_known,0,0,0,0,0,0
TAO_TRAIN_GT_CONTROLLED_HELDOUT,A0_RAW,A1_SELECTED,1029,seed1029,1,representation,CT_correct_novel,9,1,0,7,1,1
TAO_TRAIN_GT_CONTROLLED_HELDOUT,A0_RAW,A2_EVIDENCE,1029,seed1029,1,representation,standard_correct_all,223,93,1,125,4,92
TAO_TRAIN_GT_CONTROLLED_HELDOUT,A0_RAW,A2_EVIDENCE,1029,seed1029,1,representation,standard_correct_known,207,89,0,118,0,89
TAO_TRAIN_GT_CONTROLLED_HELDOUT,A0_RAW,A2_EVIDENCE,1029,seed1029,1,representation,standard_correct_novel,16,4,1,7,4,3
TAO_TRAIN_GT_CONTROLLED_HELDOUT,A0_RAW,A2_EVIDENCE,1029,seed1029,1,representation,CT_correct_all,9,0,1,8,0,-1
TAO_TRAIN_GT_CONTROLLED_HELDOUT,A0_RAW,A2_EVIDENCE,1029,seed1029,1,representation,CT_correct_known,0,0,0,0,0,0
TAO_TRAIN_GT_CONTROLLED_HELDOUT,A0_RAW,A2_EVIDENCE,1029,seed1029,1,representation,CT_correct_novel,9,0,1,8,0,-1
TAO_TRAIN_GT_CONTROLLED_HELDOUT,A0_RAW,A2_CAPACITY_CONTROL,1029,seed1029,1,representation,standard_correct_all,223,118,2,100,3,116
TAO_TRAIN_GT_CONTROLLED_HELDOUT,A0_RAW,A2_CAPACITY_CONTROL,1029,seed1029,1,representation,standard_correct_known,207,113,0,94,0,113
TAO_TRAIN_GT_CONTROLLED_HELDOUT,A0_RAW,A2_CAPACITY_CONTROL,1029,seed1029,1,representation,standard_correct_novel,16,5,2,6,3,3
TAO_TRAIN_GT_CONTROLLED_HELDOUT,A0_RAW,A2_CAPACITY_CONTROL,1029,seed1029,1,representation,CT_correct_all,9,1,0,7,1,1
TAO_TRAIN_GT_CONTROLLED_HELDOUT,A0_RAW,A2_CAPACITY_CONTROL,1029,seed1029,1,representation,CT_correct_known,0,0,0,0,0,0
TAO_TRAIN_GT_CONTROLLED_HELDOUT,A0_RAW,A2_CAPACITY_CONTROL,1029,seed1029,1,representation,CT_correct_novel,9,1,0,7,1,1
TAO_TRAIN_GT_CONTROLLED_HELDOUT,A1_SELECTED,A2_EVIDENCE,1029,seed1029,1,representation,standard_correct_all,223,1,26,100,96,-25
TAO_TRAIN_GT_CONTROLLED_HELDOUT,A1_SELECTED,A2_EVIDENCE,1029,seed1029,1,representation,standard_correct_known,207,0,25,93,89,-25
TAO_TRAIN_GT_CONTROLLED_HELDOUT,A1_SELECTED,A2_EVIDENCE,1029,seed1029,1,representation,standard_correct_novel,16,1,1,7,7,0
TAO_TRAIN_GT_CONTROLLED_HELDOUT,A1_SELECTED,A2_EVIDENCE,1029,seed1029,1,representation,CT_correct_all,9,0,2,7,0,-2
TAO_TRAIN_GT_CONTROLLED_HELDOUT,A1_SELECTED,A2_EVIDENCE,1029,seed1029,1,representation,CT_correct_known,0,0,0,0,0,0
TAO_TRAIN_GT_CONTROLLED_HELDOUT,A1_SELECTED,A2_EVIDENCE,1029,seed1029,1,representation,CT_correct_novel,9,0,2,7,0,-2
TAO_TRAIN_GT_CONTROLLED_HELDOUT,A1_SELECTED,A2_CAPACITY_CONTROL,1029,seed1029,1,representation,standard_correct_all,223,0,1,101,121,-1
TAO_TRAIN_GT_CONTROLLED_HELDOUT,A1_SELECTED,A2_CAPACITY_CONTROL,1029,seed1029,1,representation,standard_correct_known,207,0,1,93,113,-1
TAO_TRAIN_GT_CONTROLLED_HELDOUT,A1_SELECTED,A2_CAPACITY_CONTROL,1029,seed1029,1,representation,standard_correct_novel,16,0,0,8,8,0
TAO_TRAIN_GT_CONTROLLED_HELDOUT,A1_SELECTED,A2_CAPACITY_CONTROL,1029,seed1029,1,representation,CT_correct_all,9,0,0,7,2,0
TAO_TRAIN_GT_CONTROLLED_HELDOUT,A1_SELECTED,A2_CAPACITY_CONTROL,1029,seed1029,1,representation,CT_correct_known,0,0,0,0,0,0
TAO_TRAIN_GT_CONTROLLED_HELDOUT,A1_SELECTED,A2_CAPACITY_CONTROL,1029,seed1029,1,representation,CT_correct_novel,9,0,0,7,2,0
TAO_TRAIN_GT_CONTROLLED_HELDOUT,D1_SIMPLE_MLP,D2_RISK_AWARE,1029,seed1029,1,policy,standard_correct_all,223,0,0,92,131,0
TAO_TRAIN_GT_CONTROLLED_HELDOUT,D1_SIMPLE_MLP,D2_RISK_AWARE,1029,seed1029,1,policy,standard_correct_known,207,0,0,76,131,0
TAO_TRAIN_GT_CONTROLLED_HELDOUT,D1_SIMPLE_MLP,D2_RISK_AWARE,1029,seed1029,1,policy,standard_correct_novel,16,0,0,16,0,0
TAO_TRAIN_GT_CONTROLLED_HELDOUT,D1_SIMPLE_MLP,D2_RISK_AWARE,1029,seed1029,1,policy,CT_correct_all,9,0,0,9,0,0
TAO_TRAIN_GT_CONTROLLED_HELDOUT,D1_SIMPLE_MLP,D2_RISK_AWARE,1029,seed1029,1,policy,CT_correct_known,0,0,0,0,0,0
TAO_TRAIN_GT_CONTROLLED_HELDOUT,D1_SIMPLE_MLP,D2_RISK_AWARE,1029,seed1029,1,policy,CT_correct_novel,9,0,0,9,0,0
TAO_TRAIN_GT_CONTROLLED_HELDOUT,WITHOUT_RISK,FULL,1029,seed1029,1,policy,standard_correct_all,223,0,0,94,129,0
TAO_TRAIN_GT_CONTROLLED_HELDOUT,WITHOUT_RISK,FULL,1029,seed1029,1,policy,standard_correct_known,207,0,0,78,129,0
TAO_TRAIN_GT_CONTROLLED_HELDOUT,WITHOUT_RISK,FULL,1029,seed1029,1,policy,standard_correct_novel,16,0,0,16,0,0
TAO_TRAIN_GT_CONTROLLED_HELDOUT,WITHOUT_RISK,FULL,1029,seed1029,1,policy,CT_correct_all,9,0,0,9,0,0
TAO_TRAIN_GT_CONTROLLED_HELDOUT,WITHOUT_RISK,FULL,1029,seed1029,1,policy,CT_correct_known,0,0,0,0,0,0
TAO_TRAIN_GT_CONTROLLED_HELDOUT,WITHOUT_RISK,FULL,1029,seed1029,1,policy,CT_correct_novel,9,0,0,9,0,0
TAO_TRAIN_GT_CONTROLLED_HELDOUT,WITHOUT_TEMPORAL,FULL,1029,seed1029,1,policy,standard_correct_all,223,0,2,92,129,-2
TAO_TRAIN_GT_CONTROLLED_HELDOUT,WITHOUT_TEMPORAL,FULL,1029,seed1029,1,policy,standard_correct_known,207,0,2,76,129,-2
TAO_TRAIN_GT_CONTROLLED_HELDOUT,WITHOUT_TEMPORAL,FULL,1029,seed1029,1,policy,standard_correct_novel,16,0,0,16,0,0
TAO_TRAIN_GT_CONTROLLED_HELDOUT,WITHOUT_TEMPORAL,FULL,1029,seed1029,1,policy,CT_correct_all,9,0,0,9,0,0
TAO_TRAIN_GT_CONTROLLED_HELDOUT,WITHOUT_TEMPORAL,FULL,1029,seed1029,1,policy,CT_correct_known,0,0,0,0,0,0
TAO_TRAIN_GT_CONTROLLED_HELDOUT,WITHOUT_TEMPORAL,FULL,1029,seed1029,1,policy,CT_correct_novel,9,0,0,9,0,0
TAO_TRAIN_GT_CONTROLLED_HELDOUT,A0_RAW,A1_SELECTED,1029,seed1029,2,representation,standard_correct_all,223,131,3,85,4,128
TAO_TRAIN_GT_CONTROLLED_HELDOUT,A0_RAW,A1_SELECTED,1029,seed1029,2,representation,standard_correct_known,207,126,0,81,0,126
TAO_TRAIN_GT_CONTROLLED_HELDOUT,A0_RAW,A1_SELECTED,1029,seed1029,2,representation,standard_correct_novel,16,5,3,4,4,2
TAO_TRAIN_GT_CONTROLLED_HELDOUT,A0_RAW,A1_SELECTED,1029,seed1029,2,representation,CT_correct_all,9,0,1,8,0,-1
TAO_TRAIN_GT_CONTROLLED_HELDOUT,A0_RAW,A1_SELECTED,1029,seed1029,2,representation,CT_correct_known,0,0,0,0,0,0
TAO_TRAIN_GT_CONTROLLED_HELDOUT,A0_RAW,A1_SELECTED,1029,seed1029,2,representation,CT_correct_novel,9,0,1,8,0,-1
TAO_TRAIN_GT_CONTROLLED_HELDOUT,A0_RAW,A2_EVIDENCE,1029,seed1029,2,representation,standard_correct_all,223,91,1,125,6,90
TAO_TRAIN_GT_CONTROLLED_HELDOUT,A0_RAW,A2_EVIDENCE,1029,seed1029,2,representation,standard_correct_known,207,89,0,118,0,89
TAO_TRAIN_GT_CONTROLLED_HELDOUT,A0_RAW,A2_EVIDENCE,1029,seed1029,2,representation,standard_correct_novel,16,2,1,7,6,1
TAO_TRAIN_GT_CONTROLLED_HELDOUT,A0_RAW,A2_EVIDENCE,1029,seed1029,2,representation,CT_correct_all,9,0,1,8,0,-1
TAO_TRAIN_GT_CONTROLLED_HELDOUT,A0_RAW,A2_EVIDENCE,1029,seed1029,2,representation,CT_correct_known,0,0,0,0,0,0
TAO_TRAIN_GT_CONTROLLED_HELDOUT,A0_RAW,A2_EVIDENCE,1029,seed1029,2,representation,CT_correct_novel,9,0,1,8,0,-1
TAO_TRAIN_GT_CONTROLLED_HELDOUT,A0_RAW,A2_CAPACITY_CONTROL,1029,seed1029,2,representation,standard_correct_all,223,131,3,85,4,128
TAO_TRAIN_GT_CONTROLLED_HELDOUT,A0_RAW,A2_CAPACITY_CONTROL,1029,seed1029,2,representation,standard_correct_known,207,126,0,81,0,126
TAO_TRAIN_GT_CONTROLLED_HELDOUT,A0_RAW,A2_CAPACITY_CONTROL,1029,seed1029,2,representation,standard_correct_novel,16,5,3,4,4,2
TAO_TRAIN_GT_CONTROLLED_HELDOUT,A0_RAW,A2_CAPACITY_CONTROL,1029,seed1029,2,representation,CT_correct_all,9,0,1,8,0,-1
TAO_TRAIN_GT_CONTROLLED_HELDOUT,A0_RAW,A2_CAPACITY_CONTROL,1029,seed1029,2,representation,CT_correct_known,0,0,0,0,0,0
TAO_TRAIN_GT_CONTROLLED_HELDOUT,A0_RAW,A2_CAPACITY_CONTROL,1029,seed1029,2,representation,CT_correct_novel,9,0,1,8,0,-1
TAO_TRAIN_GT_CONTROLLED_HELDOUT,A1_SELECTED,A2_EVIDENCE,1029,seed1029,2,representation,standard_correct_all,223,2,40,86,95,-38
TAO_TRAIN_GT_CONTROLLED_HELDOUT,A1_SELECTED,A2_EVIDENCE,1029,seed1029,2,representation,standard_correct_known,207,0,37,81,89,-37
TAO_TRAIN_GT_CONTROLLED_HELDOUT,A1_SELECTED,A2_EVIDENCE,1029,seed1029,2,representation,standard_correct_novel,16,2,3,5,6,-1
TAO_TRAIN_GT_CONTROLLED_HELDOUT,A1_SELECTED,A2_EVIDENCE,1029,seed1029,2,representation,CT_correct_all,9,0,0,9,0,0
TAO_TRAIN_GT_CONTROLLED_HELDOUT,A1_SELECTED,A2_EVIDENCE,1029,seed1029,2,representation,CT_correct_known,0,0,0,0,0,0
TAO_TRAIN_GT_CONTROLLED_HELDOUT,A1_SELECTED,A2_EVIDENCE,1029,seed1029,2,representation,CT_correct_novel,9,0,0,9,0,0
TAO_TRAIN_GT_CONTROLLED_HELDOUT,A1_SELECTED,A2_CAPACITY_CONTROL,1029,seed1029,2,representation,standard_correct_all,223,0,0,88,135,0
TAO_TRAIN_GT_CONTROLLED_HELDOUT,A1_SELECTED,A2_CAPACITY_CONTROL,1029,seed1029,2,representation,standard_correct_known,207,0,0,81,126,0
TAO_TRAIN_GT_CONTROLLED_HELDOUT,A1_SELECTED,A2_CAPACITY_CONTROL,1029,seed1029,2,representation,standard_correct_novel,16,0,0,7,9,0
TAO_TRAIN_GT_CONTROLLED_HELDOUT,A1_SELECTED,A2_CAPACITY_CONTROL,1029,seed1029,2,representation,CT_correct_all,9,0,0,9,0,0
TAO_TRAIN_GT_CONTROLLED_HELDOUT,A1_SELECTED,A2_CAPACITY_CONTROL,1029,seed1029,2,representation,CT_correct_known,0,0,0,0,0,0
TAO_TRAIN_GT_CONTROLLED_HELDOUT,A1_SELECTED,A2_CAPACITY_CONTROL,1029,seed1029,2,representation,CT_correct_novel,9,0,0,9,0,0
TAO_TRAIN_GT_CONTROLLED_HELDOUT,D1_SIMPLE_MLP,D2_RISK_AWARE,1029,seed1029,2,policy,standard_correct_all,223,0,0,83,140,0
TAO_TRAIN_GT_CONTROLLED_HELDOUT,D1_SIMPLE_MLP,D2_RISK_AWARE,1029,seed1029,2,policy,standard_correct_known,207,0,0,67,140,0
TAO_TRAIN_GT_CONTROLLED_HELDOUT,D1_SIMPLE_MLP,D2_RISK_AWARE,1029,seed1029,2,policy,standard_correct_novel,16,0,0,16,0,0
TAO_TRAIN_GT_CONTROLLED_HELDOUT,D1_SIMPLE_MLP,D2_RISK_AWARE,1029,seed1029,2,policy,CT_correct_all,9,0,0,9,0,0
TAO_TRAIN_GT_CONTROLLED_HELDOUT,D1_SIMPLE_MLP,D2_RISK_AWARE,1029,seed1029,2,policy,CT_correct_known,0,0,0,0,0,0
TAO_TRAIN_GT_CONTROLLED_HELDOUT,D1_SIMPLE_MLP,D2_RISK_AWARE,1029,seed1029,2,policy,CT_correct_novel,9,0,0,9,0,0
TAO_TRAIN_GT_CONTROLLED_HELDOUT,WITHOUT_RISK,FULL,1029,seed1029,2,policy,standard_correct_all,223,0,0,84,139,0
TAO_TRAIN_GT_CONTROLLED_HELDOUT,WITHOUT_RISK,FULL,1029,seed1029,2,policy,standard_correct_known,207,0,0,68,139,0
TAO_TRAIN_GT_CONTROLLED_HELDOUT,WITHOUT_RISK,FULL,1029,seed1029,2,policy,standard_correct_novel,16,0,0,16,0,0
TAO_TRAIN_GT_CONTROLLED_HELDOUT,WITHOUT_RISK,FULL,1029,seed1029,2,policy,CT_correct_all,9,0,0,9,0,0
TAO_TRAIN_GT_CONTROLLED_HELDOUT,WITHOUT_RISK,FULL,1029,seed1029,2,policy,CT_correct_known,0,0,0,0,0,0
TAO_TRAIN_GT_CONTROLLED_HELDOUT,WITHOUT_RISK,FULL,1029,seed1029,2,policy,CT_correct_novel,9,0,0,9,0,0
TAO_TRAIN_GT_CONTROLLED_HELDOUT,WITHOUT_TEMPORAL,FULL,1029,seed1029,2,policy,standard_correct_all,223,2,3,81,137,-1
TAO_TRAIN_GT_CONTROLLED_HELDOUT,WITHOUT_TEMPORAL,FULL,1029,seed1029,2,policy,standard_correct_known,207,2,3,65,137,-1
TAO_TRAIN_GT_CONTROLLED_HELDOUT,WITHOUT_TEMPORAL,FULL,1029,seed1029,2,policy,standard_correct_novel,16,0,0,16,0,0
TAO_TRAIN_GT_CONTROLLED_HELDOUT,WITHOUT_TEMPORAL,FULL,1029,seed1029,2,policy,CT_correct_all,9,0,0,9,0,0
TAO_TRAIN_GT_CONTROLLED_HELDOUT,WITHOUT_TEMPORAL,FULL,1029,seed1029,2,policy,CT_correct_known,0,0,0,0,0,0
TAO_TRAIN_GT_CONTROLLED_HELDOUT,WITHOUT_TEMPORAL,FULL,1029,seed1029,2,policy,CT_correct_novel,9,0,0,9,0,0
TAO_TRAIN_GT_CONTROLLED_HELDOUT,A0_RAW,A1_SELECTED,1029,seed1029,4,representation,standard_correct_all,223,141,2,75,5,139
TAO_TRAIN_GT_CONTROLLED_HELDOUT,A0_RAW,A1_SELECTED,1029,seed1029,4,representation,standard_correct_known,207,137,0,70,0,137
TAO_TRAIN_GT_CONTROLLED_HELDOUT,A0_RAW,A1_SELECTED,1029,seed1029,4,representation,standard_correct_novel,16,4,2,5,5,2
TAO_TRAIN_GT_CONTROLLED_HELDOUT,A0_RAW,A1_SELECTED,1029,seed1029,4,representation,CT_correct_all,9,3,0,5,1,3
TAO_TRAIN_GT_CONTROLLED_HELDOUT,A0_RAW,A1_SELECTED,1029,seed1029,4,representation,CT_correct_known,0,0,0,0,0,0
TAO_TRAIN_GT_CONTROLLED_HELDOUT,A0_RAW,A1_SELECTED,1029,seed1029,4,representation,CT_correct_novel,9,3,0,5,1,3
TAO_TRAIN_GT_CONTROLLED_HELDOUT,A0_RAW,A2_EVIDENCE,1029,seed1029,4,representation,standard_correct_all,223,110,0,106,7,110
TAO_TRAIN_GT_CONTROLLED_HELDOUT,A0_RAW,A2_EVIDENCE,1029,seed1029,4,representation,standard_correct_known,207,108,0,99,0,108
TAO_TRAIN_GT_CONTROLLED_HELDOUT,A0_RAW,A2_EVIDENCE,1029,seed1029,4,representation,standard_correct_novel,16,2,0,7,7,2
TAO_TRAIN_GT_CONTROLLED_HELDOUT,A0_RAW,A2_EVIDENCE,1029,seed1029,4,representation,CT_correct_all,9,4,0,4,1,4
TAO_TRAIN_GT_CONTROLLED_HELDOUT,A0_RAW,A2_EVIDENCE,1029,seed1029,4,representation,CT_correct_known,0,0,0,0,0,0
TAO_TRAIN_GT_CONTROLLED_HELDOUT,A0_RAW,A2_EVIDENCE,1029,seed1029,4,representation,CT_correct_novel,9,4,0,4,1,4
TAO_TRAIN_GT_CONTROLLED_HELDOUT,A0_RAW,A2_CAPACITY_CONTROL,1029,seed1029,4,representation,standard_correct_all,223,141,2,75,5,139
TAO_TRAIN_GT_CONTROLLED_HELDOUT,A0_RAW,A2_CAPACITY_CONTROL,1029,seed1029,4,representation,standard_correct_known,207,137,0,70,0,137
TAO_TRAIN_GT_CONTROLLED_HELDOUT,A0_RAW,A2_CAPACITY_CONTROL,1029,seed1029,4,representation,standard_correct_novel,16,4,2,5,5,2
TAO_TRAIN_GT_CONTROLLED_HELDOUT,A0_RAW,A2_CAPACITY_CONTROL,1029,seed1029,4,representation,CT_correct_all,9,3,0,5,1,3
TAO_TRAIN_GT_CONTROLLED_HELDOUT,A0_RAW,A2_CAPACITY_CONTROL,1029,seed1029,4,representation,CT_correct_known,0,0,0,0,0,0
TAO_TRAIN_GT_CONTROLLED_HELDOUT,A0_RAW,A2_CAPACITY_CONTROL,1029,seed1029,4,representation,CT_correct_novel,9,3,0,5,1,3
TAO_TRAIN_GT_CONTROLLED_HELDOUT,A1_SELECTED,A2_EVIDENCE,1029,seed1029,4,representation,standard_correct_all,223,4,33,73,113,-29
TAO_TRAIN_GT_CONTROLLED_HELDOUT,A1_SELECTED,A2_EVIDENCE,1029,seed1029,4,representation,standard_correct_known,207,2,31,68,106,-29
TAO_TRAIN_GT_CONTROLLED_HELDOUT,A1_SELECTED,A2_EVIDENCE,1029,seed1029,4,representation,standard_correct_novel,16,2,2,5,7,0
TAO_TRAIN_GT_CONTROLLED_HELDOUT,A1_SELECTED,A2_EVIDENCE,1029,seed1029,4,representation,CT_correct_all,9,1,0,4,4,1
TAO_TRAIN_GT_CONTROLLED_HELDOUT,A1_SELECTED,A2_EVIDENCE,1029,seed1029,4,representation,CT_correct_known,0,0,0,0,0,0
TAO_TRAIN_GT_CONTROLLED_HELDOUT,A1_SELECTED,A2_EVIDENCE,1029,seed1029,4,representation,CT_correct_novel,9,1,0,4,4,1
TAO_TRAIN_GT_CONTROLLED_HELDOUT,A1_SELECTED,A2_CAPACITY_CONTROL,1029,seed1029,4,representation,standard_correct_all,223,1,1,76,145,0
TAO_TRAIN_GT_CONTROLLED_HELDOUT,A1_SELECTED,A2_CAPACITY_CONTROL,1029,seed1029,4,representation,standard_correct_known,207,1,1,69,136,0
TAO_TRAIN_GT_CONTROLLED_HELDOUT,A1_SELECTED,A2_CAPACITY_CONTROL,1029,seed1029,4,representation,standard_correct_novel,16,0,0,7,9,0
TAO_TRAIN_GT_CONTROLLED_HELDOUT,A1_SELECTED,A2_CAPACITY_CONTROL,1029,seed1029,4,representation,CT_correct_all,9,0,0,5,4,0
TAO_TRAIN_GT_CONTROLLED_HELDOUT,A1_SELECTED,A2_CAPACITY_CONTROL,1029,seed1029,4,representation,CT_correct_known,0,0,0,0,0,0
TAO_TRAIN_GT_CONTROLLED_HELDOUT,A1_SELECTED,A2_CAPACITY_CONTROL,1029,seed1029,4,representation,CT_correct_novel,9,0,0,5,4,0
TAO_TRAIN_GT_CONTROLLED_HELDOUT,D1_SIMPLE_MLP,D2_RISK_AWARE,1029,seed1029,4,policy,standard_correct_all,223,0,0,73,150,0
TAO_TRAIN_GT_CONTROLLED_HELDOUT,D1_SIMPLE_MLP,D2_RISK_AWARE,1029,seed1029,4,policy,standard_correct_known,207,0,0,57,150,0
TAO_TRAIN_GT_CONTROLLED_HELDOUT,D1_SIMPLE_MLP,D2_RISK_AWARE,1029,seed1029,4,policy,standard_correct_novel,16,0,0,16,0,0
TAO_TRAIN_GT_CONTROLLED_HELDOUT,D1_SIMPLE_MLP,D2_RISK_AWARE,1029,seed1029,4,policy,CT_correct_all,9,0,0,9,0,0
TAO_TRAIN_GT_CONTROLLED_HELDOUT,D1_SIMPLE_MLP,D2_RISK_AWARE,1029,seed1029,4,policy,CT_correct_known,0,0,0,0,0,0
TAO_TRAIN_GT_CONTROLLED_HELDOUT,D1_SIMPLE_MLP,D2_RISK_AWARE,1029,seed1029,4,policy,CT_correct_novel,9,0,0,9,0,0
TAO_TRAIN_GT_CONTROLLED_HELDOUT,WITHOUT_RISK,FULL,1029,seed1029,4,policy,standard_correct_all,223,0,0,74,149,0
TAO_TRAIN_GT_CONTROLLED_HELDOUT,WITHOUT_RISK,FULL,1029,seed1029,4,policy,standard_correct_known,207,0,0,58,149,0
TAO_TRAIN_GT_CONTROLLED_HELDOUT,WITHOUT_RISK,FULL,1029,seed1029,4,policy,standard_correct_novel,16,0,0,16,0,0
TAO_TRAIN_GT_CONTROLLED_HELDOUT,WITHOUT_RISK,FULL,1029,seed1029,4,policy,CT_correct_all,9,0,0,9,0,0
TAO_TRAIN_GT_CONTROLLED_HELDOUT,WITHOUT_RISK,FULL,1029,seed1029,4,policy,CT_correct_known,0,0,0,0,0,0
TAO_TRAIN_GT_CONTROLLED_HELDOUT,WITHOUT_RISK,FULL,1029,seed1029,4,policy,CT_correct_novel,9,0,0,9,0,0
TAO_TRAIN_GT_CONTROLLED_HELDOUT,WITHOUT_TEMPORAL,FULL,1029,seed1029,4,policy,standard_correct_all,223,5,6,68,144,-1
TAO_TRAIN_GT_CONTROLLED_HELDOUT,WITHOUT_TEMPORAL,FULL,1029,seed1029,4,policy,standard_correct_known,207,5,6,52,144,-1
TAO_TRAIN_GT_CONTROLLED_HELDOUT,WITHOUT_TEMPORAL,FULL,1029,seed1029,4,policy,standard_correct_novel,16,0,0,16,0,0
TAO_TRAIN_GT_CONTROLLED_HELDOUT,WITHOUT_TEMPORAL,FULL,1029,seed1029,4,policy,CT_correct_all,9,0,0,9,0,0
TAO_TRAIN_GT_CONTROLLED_HELDOUT,WITHOUT_TEMPORAL,FULL,1029,seed1029,4,policy,CT_correct_known,0,0,0,0,0,0
TAO_TRAIN_GT_CONTROLLED_HELDOUT,WITHOUT_TEMPORAL,FULL,1029,seed1029,4,policy,CT_correct_novel,9,0,0,9,0,0
TAO_TRAIN_GT_CONTROLLED_HELDOUT,A0_RAW,A1_SELECTED,1029,seed1029,8,representation,standard_correct_all,223,147,4,66,6,143
TAO_TRAIN_GT_CONTROLLED_HELDOUT,A0_RAW,A1_SELECTED,1029,seed1029,8,representation,standard_correct_known,207,144,0,61,2,144
TAO_TRAIN_GT_CONTROLLED_HELDOUT,A0_RAW,A1_SELECTED,1029,seed1029,8,representation,standard_correct_novel,16,3,4,5,4,-1
TAO_TRAIN_GT_CONTROLLED_HELDOUT,A0_RAW,A1_SELECTED,1029,seed1029,8,representation,CT_correct_all,9,2,2,5,0,0
TAO_TRAIN_GT_CONTROLLED_HELDOUT,A0_RAW,A1_SELECTED,1029,seed1029,8,representation,CT_correct_known,0,0,0,0,0,0
TAO_TRAIN_GT_CONTROLLED_HELDOUT,A0_RAW,A1_SELECTED,1029,seed1029,8,representation,CT_correct_novel,9,2,2,5,0,0
TAO_TRAIN_GT_CONTROLLED_HELDOUT,A0_RAW,A2_EVIDENCE,1029,seed1029,8,representation,standard_correct_all,223,115,3,98,7,112
TAO_TRAIN_GT_CONTROLLED_HELDOUT,A0_RAW,A2_EVIDENCE,1029,seed1029,8,representation,standard_correct_known,207,112,1,93,1,111
TAO_TRAIN_GT_CONTROLLED_HELDOUT,A0_RAW,A2_EVIDENCE,1029,seed1029,8,representation,standard_correct_novel,16,3,2,5,6,1
TAO_TRAIN_GT_CONTROLLED_HELDOUT,A0_RAW,A2_EVIDENCE,1029,seed1029,8,representation,CT_correct_all,9,3,0,4,2,3
TAO_TRAIN_GT_CONTROLLED_HELDOUT,A0_RAW,A2_EVIDENCE,1029,seed1029,8,representation,CT_correct_known,0,0,0,0,0,0
TAO_TRAIN_GT_CONTROLLED_HELDOUT,A0_RAW,A2_EVIDENCE,1029,seed1029,8,representation,CT_correct_novel,9,3,0,4,2,3
TAO_TRAIN_GT_CONTROLLED_HELDOUT,A0_RAW,A2_CAPACITY_CONTROL,1029,seed1029,8,representation,standard_correct_all,223,150,4,63,6,146
TAO_TRAIN_GT_CONTROLLED_HELDOUT,A0_RAW,A2_CAPACITY_CONTROL,1029,seed1029,8,representation,standard_correct_known,207,144,0,61,2,144
TAO_TRAIN_GT_CONTROLLED_HELDOUT,A0_RAW,A2_CAPACITY_CONTROL,1029,seed1029,8,representation,standard_correct_novel,16,6,4,2,4,2
TAO_TRAIN_GT_CONTROLLED_HELDOUT,A0_RAW,A2_CAPACITY_CONTROL,1029,seed1029,8,representation,CT_correct_all,9,3,0,4,2,3
TAO_TRAIN_GT_CONTROLLED_HELDOUT,A0_RAW,A2_CAPACITY_CONTROL,1029,seed1029,8,representation,CT_correct_known,0,0,0,0,0,0
TAO_TRAIN_GT_CONTROLLED_HELDOUT,A0_RAW,A2_CAPACITY_CONTROL,1029,seed1029,8,representation,CT_correct_novel,9,3,0,4,2,3
TAO_TRAIN_GT_CONTROLLED_HELDOUT,A1_SELECTED,A2_EVIDENCE,1029,seed1029,8,representation,standard_correct_all,223,4,35,66,118,-31
TAO_TRAIN_GT_CONTROLLED_HELDOUT,A1_SELECTED,A2_EVIDENCE,1029,seed1029,8,representation,standard_correct_known,207,2,35,59,111,-33
TAO_TRAIN_GT_CONTROLLED_HELDOUT,A1_SELECTED,A2_EVIDENCE,1029,seed1029,8,representation,standard_correct_novel,16,2,0,7,7,2
TAO_TRAIN_GT_CONTROLLED_HELDOUT,A1_SELECTED,A2_EVIDENCE,1029,seed1029,8,representation,CT_correct_all,9,3,0,4,2,3
TAO_TRAIN_GT_CONTROLLED_HELDOUT,A1_SELECTED,A2_EVIDENCE,1029,seed1029,8,representation,CT_correct_known,0,0,0,0,0,0
TAO_TRAIN_GT_CONTROLLED_HELDOUT,A1_SELECTED,A2_EVIDENCE,1029,seed1029,8,representation,CT_correct_novel,9,3,0,4,2,3
TAO_TRAIN_GT_CONTROLLED_HELDOUT,A1_SELECTED,A2_CAPACITY_CONTROL,1029,seed1029,8,representation,standard_correct_all,223,5,2,65,151,3
TAO_TRAIN_GT_CONTROLLED_HELDOUT,A1_SELECTED,A2_CAPACITY_CONTROL,1029,seed1029,8,representation,standard_correct_known,207,2,2,59,144,0
TAO_TRAIN_GT_CONTROLLED_HELDOUT,A1_SELECTED,A2_CAPACITY_CONTROL,1029,seed1029,8,representation,standard_correct_novel,16,3,0,6,7,3
TAO_TRAIN_GT_CONTROLLED_HELDOUT,A1_SELECTED,A2_CAPACITY_CONTROL,1029,seed1029,8,representation,CT_correct_all,9,3,0,4,2,3
TAO_TRAIN_GT_CONTROLLED_HELDOUT,A1_SELECTED,A2_CAPACITY_CONTROL,1029,seed1029,8,representation,CT_correct_known,0,0,0,0,0,0
TAO_TRAIN_GT_CONTROLLED_HELDOUT,A1_SELECTED,A2_CAPACITY_CONTROL,1029,seed1029,8,representation,CT_correct_novel,9,3,0,4,2,3
TAO_TRAIN_GT_CONTROLLED_HELDOUT,D1_SIMPLE_MLP,D2_RISK_AWARE,1029,seed1029,8,policy,standard_correct_all,223,0,0,64,159,0
TAO_TRAIN_GT_CONTROLLED_HELDOUT,D1_SIMPLE_MLP,D2_RISK_AWARE,1029,seed1029,8,policy,standard_correct_known,207,0,0,48,159,0
TAO_TRAIN_GT_CONTROLLED_HELDOUT,D1_SIMPLE_MLP,D2_RISK_AWARE,1029,seed1029,8,policy,standard_correct_novel,16,0,0,16,0,0
TAO_TRAIN_GT_CONTROLLED_HELDOUT,D1_SIMPLE_MLP,D2_RISK_AWARE,1029,seed1029,8,policy,CT_correct_all,9,0,0,9,0,0
TAO_TRAIN_GT_CONTROLLED_HELDOUT,D1_SIMPLE_MLP,D2_RISK_AWARE,1029,seed1029,8,policy,CT_correct_known,0,0,0,0,0,0
TAO_TRAIN_GT_CONTROLLED_HELDOUT,D1_SIMPLE_MLP,D2_RISK_AWARE,1029,seed1029,8,policy,CT_correct_novel,9,0,0,9,0,0
TAO_TRAIN_GT_CONTROLLED_HELDOUT,WITHOUT_RISK,FULL,1029,seed1029,8,policy,standard_correct_all,223,0,0,66,157,0
TAO_TRAIN_GT_CONTROLLED_HELDOUT,WITHOUT_RISK,FULL,1029,seed1029,8,policy,standard_correct_known,207,0,0,50,157,0
TAO_TRAIN_GT_CONTROLLED_HELDOUT,WITHOUT_RISK,FULL,1029,seed1029,8,policy,standard_correct_novel,16,0,0,16,0,0
TAO_TRAIN_GT_CONTROLLED_HELDOUT,WITHOUT_RISK,FULL,1029,seed1029,8,policy,CT_correct_all,9,0,0,9,0,0
TAO_TRAIN_GT_CONTROLLED_HELDOUT,WITHOUT_RISK,FULL,1029,seed1029,8,policy,CT_correct_known,0,0,0,0,0,0
TAO_TRAIN_GT_CONTROLLED_HELDOUT,WITHOUT_RISK,FULL,1029,seed1029,8,policy,CT_correct_novel,9,0,0,9,0,0
TAO_TRAIN_GT_CONTROLLED_HELDOUT,WITHOUT_TEMPORAL,FULL,1029,seed1029,8,policy,standard_correct_all,223,3,5,61,154,-2
TAO_TRAIN_GT_CONTROLLED_HELDOUT,WITHOUT_TEMPORAL,FULL,1029,seed1029,8,policy,standard_correct_known,207,3,5,45,154,-2
TAO_TRAIN_GT_CONTROLLED_HELDOUT,WITHOUT_TEMPORAL,FULL,1029,seed1029,8,policy,standard_correct_novel,16,0,0,16,0,0
TAO_TRAIN_GT_CONTROLLED_HELDOUT,WITHOUT_TEMPORAL,FULL,1029,seed1029,8,policy,CT_correct_all,9,0,0,9,0,0
TAO_TRAIN_GT_CONTROLLED_HELDOUT,WITHOUT_TEMPORAL,FULL,1029,seed1029,8,policy,CT_correct_known,0,0,0,0,0,0
TAO_TRAIN_GT_CONTROLLED_HELDOUT,WITHOUT_TEMPORAL,FULL,1029,seed1029,8,policy,CT_correct_novel,9,0,0,9,0,0
TAO_TRAIN_GT_CONTROLLED_HELDOUT,A0_RAW,A1_SELECTED,1029,seed1029,16,representation,standard_correct_all,223,152,4,61,6,148
TAO_TRAIN_GT_CONTROLLED_HELDOUT,A0_RAW,A1_SELECTED,1029,seed1029,16,representation,standard_correct_known,207,148,0,57,2,148
TAO_TRAIN_GT_CONTROLLED_HELDOUT,A0_RAW,A1_SELECTED,1029,seed1029,16,representation,standard_correct_novel,16,4,4,4,4,0
TAO_TRAIN_GT_CONTROLLED_HELDOUT,A0_RAW,A1_SELECTED,1029,seed1029,16,representation,CT_correct_all,9,0,2,7,0,-2
TAO_TRAIN_GT_CONTROLLED_HELDOUT,A0_RAW,A1_SELECTED,1029,seed1029,16,representation,CT_correct_known,0,0,0,0,0,0
TAO_TRAIN_GT_CONTROLLED_HELDOUT,A0_RAW,A1_SELECTED,1029,seed1029,16,representation,CT_correct_novel,9,0,2,7,0,-2
TAO_TRAIN_GT_CONTROLLED_HELDOUT,A0_RAW,A2_EVIDENCE,1029,seed1029,16,representation,standard_correct_all,223,125,5,88,5,120
TAO_TRAIN_GT_CONTROLLED_HELDOUT,A0_RAW,A2_EVIDENCE,1029,seed1029,16,representation,standard_correct_known,207,122,1,83,1,121
TAO_TRAIN_GT_CONTROLLED_HELDOUT,A0_RAW,A2_EVIDENCE,1029,seed1029,16,representation,standard_correct_novel,16,3,4,5,4,-1
TAO_TRAIN_GT_CONTROLLED_HELDOUT,A0_RAW,A2_EVIDENCE,1029,seed1029,16,representation,CT_correct_all,9,2,2,5,0,0
TAO_TRAIN_GT_CONTROLLED_HELDOUT,A0_RAW,A2_EVIDENCE,1029,seed1029,16,representation,CT_correct_known,0,0,0,0,0,0
TAO_TRAIN_GT_CONTROLLED_HELDOUT,A0_RAW,A2_EVIDENCE,1029,seed1029,16,representation,CT_correct_novel,9,2,2,5,0,0
TAO_TRAIN_GT_CONTROLLED_HELDOUT,A0_RAW,A2_CAPACITY_CONTROL,1029,seed1029,16,representation,standard_correct_all,223,154,4,59,6,150
TAO_TRAIN_GT_CONTROLLED_HELDOUT,A0_RAW,A2_CAPACITY_CONTROL,1029,seed1029,16,representation,standard_correct_known,207,149,0,56,2,149
TAO_TRAIN_GT_CONTROLLED_HELDOUT,A0_RAW,A2_CAPACITY_CONTROL,1029,seed1029,16,representation,standard_correct_novel,16,5,4,3,4,1
TAO_TRAIN_GT_CONTROLLED_HELDOUT,A0_RAW,A2_CAPACITY_CONTROL,1029,seed1029,16,representation,CT_correct_all,9,0,2,7,0,-2
TAO_TRAIN_GT_CONTROLLED_HELDOUT,A0_RAW,A2_CAPACITY_CONTROL,1029,seed1029,16,representation,CT_correct_known,0,0,0,0,0,0
TAO_TRAIN_GT_CONTROLLED_HELDOUT,A0_RAW,A2_CAPACITY_CONTROL,1029,seed1029,16,representation,CT_correct_novel,9,0,2,7,0,-2
TAO_TRAIN_GT_CONTROLLED_HELDOUT,A1_SELECTED,A2_EVIDENCE,1029,seed1029,16,representation,standard_correct_all,223,7,35,58,123,-28
TAO_TRAIN_GT_CONTROLLED_HELDOUT,A1_SELECTED,A2_EVIDENCE,1029,seed1029,16,representation,standard_correct_known,207,3,30,54,120,-27
TAO_TRAIN_GT_CONTROLLED_HELDOUT,A1_SELECTED,A2_EVIDENCE,1029,seed1029,16,representation,standard_correct_novel,16,4,5,4,3,-1
TAO_TRAIN_GT_CONTROLLED_HELDOUT,A1_SELECTED,A2_EVIDENCE,1029,seed1029,16,representation,CT_correct_all,9,2,0,7,0,2
TAO_TRAIN_GT_CONTROLLED_HELDOUT,A1_SELECTED,A2_EVIDENCE,1029,seed1029,16,representation,CT_correct_known,0,0,0,0,0,0
TAO_TRAIN_GT_CONTROLLED_HELDOUT,A1_SELECTED,A2_EVIDENCE,1029,seed1029,16,representation,CT_correct_novel,9,2,0,7,0,2
TAO_TRAIN_GT_CONTROLLED_HELDOUT,A1_SELECTED,A2_CAPACITY_CONTROL,1029,seed1029,16,representation,standard_correct_all,223,4,2,61,156,2
TAO_TRAIN_GT_CONTROLLED_HELDOUT,A1_SELECTED,A2_CAPACITY_CONTROL,1029,seed1029,16,representation,standard_correct_known,207,3,2,54,148,1
TAO_TRAIN_GT_CONTROLLED_HELDOUT,A1_SELECTED,A2_CAPACITY_CONTROL,1029,seed1029,16,representation,standard_correct_novel,16,1,0,7,8,1
TAO_TRAIN_GT_CONTROLLED_HELDOUT,A1_SELECTED,A2_CAPACITY_CONTROL,1029,seed1029,16,representation,CT_correct_all,9,0,0,9,0,0
TAO_TRAIN_GT_CONTROLLED_HELDOUT,A1_SELECTED,A2_CAPACITY_CONTROL,1029,seed1029,16,representation,CT_correct_known,0,0,0,0,0,0
TAO_TRAIN_GT_CONTROLLED_HELDOUT,A1_SELECTED,A2_CAPACITY_CONTROL,1029,seed1029,16,representation,CT_correct_novel,9,0,0,9,0,0
TAO_TRAIN_GT_CONTROLLED_HELDOUT,D1_SIMPLE_MLP,D2_RISK_AWARE,1029,seed1029,16,policy,standard_correct_all,223,0,0,61,162,0
TAO_TRAIN_GT_CONTROLLED_HELDOUT,D1_SIMPLE_MLP,D2_RISK_AWARE,1029,seed1029,16,policy,standard_correct_known,207,0,0,45,162,0
TAO_TRAIN_GT_CONTROLLED_HELDOUT,D1_SIMPLE_MLP,D2_RISK_AWARE,1029,seed1029,16,policy,standard_correct_novel,16,0,0,16,0,0
TAO_TRAIN_GT_CONTROLLED_HELDOUT,D1_SIMPLE_MLP,D2_RISK_AWARE,1029,seed1029,16,policy,CT_correct_all,9,0,0,9,0,0
TAO_TRAIN_GT_CONTROLLED_HELDOUT,D1_SIMPLE_MLP,D2_RISK_AWARE,1029,seed1029,16,policy,CT_correct_known,0,0,0,0,0,0
TAO_TRAIN_GT_CONTROLLED_HELDOUT,D1_SIMPLE_MLP,D2_RISK_AWARE,1029,seed1029,16,policy,CT_correct_novel,9,0,0,9,0,0
TAO_TRAIN_GT_CONTROLLED_HELDOUT,WITHOUT_RISK,FULL,1029,seed1029,16,policy,standard_correct_all,223,0,0,61,162,0
TAO_TRAIN_GT_CONTROLLED_HELDOUT,WITHOUT_RISK,FULL,1029,seed1029,16,policy,standard_correct_known,207,0,0,45,162,0
TAO_TRAIN_GT_CONTROLLED_HELDOUT,WITHOUT_RISK,FULL,1029,seed1029,16,policy,standard_correct_novel,16,0,0,16,0,0
TAO_TRAIN_GT_CONTROLLED_HELDOUT,WITHOUT_RISK,FULL,1029,seed1029,16,policy,CT_correct_all,9,0,0,9,0,0
TAO_TRAIN_GT_CONTROLLED_HELDOUT,WITHOUT_RISK,FULL,1029,seed1029,16,policy,CT_correct_known,0,0,0,0,0,0
TAO_TRAIN_GT_CONTROLLED_HELDOUT,WITHOUT_RISK,FULL,1029,seed1029,16,policy,CT_correct_novel,9,0,0,9,0,0
TAO_TRAIN_GT_CONTROLLED_HELDOUT,WITHOUT_TEMPORAL,FULL,1029,seed1029,16,policy,standard_correct_all,223,4,4,57,158,0
TAO_TRAIN_GT_CONTROLLED_HELDOUT,WITHOUT_TEMPORAL,FULL,1029,seed1029,16,policy,standard_correct_known,207,4,4,41,158,0
TAO_TRAIN_GT_CONTROLLED_HELDOUT,WITHOUT_TEMPORAL,FULL,1029,seed1029,16,policy,standard_correct_novel,16,0,0,16,0,0
TAO_TRAIN_GT_CONTROLLED_HELDOUT,WITHOUT_TEMPORAL,FULL,1029,seed1029,16,policy,CT_correct_all,9,0,0,9,0,0
TAO_TRAIN_GT_CONTROLLED_HELDOUT,WITHOUT_TEMPORAL,FULL,1029,seed1029,16,policy,CT_correct_known,0,0,0,0,0,0
TAO_TRAIN_GT_CONTROLLED_HELDOUT,WITHOUT_TEMPORAL,FULL,1029,seed1029,16,policy,CT_correct_novel,9,0,0,9,0,0
