scope,stage,method,backend,seed,order,prefix,coverage_target,wrong_known_all_novel,novel_gt_denominator,memory_contamination_writes,contaminated_states,contaminated_token_reuse,false_split_new,missed_predicted_opportunity,pure_correct_reuse,same_video_only_unsupported_existing,unverified_token_reuse,wait,wait_with_no_decision_record,wrong_category_merge,wrong_known_assignment
TAO_TRAIN_GT_CONTROLLED_HELDOUT,representation_heldout,A0_RAW,B0_frame_snapshot_vote,,main,1,1.0,1,16,21,5,0,4,0,5,0,0,0,0,0,0
TAO_TRAIN_GT_CONTROLLED_HELDOUT,representation_heldout,A0_RAW,B0_frame_snapshot_vote,,main,2,1.0,1,16,30,7,1,2,0,5,0,0,0,0,1,0
TAO_TRAIN_GT_CONTROLLED_HELDOUT,representation_heldout,A0_RAW,B0_frame_snapshot_vote,,main,4,1.0,1,16,32,7,1,3,0,5,0,0,0,0,0,0
TAO_TRAIN_GT_CONTROLLED_HELDOUT,representation_heldout,A0_RAW,B0_frame_snapshot_vote,,main,8,1.0,1,16,37,11,1,2,0,5,0,0,0,0,1,0
TAO_TRAIN_GT_CONTROLLED_HELDOUT,representation_heldout,A0_RAW,B0_frame_snapshot_vote,,main,16,1.0,0,16,38,10,1,2,0,5,0,0,0,0,1,0
TAO_TRAIN_GT_CONTROLLED_HELDOUT,representation_heldout,A0_RAW,B0_frame_snapshot_vote,,seed1027,1,1.0,1,16,22,6,0,2,0,4,0,0,0,0,0,1
TAO_TRAIN_GT_CONTROLLED_HELDOUT,representation_heldout,A0_RAW,B0_frame_snapshot_vote,,seed1027,2,1.0,1,16,26,8,0,2,0,4,0,0,0,0,0,1
TAO_TRAIN_GT_CONTROLLED_HELDOUT,representation_heldout,A0_RAW,B0_frame_snapshot_vote,,seed1027,4,1.0,1,16,41,8,0,2,0,4,0,0,0,0,0,1
TAO_TRAIN_GT_CONTROLLED_HELDOUT,representation_heldout,A0_RAW,B0_frame_snapshot_vote,,seed1027,8,1.0,1,16,34,8,0,2,0,4,0,0,0,0,0,1
TAO_TRAIN_GT_CONTROLLED_HELDOUT,representation_heldout,A0_RAW,B0_frame_snapshot_vote,,seed1027,16,1.0,0,16,43,9,1,2,0,4,0,0,0,0,0,0
TAO_TRAIN_GT_CONTROLLED_HELDOUT,representation_heldout,A0_RAW,B0_frame_snapshot_vote,,seed1028,1,1.0,1,16,21,6,0,3,0,4,0,0,0,0,0,0
TAO_TRAIN_GT_CONTROLLED_HELDOUT,representation_heldout,A0_RAW,B0_frame_snapshot_vote,,seed1028,2,1.0,0,16,27,8,0,2,0,4,0,0,0,0,1,0
TAO_TRAIN_GT_CONTROLLED_HELDOUT,representation_heldout,A0_RAW,B0_frame_snapshot_vote,,seed1028,4,1.0,0,16,38,8,0,3,0,4,0,0,0,0,0,0
TAO_TRAIN_GT_CONTROLLED_HELDOUT,representation_heldout,A0_RAW,B0_frame_snapshot_vote,,seed1028,8,1.0,0,16,57,9,0,2,0,4,0,0,0,0,1,0
TAO_TRAIN_GT_CONTROLLED_HELDOUT,representation_heldout,A0_RAW,B0_frame_snapshot_vote,,seed1028,16,1.0,0,16,54,10,0,3,0,4,0,0,0,0,0,0
TAO_TRAIN_GT_CONTROLLED_HELDOUT,representation_heldout,A0_RAW,B0_frame_snapshot_vote,,seed1029,1,1.0,1,16,21,5,0,4,0,5,0,0,0,0,0,0
TAO_TRAIN_GT_CONTROLLED_HELDOUT,representation_heldout,A0_RAW,B0_frame_snapshot_vote,,seed1029,2,1.0,1,16,27,7,0,4,0,5,0,0,0,0,0,0
TAO_TRAIN_GT_CONTROLLED_HELDOUT,representation_heldout,A0_RAW,B0_frame_snapshot_vote,,seed1029,4,1.0,1,16,35,8,0,4,0,5,0,0,0,0,0,0
TAO_TRAIN_GT_CONTROLLED_HELDOUT,representation_heldout,A0_RAW,B0_frame_snapshot_vote,,seed1029,8,1.0,1,16,36,8,0,4,0,5,0,0,0,0,0,0
TAO_TRAIN_GT_CONTROLLED_HELDOUT,representation_heldout,A0_RAW,B0_frame_snapshot_vote,,seed1029,16,1.0,0,16,39,11,0,2,0,6,0,0,0,0,1,0
TAO_TRAIN_GT_CONTROLLED_HELDOUT,representation_heldout,A0_RAW,B1_track_nearest,,main,1,1.0,0,16,11,5,0,8,0,1,0,0,0,0,0,0
TAO_TRAIN_GT_CONTROLLED_HELDOUT,representation_heldout,A0_RAW,B1_track_nearest,,main,2,1.0,0,16,19,8,0,8,0,1,0,0,0,0,0,0
TAO_TRAIN_GT_CONTROLLED_HELDOUT,representation_heldout,A0_RAW,B1_track_nearest,,main,4,1.0,0,16,28,7,0,8,0,1,0,0,0,0,0,0
TAO_TRAIN_GT_CONTROLLED_HELDOUT,representation_heldout,A0_RAW,B1_track_nearest,,main,8,1.0,0,16,37,11,0,7,0,2,0,0,0,0,0,0
TAO_TRAIN_GT_CONTROLLED_HELDOUT,representation_heldout,A0_RAW,B1_track_nearest,,main,16,1.0,0,16,31,10,0,6,0,2,1,0,0,0,0,0
TAO_TRAIN_GT_CONTROLLED_HELDOUT,representation_heldout,A0_RAW,B1_track_nearest,,seed1027,1,1.0,0,16,11,5,0,4,0,3,0,0,0,0,0,0
TAO_TRAIN_GT_CONTROLLED_HELDOUT,representation_heldout,A0_RAW,B1_track_nearest,,seed1027,2,1.0,0,16,23,8,0,4,0,3,0,0,0,0,0,0
TAO_TRAIN_GT_CONTROLLED_HELDOUT,representation_heldout,A0_RAW,B1_track_nearest,,seed1027,4,1.0,0,16,27,7,0,4,0,3,0,0,0,0,0,0
TAO_TRAIN_GT_CONTROLLED_HELDOUT,representation_heldout,A0_RAW,B1_track_nearest,,seed1027,8,1.0,0,16,42,12,0,4,0,3,0,0,0,0,0,0
TAO_TRAIN_GT_CONTROLLED_HELDOUT,representation_heldout,A0_RAW,B1_track_nearest,,seed1027,16,1.0,0,16,31,10,0,3,0,4,0,0,0,0,0,0
TAO_TRAIN_GT_CONTROLLED_HELDOUT,representation_heldout,A0_RAW,B1_track_nearest,,seed1028,1,1.0,0,16,11,5,0,4,0,3,0,0,0,0,0,0
TAO_TRAIN_GT_CONTROLLED_HELDOUT,representation_heldout,A0_RAW,B1_track_nearest,,seed1028,2,1.0,0,16,21,9,0,4,0,3,0,0,0,0,0,0
TAO_TRAIN_GT_CONTROLLED_HELDOUT,representation_heldout,A0_RAW,B1_track_nearest,,seed1028,4,1.0,0,16,27,8,0,4,0,3,0,0,0,0,0,0
TAO_TRAIN_GT_CONTROLLED_HELDOUT,representation_heldout,A0_RAW,B1_track_nearest,,seed1028,8,1.0,0,16,33,11,0,4,0,3,0,0,0,0,0,0
TAO_TRAIN_GT_CONTROLLED_HELDOUT,representation_heldout,A0_RAW,B1_track_nearest,,seed1028,16,1.0,0,16,31,10,0,3,0,4,0,0,0,0,0,0
TAO_TRAIN_GT_CONTROLLED_HELDOUT,representation_heldout,A0_RAW,B1_track_nearest,,seed1029,1,1.0,0,16,11,5,0,8,0,1,0,0,0,0,0,0
TAO_TRAIN_GT_CONTROLLED_HELDOUT,representation_heldout,A0_RAW,B1_track_nearest,,seed1029,2,1.0,0,16,16,8,0,8,0,1,0,0,0,0,0,0
TAO_TRAIN_GT_CONTROLLED_HELDOUT,representation_heldout,A0_RAW,B1_track_nearest,,seed1029,4,1.0,0,16,27,8,0,8,0,1,0,0,0,0,0,0
TAO_TRAIN_GT_CONTROLLED_HELDOUT,representation_heldout,A0_RAW,B1_track_nearest,,seed1029,8,1.0,0,16,41,11,0,7,0,2,0,0,0,0,0,0
TAO_TRAIN_GT_CONTROLLED_HELDOUT,representation_heldout,A0_RAW,B1_track_nearest,,seed1029,16,1.0,0,16,31,10,0,6,0,2,1,0,0,0,0,0
TAO_TRAIN_GT_CONTROLLED_HELDOUT,representation_heldout,A0_RAW,B2_track_dpmeans,,main,1,1.0,0,16,3,3,0,9,0,0,0,0,0,0,0,0
TAO_TRAIN_GT_CONTROLLED_HELDOUT,representation_heldout,A0_RAW,B2_track_dpmeans,,main,2,1.0,0,16,3,3,0,9,0,0,0,0,0,0,0,0
TAO_TRAIN_GT_CONTROLLED_HELDOUT,representation_heldout,A0_RAW,B2_track_dpmeans,,main,4,1.0,1,16,5,4,0,9,0,0,0,0,0,0,0,0
TAO_TRAIN_GT_CONTROLLED_HELDOUT,representation_heldout,A0_RAW,B2_track_dpmeans,,main,8,1.0,0,16,5,3,0,9,0,0,0,0,0,0,0,0
TAO_TRAIN_GT_CONTROLLED_HELDOUT,representation_heldout,A0_RAW,B2_track_dpmeans,,main,16,1.0,0,16,7,3,0,8,0,0,1,0,0,0,0,0
TAO_TRAIN_GT_CONTROLLED_HELDOUT,representation_heldout,A0_RAW,B2_track_dpmeans,,seed1027,1,1.0,0,16,3,3,0,6,0,0,1,0,0,0,0,0
TAO_TRAIN_GT_CONTROLLED_HELDOUT,representation_heldout,A0_RAW,B2_track_dpmeans,,seed1027,2,1.0,0,16,3,3,0,6,0,0,1,0,0,0,0,0
TAO_TRAIN_GT_CONTROLLED_HELDOUT,representation_heldout,A0_RAW,B2_track_dpmeans,,seed1027,4,1.0,1,16,4,3,0,5,0,0,1,0,0,0,0,1
TAO_TRAIN_GT_CONTROLLED_HELDOUT,representation_heldout,A0_RAW,B2_track_dpmeans,,seed1027,8,1.0,0,16,5,3,0,6,0,0,1,0,0,0,0,0
TAO_TRAIN_GT_CONTROLLED_HELDOUT,representation_heldout,A0_RAW,B2_track_dpmeans,,seed1027,16,1.0,0,16,7,3,0,6,0,0,1,0,0,0,0,0
TAO_TRAIN_GT_CONTROLLED_HELDOUT,representation_heldout,A0_RAW,B2_track_dpmeans,,seed1028,1,1.0,0,16,3,3,0,6,0,0,1,0,0,0,0,0
TAO_TRAIN_GT_CONTROLLED_HELDOUT,representation_heldout,A0_RAW,B2_track_dpmeans,,seed1028,2,1.0,0,16,3,3,0,6,0,0,1,0,0,0,0,0
TAO_TRAIN_GT_CONTROLLED_HELDOUT,representation_heldout,A0_RAW,B2_track_dpmeans,,seed1028,4,1.0,1,16,5,4,0,6,0,0,1,0,0,0,0,0
TAO_TRAIN_GT_CONTROLLED_HELDOUT,representation_heldout,A0_RAW,B2_track_dpmeans,,seed1028,8,1.0,0,16,5,3,0,6,0,0,1,0,0,0,0,0
TAO_TRAIN_GT_CONTROLLED_HELDOUT,representation_heldout,A0_RAW,B2_track_dpmeans,,seed1028,16,1.0,0,16,7,3,0,6,0,0,1,0,0,0,0,0
TAO_TRAIN_GT_CONTROLLED_HELDOUT,representation_heldout,A0_RAW,B2_track_dpmeans,,seed1029,1,1.0,0,16,3,3,0,9,0,0,0,0,0,0,0,0
TAO_TRAIN_GT_CONTROLLED_HELDOUT,representation_heldout,A0_RAW,B2_track_dpmeans,,seed1029,2,1.0,0,16,3,3,0,9,0,0,0,0,0,0,0,0
TAO_TRAIN_GT_CONTROLLED_HELDOUT,representation_heldout,A0_RAW,B2_track_dpmeans,,seed1029,4,1.0,1,16,5,4,0,9,0,0,0,0,0,0,0,0
TAO_TRAIN_GT_CONTROLLED_HELDOUT,representation_heldout,A0_RAW,B2_track_dpmeans,,seed1029,8,1.0,0,16,5,3,0,9,0,0,0,0,0,0,0,0
TAO_TRAIN_GT_CONTROLLED_HELDOUT,representation_heldout,A0_RAW,B2_track_dpmeans,,seed1029,16,1.0,0,16,7,3,0,8,0,0,1,0,0,0,0,0
TAO_TRAIN_GT_CONTROLLED_HELDOUT,representation_heldout,A1_ADAPTER,B1_track_nearest,1027,main,1,1.0,0,16,26,11,1,4,0,2,0,0,0,0,2,0
TAO_TRAIN_GT_CONTROLLED_HELDOUT,representation_heldout,A1_ADAPTER,B1_track_nearest,1027,main,2,1.0,1,16,29,9,2,5,0,0,0,0,0,0,2,0
TAO_TRAIN_GT_CONTROLLED_HELDOUT,representation_heldout,A1_ADAPTER,B1_track_nearest,1027,main,4,1.0,0,16,37,8,0,6,0,0,1,0,0,0,2,0
TAO_TRAIN_GT_CONTROLLED_HELDOUT,representation_heldout,A1_ADAPTER,B1_track_nearest,1027,main,8,1.0,0,16,34,8,0,2,0,3,1,0,0,0,3,0
TAO_TRAIN_GT_CONTROLLED_HELDOUT,representation_heldout,A1_ADAPTER,B1_track_nearest,1027,main,16,1.0,2,16,40,9,4,1,0,0,1,0,0,0,3,0
TAO_TRAIN_GT_CONTROLLED_HELDOUT,representation_heldout,A1_ADAPTER,B1_track_nearest,1027,seed1027,1,1.0,0,16,28,9,0,4,0,3,0,0,0,0,0,0
TAO_TRAIN_GT_CONTROLLED_HELDOUT,representation_heldout,A1_ADAPTER,B1_track_nearest,1027,seed1027,2,1.0,1,16,20,8,0,2,0,3,0,0,0,0,1,1
TAO_TRAIN_GT_CONTROLLED_HELDOUT,representation_heldout,A1_ADAPTER,B1_track_nearest,1027,seed1027,4,1.0,0,16,38,9,2,3,0,2,0,0,0,0,0,0
TAO_TRAIN_GT_CONTROLLED_HELDOUT,representation_heldout,A1_ADAPTER,B1_track_nearest,1027,seed1027,8,1.0,0,16,42,8,2,2,0,2,0,0,0,0,1,0
TAO_TRAIN_GT_CONTROLLED_HELDOUT,representation_heldout,A1_ADAPTER,B1_track_nearest,1027,seed1027,16,1.0,2,16,35,8,2,1,0,2,0,0,0,0,0,2
TAO_TRAIN_GT_CONTROLLED_HELDOUT,representation_heldout,A1_ADAPTER,B1_track_nearest,1027,seed1028,1,1.0,0,16,24,9,1,3,0,3,0,0,0,0,0,0
TAO_TRAIN_GT_CONTROLLED_HELDOUT,representation_heldout,A1_ADAPTER,B1_track_nearest,1027,seed1028,2,1.0,0,16,36,9,1,2,0,3,0,0,0,0,1,0
TAO_TRAIN_GT_CONTROLLED_HELDOUT,representation_heldout,A1_ADAPTER,B1_track_nearest,1027,seed1028,4,1.0,0,16,33,8,0,3,0,3,0,0,0,0,1,0
TAO_TRAIN_GT_CONTROLLED_HELDOUT,representation_heldout,A1_ADAPTER,B1_track_nearest,1027,seed1028,8,1.0,0,16,33,8,1,2,0,2,0,0,0,0,2,0
TAO_TRAIN_GT_CONTROLLED_HELDOUT,representation_heldout,A1_ADAPTER,B1_track_nearest,1027,seed1028,16,1.0,2,16,32,9,1,1,0,2,0,0,0,0,2,1
TAO_TRAIN_GT_CONTROLLED_HELDOUT,representation_heldout,A1_ADAPTER,B1_track_nearest,1027,seed1029,1,1.0,0,16,33,11,2,6,0,0,0,0,0,0,1,0
TAO_TRAIN_GT_CONTROLLED_HELDOUT,representation_heldout,A1_ADAPTER,B1_track_nearest,1027,seed1029,2,1.0,1,16,31,8,3,5,0,0,0,0,0,0,1,0
TAO_TRAIN_GT_CONTROLLED_HELDOUT,representation_heldout,A1_ADAPTER,B1_track_nearest,1027,seed1029,4,1.0,0,16,30,7,1,7,0,0,1,0,0,0,0,0
TAO_TRAIN_GT_CONTROLLED_HELDOUT,representation_heldout,A1_ADAPTER,B1_track_nearest,1027,seed1029,8,1.0,0,16,30,9,1,4,0,2,1,0,0,0,1,0
TAO_TRAIN_GT_CONTROLLED_HELDOUT,representation_heldout,A1_ADAPTER,B1_track_nearest,1027,seed1029,16,1.0,2,16,34,11,5,2,0,0,0,0,0,0,2,0
TAO_TRAIN_GT_CONTROLLED_HELDOUT,representation_heldout,A1_ADAPTER,B1_track_nearest,1028,main,1,1.0,1,16,23,7,1,2,0,5,0,0,0,0,0,1
TAO_TRAIN_GT_CONTROLLED_HELDOUT,representation_heldout,A1_ADAPTER,B1_track_nearest,1028,main,2,1.0,2,16,22,6,4,0,0,2,0,0,0,0,1,2
TAO_TRAIN_GT_CONTROLLED_HELDOUT,representation_heldout,A1_ADAPTER,B1_track_nearest,1028,main,4,1.0,2,16,27,7,0,0,0,6,0,0,0,0,1,2
TAO_TRAIN_GT_CONTROLLED_HELDOUT,representation_heldout,A1_ADAPTER,B1_track_nearest,1028,main,8,1.0,4,16,27,9,1,0,0,5,0,0,0,0,0,3
TAO_TRAIN_GT_CONTROLLED_HELDOUT,representation_heldout,A1_ADAPTER,B1_track_nearest,1028,main,16,1.0,5,16,19,4,1,1,0,4,0,0,0,0,1,2
TAO_TRAIN_GT_CONTROLLED_HELDOUT,representation_heldout,A1_ADAPTER,B1_track_nearest,1028,seed1027,1,1.0,1,16,51,16,3,2,0,0,0,0,0,0,2,0
TAO_TRAIN_GT_CONTROLLED_HELDOUT,representation_heldout,A1_ADAPTER,B1_track_nearest,1028,seed1027,2,1.0,2,16,24,7,0,4,0,1,2,0,0,0,0,0
TAO_TRAIN_GT_CONTROLLED_HELDOUT,representation_heldout,A1_ADAPTER,B1_track_nearest,1028,seed1027,4,1.0,2,16,31,8,3,3,0,0,0,0,0,0,1,0
TAO_TRAIN_GT_CONTROLLED_HELDOUT,representation_heldout,A1_ADAPTER,B1_track_nearest,1028,seed1027,8,1.0,4,16,33,8,4,2,0,0,0,0,0,0,0,1
TAO_TRAIN_GT_CONTROLLED_HELDOUT,representation_heldout,A1_ADAPTER,B1_track_nearest,1028,seed1027,16,1.0,5,16,28,6,3,0,0,0,0,0,0,0,1,3
TAO_TRAIN_GT_CONTROLLED_HELDOUT,representation_heldout,A1_ADAPTER,B1_track_nearest,1028,seed1028,1,1.0,1,16,39,13,3,2,0,1,0,0,0,0,0,1
TAO_TRAIN_GT_CONTROLLED_HELDOUT,representation_heldout,A1_ADAPTER,B1_track_nearest,1028,seed1028,2,1.0,2,16,24,11,0,1,0,1,2,0,0,0,1,2
TAO_TRAIN_GT_CONTROLLED_HELDOUT,representation_heldout,A1_ADAPTER,B1_track_nearest,1028,seed1028,4,1.0,2,16,30,7,1,2,0,0,2,0,0,0,0,2
TAO_TRAIN_GT_CONTROLLED_HELDOUT,representation_heldout,A1_ADAPTER,B1_track_nearest,1028,seed1028,8,1.0,4,16,24,6,0,1,0,1,2,0,0,0,0,3
TAO_TRAIN_GT_CONTROLLED_HELDOUT,representation_heldout,A1_ADAPTER,B1_track_nearest,1028,seed1028,16,1.0,5,16,26,5,0,2,0,0,2,0,0,0,0,3
TAO_TRAIN_GT_CONTROLLED_HELDOUT,representation_heldout,A1_ADAPTER,B1_track_nearest,1028,seed1029,1,1.0,1,16,38,11,3,3,0,2,0,0,0,0,1,0
TAO_TRAIN_GT_CONTROLLED_HELDOUT,representation_heldout,A1_ADAPTER,B1_track_nearest,1028,seed1029,2,1.0,2,16,26,8,5,1,0,2,0,0,0,0,0,1
TAO_TRAIN_GT_CONTROLLED_HELDOUT,representation_heldout,A1_ADAPTER,B1_track_nearest,1028,seed1029,4,1.0,2,16,29,6,5,1,0,2,0,0,0,0,0,1
TAO_TRAIN_GT_CONTROLLED_HELDOUT,representation_heldout,A1_ADAPTER,B1_track_nearest,1028,seed1029,8,1.0,4,16,24,8,0,1,0,6,0,0,0,0,0,2
TAO_TRAIN_GT_CONTROLLED_HELDOUT,representation_heldout,A1_ADAPTER,B1_track_nearest,1028,seed1029,16,1.0,5,16,21,7,0,2,0,4,1,0,0,0,0,2
TAO_TRAIN_GT_CONTROLLED_HELDOUT,representation_heldout,A1_ADAPTER,B1_track_nearest,1029,main,1,1.0,2,16,28,13,4,1,0,3,0,0,0,0,1,0
TAO_TRAIN_GT_CONTROLLED_HELDOUT,representation_heldout,A1_ADAPTER,B1_track_nearest,1029,main,2,1.0,4,16,25,9,3,2,0,2,0,0,0,0,1,1
TAO_TRAIN_GT_CONTROLLED_HELDOUT,representation_heldout,A1_ADAPTER,B1_track_nearest,1029,main,4,1.0,3,16,19,8,3,2,0,3,0,0,0,0,1,0
TAO_TRAIN_GT_CONTROLLED_HELDOUT,representation_heldout,A1_ADAPTER,B1_track_nearest,1029,main,8,1.0,5,16,23,6,6,1,0,0,0,0,0,0,0,2
TAO_TRAIN_GT_CONTROLLED_HELDOUT,representation_heldout,A1_ADAPTER,B1_track_nearest,1029,main,16,1.0,6,16,24,5,6,0,0,0,0,0,0,0,0,3
TAO_TRAIN_GT_CONTROLLED_HELDOUT,representation_heldout,A1_ADAPTER,B1_track_nearest,1029,seed1027,1,1.0,3,16,34,11,5,0,0,0,0,0,0,0,0,2
TAO_TRAIN_GT_CONTROLLED_HELDOUT,representation_heldout,A1_ADAPTER,B1_track_nearest,1029,seed1027,2,1.0,3,16,25,10,3,0,0,1,0,0,0,0,1,2
TAO_TRAIN_GT_CONTROLLED_HELDOUT,representation_heldout,A1_ADAPTER,B1_track_nearest,1029,seed1027,4,1.0,3,16,18,6,3,1,0,1,0,0,0,0,0,2
TAO_TRAIN_GT_CONTROLLED_HELDOUT,representation_heldout,A1_ADAPTER,B1_track_nearest,1029,seed1027,8,1.0,5,16,19,5,3,0,0,1,0,0,0,0,1,2
TAO_TRAIN_GT_CONTROLLED_HELDOUT,representation_heldout,A1_ADAPTER,B1_track_nearest,1029,seed1027,16,1.0,7,16,14,4,0,0,0,4,0,0,0,0,0,3
TAO_TRAIN_GT_CONTROLLED_HELDOUT,representation_heldout,A1_ADAPTER,B1_track_nearest,1029,seed1028,1,1.0,2,16,34,12,4,1,0,0,0,0,0,0,1,1
TAO_TRAIN_GT_CONTROLLED_HELDOUT,representation_heldout,A1_ADAPTER,B1_track_nearest,1029,seed1028,2,1.0,3,16,24,8,3,1,0,1,0,0,0,0,1,1
TAO_TRAIN_GT_CONTROLLED_HELDOUT,representation_heldout,A1_ADAPTER,B1_track_nearest,1029,seed1028,4,1.0,1,16,29,7,1,1,0,3,0,0,0,0,1,1
TAO_TRAIN_GT_CONTROLLED_HELDOUT,representation_heldout,A1_ADAPTER,B1_track_nearest,1029,seed1028,8,1.0,3,16,16,5,0,1,0,4,0,0,0,0,0,2
TAO_TRAIN_GT_CONTROLLED_HELDOUT,representation_heldout,A1_ADAPTER,B1_track_nearest,1029,seed1028,16,1.0,6,16,21,4,3,0,0,0,0,0,0,0,0,4
TAO_TRAIN_GT_CONTROLLED_HELDOUT,representation_heldout,A1_ADAPTER,B1_track_nearest,1029,seed1029,1,1.0,2,16,32,13,4,2,0,2,0,0,0,0,1,0
TAO_TRAIN_GT_CONTROLLED_HELDOUT,representation_heldout,A1_ADAPTER,B1_track_nearest,1029,seed1029,2,1.0,4,16,28,8,4,3,0,0,0,0,0,0,1,1
TAO_TRAIN_GT_CONTROLLED_HELDOUT,representation_heldout,A1_ADAPTER,B1_track_nearest,1029,seed1029,4,1.0,2,16,20,5,2,3,0,4,0,0,0,0,0,0
TAO_TRAIN_GT_CONTROLLED_HELDOUT,representation_heldout,A1_ADAPTER,B1_track_nearest,1029,seed1029,8,1.0,5,16,19,4,4,2,0,2,0,0,0,0,0,1
TAO_TRAIN_GT_CONTROLLED_HELDOUT,representation_heldout,A1_ADAPTER,B1_track_nearest,1029,seed1029,16,1.0,7,16,23,4,6,0,0,0,0,0,0,0,0,3
TAO_TRAIN_GT_CONTROLLED_HELDOUT,representation_heldout,A1_GEOMETRY_1,B1_track_nearest,1027,main,1,1.0,1,16,56,16,4,0,0,2,0,0,0,0,3,0
TAO_TRAIN_GT_CONTROLLED_HELDOUT,representation_heldout,A1_GEOMETRY_1,B1_track_nearest,1027,main,2,1.0,1,16,43,12,4,1,0,2,0,0,0,0,2,0
TAO_TRAIN_GT_CONTROLLED_HELDOUT,representation_heldout,A1_GEOMETRY_1,B1_track_nearest,1027,main,4,1.0,1,16,45,13,4,1,0,1,0,0,0,0,3,0
TAO_TRAIN_GT_CONTROLLED_HELDOUT,representation_heldout,A1_GEOMETRY_1,B1_track_nearest,1027,main,8,1.0,2,16,46,9,4,1,0,2,0,0,0,0,1,1
TAO_TRAIN_GT_CONTROLLED_HELDOUT,representation_heldout,A1_GEOMETRY_1,B1_track_nearest,1027,main,16,1.0,3,16,38,8,4,1,0,0,1,0,0,0,2,1
TAO_TRAIN_GT_CONTROLLED_HELDOUT,representation_heldout,A1_GEOMETRY_1,B1_track_nearest,1027,seed1027,1,1.0,1,16,41,17,3,1,0,1,0,0,0,0,1,1
TAO_TRAIN_GT_CONTROLLED_HELDOUT,representation_heldout,A1_GEOMETRY_1,B1_track_nearest,1027,seed1027,2,1.0,1,16,41,13,3,1,0,1,0,0,0,0,1,1
TAO_TRAIN_GT_CONTROLLED_HELDOUT,representation_heldout,A1_GEOMETRY_1,B1_track_nearest,1027,seed1027,4,1.0,1,16,46,14,5,1,0,0,0,0,0,0,0,1
TAO_TRAIN_GT_CONTROLLED_HELDOUT,representation_heldout,A1_GEOMETRY_1,B1_track_nearest,1027,seed1027,8,1.0,2,16,39,8,5,0,0,1,0,0,0,0,0,1
TAO_TRAIN_GT_CONTROLLED_HELDOUT,representation_heldout,A1_GEOMETRY_1,B1_track_nearest,1027,seed1027,16,1.0,3,16,35,6,5,0,0,0,0,0,0,0,0,2
TAO_TRAIN_GT_CONTROLLED_HELDOUT,representation_heldout,A1_GEOMETRY_1,B1_track_nearest,1027,seed1028,1,1.0,0,16,52,18,4,1,0,0,0,0,0,0,2,0
TAO_TRAIN_GT_CONTROLLED_HELDOUT,representation_heldout,A1_GEOMETRY_1,B1_track_nearest,1027,seed1028,2,1.0,1,16,45,9,5,0,0,1,0,0,0,0,1,0
TAO_TRAIN_GT_CONTROLLED_HELDOUT,representation_heldout,A1_GEOMETRY_1,B1_track_nearest,1027,seed1028,4,1.0,0,16,57,9,4,2,0,0,0,0,0,0,1,0
TAO_TRAIN_GT_CONTROLLED_HELDOUT,representation_heldout,A1_GEOMETRY_1,B1_track_nearest,1027,seed1028,8,1.0,2,16,45,9,4,1,0,0,0,0,0,0,1,1
TAO_TRAIN_GT_CONTROLLED_HELDOUT,representation_heldout,A1_GEOMETRY_1,B1_track_nearest,1027,seed1028,16,1.0,3,16,42,9,3,0,0,2,0,0,0,0,1,1
TAO_TRAIN_GT_CONTROLLED_HELDOUT,representation_heldout,A1_GEOMETRY_1,B1_track_nearest,1027,seed1029,1,1.0,1,16,56,22,6,1,0,0,0,0,0,0,2,0
TAO_TRAIN_GT_CONTROLLED_HELDOUT,representation_heldout,A1_GEOMETRY_1,B1_track_nearest,1027,seed1029,2,1.0,1,16,51,12,4,2,0,0,1,0,0,0,2,0
TAO_TRAIN_GT_CONTROLLED_HELDOUT,representation_heldout,A1_GEOMETRY_1,B1_track_nearest,1027,seed1029,4,1.0,0,16,40,12,4,2,0,1,0,0,0,0,2,0
TAO_TRAIN_GT_CONTROLLED_HELDOUT,representation_heldout,A1_GEOMETRY_1,B1_track_nearest,1027,seed1029,8,1.0,2,16,44,10,7,1,0,0,0,0,0,0,0,1
TAO_TRAIN_GT_CONTROLLED_HELDOUT,representation_heldout,A1_GEOMETRY_1,B1_track_nearest,1027,seed1029,16,1.0,3,16,35,9,6,2,0,0,0,0,0,0,0,1
TAO_TRAIN_GT_CONTROLLED_HELDOUT,representation_heldout,A1_GEOMETRY_1,B1_track_nearest,1028,main,1,1.0,0,16,47,16,4,2,0,3,0,0,0,0,0,0
TAO_TRAIN_GT_CONTROLLED_HELDOUT,representation_heldout,A1_GEOMETRY_1,B1_track_nearest,1028,main,2,1.0,0,16,50,16,5,0,0,2,0,0,0,0,2,0
TAO_TRAIN_GT_CONTROLLED_HELDOUT,representation_heldout,A1_GEOMETRY_1,B1_track_nearest,1028,main,4,1.0,0,16,56,12,5,1,0,0,0,0,0,0,3,0
TAO_TRAIN_GT_CONTROLLED_HELDOUT,representation_heldout,A1_GEOMETRY_1,B1_track_nearest,1028,main,8,1.0,0,16,53,18,4,1,0,0,2,0,0,0,2,0
TAO_TRAIN_GT_CONTROLLED_HELDOUT,representation_heldout,A1_GEOMETRY_1,B1_track_nearest,1028,main,16,1.0,0,16,48,14,6,0,0,2,0,0,0,0,1,0
TAO_TRAIN_GT_CONTROLLED_HELDOUT,representation_heldout,A1_GEOMETRY_1,B1_track_nearest,1028,seed1027,1,1.0,0,16,60,20,3,1,0,0,0,0,0,0,3,0
TAO_TRAIN_GT_CONTROLLED_HELDOUT,representation_heldout,A1_GEOMETRY_1,B1_track_nearest,1028,seed1027,2,1.0,0,16,54,16,4,1,0,0,0,0,0,0,2,0
TAO_TRAIN_GT_CONTROLLED_HELDOUT,representation_heldout,A1_GEOMETRY_1,B1_track_nearest,1028,seed1027,4,1.0,0,16,58,14,4,0,0,0,0,0,0,0,3,0
TAO_TRAIN_GT_CONTROLLED_HELDOUT,representation_heldout,A1_GEOMETRY_1,B1_track_nearest,1028,seed1027,8,1.0,0,16,53,16,3,2,0,1,0,0,0,0,1,0
TAO_TRAIN_GT_CONTROLLED_HELDOUT,representation_heldout,A1_GEOMETRY_1,B1_track_nearest,1028,seed1027,16,1.0,0,16,60,15,4,3,0,0,0,0,0,0,0,0
TAO_TRAIN_GT_CONTROLLED_HELDOUT,representation_heldout,A1_GEOMETRY_1,B1_track_nearest,1028,seed1028,1,1.0,0,16,55,16,5,1,0,0,0,0,0,0,1,0
TAO_TRAIN_GT_CONTROLLED_HELDOUT,representation_heldout,A1_GEOMETRY_1,B1_track_nearest,1028,seed1028,2,1.0,0,16,47,16,4,1,0,0,0,0,0,0,2,0
TAO_TRAIN_GT_CONTROLLED_HELDOUT,representation_heldout,A1_GEOMETRY_1,B1_track_nearest,1028,seed1028,4,1.0,0,16,48,15,1,3,0,0,2,0,0,0,1,0
TAO_TRAIN_GT_CONTROLLED_HELDOUT,representation_heldout,A1_GEOMETRY_1,B1_track_nearest,1028,seed1028,8,1.0,0,16,44,14,4,0,0,1,0,0,0,0,2,0
TAO_TRAIN_GT_CONTROLLED_HELDOUT,representation_heldout,A1_GEOMETRY_1,B1_track_nearest,1028,seed1028,16,1.0,0,16,42,10,4,1,0,1,0,0,0,0,1,0
TAO_TRAIN_GT_CONTROLLED_HELDOUT,representation_heldout,A1_GEOMETRY_1,B1_track_nearest,1028,seed1029,1,1.0,0,16,58,22,5,2,0,0,0,0,0,0,2,0
TAO_TRAIN_GT_CONTROLLED_HELDOUT,representation_heldout,A1_GEOMETRY_1,B1_track_nearest,1028,seed1029,2,1.0,0,16,50,14,7,1,0,0,0,0,0,0,1,0
TAO_TRAIN_GT_CONTROLLED_HELDOUT,representation_heldout,A1_GEOMETRY_1,B1_track_nearest,1028,seed1029,4,1.0,0,16,57,13,6,2,0,0,0,0,0,0,1,0
TAO_TRAIN_GT_CONTROLLED_HELDOUT,representation_heldout,A1_GEOMETRY_1,B1_track_nearest,1028,seed1029,8,1.0,0,16,60,16,8,1,0,0,0,0,0,0,0,0
TAO_TRAIN_GT_CONTROLLED_HELDOUT,representation_heldout,A1_GEOMETRY_1,B1_track_nearest,1028,seed1029,16,1.0,0,16,50,15,8,1,0,0,0,0,0,0,0,0
TAO_TRAIN_GT_CONTROLLED_HELDOUT,representation_heldout,A1_GEOMETRY_1,B1_track_nearest,1029,main,1,1.0,1,16,17,7,0,8,0,1,0,0,0,0,0,0
TAO_TRAIN_GT_CONTROLLED_HELDOUT,representation_heldout,A1_GEOMETRY_1,B1_track_nearest,1029,main,2,1.0,1,16,19,6,0,7,0,1,0,0,0,0,1,0
TAO_TRAIN_GT_CONTROLLED_HELDOUT,representation_heldout,A1_GEOMETRY_1,B1_track_nearest,1029,main,4,1.0,0,16,17,7,0,7,0,1,0,0,0,0,1,0
TAO_TRAIN_GT_CONTROLLED_HELDOUT,representation_heldout,A1_GEOMETRY_1,B1_track_nearest,1029,main,8,1.0,2,16,17,6,0,5,0,0,2,0,0,0,1,1
TAO_TRAIN_GT_CONTROLLED_HELDOUT,representation_heldout,A1_GEOMETRY_1,B1_track_nearest,1029,main,16,1.0,2,16,22,6,0,5,0,2,1,0,0,0,1,0
TAO_TRAIN_GT_CONTROLLED_HELDOUT,representation_heldout,A1_GEOMETRY_1,B1_track_nearest,1029,seed1027,1,1.0,1,16,19,7,0,3,0,3,0,0,0,0,0,1
TAO_TRAIN_GT_CONTROLLED_HELDOUT,representation_heldout,A1_GEOMETRY_1,B1_track_nearest,1029,seed1027,2,1.0,1,16,16,7,0,4,0,2,0,0,0,0,0,1
TAO_TRAIN_GT_CONTROLLED_HELDOUT,representation_heldout,A1_GEOMETRY_1,B1_track_nearest,1029,seed1027,4,1.0,0,16,20,9,0,5,0,0,2,0,0,0,0,0
TAO_TRAIN_GT_CONTROLLED_HELDOUT,representation_heldout,A1_GEOMETRY_1,B1_track_nearest,1029,seed1027,8,1.0,2,16,19,6,0,4,0,2,0,0,0,0,0,1
TAO_TRAIN_GT_CONTROLLED_HELDOUT,representation_heldout,A1_GEOMETRY_1,B1_track_nearest,1029,seed1027,16,1.0,2,16,17,5,0,3,0,2,0,0,0,0,0,2
TAO_TRAIN_GT_CONTROLLED_HELDOUT,representation_heldout,A1_GEOMETRY_1,B1_track_nearest,1029,seed1028,1,1.0,1,16,17,6,0,3,0,3,0,0,0,0,0,1
TAO_TRAIN_GT_CONTROLLED_HELDOUT,representation_heldout,A1_GEOMETRY_1,B1_track_nearest,1029,seed1028,2,1.0,0,16,21,6,0,4,0,2,0,0,0,0,1,0
TAO_TRAIN_GT_CONTROLLED_HELDOUT,representation_heldout,A1_GEOMETRY_1,B1_track_nearest,1029,seed1028,4,1.0,0,16,21,9,0,4,0,0,2,0,0,0,1,0
TAO_TRAIN_GT_CONTROLLED_HELDOUT,representation_heldout,A1_GEOMETRY_1,B1_track_nearest,1029,seed1028,8,1.0,2,16,18,6,0,3,0,2,0,0,0,0,1,1
TAO_TRAIN_GT_CONTROLLED_HELDOUT,representation_heldout,A1_GEOMETRY_1,B1_track_nearest,1029,seed1028,16,1.0,2,16,11,5,0,3,0,2,0,0,0,0,1,1
TAO_TRAIN_GT_CONTROLLED_HELDOUT,representation_heldout,A1_GEOMETRY_1,B1_track_nearest,1029,seed1029,1,1.0,1,16,12,7,0,8,0,1,0,0,0,0,0,0
TAO_TRAIN_GT_CONTROLLED_HELDOUT,representation_heldout,A1_GEOMETRY_1,B1_track_nearest,1029,seed1029,2,1.0,0,16,20,6,0,8,0,1,0,0,0,0,0,0
TAO_TRAIN_GT_CONTROLLED_HELDOUT,representation_heldout,A1_GEOMETRY_1,B1_track_nearest,1029,seed1029,4,1.0,0,16,15,6,0,8,0,1,0,0,0,0,0,0
TAO_TRAIN_GT_CONTROLLED_HELDOUT,representation_heldout,A1_GEOMETRY_1,B1_track_nearest,1029,seed1029,8,1.0,2,16,18,7,0,6,0,0,2,0,0,0,0,1
TAO_TRAIN_GT_CONTROLLED_HELDOUT,representation_heldout,A1_GEOMETRY_1,B1_track_nearest,1029,seed1029,16,1.0,2,16,16,6,0,5,0,2,1,0,0,0,0,1
TAO_TRAIN_GT_CONTROLLED_HELDOUT,representation_heldout,A1_GEOMETRY_5,B1_track_nearest,1027,main,1,1.0,0,16,8,2,0,8,0,1,0,0,0,0,0,0
TAO_TRAIN_GT_CONTROLLED_HELDOUT,representation_heldout,A1_GEOMETRY_5,B1_track_nearest,1027,main,2,1.0,0,16,8,2,0,8,0,0,1,0,0,0,0,0
TAO_TRAIN_GT_CONTROLLED_HELDOUT,representation_heldout,A1_GEOMETRY_5,B1_track_nearest,1027,main,4,1.0,0,16,14,7,0,7,0,0,1,0,0,0,1,0
TAO_TRAIN_GT_CONTROLLED_HELDOUT,representation_heldout,A1_GEOMETRY_5,B1_track_nearest,1027,main,8,1.0,0,16,13,7,0,6,0,2,0,0,0,0,1,0
TAO_TRAIN_GT_CONTROLLED_HELDOUT,representation_heldout,A1_GEOMETRY_5,B1_track_nearest,1027,main,16,1.0,2,16,10,6,0,6,0,2,0,0,0,0,0,1
TAO_TRAIN_GT_CONTROLLED_HELDOUT,representation_heldout,A1_GEOMETRY_5,B1_track_nearest,1027,seed1027,1,1.0,0,16,8,3,0,5,0,1,1,0,0,0,0,0
TAO_TRAIN_GT_CONTROLLED_HELDOUT,representation_heldout,A1_GEOMETRY_5,B1_track_nearest,1027,seed1027,2,1.0,0,16,11,3,0,6,0,0,1,0,0,0,0,0
TAO_TRAIN_GT_CONTROLLED_HELDOUT,representation_heldout,A1_GEOMETRY_5,B1_track_nearest,1027,seed1027,4,1.0,0,16,22,8,0,5,0,0,2,0,0,0,0,0
TAO_TRAIN_GT_CONTROLLED_HELDOUT,representation_heldout,A1_GEOMETRY_5,B1_track_nearest,1027,seed1027,8,1.0,0,16,24,8,0,5,0,0,2,0,0,0,0,0
TAO_TRAIN_GT_CONTROLLED_HELDOUT,representation_heldout,A1_GEOMETRY_5,B1_track_nearest,1027,seed1027,16,1.0,2,16,22,6,0,3,0,1,1,0,0,0,1,1
TAO_TRAIN_GT_CONTROLLED_HELDOUT,representation_heldout,A1_GEOMETRY_5,B1_track_nearest,1027,seed1028,1,1.0,0,16,8,3,0,5,0,1,1,0,0,0,0,0
TAO_TRAIN_GT_CONTROLLED_HELDOUT,representation_heldout,A1_GEOMETRY_5,B1_track_nearest,1027,seed1028,2,1.0,0,16,8,2,0,6,0,0,1,0,0,0,0,0
TAO_TRAIN_GT_CONTROLLED_HELDOUT,representation_heldout,A1_GEOMETRY_5,B1_track_nearest,1027,seed1028,4,1.0,0,16,14,7,0,4,0,0,2,0,0,0,1,0
TAO_TRAIN_GT_CONTROLLED_HELDOUT,representation_heldout,A1_GEOMETRY_5,B1_track_nearest,1027,seed1028,8,1.0,0,16,13,6,0,4,0,0,2,0,0,0,1,0
TAO_TRAIN_GT_CONTROLLED_HELDOUT,representation_heldout,A1_GEOMETRY_5,B1_track_nearest,1027,seed1028,16,1.0,3,16,12,4,0,3,0,1,1,0,0,0,0,2
TAO_TRAIN_GT_CONTROLLED_HELDOUT,representation_heldout,A1_GEOMETRY_5,B1_track_nearest,1027,seed1029,1,1.0,0,16,8,2,0,8,0,1,0,0,0,0,0,0
TAO_TRAIN_GT_CONTROLLED_HELDOUT,representation_heldout,A1_GEOMETRY_5,B1_track_nearest,1027,seed1029,2,1.0,0,16,9,3,0,8,0,0,1,0,0,0,0,0
TAO_TRAIN_GT_CONTROLLED_HELDOUT,representation_heldout,A1_GEOMETRY_5,B1_track_nearest,1027,seed1029,4,1.0,0,16,14,8,0,8,0,0,1,0,0,0,0,0
TAO_TRAIN_GT_CONTROLLED_HELDOUT,representation_heldout,A1_GEOMETRY_5,B1_track_nearest,1027,seed1029,8,1.0,0,16,14,7,0,7,0,2,0,0,0,0,0,0
TAO_TRAIN_GT_CONTROLLED_HELDOUT,representation_heldout,A1_GEOMETRY_5,B1_track_nearest,1027,seed1029,16,1.0,3,16,11,6,0,6,0,2,0,0,0,0,0,1
TAO_TRAIN_GT_CONTROLLED_HELDOUT,representation_heldout,A1_GEOMETRY_5,B1_track_nearest,1028,main,1,1.0,0,16,49,21,5,2,0,0,0,0,0,0,2,0
TAO_TRAIN_GT_CONTROLLED_HELDOUT,representation_heldout,A1_GEOMETRY_5,B1_track_nearest,1028,main,2,1.0,0,16,52,16,3,2,0,2,0,0,0,0,2,0
TAO_TRAIN_GT_CONTROLLED_HELDOUT,representation_heldout,A1_GEOMETRY_5,B1_track_nearest,1028,main,4,1.0,0,16,42,14,3,2,0,2,1,0,0,0,1,0
TAO_TRAIN_GT_CONTROLLED_HELDOUT,representation_heldout,A1_GEOMETRY_5,B1_track_nearest,1028,main,8,1.0,0,16,40,16,2,1,0,2,1,0,0,0,3,0
TAO_TRAIN_GT_CONTROLLED_HELDOUT,representation_heldout,A1_GEOMETRY_5,B1_track_nearest,1028,main,16,1.0,0,16,42,13,5,0,0,2,0,0,0,0,2,0
TAO_TRAIN_GT_CONTROLLED_HELDOUT,representation_heldout,A1_GEOMETRY_5,B1_track_nearest,1028,seed1027,1,1.0,0,16,61,20,4,2,0,0,0,0,0,0,1,0
TAO_TRAIN_GT_CONTROLLED_HELDOUT,representation_heldout,A1_GEOMETRY_5,B1_track_nearest,1028,seed1027,2,1.0,0,16,52,15,3,1,0,0,0,0,0,0,3,0
TAO_TRAIN_GT_CONTROLLED_HELDOUT,representation_heldout,A1_GEOMETRY_5,B1_track_nearest,1028,seed1027,4,1.0,0,16,58,16,3,0,0,0,0,0,0,0,4,0
TAO_TRAIN_GT_CONTROLLED_HELDOUT,representation_heldout,A1_GEOMETRY_5,B1_track_nearest,1028,seed1027,8,1.0,0,16,49,15,4,1,0,1,0,0,0,0,1,0
TAO_TRAIN_GT_CONTROLLED_HELDOUT,representation_heldout,A1_GEOMETRY_5,B1_track_nearest,1028,seed1027,16,1.0,0,16,54,15,4,3,0,0,0,0,0,0,0,0
TAO_TRAIN_GT_CONTROLLED_HELDOUT,representation_heldout,A1_GEOMETRY_5,B1_track_nearest,1028,seed1028,1,1.0,0,16,51,17,4,0,0,0,0,0,0,0,3,0
TAO_TRAIN_GT_CONTROLLED_HELDOUT,representation_heldout,A1_GEOMETRY_5,B1_track_nearest,1028,seed1028,2,1.0,0,16,46,18,4,1,0,0,0,0,0,0,2,0
TAO_TRAIN_GT_CONTROLLED_HELDOUT,representation_heldout,A1_GEOMETRY_5,B1_track_nearest,1028,seed1028,4,1.0,0,16,46,14,1,3,0,0,2,0,0,0,1,0
TAO_TRAIN_GT_CONTROLLED_HELDOUT,representation_heldout,A1_GEOMETRY_5,B1_track_nearest,1028,seed1028,8,1.0,0,16,44,13,4,0,0,1,0,0,0,0,2,0
TAO_TRAIN_GT_CONTROLLED_HELDOUT,representation_heldout,A1_GEOMETRY_5,B1_track_nearest,1028,seed1028,16,1.0,0,16,50,13,4,1,0,0,0,0,0,0,2,0
TAO_TRAIN_GT_CONTROLLED_HELDOUT,representation_heldout,A1_GEOMETRY_5,B1_track_nearest,1028,seed1029,1,1.0,0,16,54,22,5,3,0,0,0,0,0,0,1,0
TAO_TRAIN_GT_CONTROLLED_HELDOUT,representation_heldout,A1_GEOMETRY_5,B1_track_nearest,1028,seed1029,2,1.0,0,16,47,15,5,3,0,0,0,0,0,0,1,0
TAO_TRAIN_GT_CONTROLLED_HELDOUT,representation_heldout,A1_GEOMETRY_5,B1_track_nearest,1028,seed1029,4,1.0,0,16,56,12,7,0,0,1,0,0,0,0,1,0
TAO_TRAIN_GT_CONTROLLED_HELDOUT,representation_heldout,A1_GEOMETRY_5,B1_track_nearest,1028,seed1029,8,1.0,0,16,54,15,8,1,0,0,0,0,0,0,0,0
TAO_TRAIN_GT_CONTROLLED_HELDOUT,representation_heldout,A1_GEOMETRY_5,B1_track_nearest,1028,seed1029,16,1.0,0,16,50,13,8,1,0,0,0,0,0,0,0,0
TAO_TRAIN_GT_CONTROLLED_HELDOUT,representation_heldout,A1_GEOMETRY_5,B1_track_nearest,1029,main,1,1.0,0,16,17,6,0,9,0,0,0,0,0,0,0,0
TAO_TRAIN_GT_CONTROLLED_HELDOUT,representation_heldout,A1_GEOMETRY_5,B1_track_nearest,1029,main,2,1.0,0,16,18,5,0,7,0,1,0,0,0,0,1,0
TAO_TRAIN_GT_CONTROLLED_HELDOUT,representation_heldout,A1_GEOMETRY_5,B1_track_nearest,1029,main,4,1.0,0,16,17,7,0,7,0,1,0,0,0,0,1,0
TAO_TRAIN_GT_CONTROLLED_HELDOUT,representation_heldout,A1_GEOMETRY_5,B1_track_nearest,1029,main,8,1.0,0,16,19,6,0,6,0,0,2,0,0,0,1,0
TAO_TRAIN_GT_CONTROLLED_HELDOUT,representation_heldout,A1_GEOMETRY_5,B1_track_nearest,1029,main,16,1.0,2,16,11,4,0,5,0,2,1,0,0,0,1,0
TAO_TRAIN_GT_CONTROLLED_HELDOUT,representation_heldout,A1_GEOMETRY_5,B1_track_nearest,1029,seed1027,1,1.0,0,16,15,5,0,6,0,0,1,0,0,0,0,0
TAO_TRAIN_GT_CONTROLLED_HELDOUT,representation_heldout,A1_GEOMETRY_5,B1_track_nearest,1029,seed1027,2,1.0,0,16,16,6,0,5,0,2,0,0,0,0,0,0
TAO_TRAIN_GT_CONTROLLED_HELDOUT,representation_heldout,A1_GEOMETRY_5,B1_track_nearest,1029,seed1027,4,1.0,0,16,19,7,0,5,0,0,2,0,0,0,0,0
TAO_TRAIN_GT_CONTROLLED_HELDOUT,representation_heldout,A1_GEOMETRY_5,B1_track_nearest,1029,seed1027,8,1.0,0,16,18,6,0,5,0,2,0,0,0,0,0,0
TAO_TRAIN_GT_CONTROLLED_HELDOUT,representation_heldout,A1_GEOMETRY_5,B1_track_nearest,1029,seed1027,16,1.0,2,16,13,4,0,3,0,2,0,0,0,0,0,2
TAO_TRAIN_GT_CONTROLLED_HELDOUT,representation_heldout,A1_GEOMETRY_5,B1_track_nearest,1029,seed1028,1,1.0,0,16,17,5,0,6,0,0,1,0,0,0,0,0
TAO_TRAIN_GT_CONTROLLED_HELDOUT,representation_heldout,A1_GEOMETRY_5,B1_track_nearest,1029,seed1028,2,1.0,0,16,14,5,0,4,0,2,0,0,0,0,1,0
TAO_TRAIN_GT_CONTROLLED_HELDOUT,representation_heldout,A1_GEOMETRY_5,B1_track_nearest,1029,seed1028,4,1.0,0,16,19,7,0,4,0,0,2,0,0,0,1,0
TAO_TRAIN_GT_CONTROLLED_HELDOUT,representation_heldout,A1_GEOMETRY_5,B1_track_nearest,1029,seed1028,8,1.0,0,16,17,6,0,4,0,2,0,0,0,0,1,0
TAO_TRAIN_GT_CONTROLLED_HELDOUT,representation_heldout,A1_GEOMETRY_5,B1_track_nearest,1029,seed1028,16,1.0,2,16,11,4,0,3,0,2,0,0,0,0,1,1
TAO_TRAIN_GT_CONTROLLED_HELDOUT,representation_heldout,A1_GEOMETRY_5,B1_track_nearest,1029,seed1029,1,1.0,0,16,14,5,0,9,0,0,0,0,0,0,0,0
TAO_TRAIN_GT_CONTROLLED_HELDOUT,representation_heldout,A1_GEOMETRY_5,B1_track_nearest,1029,seed1029,2,1.0,0,16,14,6,0,8,0,1,0,0,0,0,0,0
TAO_TRAIN_GT_CONTROLLED_HELDOUT,representation_heldout,A1_GEOMETRY_5,B1_track_nearest,1029,seed1029,4,1.0,0,16,17,6,0,8,0,1,0,0,0,0,0,0
TAO_TRAIN_GT_CONTROLLED_HELDOUT,representation_heldout,A1_GEOMETRY_5,B1_track_nearest,1029,seed1029,8,1.0,0,16,22,6,0,7,0,0,2,0,0,0,0,0
TAO_TRAIN_GT_CONTROLLED_HELDOUT,representation_heldout,A1_GEOMETRY_5,B1_track_nearest,1029,seed1029,16,1.0,2,16,14,4,0,5,0,2,1,0,0,0,0,1
TAO_TRAIN_GT_CONTROLLED_HELDOUT,representation_heldout,A1_SELECTED,B1_track_nearest,1027,main,1,1.0,0,16,26,11,1,4,0,2,0,0,0,0,2,0
TAO_TRAIN_GT_CONTROLLED_HELDOUT,representation_heldout,A1_SELECTED,B1_track_nearest,1027,main,2,1.0,1,16,29,9,2,5,0,0,0,0,0,0,2,0
TAO_TRAIN_GT_CONTROLLED_HELDOUT,representation_heldout,A1_SELECTED,B1_track_nearest,1027,main,4,1.0,0,16,37,8,0,6,0,0,1,0,0,0,2,0
TAO_TRAIN_GT_CONTROLLED_HELDOUT,representation_heldout,A1_SELECTED,B1_track_nearest,1027,main,8,1.0,0,16,34,8,0,2,0,3,1,0,0,0,3,0
TAO_TRAIN_GT_CONTROLLED_HELDOUT,representation_heldout,A1_SELECTED,B1_track_nearest,1027,main,16,1.0,2,16,40,9,4,1,0,0,1,0,0,0,3,0
TAO_TRAIN_GT_CONTROLLED_HELDOUT,representation_heldout,A1_SELECTED,B1_track_nearest,1027,seed1027,1,1.0,0,16,28,9,0,4,0,3,0,0,0,0,0,0
TAO_TRAIN_GT_CONTROLLED_HELDOUT,representation_heldout,A1_SELECTED,B1_track_nearest,1027,seed1027,2,1.0,1,16,20,8,0,2,0,3,0,0,0,0,1,1
TAO_TRAIN_GT_CONTROLLED_HELDOUT,representation_heldout,A1_SELECTED,B1_track_nearest,1027,seed1027,4,1.0,0,16,38,9,2,3,0,2,0,0,0,0,0,0
TAO_TRAIN_GT_CONTROLLED_HELDOUT,representation_heldout,A1_SELECTED,B1_track_nearest,1027,seed1027,8,1.0,0,16,42,8,2,2,0,2,0,0,0,0,1,0
TAO_TRAIN_GT_CONTROLLED_HELDOUT,representation_heldout,A1_SELECTED,B1_track_nearest,1027,seed1027,16,1.0,2,16,35,8,2,1,0,2,0,0,0,0,0,2
TAO_TRAIN_GT_CONTROLLED_HELDOUT,representation_heldout,A1_SELECTED,B1_track_nearest,1027,seed1028,1,1.0,0,16,24,9,1,3,0,3,0,0,0,0,0,0
TAO_TRAIN_GT_CONTROLLED_HELDOUT,representation_heldout,A1_SELECTED,B1_track_nearest,1027,seed1028,2,1.0,0,16,36,9,1,2,0,3,0,0,0,0,1,0
TAO_TRAIN_GT_CONTROLLED_HELDOUT,representation_heldout,A1_SELECTED,B1_track_nearest,1027,seed1028,4,1.0,0,16,33,8,0,3,0,3,0,0,0,0,1,0
TAO_TRAIN_GT_CONTROLLED_HELDOUT,representation_heldout,A1_SELECTED,B1_track_nearest,1027,seed1028,8,1.0,0,16,33,8,1,2,0,2,0,0,0,0,2,0
TAO_TRAIN_GT_CONTROLLED_HELDOUT,representation_heldout,A1_SELECTED,B1_track_nearest,1027,seed1028,16,1.0,2,16,32,9,1,1,0,2,0,0,0,0,2,1
TAO_TRAIN_GT_CONTROLLED_HELDOUT,representation_heldout,A1_SELECTED,B1_track_nearest,1027,seed1029,1,1.0,0,16,33,11,2,6,0,0,0,0,0,0,1,0
TAO_TRAIN_GT_CONTROLLED_HELDOUT,representation_heldout,A1_SELECTED,B1_track_nearest,1027,seed1029,2,1.0,1,16,31,8,3,5,0,0,0,0,0,0,1,0
TAO_TRAIN_GT_CONTROLLED_HELDOUT,representation_heldout,A1_SELECTED,B1_track_nearest,1027,seed1029,4,1.0,0,16,30,7,1,7,0,0,1,0,0,0,0,0
TAO_TRAIN_GT_CONTROLLED_HELDOUT,representation_heldout,A1_SELECTED,B1_track_nearest,1027,seed1029,8,1.0,0,16,30,9,1,4,0,2,1,0,0,0,1,0
TAO_TRAIN_GT_CONTROLLED_HELDOUT,representation_heldout,A1_SELECTED,B1_track_nearest,1027,seed1029,16,1.0,2,16,34,11,5,2,0,0,0,0,0,0,2,0
TAO_TRAIN_GT_CONTROLLED_HELDOUT,representation_heldout,A1_SELECTED,B1_track_nearest,1028,main,1,1.0,1,16,23,7,1,2,0,5,0,0,0,0,0,1
TAO_TRAIN_GT_CONTROLLED_HELDOUT,representation_heldout,A1_SELECTED,B1_track_nearest,1028,main,2,1.0,2,16,22,6,4,0,0,2,0,0,0,0,1,2
TAO_TRAIN_GT_CONTROLLED_HELDOUT,representation_heldout,A1_SELECTED,B1_track_nearest,1028,main,4,1.0,2,16,27,7,0,0,0,6,0,0,0,0,1,2
TAO_TRAIN_GT_CONTROLLED_HELDOUT,representation_heldout,A1_SELECTED,B1_track_nearest,1028,main,8,1.0,4,16,27,9,1,0,0,5,0,0,0,0,0,3
TAO_TRAIN_GT_CONTROLLED_HELDOUT,representation_heldout,A1_SELECTED,B1_track_nearest,1028,main,16,1.0,5,16,19,4,1,1,0,4,0,0,0,0,1,2
TAO_TRAIN_GT_CONTROLLED_HELDOUT,representation_heldout,A1_SELECTED,B1_track_nearest,1028,seed1027,1,1.0,1,16,51,16,3,2,0,0,0,0,0,0,2,0
TAO_TRAIN_GT_CONTROLLED_HELDOUT,representation_heldout,A1_SELECTED,B1_track_nearest,1028,seed1027,2,1.0,2,16,24,7,0,4,0,1,2,0,0,0,0,0
TAO_TRAIN_GT_CONTROLLED_HELDOUT,representation_heldout,A1_SELECTED,B1_track_nearest,1028,seed1027,4,1.0,2,16,31,8,3,3,0,0,0,0,0,0,1,0
TAO_TRAIN_GT_CONTROLLED_HELDOUT,representation_heldout,A1_SELECTED,B1_track_nearest,1028,seed1027,8,1.0,4,16,33,8,4,2,0,0,0,0,0,0,0,1
TAO_TRAIN_GT_CONTROLLED_HELDOUT,representation_heldout,A1_SELECTED,B1_track_nearest,1028,seed1027,16,1.0,5,16,28,6,3,0,0,0,0,0,0,0,1,3
TAO_TRAIN_GT_CONTROLLED_HELDOUT,representation_heldout,A1_SELECTED,B1_track_nearest,1028,seed1028,1,1.0,1,16,39,13,3,2,0,1,0,0,0,0,0,1
TAO_TRAIN_GT_CONTROLLED_HELDOUT,representation_heldout,A1_SELECTED,B1_track_nearest,1028,seed1028,2,1.0,2,16,24,11,0,1,0,1,2,0,0,0,1,2
TAO_TRAIN_GT_CONTROLLED_HELDOUT,representation_heldout,A1_SELECTED,B1_track_nearest,1028,seed1028,4,1.0,2,16,30,7,1,2,0,0,2,0,0,0,0,2
TAO_TRAIN_GT_CONTROLLED_HELDOUT,representation_heldout,A1_SELECTED,B1_track_nearest,1028,seed1028,8,1.0,4,16,24,6,0,1,0,1,2,0,0,0,0,3
TAO_TRAIN_GT_CONTROLLED_HELDOUT,representation_heldout,A1_SELECTED,B1_track_nearest,1028,seed1028,16,1.0,5,16,26,5,0,2,0,0,2,0,0,0,0,3
TAO_TRAIN_GT_CONTROLLED_HELDOUT,representation_heldout,A1_SELECTED,B1_track_nearest,1028,seed1029,1,1.0,1,16,38,11,3,3,0,2,0,0,0,0,1,0
TAO_TRAIN_GT_CONTROLLED_HELDOUT,representation_heldout,A1_SELECTED,B1_track_nearest,1028,seed1029,2,1.0,2,16,26,8,5,1,0,2,0,0,0,0,0,1
TAO_TRAIN_GT_CONTROLLED_HELDOUT,representation_heldout,A1_SELECTED,B1_track_nearest,1028,seed1029,4,1.0,2,16,29,6,5,1,0,2,0,0,0,0,0,1
TAO_TRAIN_GT_CONTROLLED_HELDOUT,representation_heldout,A1_SELECTED,B1_track_nearest,1028,seed1029,8,1.0,4,16,24,8,0,1,0,6,0,0,0,0,0,2
TAO_TRAIN_GT_CONTROLLED_HELDOUT,representation_heldout,A1_SELECTED,B1_track_nearest,1028,seed1029,16,1.0,5,16,21,7,0,2,0,4,1,0,0,0,0,2
TAO_TRAIN_GT_CONTROLLED_HELDOUT,representation_heldout,A1_SELECTED,B1_track_nearest,1029,main,1,1.0,2,16,28,13,4,1,0,3,0,0,0,0,1,0
TAO_TRAIN_GT_CONTROLLED_HELDOUT,representation_heldout,A1_SELECTED,B1_track_nearest,1029,main,2,1.0,4,16,25,9,3,2,0,2,0,0,0,0,1,1
TAO_TRAIN_GT_CONTROLLED_HELDOUT,representation_heldout,A1_SELECTED,B1_track_nearest,1029,main,4,1.0,3,16,19,8,3,2,0,3,0,0,0,0,1,0
TAO_TRAIN_GT_CONTROLLED_HELDOUT,representation_heldout,A1_SELECTED,B1_track_nearest,1029,main,8,1.0,5,16,23,6,6,1,0,0,0,0,0,0,0,2
TAO_TRAIN_GT_CONTROLLED_HELDOUT,representation_heldout,A1_SELECTED,B1_track_nearest,1029,main,16,1.0,6,16,24,5,6,0,0,0,0,0,0,0,0,3
TAO_TRAIN_GT_CONTROLLED_HELDOUT,representation_heldout,A1_SELECTED,B1_track_nearest,1029,seed1027,1,1.0,3,16,34,11,5,0,0,0,0,0,0,0,0,2
TAO_TRAIN_GT_CONTROLLED_HELDOUT,representation_heldout,A1_SELECTED,B1_track_nearest,1029,seed1027,2,1.0,3,16,25,10,3,0,0,1,0,0,0,0,1,2
TAO_TRAIN_GT_CONTROLLED_HELDOUT,representation_heldout,A1_SELECTED,B1_track_nearest,1029,seed1027,4,1.0,3,16,18,6,3,1,0,1,0,0,0,0,0,2
TAO_TRAIN_GT_CONTROLLED_HELDOUT,representation_heldout,A1_SELECTED,B1_track_nearest,1029,seed1027,8,1.0,5,16,19,5,3,0,0,1,0,0,0,0,1,2
TAO_TRAIN_GT_CONTROLLED_HELDOUT,representation_heldout,A1_SELECTED,B1_track_nearest,1029,seed1027,16,1.0,7,16,14,4,0,0,0,4,0,0,0,0,0,3
TAO_TRAIN_GT_CONTROLLED_HELDOUT,representation_heldout,A1_SELECTED,B1_track_nearest,1029,seed1028,1,1.0,2,16,34,12,4,1,0,0,0,0,0,0,1,1
TAO_TRAIN_GT_CONTROLLED_HELDOUT,representation_heldout,A1_SELECTED,B1_track_nearest,1029,seed1028,2,1.0,3,16,24,8,3,1,0,1,0,0,0,0,1,1
TAO_TRAIN_GT_CONTROLLED_HELDOUT,representation_heldout,A1_SELECTED,B1_track_nearest,1029,seed1028,4,1.0,1,16,29,7,1,1,0,3,0,0,0,0,1,1
TAO_TRAIN_GT_CONTROLLED_HELDOUT,representation_heldout,A1_SELECTED,B1_track_nearest,1029,seed1028,8,1.0,3,16,16,5,0,1,0,4,0,0,0,0,0,2
TAO_TRAIN_GT_CONTROLLED_HELDOUT,representation_heldout,A1_SELECTED,B1_track_nearest,1029,seed1028,16,1.0,6,16,21,4,3,0,0,0,0,0,0,0,0,4
TAO_TRAIN_GT_CONTROLLED_HELDOUT,representation_heldout,A1_SELECTED,B1_track_nearest,1029,seed1029,1,1.0,2,16,32,13,4,2,0,2,0,0,0,0,1,0
TAO_TRAIN_GT_CONTROLLED_HELDOUT,representation_heldout,A1_SELECTED,B1_track_nearest,1029,seed1029,2,1.0,4,16,28,8,4,3,0,0,0,0,0,0,1,1
TAO_TRAIN_GT_CONTROLLED_HELDOUT,representation_heldout,A1_SELECTED,B1_track_nearest,1029,seed1029,4,1.0,2,16,20,5,2,3,0,4,0,0,0,0,0,0
TAO_TRAIN_GT_CONTROLLED_HELDOUT,representation_heldout,A1_SELECTED,B1_track_nearest,1029,seed1029,8,1.0,5,16,19,4,4,2,0,2,0,0,0,0,0,1
TAO_TRAIN_GT_CONTROLLED_HELDOUT,representation_heldout,A1_SELECTED,B1_track_nearest,1029,seed1029,16,1.0,7,16,23,4,6,0,0,0,0,0,0,0,0,3
TAO_TRAIN_GT_CONTROLLED_HELDOUT,representation_heldout,A2_EVIDENCE,B1_track_nearest,1027,main,1,1.0,0,16,57,16,4,0,0,2,0,0,0,0,3,0
TAO_TRAIN_GT_CONTROLLED_HELDOUT,representation_heldout,A2_EVIDENCE,B1_track_nearest,1027,main,2,1.0,1,16,54,18,5,0,0,0,0,0,0,0,4,0
TAO_TRAIN_GT_CONTROLLED_HELDOUT,representation_heldout,A2_EVIDENCE,B1_track_nearest,1027,main,4,1.0,0,16,58,12,6,1,0,0,0,0,0,0,2,0
TAO_TRAIN_GT_CONTROLLED_HELDOUT,representation_heldout,A2_EVIDENCE,B1_track_nearest,1027,main,8,1.0,0,16,54,9,7,1,0,0,0,0,0,0,1,0
TAO_TRAIN_GT_CONTROLLED_HELDOUT,representation_heldout,A2_EVIDENCE,B1_track_nearest,1027,main,16,1.0,2,16,58,11,6,0,0,0,0,0,0,0,3,0
TAO_TRAIN_GT_CONTROLLED_HELDOUT,representation_heldout,A2_EVIDENCE,B1_track_nearest,1027,seed1027,1,1.0,0,16,49,16,4,2,0,1,0,0,0,0,0,0
TAO_TRAIN_GT_CONTROLLED_HELDOUT,representation_heldout,A2_EVIDENCE,B1_track_nearest,1027,seed1027,2,1.0,0,16,51,13,5,1,0,1,0,0,0,0,0,0
TAO_TRAIN_GT_CONTROLLED_HELDOUT,representation_heldout,A2_EVIDENCE,B1_track_nearest,1027,seed1027,4,1.0,0,16,61,12,6,1,0,0,0,0,0,0,0,0
TAO_TRAIN_GT_CONTROLLED_HELDOUT,representation_heldout,A2_EVIDENCE,B1_track_nearest,1027,seed1027,8,1.0,0,16,55,10,6,1,0,0,0,0,0,0,0,0
TAO_TRAIN_GT_CONTROLLED_HELDOUT,representation_heldout,A2_EVIDENCE,B1_track_nearest,1027,seed1027,16,1.0,2,16,51,9,5,0,0,0,0,0,0,0,0,2
TAO_TRAIN_GT_CONTROLLED_HELDOUT,representation_heldout,A2_EVIDENCE,B1_track_nearest,1027,seed1028,1,1.0,0,16,53,18,4,1,0,1,0,0,0,0,1,0
TAO_TRAIN_GT_CONTROLLED_HELDOUT,representation_heldout,A2_EVIDENCE,B1_track_nearest,1027,seed1028,2,1.0,0,16,44,9,4,1,0,1,0,0,0,0,1,0
TAO_TRAIN_GT_CONTROLLED_HELDOUT,representation_heldout,A2_EVIDENCE,B1_track_nearest,1027,seed1028,4,1.0,0,16,55,11,3,2,0,0,0,0,0,0,2,0
TAO_TRAIN_GT_CONTROLLED_HELDOUT,representation_heldout,A2_EVIDENCE,B1_track_nearest,1027,seed1028,8,1.0,0,16,51,10,4,2,0,0,0,0,0,0,1,0
TAO_TRAIN_GT_CONTROLLED_HELDOUT,representation_heldout,A2_EVIDENCE,B1_track_nearest,1027,seed1028,16,1.0,2,16,46,9,5,0,0,0,0,0,0,0,1,1
TAO_TRAIN_GT_CONTROLLED_HELDOUT,representation_heldout,A2_EVIDENCE,B1_track_nearest,1027,seed1029,1,1.0,0,16,61,20,5,1,0,1,0,0,0,0,2,0
TAO_TRAIN_GT_CONTROLLED_HELDOUT,representation_heldout,A2_EVIDENCE,B1_track_nearest,1027,seed1029,2,1.0,1,16,51,14,5,1,0,0,0,0,0,0,3,0
TAO_TRAIN_GT_CONTROLLED_HELDOUT,representation_heldout,A2_EVIDENCE,B1_track_nearest,1027,seed1029,4,1.0,0,16,50,12,8,0,0,0,0,0,0,0,1,0
TAO_TRAIN_GT_CONTROLLED_HELDOUT,representation_heldout,A2_EVIDENCE,B1_track_nearest,1027,seed1029,8,1.0,0,16,49,10,7,1,0,0,0,0,0,0,1,0
TAO_TRAIN_GT_CONTROLLED_HELDOUT,representation_heldout,A2_EVIDENCE,B1_track_nearest,1027,seed1029,16,1.0,2,16,50,11,8,1,0,0,0,0,0,0,0,0
TAO_TRAIN_GT_CONTROLLED_HELDOUT,representation_heldout,A2_EVIDENCE,B1_track_nearest,1028,main,1,1.0,0,16,53,17,5,2,0,0,0,0,0,0,2,0
TAO_TRAIN_GT_CONTROLLED_HELDOUT,representation_heldout,A2_EVIDENCE,B1_track_nearest,1028,main,2,1.0,0,16,45,17,6,1,0,0,0,0,0,0,2,0
TAO_TRAIN_GT_CONTROLLED_HELDOUT,representation_heldout,A2_EVIDENCE,B1_track_nearest,1028,main,4,1.0,0,16,52,13,4,2,0,2,0,0,0,0,1,0
TAO_TRAIN_GT_CONTROLLED_HELDOUT,representation_heldout,A2_EVIDENCE,B1_track_nearest,1028,main,8,1.0,0,16,57,15,4,2,0,2,0,0,0,0,1,0
TAO_TRAIN_GT_CONTROLLED_HELDOUT,representation_heldout,A2_EVIDENCE,B1_track_nearest,1028,main,16,1.0,0,16,46,14,4,2,0,2,0,0,0,0,1,0
TAO_TRAIN_GT_CONTROLLED_HELDOUT,representation_heldout,A2_EVIDENCE,B1_track_nearest,1028,seed1027,1,1.0,0,16,64,20,3,2,0,0,0,0,0,0,2,0
TAO_TRAIN_GT_CONTROLLED_HELDOUT,representation_heldout,A2_EVIDENCE,B1_track_nearest,1028,seed1027,2,1.0,0,16,61,20,4,2,0,0,0,0,0,0,1,0
TAO_TRAIN_GT_CONTROLLED_HELDOUT,representation_heldout,A2_EVIDENCE,B1_track_nearest,1028,seed1027,4,1.0,0,16,61,16,3,1,0,0,0,0,0,0,3,0
TAO_TRAIN_GT_CONTROLLED_HELDOUT,representation_heldout,A2_EVIDENCE,B1_track_nearest,1028,seed1027,8,1.0,0,16,65,16,3,3,0,0,0,0,0,0,1,0
TAO_TRAIN_GT_CONTROLLED_HELDOUT,representation_heldout,A2_EVIDENCE,B1_track_nearest,1028,seed1027,16,1.0,0,16,64,15,4,3,0,0,0,0,0,0,0,0
TAO_TRAIN_GT_CONTROLLED_HELDOUT,representation_heldout,A2_EVIDENCE,B1_track_nearest,1028,seed1028,1,1.0,0,16,56,22,3,1,0,1,0,0,0,0,2,0
TAO_TRAIN_GT_CONTROLLED_HELDOUT,representation_heldout,A2_EVIDENCE,B1_track_nearest,1028,seed1028,2,1.0,0,16,44,20,4,1,0,0,0,0,0,0,2,0
TAO_TRAIN_GT_CONTROLLED_HELDOUT,representation_heldout,A2_EVIDENCE,B1_track_nearest,1028,seed1028,4,1.0,0,16,45,13,0,4,0,0,2,0,0,0,1,0
TAO_TRAIN_GT_CONTROLLED_HELDOUT,representation_heldout,A2_EVIDENCE,B1_track_nearest,1028,seed1028,8,1.0,0,16,52,14,4,2,0,0,0,0,0,0,1,0
TAO_TRAIN_GT_CONTROLLED_HELDOUT,representation_heldout,A2_EVIDENCE,B1_track_nearest,1028,seed1028,16,1.0,0,16,44,11,0,3,0,0,2,0,0,0,2,0
TAO_TRAIN_GT_CONTROLLED_HELDOUT,representation_heldout,A2_EVIDENCE,B1_track_nearest,1028,seed1029,1,1.0,0,16,55,21,2,2,0,2,0,0,0,0,3,0
TAO_TRAIN_GT_CONTROLLED_HELDOUT,representation_heldout,A2_EVIDENCE,B1_track_nearest,1028,seed1029,2,1.0,0,16,52,18,6,2,0,0,0,0,0,0,1,0
TAO_TRAIN_GT_CONTROLLED_HELDOUT,representation_heldout,A2_EVIDENCE,B1_track_nearest,1028,seed1029,4,1.0,0,16,57,13,6,2,0,0,0,0,0,0,1,0
TAO_TRAIN_GT_CONTROLLED_HELDOUT,representation_heldout,A2_EVIDENCE,B1_track_nearest,1028,seed1029,8,1.0,0,16,51,18,6,3,0,0,0,0,0,0,0,0
TAO_TRAIN_GT_CONTROLLED_HELDOUT,representation_heldout,A2_EVIDENCE,B1_track_nearest,1028,seed1029,16,1.0,0,16,51,17,6,3,0,0,0,0,0,0,0,0
TAO_TRAIN_GT_CONTROLLED_HELDOUT,representation_heldout,A2_EVIDENCE,B1_track_nearest,1029,main,1,1.0,0,16,42,13,5,0,0,1,0,0,0,0,3,0
TAO_TRAIN_GT_CONTROLLED_HELDOUT,representation_heldout,A2_EVIDENCE,B1_track_nearest,1029,main,2,1.0,0,16,49,16,4,0,0,2,0,0,0,0,3,0
TAO_TRAIN_GT_CONTROLLED_HELDOUT,representation_heldout,A2_EVIDENCE,B1_track_nearest,1029,main,4,1.0,0,16,34,12,2,1,0,2,1,0,0,0,3,0
TAO_TRAIN_GT_CONTROLLED_HELDOUT,representation_heldout,A2_EVIDENCE,B1_track_nearest,1029,main,8,1.0,0,16,35,11,2,1,0,4,0,0,0,0,2,0
TAO_TRAIN_GT_CONTROLLED_HELDOUT,representation_heldout,A2_EVIDENCE,B1_track_nearest,1029,main,16,1.0,1,16,43,9,4,2,0,2,0,0,0,0,1,0
TAO_TRAIN_GT_CONTROLLED_HELDOUT,representation_heldout,A2_EVIDENCE,B1_track_nearest,1029,seed1027,1,1.0,0,16,38,15,1,3,0,3,0,0,0,0,0,0
TAO_TRAIN_GT_CONTROLLED_HELDOUT,representation_heldout,A2_EVIDENCE,B1_track_nearest,1029,seed1027,2,1.0,0,16,34,12,0,2,0,4,0,0,0,0,1,0
TAO_TRAIN_GT_CONTROLLED_HELDOUT,representation_heldout,A2_EVIDENCE,B1_track_nearest,1029,seed1027,4,1.0,0,16,34,11,0,3,0,4,0,0,0,0,0,0
TAO_TRAIN_GT_CONTROLLED_HELDOUT,representation_heldout,A2_EVIDENCE,B1_track_nearest,1029,seed1027,8,1.0,0,16,41,10,4,2,0,1,0,0,0,0,0,0
TAO_TRAIN_GT_CONTROLLED_HELDOUT,representation_heldout,A2_EVIDENCE,B1_track_nearest,1029,seed1027,16,1.0,1,16,44,8,4,1,0,1,0,0,0,0,0,1
TAO_TRAIN_GT_CONTROLLED_HELDOUT,representation_heldout,A2_EVIDENCE,B1_track_nearest,1029,seed1028,1,1.0,0,16,44,14,2,1,0,3,0,0,0,0,1,0
TAO_TRAIN_GT_CONTROLLED_HELDOUT,representation_heldout,A2_EVIDENCE,B1_track_nearest,1029,seed1028,2,1.0,0,16,53,13,1,0,0,4,0,0,0,0,2,0
TAO_TRAIN_GT_CONTROLLED_HELDOUT,representation_heldout,A2_EVIDENCE,B1_track_nearest,1029,seed1028,4,1.0,0,16,46,13,0,1,0,4,0,0,0,0,2,0
TAO_TRAIN_GT_CONTROLLED_HELDOUT,representation_heldout,A2_EVIDENCE,B1_track_nearest,1029,seed1028,8,1.0,0,16,26,11,0,1,0,4,0,0,0,0,2,0
TAO_TRAIN_GT_CONTROLLED_HELDOUT,representation_heldout,A2_EVIDENCE,B1_track_nearest,1029,seed1028,16,1.0,1,16,24,9,0,2,0,1,2,0,0,0,1,1
TAO_TRAIN_GT_CONTROLLED_HELDOUT,representation_heldout,A2_EVIDENCE,B1_track_nearest,1029,seed1029,1,1.0,0,16,41,15,7,2,0,0,0,0,0,0,0,0
TAO_TRAIN_GT_CONTROLLED_HELDOUT,representation_heldout,A2_EVIDENCE,B1_track_nearest,1029,seed1029,2,1.0,0,16,52,14,6,0,0,0,0,0,0,0,3,0
TAO_TRAIN_GT_CONTROLLED_HELDOUT,representation_heldout,A2_EVIDENCE,B1_track_nearest,1029,seed1029,4,1.0,0,16,32,12,1,1,0,5,0,0,0,0,2,0
TAO_TRAIN_GT_CONTROLLED_HELDOUT,representation_heldout,A2_EVIDENCE,B1_track_nearest,1029,seed1029,8,1.0,0,16,33,9,1,1,0,5,0,0,0,0,2,0
TAO_TRAIN_GT_CONTROLLED_HELDOUT,representation_heldout,A2_EVIDENCE,B1_track_nearest,1029,seed1029,16,1.0,1,16,32,6,4,2,0,2,0,0,0,0,1,0
TAO_TRAIN_GT_CONTROLLED_HELDOUT,representation_heldout,A2_CAPACITY_CONTROL,B1_track_nearest,1027,main,1,1.0,0,16,62,18,5,0,0,2,0,0,0,0,2,0
TAO_TRAIN_GT_CONTROLLED_HELDOUT,representation_heldout,A2_CAPACITY_CONTROL,B1_track_nearest,1027,main,2,1.0,1,16,51,14,5,0,0,0,0,0,0,0,4,0
TAO_TRAIN_GT_CONTROLLED_HELDOUT,representation_heldout,A2_CAPACITY_CONTROL,B1_track_nearest,1027,main,4,1.0,0,16,59,11,7,1,0,0,0,0,0,0,1,0
TAO_TRAIN_GT_CONTROLLED_HELDOUT,representation_heldout,A2_CAPACITY_CONTROL,B1_track_nearest,1027,main,8,1.0,0,16,59,13,6,0,0,1,0,0,0,0,2,0
TAO_TRAIN_GT_CONTROLLED_HELDOUT,representation_heldout,A2_CAPACITY_CONTROL,B1_track_nearest,1027,main,16,1.0,1,16,58,11,6,0,0,0,0,0,0,0,3,0
TAO_TRAIN_GT_CONTROLLED_HELDOUT,representation_heldout,A2_CAPACITY_CONTROL,B1_track_nearest,1027,seed1027,1,1.0,0,16,48,16,3,2,0,1,0,0,0,0,1,0
TAO_TRAIN_GT_CONTROLLED_HELDOUT,representation_heldout,A2_CAPACITY_CONTROL,B1_track_nearest,1027,seed1027,2,1.0,1,16,49,12,4,1,0,1,0,0,0,0,0,1
TAO_TRAIN_GT_CONTROLLED_HELDOUT,representation_heldout,A2_CAPACITY_CONTROL,B1_track_nearest,1027,seed1027,4,1.0,0,16,62,12,6,1,0,0,0,0,0,0,0,0
TAO_TRAIN_GT_CONTROLLED_HELDOUT,representation_heldout,A2_CAPACITY_CONTROL,B1_track_nearest,1027,seed1027,8,1.0,0,16,67,12,5,1,0,0,0,0,0,0,1,0
TAO_TRAIN_GT_CONTROLLED_HELDOUT,representation_heldout,A2_CAPACITY_CONTROL,B1_track_nearest,1027,seed1027,16,1.0,2,16,50,8,5,0,0,0,0,0,0,0,0,2
TAO_TRAIN_GT_CONTROLLED_HELDOUT,representation_heldout,A2_CAPACITY_CONTROL,B1_track_nearest,1027,seed1028,1,1.0,0,16,54,15,4,1,0,1,0,0,0,0,1,0
TAO_TRAIN_GT_CONTROLLED_HELDOUT,representation_heldout,A2_CAPACITY_CONTROL,B1_track_nearest,1027,seed1028,2,1.0,0,16,52,10,4,1,0,0,0,0,0,0,2,0
TAO_TRAIN_GT_CONTROLLED_HELDOUT,representation_heldout,A2_CAPACITY_CONTROL,B1_track_nearest,1027,seed1028,4,1.0,0,16,53,9,4,2,0,0,0,0,0,0,1,0
TAO_TRAIN_GT_CONTROLLED_HELDOUT,representation_heldout,A2_CAPACITY_CONTROL,B1_track_nearest,1027,seed1028,8,1.0,0,16,51,11,4,2,0,0,0,0,0,0,1,0
TAO_TRAIN_GT_CONTROLLED_HELDOUT,representation_heldout,A2_CAPACITY_CONTROL,B1_track_nearest,1027,seed1028,16,1.0,2,16,47,8,3,0,0,2,0,0,0,0,1,1
TAO_TRAIN_GT_CONTROLLED_HELDOUT,representation_heldout,A2_CAPACITY_CONTROL,B1_track_nearest,1027,seed1029,1,1.0,0,16,55,15,3,1,0,4,0,0,0,0,1,0
TAO_TRAIN_GT_CONTROLLED_HELDOUT,representation_heldout,A2_CAPACITY_CONTROL,B1_track_nearest,1027,seed1029,2,1.0,1,16,49,17,5,0,0,0,0,0,0,0,4,0
TAO_TRAIN_GT_CONTROLLED_HELDOUT,representation_heldout,A2_CAPACITY_CONTROL,B1_track_nearest,1027,seed1029,4,1.0,0,16,53,11,7,0,0,0,0,0,0,0,2,0
TAO_TRAIN_GT_CONTROLLED_HELDOUT,representation_heldout,A2_CAPACITY_CONTROL,B1_track_nearest,1027,seed1029,8,1.0,0,16,51,14,7,0,0,0,0,0,0,0,2,0
TAO_TRAIN_GT_CONTROLLED_HELDOUT,representation_heldout,A2_CAPACITY_CONTROL,B1_track_nearest,1027,seed1029,16,1.0,2,16,41,11,8,1,0,0,0,0,0,0,0,0
TAO_TRAIN_GT_CONTROLLED_HELDOUT,representation_heldout,A2_CAPACITY_CONTROL,B1_track_nearest,1028,main,1,1.0,0,16,49,16,5,3,0,0,0,0,0,0,1,0
TAO_TRAIN_GT_CONTROLLED_HELDOUT,representation_heldout,A2_CAPACITY_CONTROL,B1_track_nearest,1028,main,2,1.0,0,16,45,17,6,1,0,0,0,0,0,0,2,0
TAO_TRAIN_GT_CONTROLLED_HELDOUT,representation_heldout,A2_CAPACITY_CONTROL,B1_track_nearest,1028,main,4,1.0,0,16,52,15,3,2,0,2,0,0,0,0,2,0
TAO_TRAIN_GT_CONTROLLED_HELDOUT,representation_heldout,A2_CAPACITY_CONTROL,B1_track_nearest,1028,main,8,1.0,0,16,56,13,4,3,0,2,0,0,0,0,0,0
TAO_TRAIN_GT_CONTROLLED_HELDOUT,representation_heldout,A2_CAPACITY_CONTROL,B1_track_nearest,1028,main,16,1.0,0,16,47,14,4,2,0,2,0,0,0,0,1,0
TAO_TRAIN_GT_CONTROLLED_HELDOUT,representation_heldout,A2_CAPACITY_CONTROL,B1_track_nearest,1028,seed1027,1,1.0,0,16,59,19,3,2,0,0,0,0,0,0,2,0
TAO_TRAIN_GT_CONTROLLED_HELDOUT,representation_heldout,A2_CAPACITY_CONTROL,B1_track_nearest,1028,seed1027,2,1.0,0,16,62,19,4,1,0,0,0,0,0,0,2,0
TAO_TRAIN_GT_CONTROLLED_HELDOUT,representation_heldout,A2_CAPACITY_CONTROL,B1_track_nearest,1028,seed1027,4,1.0,0,16,60,17,3,1,0,0,0,0,0,0,3,0
TAO_TRAIN_GT_CONTROLLED_HELDOUT,representation_heldout,A2_CAPACITY_CONTROL,B1_track_nearest,1028,seed1027,8,1.0,0,16,70,16,5,1,0,0,0,0,0,0,1,0
TAO_TRAIN_GT_CONTROLLED_HELDOUT,representation_heldout,A2_CAPACITY_CONTROL,B1_track_nearest,1028,seed1027,16,1.0,0,16,60,15,4,3,0,0,0,0,0,0,0,0
TAO_TRAIN_GT_CONTROLLED_HELDOUT,representation_heldout,A2_CAPACITY_CONTROL,B1_track_nearest,1028,seed1028,1,1.0,0,16,59,20,3,1,0,1,0,0,0,0,2,0
TAO_TRAIN_GT_CONTROLLED_HELDOUT,representation_heldout,A2_CAPACITY_CONTROL,B1_track_nearest,1028,seed1028,2,1.0,0,16,43,19,4,1,0,0,0,0,0,0,2,0
TAO_TRAIN_GT_CONTROLLED_HELDOUT,representation_heldout,A2_CAPACITY_CONTROL,B1_track_nearest,1028,seed1028,4,1.0,0,16,48,15,1,3,0,0,2,0,0,0,1,0
TAO_TRAIN_GT_CONTROLLED_HELDOUT,representation_heldout,A2_CAPACITY_CONTROL,B1_track_nearest,1028,seed1028,8,1.0,0,16,53,15,4,2,0,0,0,0,0,0,1,0
TAO_TRAIN_GT_CONTROLLED_HELDOUT,representation_heldout,A2_CAPACITY_CONTROL,B1_track_nearest,1028,seed1028,16,1.0,0,16,42,9,1,3,0,0,2,0,0,0,1,0
TAO_TRAIN_GT_CONTROLLED_HELDOUT,representation_heldout,A2_CAPACITY_CONTROL,B1_track_nearest,1028,seed1029,1,1.0,0,16,60,21,4,2,0,0,0,0,0,0,3,0
TAO_TRAIN_GT_CONTROLLED_HELDOUT,representation_heldout,A2_CAPACITY_CONTROL,B1_track_nearest,1028,seed1029,2,1.0,0,16,51,18,6,2,0,0,0,0,0,0,1,0
TAO_TRAIN_GT_CONTROLLED_HELDOUT,representation_heldout,A2_CAPACITY_CONTROL,B1_track_nearest,1028,seed1029,4,1.0,0,16,56,16,4,2,0,0,0,0,0,0,3,0
TAO_TRAIN_GT_CONTROLLED_HELDOUT,representation_heldout,A2_CAPACITY_CONTROL,B1_track_nearest,1028,seed1029,8,1.0,0,16,58,18,6,3,0,0,0,0,0,0,0,0
TAO_TRAIN_GT_CONTROLLED_HELDOUT,representation_heldout,A2_CAPACITY_CONTROL,B1_track_nearest,1028,seed1029,16,1.0,0,16,53,16,6,3,0,0,0,0,0,0,0,0
TAO_TRAIN_GT_CONTROLLED_HELDOUT,representation_heldout,A2_CAPACITY_CONTROL,B1_track_nearest,1029,main,1,1.0,2,16,29,14,3,1,0,3,0,0,0,0,2,0
TAO_TRAIN_GT_CONTROLLED_HELDOUT,representation_heldout,A2_CAPACITY_CONTROL,B1_track_nearest,1029,main,2,1.0,4,16,25,9,3,2,0,2,0,0,0,0,1,1
TAO_TRAIN_GT_CONTROLLED_HELDOUT,representation_heldout,A2_CAPACITY_CONTROL,B1_track_nearest,1029,main,4,1.0,3,16,19,8,3,2,0,3,0,0,0,0,1,0
TAO_TRAIN_GT_CONTROLLED_HELDOUT,representation_heldout,A2_CAPACITY_CONTROL,B1_track_nearest,1029,main,8,1.0,5,16,21,6,6,1,0,0,0,0,0,0,0,2
TAO_TRAIN_GT_CONTROLLED_HELDOUT,representation_heldout,A2_CAPACITY_CONTROL,B1_track_nearest,1029,main,16,1.0,6,16,24,5,6,0,0,0,0,0,0,0,0,3
TAO_TRAIN_GT_CONTROLLED_HELDOUT,representation_heldout,A2_CAPACITY_CONTROL,B1_track_nearest,1029,seed1027,1,1.0,3,16,34,12,5,0,0,0,0,0,0,0,0,2
TAO_TRAIN_GT_CONTROLLED_HELDOUT,representation_heldout,A2_CAPACITY_CONTROL,B1_track_nearest,1029,seed1027,2,1.0,3,16,25,10,3,0,0,1,0,0,0,0,1,2
TAO_TRAIN_GT_CONTROLLED_HELDOUT,representation_heldout,A2_CAPACITY_CONTROL,B1_track_nearest,1029,seed1027,4,1.0,2,16,27,6,5,0,0,0,0,0,0,0,0,2
TAO_TRAIN_GT_CONTROLLED_HELDOUT,representation_heldout,A2_CAPACITY_CONTROL,B1_track_nearest,1029,seed1027,8,1.0,5,16,18,4,3,1,0,1,0,0,0,0,0,2
TAO_TRAIN_GT_CONTROLLED_HELDOUT,representation_heldout,A2_CAPACITY_CONTROL,B1_track_nearest,1029,seed1027,16,1.0,7,16,13,4,0,0,0,4,0,0,0,0,0,3
TAO_TRAIN_GT_CONTROLLED_HELDOUT,representation_heldout,A2_CAPACITY_CONTROL,B1_track_nearest,1029,seed1028,1,1.0,2,16,37,14,5,1,0,0,0,0,0,0,0,1
TAO_TRAIN_GT_CONTROLLED_HELDOUT,representation_heldout,A2_CAPACITY_CONTROL,B1_track_nearest,1029,seed1028,2,1.0,3,16,24,8,3,1,0,1,0,0,0,0,1,1
TAO_TRAIN_GT_CONTROLLED_HELDOUT,representation_heldout,A2_CAPACITY_CONTROL,B1_track_nearest,1029,seed1028,4,1.0,1,16,29,7,1,1,0,3,0,0,0,0,1,1
TAO_TRAIN_GT_CONTROLLED_HELDOUT,representation_heldout,A2_CAPACITY_CONTROL,B1_track_nearest,1029,seed1028,8,1.0,4,16,15,4,0,1,0,4,0,0,0,0,0,2
TAO_TRAIN_GT_CONTROLLED_HELDOUT,representation_heldout,A2_CAPACITY_CONTROL,B1_track_nearest,1029,seed1028,16,1.0,7,16,20,3,3,0,0,0,0,0,0,0,0,4
TAO_TRAIN_GT_CONTROLLED_HELDOUT,representation_heldout,A2_CAPACITY_CONTROL,B1_track_nearest,1029,seed1029,1,1.0,2,16,33,13,5,1,0,2,0,0,0,0,1,0
TAO_TRAIN_GT_CONTROLLED_HELDOUT,representation_heldout,A2_CAPACITY_CONTROL,B1_track_nearest,1029,seed1029,2,1.0,4,16,28,9,4,3,0,0,0,0,0,0,1,1
TAO_TRAIN_GT_CONTROLLED_HELDOUT,representation_heldout,A2_CAPACITY_CONTROL,B1_track_nearest,1029,seed1029,4,1.0,2,16,20,5,2,3,0,4,0,0,0,0,0,0
TAO_TRAIN_GT_CONTROLLED_HELDOUT,representation_heldout,A2_CAPACITY_CONTROL,B1_track_nearest,1029,seed1029,8,1.0,5,16,14,3,1,2,0,5,0,0,0,0,0,1
TAO_TRAIN_GT_CONTROLLED_HELDOUT,representation_heldout,A2_CAPACITY_CONTROL,B1_track_nearest,1029,seed1029,16,1.0,7,16,22,3,6,0,0,0,0,0,0,0,0,3
TAO_TRAIN_GT_CONTROLLED_HELDOUT,policy_heldout,D1_SIMPLE_MLP,frozen_MLP,1027,main,1,0.5,5,16,0,0,0,0,0,0,0,0,7,0,0,2
TAO_TRAIN_GT_CONTROLLED_HELDOUT,policy_heldout,D1_SIMPLE_MLP,frozen_MLP,1027,main,2,0.5,15,16,0,0,0,0,0,0,0,0,1,0,0,8
TAO_TRAIN_GT_CONTROLLED_HELDOUT,policy_heldout,D1_SIMPLE_MLP,frozen_MLP,1027,main,4,0.5,15,16,0,0,0,0,0,0,0,0,1,0,0,8
TAO_TRAIN_GT_CONTROLLED_HELDOUT,policy_heldout,D1_SIMPLE_MLP,frozen_MLP,1027,main,8,0.5,14,16,0,0,0,1,0,0,0,0,1,0,0,7
TAO_TRAIN_GT_CONTROLLED_HELDOUT,policy_heldout,D1_SIMPLE_MLP,frozen_MLP,1027,main,16,0.5,13,16,0,0,0,1,0,0,0,0,1,0,0,7
TAO_TRAIN_GT_CONTROLLED_HELDOUT,policy_heldout,D1_SIMPLE_MLP,frozen_MLP,1027,seed1027,1,0.5,5,16,0,0,0,0,0,0,0,0,4,0,0,3
TAO_TRAIN_GT_CONTROLLED_HELDOUT,policy_heldout,D1_SIMPLE_MLP,frozen_MLP,1027,seed1027,2,0.5,8,16,0,0,0,0,0,0,0,0,4,0,0,3
TAO_TRAIN_GT_CONTROLLED_HELDOUT,policy_heldout,D1_SIMPLE_MLP,frozen_MLP,1027,seed1027,4,0.5,15,16,0,0,0,0,0,0,0,0,0,0,0,7
TAO_TRAIN_GT_CONTROLLED_HELDOUT,policy_heldout,D1_SIMPLE_MLP,frozen_MLP,1027,seed1027,8,0.5,14,16,0,0,0,0,0,0,0,0,0,0,0,7
TAO_TRAIN_GT_CONTROLLED_HELDOUT,policy_heldout,D1_SIMPLE_MLP,frozen_MLP,1027,seed1027,16,0.5,13,16,0,0,0,1,0,0,0,0,0,0,0,6
TAO_TRAIN_GT_CONTROLLED_HELDOUT,policy_heldout,D1_SIMPLE_MLP,frozen_MLP,1027,seed1028,1,0.5,5,16,0,0,0,0,0,0,0,0,6,0,0,1
TAO_TRAIN_GT_CONTROLLED_HELDOUT,policy_heldout,D1_SIMPLE_MLP,frozen_MLP,1027,seed1028,2,0.5,10,16,0,0,0,0,0,0,0,0,3,0,0,4
TAO_TRAIN_GT_CONTROLLED_HELDOUT,policy_heldout,D1_SIMPLE_MLP,frozen_MLP,1027,seed1028,4,0.5,15,16,0,0,0,0,0,0,0,0,0,0,0,7
TAO_TRAIN_GT_CONTROLLED_HELDOUT,policy_heldout,D1_SIMPLE_MLP,frozen_MLP,1027,seed1028,8,0.5,14,16,0,0,0,0,0,0,0,0,0,0,0,7
TAO_TRAIN_GT_CONTROLLED_HELDOUT,policy_heldout,D1_SIMPLE_MLP,frozen_MLP,1027,seed1028,16,0.5,12,16,0,0,0,1,0,0,0,0,0,0,0,6
TAO_TRAIN_GT_CONTROLLED_HELDOUT,policy_heldout,D1_SIMPLE_MLP,frozen_MLP,1027,seed1029,1,0.5,5,16,0,0,0,0,0,0,0,0,6,0,0,3
TAO_TRAIN_GT_CONTROLLED_HELDOUT,policy_heldout,D1_SIMPLE_MLP,frozen_MLP,1027,seed1029,2,0.5,15,16,0,0,0,0,0,0,0,0,1,0,0,8
TAO_TRAIN_GT_CONTROLLED_HELDOUT,policy_heldout,D1_SIMPLE_MLP,frozen_MLP,1027,seed1029,4,0.5,15,16,0,0,0,0,0,0,0,0,1,0,0,8
TAO_TRAIN_GT_CONTROLLED_HELDOUT,policy_heldout,D1_SIMPLE_MLP,frozen_MLP,1027,seed1029,8,0.5,14,16,0,0,0,1,0,0,0,0,1,0,0,7
TAO_TRAIN_GT_CONTROLLED_HELDOUT,policy_heldout,D1_SIMPLE_MLP,frozen_MLP,1027,seed1029,16,0.5,13,16,0,0,0,1,0,0,0,0,1,0,0,7
TAO_TRAIN_GT_CONTROLLED_HELDOUT,policy_heldout,D1_SIMPLE_MLP,frozen_MLP,1027,main,1,0.75,5,16,0,0,0,0,0,0,0,0,7,0,0,2
TAO_TRAIN_GT_CONTROLLED_HELDOUT,policy_heldout,D1_SIMPLE_MLP,frozen_MLP,1027,main,2,0.75,15,16,0,0,0,0,0,0,0,0,1,0,0,8
TAO_TRAIN_GT_CONTROLLED_HELDOUT,policy_heldout,D1_SIMPLE_MLP,frozen_MLP,1027,main,4,0.75,15,16,0,0,0,0,0,0,0,0,1,0,0,8
TAO_TRAIN_GT_CONTROLLED_HELDOUT,policy_heldout,D1_SIMPLE_MLP,frozen_MLP,1027,main,8,0.75,14,16,0,0,0,1,0,0,0,0,1,0,0,7
TAO_TRAIN_GT_CONTROLLED_HELDOUT,policy_heldout,D1_SIMPLE_MLP,frozen_MLP,1027,main,16,0.75,13,16,0,0,0,1,0,0,0,0,1,0,0,7
TAO_TRAIN_GT_CONTROLLED_HELDOUT,policy_heldout,D1_SIMPLE_MLP,frozen_MLP,1027,seed1027,1,0.75,5,16,0,0,0,0,0,0,0,0,4,0,0,3
TAO_TRAIN_GT_CONTROLLED_HELDOUT,policy_heldout,D1_SIMPLE_MLP,frozen_MLP,1027,seed1027,2,0.75,8,16,0,0,0,0,0,0,0,0,4,0,0,3
TAO_TRAIN_GT_CONTROLLED_HELDOUT,policy_heldout,D1_SIMPLE_MLP,frozen_MLP,1027,seed1027,4,0.75,15,16,0,0,0,0,0,0,0,0,0,0,0,7
TAO_TRAIN_GT_CONTROLLED_HELDOUT,policy_heldout,D1_SIMPLE_MLP,frozen_MLP,1027,seed1027,8,0.75,14,16,0,0,0,0,0,0,0,0,0,0,0,7
TAO_TRAIN_GT_CONTROLLED_HELDOUT,policy_heldout,D1_SIMPLE_MLP,frozen_MLP,1027,seed1027,16,0.75,13,16,0,0,0,1,0,0,0,0,0,0,0,6
TAO_TRAIN_GT_CONTROLLED_HELDOUT,policy_heldout,D1_SIMPLE_MLP,frozen_MLP,1027,seed1028,1,0.75,5,16,0,0,0,0,0,0,0,0,6,0,0,1
TAO_TRAIN_GT_CONTROLLED_HELDOUT,policy_heldout,D1_SIMPLE_MLP,frozen_MLP,1027,seed1028,2,0.75,10,16,0,0,0,0,0,0,0,0,3,0,0,4
TAO_TRAIN_GT_CONTROLLED_HELDOUT,policy_heldout,D1_SIMPLE_MLP,frozen_MLP,1027,seed1028,4,0.75,15,16,0,0,0,0,0,0,0,0,0,0,0,7
TAO_TRAIN_GT_CONTROLLED_HELDOUT,policy_heldout,D1_SIMPLE_MLP,frozen_MLP,1027,seed1028,8,0.75,14,16,0,0,0,0,0,0,0,0,0,0,0,7
TAO_TRAIN_GT_CONTROLLED_HELDOUT,policy_heldout,D1_SIMPLE_MLP,frozen_MLP,1027,seed1028,16,0.75,12,16,0,0,0,1,0,0,0,0,0,0,0,6
TAO_TRAIN_GT_CONTROLLED_HELDOUT,policy_heldout,D1_SIMPLE_MLP,frozen_MLP,1027,seed1029,1,0.75,5,16,0,0,0,0,0,0,0,0,6,0,0,3
TAO_TRAIN_GT_CONTROLLED_HELDOUT,policy_heldout,D1_SIMPLE_MLP,frozen_MLP,1027,seed1029,2,0.75,15,16,0,0,0,0,0,0,0,0,1,0,0,8
TAO_TRAIN_GT_CONTROLLED_HELDOUT,policy_heldout,D1_SIMPLE_MLP,frozen_MLP,1027,seed1029,4,0.75,15,16,0,0,0,0,0,0,0,0,1,0,0,8
TAO_TRAIN_GT_CONTROLLED_HELDOUT,policy_heldout,D1_SIMPLE_MLP,frozen_MLP,1027,seed1029,8,0.75,14,16,0,0,0,1,0,0,0,0,1,0,0,7
TAO_TRAIN_GT_CONTROLLED_HELDOUT,policy_heldout,D1_SIMPLE_MLP,frozen_MLP,1027,seed1029,16,0.75,13,16,0,0,0,1,0,0,0,0,1,0,0,7
TAO_TRAIN_GT_CONTROLLED_HELDOUT,policy_heldout,D1_SIMPLE_MLP,frozen_MLP,1027,main,1,1.0,12,16,0,0,0,2,0,0,0,0,0,0,0,7
TAO_TRAIN_GT_CONTROLLED_HELDOUT,policy_heldout,D1_SIMPLE_MLP,frozen_MLP,1027,main,2,1.0,16,16,0,0,0,0,0,0,0,0,0,0,0,9
TAO_TRAIN_GT_CONTROLLED_HELDOUT,policy_heldout,D1_SIMPLE_MLP,frozen_MLP,1027,main,4,1.0,16,16,0,0,0,0,0,0,0,0,0,0,0,9
TAO_TRAIN_GT_CONTROLLED_HELDOUT,policy_heldout,D1_SIMPLE_MLP,frozen_MLP,1027,main,8,1.0,15,16,0,0,0,1,0,0,0,0,0,0,0,8
TAO_TRAIN_GT_CONTROLLED_HELDOUT,policy_heldout,D1_SIMPLE_MLP,frozen_MLP,1027,main,16,1.0,14,16,0,0,0,1,0,0,0,0,0,0,0,8
TAO_TRAIN_GT_CONTROLLED_HELDOUT,policy_heldout,D1_SIMPLE_MLP,frozen_MLP,1027,seed1027,1,1.0,13,16,0,0,0,2,0,0,0,0,0,0,0,5
TAO_TRAIN_GT_CONTROLLED_HELDOUT,policy_heldout,D1_SIMPLE_MLP,frozen_MLP,1027,seed1027,2,1.0,16,16,0,0,0,0,0,0,0,0,0,0,0,7
TAO_TRAIN_GT_CONTROLLED_HELDOUT,policy_heldout,D1_SIMPLE_MLP,frozen_MLP,1027,seed1027,4,1.0,16,16,0,0,0,0,0,0,0,0,0,0,0,7
TAO_TRAIN_GT_CONTROLLED_HELDOUT,policy_heldout,D1_SIMPLE_MLP,frozen_MLP,1027,seed1027,8,1.0,15,16,0,0,0,0,0,0,0,0,0,0,0,7
TAO_TRAIN_GT_CONTROLLED_HELDOUT,policy_heldout,D1_SIMPLE_MLP,frozen_MLP,1027,seed1027,16,1.0,14,16,0,0,0,1,0,0,0,0,0,0,0,6
TAO_TRAIN_GT_CONTROLLED_HELDOUT,policy_heldout,D1_SIMPLE_MLP,frozen_MLP,1027,seed1028,1,1.0,13,16,0,0,0,3,0,0,0,0,0,0,0,4
TAO_TRAIN_GT_CONTROLLED_HELDOUT,policy_heldout,D1_SIMPLE_MLP,frozen_MLP,1027,seed1028,2,1.0,16,16,0,0,0,0,0,0,0,0,0,0,0,7
TAO_TRAIN_GT_CONTROLLED_HELDOUT,policy_heldout,D1_SIMPLE_MLP,frozen_MLP,1027,seed1028,4,1.0,16,16,0,0,0,0,0,0,0,0,0,0,0,7
TAO_TRAIN_GT_CONTROLLED_HELDOUT,policy_heldout,D1_SIMPLE_MLP,frozen_MLP,1027,seed1028,8,1.0,15,16,0,0,0,0,0,0,0,0,0,0,0,7
TAO_TRAIN_GT_CONTROLLED_HELDOUT,policy_heldout,D1_SIMPLE_MLP,frozen_MLP,1027,seed1028,16,1.0,13,16,0,0,0,1,0,0,0,0,0,0,0,6
TAO_TRAIN_GT_CONTROLLED_HELDOUT,policy_heldout,D1_SIMPLE_MLP,frozen_MLP,1027,seed1029,1,1.0,12,16,0,0,0,2,0,0,0,0,0,0,0,7
TAO_TRAIN_GT_CONTROLLED_HELDOUT,policy_heldout,D1_SIMPLE_MLP,frozen_MLP,1027,seed1029,2,1.0,16,16,0,0,0,0,0,0,0,0,0,0,0,9
TAO_TRAIN_GT_CONTROLLED_HELDOUT,policy_heldout,D1_SIMPLE_MLP,frozen_MLP,1027,seed1029,4,1.0,16,16,0,0,0,0,0,0,0,0,0,0,0,9
TAO_TRAIN_GT_CONTROLLED_HELDOUT,policy_heldout,D1_SIMPLE_MLP,frozen_MLP,1027,seed1029,8,1.0,15,16,0,0,0,1,0,0,0,0,0,0,0,8
TAO_TRAIN_GT_CONTROLLED_HELDOUT,policy_heldout,D1_SIMPLE_MLP,frozen_MLP,1027,seed1029,16,1.0,14,16,0,0,0,1,0,0,0,0,0,0,0,8
TAO_TRAIN_GT_CONTROLLED_HELDOUT,policy_heldout,D2_RISK_AWARE,frozen_MLP,1027,main,1,0.5,0,16,216,1,9,0,0,0,0,0,0,0,0,0
TAO_TRAIN_GT_CONTROLLED_HELDOUT,policy_heldout,D2_RISK_AWARE,frozen_MLP,1027,main,2,0.5,0,16,184,1,9,0,0,0,0,0,0,0,0,0
TAO_TRAIN_GT_CONTROLLED_HELDOUT,policy_heldout,D2_RISK_AWARE,frozen_MLP,1027,main,4,0.5,0,16,184,1,9,0,0,0,0,0,0,0,0,0
TAO_TRAIN_GT_CONTROLLED_HELDOUT,policy_heldout,D2_RISK_AWARE,frozen_MLP,1027,main,8,0.5,0,16,183,1,9,0,0,0,0,0,0,0,0,0
TAO_TRAIN_GT_CONTROLLED_HELDOUT,policy_heldout,D2_RISK_AWARE,frozen_MLP,1027,main,16,0.5,0,16,183,1,9,0,0,0,0,0,0,0,0,0
TAO_TRAIN_GT_CONTROLLED_HELDOUT,policy_heldout,D2_RISK_AWARE,frozen_MLP,1027,seed1027,1,0.5,0,16,217,1,7,0,0,0,0,0,0,0,0,0
TAO_TRAIN_GT_CONTROLLED_HELDOUT,policy_heldout,D2_RISK_AWARE,frozen_MLP,1027,seed1027,2,0.5,0,16,217,1,7,0,0,0,0,0,0,0,0,0
TAO_TRAIN_GT_CONTROLLED_HELDOUT,policy_heldout,D2_RISK_AWARE,frozen_MLP,1027,seed1027,4,0.5,0,16,212,1,7,0,0,0,0,0,0,0,0,0
TAO_TRAIN_GT_CONTROLLED_HELDOUT,policy_heldout,D2_RISK_AWARE,frozen_MLP,1027,seed1027,8,0.5,0,16,209,1,7,0,0,0,0,0,0,0,0,0
TAO_TRAIN_GT_CONTROLLED_HELDOUT,policy_heldout,D2_RISK_AWARE,frozen_MLP,1027,seed1027,16,0.5,0,16,163,1,5,0,0,0,0,0,2,0,0,0
TAO_TRAIN_GT_CONTROLLED_HELDOUT,policy_heldout,D2_RISK_AWARE,frozen_MLP,1027,seed1028,1,0.5,0,16,218,1,7,0,0,0,0,0,0,0,0,0
TAO_TRAIN_GT_CONTROLLED_HELDOUT,policy_heldout,D2_RISK_AWARE,frozen_MLP,1027,seed1028,2,0.5,0,16,213,1,7,0,0,0,0,0,0,0,0,0
TAO_TRAIN_GT_CONTROLLED_HELDOUT,policy_heldout,D2_RISK_AWARE,frozen_MLP,1027,seed1028,4,0.5,0,16,187,1,7,0,0,0,0,0,0,0,0,0
TAO_TRAIN_GT_CONTROLLED_HELDOUT,policy_heldout,D2_RISK_AWARE,frozen_MLP,1027,seed1028,8,0.5,0,16,213,1,7,0,0,0,0,0,0,0,0,0
TAO_TRAIN_GT_CONTROLLED_HELDOUT,policy_heldout,D2_RISK_AWARE,frozen_MLP,1027,seed1028,16,0.5,0,16,187,1,7,0,0,0,0,0,0,0,0,0
TAO_TRAIN_GT_CONTROLLED_HELDOUT,policy_heldout,D2_RISK_AWARE,frozen_MLP,1027,seed1029,1,0.5,0,16,219,1,9,0,0,0,0,0,0,0,0,0
TAO_TRAIN_GT_CONTROLLED_HELDOUT,policy_heldout,D2_RISK_AWARE,frozen_MLP,1027,seed1029,2,0.5,0,16,219,1,9,0,0,0,0,0,0,0,0,0
TAO_TRAIN_GT_CONTROLLED_HELDOUT,policy_heldout,D2_RISK_AWARE,frozen_MLP,1027,seed1029,4,0.5,0,16,189,1,9,0,0,0,0,0,0,0,0,0
TAO_TRAIN_GT_CONTROLLED_HELDOUT,policy_heldout,D2_RISK_AWARE,frozen_MLP,1027,seed1029,8,0.5,0,16,207,1,9,0,0,0,0,0,0,0,0,0
TAO_TRAIN_GT_CONTROLLED_HELDOUT,policy_heldout,D2_RISK_AWARE,frozen_MLP,1027,seed1029,16,0.5,0,16,177,1,9,0,0,0,0,0,0,0,0,0
TAO_TRAIN_GT_CONTROLLED_HELDOUT,policy_heldout,D2_RISK_AWARE,frozen_MLP,1027,main,1,0.75,0,16,216,1,9,0,0,0,0,0,0,0,0,0
TAO_TRAIN_GT_CONTROLLED_HELDOUT,policy_heldout,D2_RISK_AWARE,frozen_MLP,1027,main,2,0.75,0,16,184,1,9,0,0,0,0,0,0,0,0,0
TAO_TRAIN_GT_CONTROLLED_HELDOUT,policy_heldout,D2_RISK_AWARE,frozen_MLP,1027,main,4,0.75,0,16,184,1,9,0,0,0,0,0,0,0,0,0
TAO_TRAIN_GT_CONTROLLED_HELDOUT,policy_heldout,D2_RISK_AWARE,frozen_MLP,1027,main,8,0.75,0,16,183,1,9,0,0,0,0,0,0,0,0,0
TAO_TRAIN_GT_CONTROLLED_HELDOUT,policy_heldout,D2_RISK_AWARE,frozen_MLP,1027,main,16,0.75,0,16,183,1,9,0,0,0,0,0,0,0,0,0
TAO_TRAIN_GT_CONTROLLED_HELDOUT,policy_heldout,D2_RISK_AWARE,frozen_MLP,1027,seed1027,1,0.75,0,16,217,1,7,0,0,0,0,0,0,0,0,0
TAO_TRAIN_GT_CONTROLLED_HELDOUT,policy_heldout,D2_RISK_AWARE,frozen_MLP,1027,seed1027,2,0.75,0,16,217,1,7,0,0,0,0,0,0,0,0,0
TAO_TRAIN_GT_CONTROLLED_HELDOUT,policy_heldout,D2_RISK_AWARE,frozen_MLP,1027,seed1027,4,0.75,0,16,212,1,7,0,0,0,0,0,0,0,0,0
TAO_TRAIN_GT_CONTROLLED_HELDOUT,policy_heldout,D2_RISK_AWARE,frozen_MLP,1027,seed1027,8,0.75,0,16,209,1,7,0,0,0,0,0,0,0,0,0
TAO_TRAIN_GT_CONTROLLED_HELDOUT,policy_heldout,D2_RISK_AWARE,frozen_MLP,1027,seed1027,16,0.75,0,16,163,1,5,0,0,0,0,0,2,0,0,0
TAO_TRAIN_GT_CONTROLLED_HELDOUT,policy_heldout,D2_RISK_AWARE,frozen_MLP,1027,seed1028,1,0.75,0,16,218,1,7,0,0,0,0,0,0,0,0,0
TAO_TRAIN_GT_CONTROLLED_HELDOUT,policy_heldout,D2_RISK_AWARE,frozen_MLP,1027,seed1028,2,0.75,0,16,213,1,7,0,0,0,0,0,0,0,0,0
TAO_TRAIN_GT_CONTROLLED_HELDOUT,policy_heldout,D2_RISK_AWARE,frozen_MLP,1027,seed1028,4,0.75,0,16,187,1,7,0,0,0,0,0,0,0,0,0
TAO_TRAIN_GT_CONTROLLED_HELDOUT,policy_heldout,D2_RISK_AWARE,frozen_MLP,1027,seed1028,8,0.75,0,16,213,1,7,0,0,0,0,0,0,0,0,0
TAO_TRAIN_GT_CONTROLLED_HELDOUT,policy_heldout,D2_RISK_AWARE,frozen_MLP,1027,seed1028,16,0.75,0,16,187,1,7,0,0,0,0,0,0,0,0,0
TAO_TRAIN_GT_CONTROLLED_HELDOUT,policy_heldout,D2_RISK_AWARE,frozen_MLP,1027,seed1029,1,0.75,0,16,219,1,9,0,0,0,0,0,0,0,0,0
TAO_TRAIN_GT_CONTROLLED_HELDOUT,policy_heldout,D2_RISK_AWARE,frozen_MLP,1027,seed1029,2,0.75,0,16,219,1,9,0,0,0,0,0,0,0,0,0
TAO_TRAIN_GT_CONTROLLED_HELDOUT,policy_heldout,D2_RISK_AWARE,frozen_MLP,1027,seed1029,4,0.75,0,16,189,1,9,0,0,0,0,0,0,0,0,0
TAO_TRAIN_GT_CONTROLLED_HELDOUT,policy_heldout,D2_RISK_AWARE,frozen_MLP,1027,seed1029,8,0.75,0,16,207,1,9,0,0,0,0,0,0,0,0,0
TAO_TRAIN_GT_CONTROLLED_HELDOUT,policy_heldout,D2_RISK_AWARE,frozen_MLP,1027,seed1029,16,0.75,0,16,177,1,9,0,0,0,0,0,0,0,0,0
TAO_TRAIN_GT_CONTROLLED_HELDOUT,policy_heldout,D2_RISK_AWARE,frozen_MLP,1027,main,1,1.0,0,16,216,1,9,0,0,0,0,0,0,0,0,0
TAO_TRAIN_GT_CONTROLLED_HELDOUT,policy_heldout,D2_RISK_AWARE,frozen_MLP,1027,main,2,1.0,0,16,184,1,9,0,0,0,0,0,0,0,0,0
TAO_TRAIN_GT_CONTROLLED_HELDOUT,policy_heldout,D2_RISK_AWARE,frozen_MLP,1027,main,4,1.0,0,16,184,1,9,0,0,0,0,0,0,0,0,0
TAO_TRAIN_GT_CONTROLLED_HELDOUT,policy_heldout,D2_RISK_AWARE,frozen_MLP,1027,main,8,1.0,0,16,183,1,9,0,0,0,0,0,0,0,0,0
TAO_TRAIN_GT_CONTROLLED_HELDOUT,policy_heldout,D2_RISK_AWARE,frozen_MLP,1027,main,16,1.0,0,16,183,1,9,0,0,0,0,0,0,0,0,0
TAO_TRAIN_GT_CONTROLLED_HELDOUT,policy_heldout,D2_RISK_AWARE,frozen_MLP,1027,seed1027,1,1.0,0,16,217,1,7,0,0,0,0,0,0,0,0,0
TAO_TRAIN_GT_CONTROLLED_HELDOUT,policy_heldout,D2_RISK_AWARE,frozen_MLP,1027,seed1027,2,1.0,0,16,217,1,7,0,0,0,0,0,0,0,0,0
TAO_TRAIN_GT_CONTROLLED_HELDOUT,policy_heldout,D2_RISK_AWARE,frozen_MLP,1027,seed1027,4,1.0,0,16,212,1,7,0,0,0,0,0,0,0,0,0
TAO_TRAIN_GT_CONTROLLED_HELDOUT,policy_heldout,D2_RISK_AWARE,frozen_MLP,1027,seed1027,8,1.0,0,16,209,1,7,0,0,0,0,0,0,0,0,0
TAO_TRAIN_GT_CONTROLLED_HELDOUT,policy_heldout,D2_RISK_AWARE,frozen_MLP,1027,seed1027,16,1.0,0,16,163,1,5,0,0,0,0,0,2,0,0,0
TAO_TRAIN_GT_CONTROLLED_HELDOUT,policy_heldout,D2_RISK_AWARE,frozen_MLP,1027,seed1028,1,1.0,0,16,218,1,7,0,0,0,0,0,0,0,0,0
TAO_TRAIN_GT_CONTROLLED_HELDOUT,policy_heldout,D2_RISK_AWARE,frozen_MLP,1027,seed1028,2,1.0,0,16,213,1,7,0,0,0,0,0,0,0,0,0
TAO_TRAIN_GT_CONTROLLED_HELDOUT,policy_heldout,D2_RISK_AWARE,frozen_MLP,1027,seed1028,4,1.0,0,16,187,1,7,0,0,0,0,0,0,0,0,0
TAO_TRAIN_GT_CONTROLLED_HELDOUT,policy_heldout,D2_RISK_AWARE,frozen_MLP,1027,seed1028,8,1.0,0,16,213,1,7,0,0,0,0,0,0,0,0,0
TAO_TRAIN_GT_CONTROLLED_HELDOUT,policy_heldout,D2_RISK_AWARE,frozen_MLP,1027,seed1028,16,1.0,0,16,187,1,7,0,0,0,0,0,0,0,0,0
TAO_TRAIN_GT_CONTROLLED_HELDOUT,policy_heldout,D2_RISK_AWARE,frozen_MLP,1027,seed1029,1,1.0,0,16,219,1,9,0,0,0,0,0,0,0,0,0
TAO_TRAIN_GT_CONTROLLED_HELDOUT,policy_heldout,D2_RISK_AWARE,frozen_MLP,1027,seed1029,2,1.0,0,16,219,1,9,0,0,0,0,0,0,0,0,0
TAO_TRAIN_GT_CONTROLLED_HELDOUT,policy_heldout,D2_RISK_AWARE,frozen_MLP,1027,seed1029,4,1.0,0,16,189,1,9,0,0,0,0,0,0,0,0,0
TAO_TRAIN_GT_CONTROLLED_HELDOUT,policy_heldout,D2_RISK_AWARE,frozen_MLP,1027,seed1029,8,1.0,0,16,207,1,9,0,0,0,0,0,0,0,0,0
TAO_TRAIN_GT_CONTROLLED_HELDOUT,policy_heldout,D2_RISK_AWARE,frozen_MLP,1027,seed1029,16,1.0,0,16,177,1,9,0,0,0,0,0,0,0,0,0
TAO_TRAIN_GT_CONTROLLED_HELDOUT,policy_heldout,WITHOUT_ADAPTER,frozen_MLP,1027,main,1,0.5,0,16,216,1,9,0,0,0,0,0,0,0,0,0
TAO_TRAIN_GT_CONTROLLED_HELDOUT,policy_heldout,WITHOUT_ADAPTER,frozen_MLP,1027,main,2,0.5,0,16,216,1,9,0,0,0,0,0,0,0,0,0
TAO_TRAIN_GT_CONTROLLED_HELDOUT,policy_heldout,WITHOUT_ADAPTER,frozen_MLP,1027,main,4,0.5,0,16,216,1,9,0,0,0,0,0,0,0,0,0
TAO_TRAIN_GT_CONTROLLED_HELDOUT,policy_heldout,WITHOUT_ADAPTER,frozen_MLP,1027,main,8,0.5,0,16,216,1,9,0,0,0,0,0,0,0,0,0
TAO_TRAIN_GT_CONTROLLED_HELDOUT,policy_heldout,WITHOUT_ADAPTER,frozen_MLP,1027,main,16,0.5,0,16,219,1,9,0,0,0,0,0,0,0,0,0
TAO_TRAIN_GT_CONTROLLED_HELDOUT,policy_heldout,WITHOUT_ADAPTER,frozen_MLP,1027,seed1027,1,0.5,0,16,218,1,7,0,0,0,0,0,0,0,0,0
TAO_TRAIN_GT_CONTROLLED_HELDOUT,policy_heldout,WITHOUT_ADAPTER,frozen_MLP,1027,seed1027,2,0.5,0,16,218,1,7,0,0,0,0,0,0,0,0,0
TAO_TRAIN_GT_CONTROLLED_HELDOUT,policy_heldout,WITHOUT_ADAPTER,frozen_MLP,1027,seed1027,4,0.5,0,16,218,1,7,0,0,0,0,0,0,0,0,0
TAO_TRAIN_GT_CONTROLLED_HELDOUT,policy_heldout,WITHOUT_ADAPTER,frozen_MLP,1027,seed1027,8,0.5,0,16,218,1,7,0,0,0,0,0,0,0,0,0
TAO_TRAIN_GT_CONTROLLED_HELDOUT,policy_heldout,WITHOUT_ADAPTER,frozen_MLP,1027,seed1027,16,0.5,0,16,216,1,7,0,0,0,0,0,0,0,0,0
TAO_TRAIN_GT_CONTROLLED_HELDOUT,policy_heldout,WITHOUT_ADAPTER,frozen_MLP,1027,seed1028,1,0.5,0,16,219,1,7,0,0,0,0,0,0,0,0,0
TAO_TRAIN_GT_CONTROLLED_HELDOUT,policy_heldout,WITHOUT_ADAPTER,frozen_MLP,1027,seed1028,2,0.5,0,16,219,1,7,0,0,0,0,0,0,0,0,0
TAO_TRAIN_GT_CONTROLLED_HELDOUT,policy_heldout,WITHOUT_ADAPTER,frozen_MLP,1027,seed1028,4,0.5,0,16,219,1,7,0,0,0,0,0,0,0,0,0
TAO_TRAIN_GT_CONTROLLED_HELDOUT,policy_heldout,WITHOUT_ADAPTER,frozen_MLP,1027,seed1028,8,0.5,0,16,219,1,7,0,0,0,0,0,0,0,0,0
TAO_TRAIN_GT_CONTROLLED_HELDOUT,policy_heldout,WITHOUT_ADAPTER,frozen_MLP,1027,seed1028,16,0.5,0,16,219,1,7,0,0,0,0,0,0,0,0,0
TAO_TRAIN_GT_CONTROLLED_HELDOUT,policy_heldout,WITHOUT_ADAPTER,frozen_MLP,1027,seed1029,1,0.5,0,16,219,1,9,0,0,0,0,0,0,0,0,0
TAO_TRAIN_GT_CONTROLLED_HELDOUT,policy_heldout,WITHOUT_ADAPTER,frozen_MLP,1027,seed1029,2,0.5,0,16,219,1,9,0,0,0,0,0,0,0,0,0
TAO_TRAIN_GT_CONTROLLED_HELDOUT,policy_heldout,WITHOUT_ADAPTER,frozen_MLP,1027,seed1029,4,0.5,0,16,219,1,9,0,0,0,0,0,0,0,0,0
TAO_TRAIN_GT_CONTROLLED_HELDOUT,policy_heldout,WITHOUT_ADAPTER,frozen_MLP,1027,seed1029,8,0.5,0,16,219,1,9,0,0,0,0,0,0,0,0,0
TAO_TRAIN_GT_CONTROLLED_HELDOUT,policy_heldout,WITHOUT_ADAPTER,frozen_MLP,1027,seed1029,16,0.5,0,16,220,1,9,0,0,0,0,0,0,0,0,0
TAO_TRAIN_GT_CONTROLLED_HELDOUT,policy_heldout,WITHOUT_ADAPTER,frozen_MLP,1027,main,1,0.75,0,16,216,1,9,0,0,0,0,0,0,0,0,0
TAO_TRAIN_GT_CONTROLLED_HELDOUT,policy_heldout,WITHOUT_ADAPTER,frozen_MLP,1027,main,2,0.75,0,16,216,1,9,0,0,0,0,0,0,0,0,0
TAO_TRAIN_GT_CONTROLLED_HELDOUT,policy_heldout,WITHOUT_ADAPTER,frozen_MLP,1027,main,4,0.75,0,16,216,1,9,0,0,0,0,0,0,0,0,0
TAO_TRAIN_GT_CONTROLLED_HELDOUT,policy_heldout,WITHOUT_ADAPTER,frozen_MLP,1027,main,8,0.75,0,16,216,1,9,0,0,0,0,0,0,0,0,0
TAO_TRAIN_GT_CONTROLLED_HELDOUT,policy_heldout,WITHOUT_ADAPTER,frozen_MLP,1027,main,16,0.75,0,16,219,1,9,0,0,0,0,0,0,0,0,0
TAO_TRAIN_GT_CONTROLLED_HELDOUT,policy_heldout,WITHOUT_ADAPTER,frozen_MLP,1027,seed1027,1,0.75,0,16,218,1,7,0,0,0,0,0,0,0,0,0
TAO_TRAIN_GT_CONTROLLED_HELDOUT,policy_heldout,WITHOUT_ADAPTER,frozen_MLP,1027,seed1027,2,0.75,0,16,218,1,7,0,0,0,0,0,0,0,0,0
TAO_TRAIN_GT_CONTROLLED_HELDOUT,policy_heldout,WITHOUT_ADAPTER,frozen_MLP,1027,seed1027,4,0.75,0,16,218,1,7,0,0,0,0,0,0,0,0,0
TAO_TRAIN_GT_CONTROLLED_HELDOUT,policy_heldout,WITHOUT_ADAPTER,frozen_MLP,1027,seed1027,8,0.75,0,16,218,1,7,0,0,0,0,0,0,0,0,0
TAO_TRAIN_GT_CONTROLLED_HELDOUT,policy_heldout,WITHOUT_ADAPTER,frozen_MLP,1027,seed1027,16,0.75,0,16,216,1,7,0,0,0,0,0,0,0,0,0
TAO_TRAIN_GT_CONTROLLED_HELDOUT,policy_heldout,WITHOUT_ADAPTER,frozen_MLP,1027,seed1028,1,0.75,0,16,219,1,7,0,0,0,0,0,0,0,0,0
TAO_TRAIN_GT_CONTROLLED_HELDOUT,policy_heldout,WITHOUT_ADAPTER,frozen_MLP,1027,seed1028,2,0.75,0,16,219,1,7,0,0,0,0,0,0,0,0,0
TAO_TRAIN_GT_CONTROLLED_HELDOUT,policy_heldout,WITHOUT_ADAPTER,frozen_MLP,1027,seed1028,4,0.75,0,16,219,1,7,0,0,0,0,0,0,0,0,0
TAO_TRAIN_GT_CONTROLLED_HELDOUT,policy_heldout,WITHOUT_ADAPTER,frozen_MLP,1027,seed1028,8,0.75,0,16,219,1,7,0,0,0,0,0,0,0,0,0
TAO_TRAIN_GT_CONTROLLED_HELDOUT,policy_heldout,WITHOUT_ADAPTER,frozen_MLP,1027,seed1028,16,0.75,0,16,219,1,7,0,0,0,0,0,0,0,0,0
TAO_TRAIN_GT_CONTROLLED_HELDOUT,policy_heldout,WITHOUT_ADAPTER,frozen_MLP,1027,seed1029,1,0.75,0,16,219,1,9,0,0,0,0,0,0,0,0,0
TAO_TRAIN_GT_CONTROLLED_HELDOUT,policy_heldout,WITHOUT_ADAPTER,frozen_MLP,1027,seed1029,2,0.75,0,16,219,1,9,0,0,0,0,0,0,0,0,0
TAO_TRAIN_GT_CONTROLLED_HELDOUT,policy_heldout,WITHOUT_ADAPTER,frozen_MLP,1027,seed1029,4,0.75,0,16,219,1,9,0,0,0,0,0,0,0,0,0
TAO_TRAIN_GT_CONTROLLED_HELDOUT,policy_heldout,WITHOUT_ADAPTER,frozen_MLP,1027,seed1029,8,0.75,0,16,219,1,9,0,0,0,0,0,0,0,0,0
TAO_TRAIN_GT_CONTROLLED_HELDOUT,policy_heldout,WITHOUT_ADAPTER,frozen_MLP,1027,seed1029,16,0.75,0,16,220,1,9,0,0,0,0,0,0,0,0,0
TAO_TRAIN_GT_CONTROLLED_HELDOUT,policy_heldout,WITHOUT_ADAPTER,frozen_MLP,1027,main,1,1.0,0,16,216,1,9,0,0,0,0,0,0,0,0,0
TAO_TRAIN_GT_CONTROLLED_HELDOUT,policy_heldout,WITHOUT_ADAPTER,frozen_MLP,1027,main,2,1.0,0,16,216,1,9,0,0,0,0,0,0,0,0,0
TAO_TRAIN_GT_CONTROLLED_HELDOUT,policy_heldout,WITHOUT_ADAPTER,frozen_MLP,1027,main,4,1.0,0,16,216,1,9,0,0,0,0,0,0,0,0,0
TAO_TRAIN_GT_CONTROLLED_HELDOUT,policy_heldout,WITHOUT_ADAPTER,frozen_MLP,1027,main,8,1.0,0,16,216,1,9,0,0,0,0,0,0,0,0,0
TAO_TRAIN_GT_CONTROLLED_HELDOUT,policy_heldout,WITHOUT_ADAPTER,frozen_MLP,1027,main,16,1.0,0,16,219,1,9,0,0,0,0,0,0,0,0,0
TAO_TRAIN_GT_CONTROLLED_HELDOUT,policy_heldout,WITHOUT_ADAPTER,frozen_MLP,1027,seed1027,1,1.0,0,16,218,1,7,0,0,0,0,0,0,0,0,0
TAO_TRAIN_GT_CONTROLLED_HELDOUT,policy_heldout,WITHOUT_ADAPTER,frozen_MLP,1027,seed1027,2,1.0,0,16,218,1,7,0,0,0,0,0,0,0,0,0
TAO_TRAIN_GT_CONTROLLED_HELDOUT,policy_heldout,WITHOUT_ADAPTER,frozen_MLP,1027,seed1027,4,1.0,0,16,218,1,7,0,0,0,0,0,0,0,0,0
TAO_TRAIN_GT_CONTROLLED_HELDOUT,policy_heldout,WITHOUT_ADAPTER,frozen_MLP,1027,seed1027,8,1.0,0,16,218,1,7,0,0,0,0,0,0,0,0,0
TAO_TRAIN_GT_CONTROLLED_HELDOUT,policy_heldout,WITHOUT_ADAPTER,frozen_MLP,1027,seed1027,16,1.0,0,16,216,1,7,0,0,0,0,0,0,0,0,0
TAO_TRAIN_GT_CONTROLLED_HELDOUT,policy_heldout,WITHOUT_ADAPTER,frozen_MLP,1027,seed1028,1,1.0,0,16,219,1,7,0,0,0,0,0,0,0,0,0
TAO_TRAIN_GT_CONTROLLED_HELDOUT,policy_heldout,WITHOUT_ADAPTER,frozen_MLP,1027,seed1028,2,1.0,0,16,219,1,7,0,0,0,0,0,0,0,0,0
TAO_TRAIN_GT_CONTROLLED_HELDOUT,policy_heldout,WITHOUT_ADAPTER,frozen_MLP,1027,seed1028,4,1.0,0,16,219,1,7,0,0,0,0,0,0,0,0,0
TAO_TRAIN_GT_CONTROLLED_HELDOUT,policy_heldout,WITHOUT_ADAPTER,frozen_MLP,1027,seed1028,8,1.0,0,16,219,1,7,0,0,0,0,0,0,0,0,0
TAO_TRAIN_GT_CONTROLLED_HELDOUT,policy_heldout,WITHOUT_ADAPTER,frozen_MLP,1027,seed1028,16,1.0,0,16,219,1,7,0,0,0,0,0,0,0,0,0
TAO_TRAIN_GT_CONTROLLED_HELDOUT,policy_heldout,WITHOUT_ADAPTER,frozen_MLP,1027,seed1029,1,1.0,0,16,219,1,9,0,0,0,0,0,0,0,0,0
TAO_TRAIN_GT_CONTROLLED_HELDOUT,policy_heldout,WITHOUT_ADAPTER,frozen_MLP,1027,seed1029,2,1.0,0,16,219,1,9,0,0,0,0,0,0,0,0,0
TAO_TRAIN_GT_CONTROLLED_HELDOUT,policy_heldout,WITHOUT_ADAPTER,frozen_MLP,1027,seed1029,4,1.0,0,16,219,1,9,0,0,0,0,0,0,0,0,0
TAO_TRAIN_GT_CONTROLLED_HELDOUT,policy_heldout,WITHOUT_ADAPTER,frozen_MLP,1027,seed1029,8,1.0,0,16,219,1,9,0,0,0,0,0,0,0,0,0
TAO_TRAIN_GT_CONTROLLED_HELDOUT,policy_heldout,WITHOUT_ADAPTER,frozen_MLP,1027,seed1029,16,1.0,0,16,220,1,9,0,0,0,0,0,0,0,0,0
TAO_TRAIN_GT_CONTROLLED_HELDOUT,policy_heldout,WITHOUT_TEMPORAL,frozen_MLP,1027,main,1,0.5,0,16,216,1,9,0,0,0,0,0,0,0,0,0
TAO_TRAIN_GT_CONTROLLED_HELDOUT,policy_heldout,WITHOUT_TEMPORAL,frozen_MLP,1027,main,2,0.5,0,16,184,1,9,0,0,0,0,0,0,0,0,0
TAO_TRAIN_GT_CONTROLLED_HELDOUT,policy_heldout,WITHOUT_TEMPORAL,frozen_MLP,1027,main,4,0.5,0,16,184,1,9,0,0,0,0,0,0,0,0,0
TAO_TRAIN_GT_CONTROLLED_HELDOUT,policy_heldout,WITHOUT_TEMPORAL,frozen_MLP,1027,main,8,0.5,0,16,183,1,9,0,0,0,0,0,0,0,0,0
TAO_TRAIN_GT_CONTROLLED_HELDOUT,policy_heldout,WITHOUT_TEMPORAL,frozen_MLP,1027,main,16,0.5,0,16,183,1,9,0,0,0,0,0,0,0,0,0
TAO_TRAIN_GT_CONTROLLED_HELDOUT,policy_heldout,WITHOUT_TEMPORAL,frozen_MLP,1027,seed1027,1,0.5,0,16,217,1,7,0,0,0,0,0,0,0,0,0
TAO_TRAIN_GT_CONTROLLED_HELDOUT,policy_heldout,WITHOUT_TEMPORAL,frozen_MLP,1027,seed1027,2,0.5,0,16,217,1,7,0,0,0,0,0,0,0,0,0
TAO_TRAIN_GT_CONTROLLED_HELDOUT,policy_heldout,WITHOUT_TEMPORAL,frozen_MLP,1027,seed1027,4,0.5,0,16,212,1,7,0,0,0,0,0,0,0,0,0
TAO_TRAIN_GT_CONTROLLED_HELDOUT,policy_heldout,WITHOUT_TEMPORAL,frozen_MLP,1027,seed1027,8,0.5,0,16,209,1,7,0,0,0,0,0,0,0,0,0
TAO_TRAIN_GT_CONTROLLED_HELDOUT,policy_heldout,WITHOUT_TEMPORAL,frozen_MLP,1027,seed1027,16,0.5,0,16,163,1,5,0,0,0,0,0,2,0,0,0
TAO_TRAIN_GT_CONTROLLED_HELDOUT,policy_heldout,WITHOUT_TEMPORAL,frozen_MLP,1027,seed1028,1,0.5,0,16,218,1,7,0,0,0,0,0,0,0,0,0
TAO_TRAIN_GT_CONTROLLED_HELDOUT,policy_heldout,WITHOUT_TEMPORAL,frozen_MLP,1027,seed1028,2,0.5,0,16,213,1,7,0,0,0,0,0,0,0,0,0
TAO_TRAIN_GT_CONTROLLED_HELDOUT,policy_heldout,WITHOUT_TEMPORAL,frozen_MLP,1027,seed1028,4,0.5,0,16,187,1,7,0,0,0,0,0,0,0,0,0
TAO_TRAIN_GT_CONTROLLED_HELDOUT,policy_heldout,WITHOUT_TEMPORAL,frozen_MLP,1027,seed1028,8,0.5,0,16,213,1,7,0,0,0,0,0,0,0,0,0
TAO_TRAIN_GT_CONTROLLED_HELDOUT,policy_heldout,WITHOUT_TEMPORAL,frozen_MLP,1027,seed1028,16,0.5,0,16,187,1,7,0,0,0,0,0,0,0,0,0
TAO_TRAIN_GT_CONTROLLED_HELDOUT,policy_heldout,WITHOUT_TEMPORAL,frozen_MLP,1027,seed1029,1,0.5,0,16,219,1,9,0,0,0,0,0,0,0,0,0
TAO_TRAIN_GT_CONTROLLED_HELDOUT,policy_heldout,WITHOUT_TEMPORAL,frozen_MLP,1027,seed1029,2,0.5,0,16,219,1,9,0,0,0,0,0,0,0,0,0
TAO_TRAIN_GT_CONTROLLED_HELDOUT,policy_heldout,WITHOUT_TEMPORAL,frozen_MLP,1027,seed1029,4,0.5,0,16,189,1,9,0,0,0,0,0,0,0,0,0
TAO_TRAIN_GT_CONTROLLED_HELDOUT,policy_heldout,WITHOUT_TEMPORAL,frozen_MLP,1027,seed1029,8,0.5,0,16,207,1,9,0,0,0,0,0,0,0,0,0
TAO_TRAIN_GT_CONTROLLED_HELDOUT,policy_heldout,WITHOUT_TEMPORAL,frozen_MLP,1027,seed1029,16,0.5,0,16,177,1,9,0,0,0,0,0,0,0,0,0
TAO_TRAIN_GT_CONTROLLED_HELDOUT,policy_heldout,WITHOUT_TEMPORAL,frozen_MLP,1027,main,1,0.75,0,16,216,1,9,0,0,0,0,0,0,0,0,0
TAO_TRAIN_GT_CONTROLLED_HELDOUT,policy_heldout,WITHOUT_TEMPORAL,frozen_MLP,1027,main,2,0.75,0,16,184,1,9,0,0,0,0,0,0,0,0,0
TAO_TRAIN_GT_CONTROLLED_HELDOUT,policy_heldout,WITHOUT_TEMPORAL,frozen_MLP,1027,main,4,0.75,0,16,184,1,9,0,0,0,0,0,0,0,0,0
TAO_TRAIN_GT_CONTROLLED_HELDOUT,policy_heldout,WITHOUT_TEMPORAL,frozen_MLP,1027,main,8,0.75,0,16,183,1,9,0,0,0,0,0,0,0,0,0
TAO_TRAIN_GT_CONTROLLED_HELDOUT,policy_heldout,WITHOUT_TEMPORAL,frozen_MLP,1027,main,16,0.75,0,16,183,1,9,0,0,0,0,0,0,0,0,0
TAO_TRAIN_GT_CONTROLLED_HELDOUT,policy_heldout,WITHOUT_TEMPORAL,frozen_MLP,1027,seed1027,1,0.75,0,16,217,1,7,0,0,0,0,0,0,0,0,0
TAO_TRAIN_GT_CONTROLLED_HELDOUT,policy_heldout,WITHOUT_TEMPORAL,frozen_MLP,1027,seed1027,2,0.75,0,16,217,1,7,0,0,0,0,0,0,0,0,0
TAO_TRAIN_GT_CONTROLLED_HELDOUT,policy_heldout,WITHOUT_TEMPORAL,frozen_MLP,1027,seed1027,4,0.75,0,16,212,1,7,0,0,0,0,0,0,0,0,0
TAO_TRAIN_GT_CONTROLLED_HELDOUT,policy_heldout,WITHOUT_TEMPORAL,frozen_MLP,1027,seed1027,8,0.75,0,16,209,1,7,0,0,0,0,0,0,0,0,0
TAO_TRAIN_GT_CONTROLLED_HELDOUT,policy_heldout,WITHOUT_TEMPORAL,frozen_MLP,1027,seed1027,16,0.75,0,16,163,1,5,0,0,0,0,0,2,0,0,0
TAO_TRAIN_GT_CONTROLLED_HELDOUT,policy_heldout,WITHOUT_TEMPORAL,frozen_MLP,1027,seed1028,1,0.75,0,16,218,1,7,0,0,0,0,0,0,0,0,0
TAO_TRAIN_GT_CONTROLLED_HELDOUT,policy_heldout,WITHOUT_TEMPORAL,frozen_MLP,1027,seed1028,2,0.75,0,16,213,1,7,0,0,0,0,0,0,0,0,0
TAO_TRAIN_GT_CONTROLLED_HELDOUT,policy_heldout,WITHOUT_TEMPORAL,frozen_MLP,1027,seed1028,4,0.75,0,16,187,1,7,0,0,0,0,0,0,0,0,0
TAO_TRAIN_GT_CONTROLLED_HELDOUT,policy_heldout,WITHOUT_TEMPORAL,frozen_MLP,1027,seed1028,8,0.75,0,16,213,1,7,0,0,0,0,0,0,0,0,0
TAO_TRAIN_GT_CONTROLLED_HELDOUT,policy_heldout,WITHOUT_TEMPORAL,frozen_MLP,1027,seed1028,16,0.75,0,16,187,1,7,0,0,0,0,0,0,0,0,0
TAO_TRAIN_GT_CONTROLLED_HELDOUT,policy_heldout,WITHOUT_TEMPORAL,frozen_MLP,1027,seed1029,1,0.75,0,16,219,1,9,0,0,0,0,0,0,0,0,0
TAO_TRAIN_GT_CONTROLLED_HELDOUT,policy_heldout,WITHOUT_TEMPORAL,frozen_MLP,1027,seed1029,2,0.75,0,16,219,1,9,0,0,0,0,0,0,0,0,0
TAO_TRAIN_GT_CONTROLLED_HELDOUT,policy_heldout,WITHOUT_TEMPORAL,frozen_MLP,1027,seed1029,4,0.75,0,16,189,1,9,0,0,0,0,0,0,0,0,0
TAO_TRAIN_GT_CONTROLLED_HELDOUT,policy_heldout,WITHOUT_TEMPORAL,frozen_MLP,1027,seed1029,8,0.75,0,16,207,1,9,0,0,0,0,0,0,0,0,0
TAO_TRAIN_GT_CONTROLLED_HELDOUT,policy_heldout,WITHOUT_TEMPORAL,frozen_MLP,1027,seed1029,16,0.75,0,16,177,1,9,0,0,0,0,0,0,0,0,0
TAO_TRAIN_GT_CONTROLLED_HELDOUT,policy_heldout,WITHOUT_TEMPORAL,frozen_MLP,1027,main,1,1.0,0,16,216,1,9,0,0,0,0,0,0,0,0,0
TAO_TRAIN_GT_CONTROLLED_HELDOUT,policy_heldout,WITHOUT_TEMPORAL,frozen_MLP,1027,main,2,1.0,0,16,184,1,9,0,0,0,0,0,0,0,0,0
TAO_TRAIN_GT_CONTROLLED_HELDOUT,policy_heldout,WITHOUT_TEMPORAL,frozen_MLP,1027,main,4,1.0,0,16,184,1,9,0,0,0,0,0,0,0,0,0
TAO_TRAIN_GT_CONTROLLED_HELDOUT,policy_heldout,WITHOUT_TEMPORAL,frozen_MLP,1027,main,8,1.0,0,16,183,1,9,0,0,0,0,0,0,0,0,0
TAO_TRAIN_GT_CONTROLLED_HELDOUT,policy_heldout,WITHOUT_TEMPORAL,frozen_MLP,1027,main,16,1.0,0,16,183,1,9,0,0,0,0,0,0,0,0,0
TAO_TRAIN_GT_CONTROLLED_HELDOUT,policy_heldout,WITHOUT_TEMPORAL,frozen_MLP,1027,seed1027,1,1.0,0,16,217,1,7,0,0,0,0,0,0,0,0,0
TAO_TRAIN_GT_CONTROLLED_HELDOUT,policy_heldout,WITHOUT_TEMPORAL,frozen_MLP,1027,seed1027,2,1.0,0,16,217,1,7,0,0,0,0,0,0,0,0,0
TAO_TRAIN_GT_CONTROLLED_HELDOUT,policy_heldout,WITHOUT_TEMPORAL,frozen_MLP,1027,seed1027,4,1.0,0,16,212,1,7,0,0,0,0,0,0,0,0,0
TAO_TRAIN_GT_CONTROLLED_HELDOUT,policy_heldout,WITHOUT_TEMPORAL,frozen_MLP,1027,seed1027,8,1.0,0,16,209,1,7,0,0,0,0,0,0,0,0,0
TAO_TRAIN_GT_CONTROLLED_HELDOUT,policy_heldout,WITHOUT_TEMPORAL,frozen_MLP,1027,seed1027,16,1.0,0,16,163,1,5,0,0,0,0,0,2,0,0,0
TAO_TRAIN_GT_CONTROLLED_HELDOUT,policy_heldout,WITHOUT_TEMPORAL,frozen_MLP,1027,seed1028,1,1.0,0,16,218,1,7,0,0,0,0,0,0,0,0,0
TAO_TRAIN_GT_CONTROLLED_HELDOUT,policy_heldout,WITHOUT_TEMPORAL,frozen_MLP,1027,seed1028,2,1.0,0,16,213,1,7,0,0,0,0,0,0,0,0,0
TAO_TRAIN_GT_CONTROLLED_HELDOUT,policy_heldout,WITHOUT_TEMPORAL,frozen_MLP,1027,seed1028,4,1.0,0,16,187,1,7,0,0,0,0,0,0,0,0,0
TAO_TRAIN_GT_CONTROLLED_HELDOUT,policy_heldout,WITHOUT_TEMPORAL,frozen_MLP,1027,seed1028,8,1.0,0,16,213,1,7,0,0,0,0,0,0,0,0,0
TAO_TRAIN_GT_CONTROLLED_HELDOUT,policy_heldout,WITHOUT_TEMPORAL,frozen_MLP,1027,seed1028,16,1.0,0,16,187,1,7,0,0,0,0,0,0,0,0,0
TAO_TRAIN_GT_CONTROLLED_HELDOUT,policy_heldout,WITHOUT_TEMPORAL,frozen_MLP,1027,seed1029,1,1.0,0,16,219,1,9,0,0,0,0,0,0,0,0,0
TAO_TRAIN_GT_CONTROLLED_HELDOUT,policy_heldout,WITHOUT_TEMPORAL,frozen_MLP,1027,seed1029,2,1.0,0,16,219,1,9,0,0,0,0,0,0,0,0,0
TAO_TRAIN_GT_CONTROLLED_HELDOUT,policy_heldout,WITHOUT_TEMPORAL,frozen_MLP,1027,seed1029,4,1.0,0,16,189,1,9,0,0,0,0,0,0,0,0,0
TAO_TRAIN_GT_CONTROLLED_HELDOUT,policy_heldout,WITHOUT_TEMPORAL,frozen_MLP,1027,seed1029,8,1.0,0,16,207,1,9,0,0,0,0,0,0,0,0,0
TAO_TRAIN_GT_CONTROLLED_HELDOUT,policy_heldout,WITHOUT_TEMPORAL,frozen_MLP,1027,seed1029,16,1.0,0,16,177,1,9,0,0,0,0,0,0,0,0,0
TAO_TRAIN_GT_CONTROLLED_HELDOUT,policy_heldout,WITHOUT_RELIABILITY,frozen_MLP,1027,main,1,0.5,0,16,216,1,9,0,0,0,0,0,0,0,0,0
TAO_TRAIN_GT_CONTROLLED_HELDOUT,policy_heldout,WITHOUT_RELIABILITY,frozen_MLP,1027,main,2,0.5,0,16,184,1,9,0,0,0,0,0,0,0,0,0
TAO_TRAIN_GT_CONTROLLED_HELDOUT,policy_heldout,WITHOUT_RELIABILITY,frozen_MLP,1027,main,4,0.5,0,16,184,1,9,0,0,0,0,0,0,0,0,0
TAO_TRAIN_GT_CONTROLLED_HELDOUT,policy_heldout,WITHOUT_RELIABILITY,frozen_MLP,1027,main,8,0.5,0,16,183,1,9,0,0,0,0,0,0,0,0,0
TAO_TRAIN_GT_CONTROLLED_HELDOUT,policy_heldout,WITHOUT_RELIABILITY,frozen_MLP,1027,main,16,0.5,0,16,183,1,9,0,0,0,0,0,0,0,0,0
TAO_TRAIN_GT_CONTROLLED_HELDOUT,policy_heldout,WITHOUT_RELIABILITY,frozen_MLP,1027,seed1027,1,0.5,0,16,217,1,7,0,0,0,0,0,0,0,0,0
TAO_TRAIN_GT_CONTROLLED_HELDOUT,policy_heldout,WITHOUT_RELIABILITY,frozen_MLP,1027,seed1027,2,0.5,0,16,217,1,7,0,0,0,0,0,0,0,0,0
TAO_TRAIN_GT_CONTROLLED_HELDOUT,policy_heldout,WITHOUT_RELIABILITY,frozen_MLP,1027,seed1027,4,0.5,0,16,212,1,7,0,0,0,0,0,0,0,0,0
TAO_TRAIN_GT_CONTROLLED_HELDOUT,policy_heldout,WITHOUT_RELIABILITY,frozen_MLP,1027,seed1027,8,0.5,0,16,163,1,5,0,0,0,0,0,2,0,0,0
TAO_TRAIN_GT_CONTROLLED_HELDOUT,policy_heldout,WITHOUT_RELIABILITY,frozen_MLP,1027,seed1027,16,0.5,0,16,163,1,5,0,0,0,0,0,2,0,0,0
TAO_TRAIN_GT_CONTROLLED_HELDOUT,policy_heldout,WITHOUT_RELIABILITY,frozen_MLP,1027,seed1028,1,0.5,0,16,218,1,7,0,0,0,0,0,0,0,0,0
TAO_TRAIN_GT_CONTROLLED_HELDOUT,policy_heldout,WITHOUT_RELIABILITY,frozen_MLP,1027,seed1028,2,0.5,0,16,213,1,7,0,0,0,0,0,0,0,0,0
TAO_TRAIN_GT_CONTROLLED_HELDOUT,policy_heldout,WITHOUT_RELIABILITY,frozen_MLP,1027,seed1028,4,0.5,0,16,187,1,7,0,0,0,0,0,0,0,0,0
TAO_TRAIN_GT_CONTROLLED_HELDOUT,policy_heldout,WITHOUT_RELIABILITY,frozen_MLP,1027,seed1028,8,0.5,0,16,187,1,7,0,0,0,0,0,0,0,0,0
TAO_TRAIN_GT_CONTROLLED_HELDOUT,policy_heldout,WITHOUT_RELIABILITY,frozen_MLP,1027,seed1028,16,0.5,0,16,187,1,7,0,0,0,0,0,0,0,0,0
TAO_TRAIN_GT_CONTROLLED_HELDOUT,policy_heldout,WITHOUT_RELIABILITY,frozen_MLP,1027,seed1029,1,0.5,0,16,219,1,9,0,0,0,0,0,0,0,0,0
TAO_TRAIN_GT_CONTROLLED_HELDOUT,policy_heldout,WITHOUT_RELIABILITY,frozen_MLP,1027,seed1029,2,0.5,0,16,219,1,9,0,0,0,0,0,0,0,0,0
TAO_TRAIN_GT_CONTROLLED_HELDOUT,policy_heldout,WITHOUT_RELIABILITY,frozen_MLP,1027,seed1029,4,0.5,0,16,189,1,9,0,0,0,0,0,0,0,0,0
TAO_TRAIN_GT_CONTROLLED_HELDOUT,policy_heldout,WITHOUT_RELIABILITY,frozen_MLP,1027,seed1029,8,0.5,0,16,189,1,9,0,0,0,0,0,0,0,0,0
TAO_TRAIN_GT_CONTROLLED_HELDOUT,policy_heldout,WITHOUT_RELIABILITY,frozen_MLP,1027,seed1029,16,0.5,0,16,120,1,8,0,0,0,0,0,1,0,0,0
TAO_TRAIN_GT_CONTROLLED_HELDOUT,policy_heldout,WITHOUT_RELIABILITY,frozen_MLP,1027,main,1,0.75,0,16,216,1,9,0,0,0,0,0,0,0,0,0
TAO_TRAIN_GT_CONTROLLED_HELDOUT,policy_heldout,WITHOUT_RELIABILITY,frozen_MLP,1027,main,2,0.75,0,16,184,1,9,0,0,0,0,0,0,0,0,0
TAO_TRAIN_GT_CONTROLLED_HELDOUT,policy_heldout,WITHOUT_RELIABILITY,frozen_MLP,1027,main,4,0.75,0,16,184,1,9,0,0,0,0,0,0,0,0,0
TAO_TRAIN_GT_CONTROLLED_HELDOUT,policy_heldout,WITHOUT_RELIABILITY,frozen_MLP,1027,main,8,0.75,0,16,183,1,9,0,0,0,0,0,0,0,0,0
TAO_TRAIN_GT_CONTROLLED_HELDOUT,policy_heldout,WITHOUT_RELIABILITY,frozen_MLP,1027,main,16,0.75,0,16,183,1,9,0,0,0,0,0,0,0,0,0
TAO_TRAIN_GT_CONTROLLED_HELDOUT,policy_heldout,WITHOUT_RELIABILITY,frozen_MLP,1027,seed1027,1,0.75,0,16,217,1,7,0,0,0,0,0,0,0,0,0
TAO_TRAIN_GT_CONTROLLED_HELDOUT,policy_heldout,WITHOUT_RELIABILITY,frozen_MLP,1027,seed1027,2,0.75,0,16,217,1,7,0,0,0,0,0,0,0,0,0
TAO_TRAIN_GT_CONTROLLED_HELDOUT,policy_heldout,WITHOUT_RELIABILITY,frozen_MLP,1027,seed1027,4,0.75,0,16,212,1,7,0,0,0,0,0,0,0,0,0
TAO_TRAIN_GT_CONTROLLED_HELDOUT,policy_heldout,WITHOUT_RELIABILITY,frozen_MLP,1027,seed1027,8,0.75,0,16,163,1,5,0,0,0,0,0,2,0,0,0
TAO_TRAIN_GT_CONTROLLED_HELDOUT,policy_heldout,WITHOUT_RELIABILITY,frozen_MLP,1027,seed1027,16,0.75,0,16,163,1,5,0,0,0,0,0,2,0,0,0
TAO_TRAIN_GT_CONTROLLED_HELDOUT,policy_heldout,WITHOUT_RELIABILITY,frozen_MLP,1027,seed1028,1,0.75,0,16,218,1,7,0,0,0,0,0,0,0,0,0
TAO_TRAIN_GT_CONTROLLED_HELDOUT,policy_heldout,WITHOUT_RELIABILITY,frozen_MLP,1027,seed1028,2,0.75,0,16,213,1,7,0,0,0,0,0,0,0,0,0
TAO_TRAIN_GT_CONTROLLED_HELDOUT,policy_heldout,WITHOUT_RELIABILITY,frozen_MLP,1027,seed1028,4,0.75,0,16,187,1,7,0,0,0,0,0,0,0,0,0
TAO_TRAIN_GT_CONTROLLED_HELDOUT,policy_heldout,WITHOUT_RELIABILITY,frozen_MLP,1027,seed1028,8,0.75,0,16,187,1,7,0,0,0,0,0,0,0,0,0
TAO_TRAIN_GT_CONTROLLED_HELDOUT,policy_heldout,WITHOUT_RELIABILITY,frozen_MLP,1027,seed1028,16,0.75,0,16,187,1,7,0,0,0,0,0,0,0,0,0
TAO_TRAIN_GT_CONTROLLED_HELDOUT,policy_heldout,WITHOUT_RELIABILITY,frozen_MLP,1027,seed1029,1,0.75,0,16,219,1,9,0,0,0,0,0,0,0,0,0
TAO_TRAIN_GT_CONTROLLED_HELDOUT,policy_heldout,WITHOUT_RELIABILITY,frozen_MLP,1027,seed1029,2,0.75,0,16,219,1,9,0,0,0,0,0,0,0,0,0
TAO_TRAIN_GT_CONTROLLED_HELDOUT,policy_heldout,WITHOUT_RELIABILITY,frozen_MLP,1027,seed1029,4,0.75,0,16,189,1,9,0,0,0,0,0,0,0,0,0
TAO_TRAIN_GT_CONTROLLED_HELDOUT,policy_heldout,WITHOUT_RELIABILITY,frozen_MLP,1027,seed1029,8,0.75,0,16,189,1,9,0,0,0,0,0,0,0,0,0
TAO_TRAIN_GT_CONTROLLED_HELDOUT,policy_heldout,WITHOUT_RELIABILITY,frozen_MLP,1027,seed1029,16,0.75,0,16,120,1,8,0,0,0,0,0,1,0,0,0
TAO_TRAIN_GT_CONTROLLED_HELDOUT,policy_heldout,WITHOUT_RELIABILITY,frozen_MLP,1027,main,1,1.0,0,16,216,1,9,0,0,0,0,0,0,0,0,0
TAO_TRAIN_GT_CONTROLLED_HELDOUT,policy_heldout,WITHOUT_RELIABILITY,frozen_MLP,1027,main,2,1.0,0,16,184,1,9,0,0,0,0,0,0,0,0,0
TAO_TRAIN_GT_CONTROLLED_HELDOUT,policy_heldout,WITHOUT_RELIABILITY,frozen_MLP,1027,main,4,1.0,0,16,184,1,9,0,0,0,0,0,0,0,0,0
TAO_TRAIN_GT_CONTROLLED_HELDOUT,policy_heldout,WITHOUT_RELIABILITY,frozen_MLP,1027,main,8,1.0,0,16,183,1,9,0,0,0,0,0,0,0,0,0
TAO_TRAIN_GT_CONTROLLED_HELDOUT,policy_heldout,WITHOUT_RELIABILITY,frozen_MLP,1027,main,16,1.0,0,16,183,1,9,0,0,0,0,0,0,0,0,0
TAO_TRAIN_GT_CONTROLLED_HELDOUT,policy_heldout,WITHOUT_RELIABILITY,frozen_MLP,1027,seed1027,1,1.0,0,16,217,1,7,0,0,0,0,0,0,0,0,0
TAO_TRAIN_GT_CONTROLLED_HELDOUT,policy_heldout,WITHOUT_RELIABILITY,frozen_MLP,1027,seed1027,2,1.0,0,16,217,1,7,0,0,0,0,0,0,0,0,0
TAO_TRAIN_GT_CONTROLLED_HELDOUT,policy_heldout,WITHOUT_RELIABILITY,frozen_MLP,1027,seed1027,4,1.0,0,16,212,1,7,0,0,0,0,0,0,0,0,0
TAO_TRAIN_GT_CONTROLLED_HELDOUT,policy_heldout,WITHOUT_RELIABILITY,frozen_MLP,1027,seed1027,8,1.0,0,16,163,1,5,0,0,0,0,0,2,0,0,0
TAO_TRAIN_GT_CONTROLLED_HELDOUT,policy_heldout,WITHOUT_RELIABILITY,frozen_MLP,1027,seed1027,16,1.0,0,16,163,1,5,0,0,0,0,0,2,0,0,0
TAO_TRAIN_GT_CONTROLLED_HELDOUT,policy_heldout,WITHOUT_RELIABILITY,frozen_MLP,1027,seed1028,1,1.0,0,16,218,1,7,0,0,0,0,0,0,0,0,0
TAO_TRAIN_GT_CONTROLLED_HELDOUT,policy_heldout,WITHOUT_RELIABILITY,frozen_MLP,1027,seed1028,2,1.0,0,16,213,1,7,0,0,0,0,0,0,0,0,0
TAO_TRAIN_GT_CONTROLLED_HELDOUT,policy_heldout,WITHOUT_RELIABILITY,frozen_MLP,1027,seed1028,4,1.0,0,16,187,1,7,0,0,0,0,0,0,0,0,0
TAO_TRAIN_GT_CONTROLLED_HELDOUT,policy_heldout,WITHOUT_RELIABILITY,frozen_MLP,1027,seed1028,8,1.0,0,16,187,1,7,0,0,0,0,0,0,0,0,0
TAO_TRAIN_GT_CONTROLLED_HELDOUT,policy_heldout,WITHOUT_RELIABILITY,frozen_MLP,1027,seed1028,16,1.0,0,16,187,1,7,0,0,0,0,0,0,0,0,0
TAO_TRAIN_GT_CONTROLLED_HELDOUT,policy_heldout,WITHOUT_RELIABILITY,frozen_MLP,1027,seed1029,1,1.0,0,16,219,1,9,0,0,0,0,0,0,0,0,0
TAO_TRAIN_GT_CONTROLLED_HELDOUT,policy_heldout,WITHOUT_RELIABILITY,frozen_MLP,1027,seed1029,2,1.0,0,16,219,1,9,0,0,0,0,0,0,0,0,0
TAO_TRAIN_GT_CONTROLLED_HELDOUT,policy_heldout,WITHOUT_RELIABILITY,frozen_MLP,1027,seed1029,4,1.0,0,16,189,1,9,0,0,0,0,0,0,0,0,0
TAO_TRAIN_GT_CONTROLLED_HELDOUT,policy_heldout,WITHOUT_RELIABILITY,frozen_MLP,1027,seed1029,8,1.0,0,16,189,1,9,0,0,0,0,0,0,0,0,0
TAO_TRAIN_GT_CONTROLLED_HELDOUT,policy_heldout,WITHOUT_RELIABILITY,frozen_MLP,1027,seed1029,16,1.0,0,16,120,1,8,0,0,0,0,0,1,0,0,0
TAO_TRAIN_GT_CONTROLLED_HELDOUT,policy_heldout,WITHOUT_WAIT,frozen_MLP,1027,main,1,0.5,0,16,216,1,9,0,0,0,0,0,0,0,0,0
TAO_TRAIN_GT_CONTROLLED_HELDOUT,policy_heldout,WITHOUT_WAIT,frozen_MLP,1027,main,2,0.5,0,16,216,1,9,0,0,0,0,0,0,0,0,0
TAO_TRAIN_GT_CONTROLLED_HELDOUT,policy_heldout,WITHOUT_WAIT,frozen_MLP,1027,main,4,0.5,0,16,216,1,9,0,0,0,0,0,0,0,0,0
TAO_TRAIN_GT_CONTROLLED_HELDOUT,policy_heldout,WITHOUT_WAIT,frozen_MLP,1027,main,8,0.5,0,16,216,1,9,0,0,0,0,0,0,0,0,0
TAO_TRAIN_GT_CONTROLLED_HELDOUT,policy_heldout,WITHOUT_WAIT,frozen_MLP,1027,main,16,0.5,0,16,219,1,9,0,0,0,0,0,0,0,0,0
TAO_TRAIN_GT_CONTROLLED_HELDOUT,policy_heldout,WITHOUT_WAIT,frozen_MLP,1027,seed1027,1,0.5,0,16,218,1,7,0,0,0,0,0,0,0,0,0
TAO_TRAIN_GT_CONTROLLED_HELDOUT,policy_heldout,WITHOUT_WAIT,frozen_MLP,1027,seed1027,2,0.5,0,16,218,1,7,0,0,0,0,0,0,0,0,0
TAO_TRAIN_GT_CONTROLLED_HELDOUT,policy_heldout,WITHOUT_WAIT,frozen_MLP,1027,seed1027,4,0.5,0,16,218,1,7,0,0,0,0,0,0,0,0,0
TAO_TRAIN_GT_CONTROLLED_HELDOUT,policy_heldout,WITHOUT_WAIT,frozen_MLP,1027,seed1027,8,0.5,0,16,218,1,7,0,0,0,0,0,0,0,0,0
TAO_TRAIN_GT_CONTROLLED_HELDOUT,policy_heldout,WITHOUT_WAIT,frozen_MLP,1027,seed1027,16,0.5,0,16,216,1,7,0,0,0,0,0,0,0,0,0
TAO_TRAIN_GT_CONTROLLED_HELDOUT,policy_heldout,WITHOUT_WAIT,frozen_MLP,1027,seed1028,1,0.5,0,16,219,1,7,0,0,0,0,0,0,0,0,0
TAO_TRAIN_GT_CONTROLLED_HELDOUT,policy_heldout,WITHOUT_WAIT,frozen_MLP,1027,seed1028,2,0.5,0,16,219,1,7,0,0,0,0,0,0,0,0,0
TAO_TRAIN_GT_CONTROLLED_HELDOUT,policy_heldout,WITHOUT_WAIT,frozen_MLP,1027,seed1028,4,0.5,0,16,219,1,7,0,0,0,0,0,0,0,0,0
TAO_TRAIN_GT_CONTROLLED_HELDOUT,policy_heldout,WITHOUT_WAIT,frozen_MLP,1027,seed1028,8,0.5,0,16,219,1,7,0,0,0,0,0,0,0,0,0
TAO_TRAIN_GT_CONTROLLED_HELDOUT,policy_heldout,WITHOUT_WAIT,frozen_MLP,1027,seed1028,16,0.5,0,16,219,1,7,0,0,0,0,0,0,0,0,0
TAO_TRAIN_GT_CONTROLLED_HELDOUT,policy_heldout,WITHOUT_WAIT,frozen_MLP,1027,seed1029,1,0.5,0,16,219,1,9,0,0,0,0,0,0,0,0,0
TAO_TRAIN_GT_CONTROLLED_HELDOUT,policy_heldout,WITHOUT_WAIT,frozen_MLP,1027,seed1029,2,0.5,0,16,219,1,9,0,0,0,0,0,0,0,0,0
TAO_TRAIN_GT_CONTROLLED_HELDOUT,policy_heldout,WITHOUT_WAIT,frozen_MLP,1027,seed1029,4,0.5,0,16,219,1,9,0,0,0,0,0,0,0,0,0
TAO_TRAIN_GT_CONTROLLED_HELDOUT,policy_heldout,WITHOUT_WAIT,frozen_MLP,1027,seed1029,8,0.5,0,16,219,1,9,0,0,0,0,0,0,0,0,0
TAO_TRAIN_GT_CONTROLLED_HELDOUT,policy_heldout,WITHOUT_WAIT,frozen_MLP,1027,seed1029,16,0.5,0,16,220,1,9,0,0,0,0,0,0,0,0,0
TAO_TRAIN_GT_CONTROLLED_HELDOUT,policy_heldout,WITHOUT_WAIT,frozen_MLP,1027,main,1,0.75,0,16,216,1,9,0,0,0,0,0,0,0,0,0
TAO_TRAIN_GT_CONTROLLED_HELDOUT,policy_heldout,WITHOUT_WAIT,frozen_MLP,1027,main,2,0.75,0,16,216,1,9,0,0,0,0,0,0,0,0,0
TAO_TRAIN_GT_CONTROLLED_HELDOUT,policy_heldout,WITHOUT_WAIT,frozen_MLP,1027,main,4,0.75,0,16,216,1,9,0,0,0,0,0,0,0,0,0
TAO_TRAIN_GT_CONTROLLED_HELDOUT,policy_heldout,WITHOUT_WAIT,frozen_MLP,1027,main,8,0.75,0,16,216,1,9,0,0,0,0,0,0,0,0,0
TAO_TRAIN_GT_CONTROLLED_HELDOUT,policy_heldout,WITHOUT_WAIT,frozen_MLP,1027,main,16,0.75,0,16,219,1,9,0,0,0,0,0,0,0,0,0
TAO_TRAIN_GT_CONTROLLED_HELDOUT,policy_heldout,WITHOUT_WAIT,frozen_MLP,1027,seed1027,1,0.75,0,16,218,1,7,0,0,0,0,0,0,0,0,0
TAO_TRAIN_GT_CONTROLLED_HELDOUT,policy_heldout,WITHOUT_WAIT,frozen_MLP,1027,seed1027,2,0.75,0,16,218,1,7,0,0,0,0,0,0,0,0,0
TAO_TRAIN_GT_CONTROLLED_HELDOUT,policy_heldout,WITHOUT_WAIT,frozen_MLP,1027,seed1027,4,0.75,0,16,218,1,7,0,0,0,0,0,0,0,0,0
TAO_TRAIN_GT_CONTROLLED_HELDOUT,policy_heldout,WITHOUT_WAIT,frozen_MLP,1027,seed1027,8,0.75,0,16,218,1,7,0,0,0,0,0,0,0,0,0
TAO_TRAIN_GT_CONTROLLED_HELDOUT,policy_heldout,WITHOUT_WAIT,frozen_MLP,1027,seed1027,16,0.75,0,16,216,1,7,0,0,0,0,0,0,0,0,0
TAO_TRAIN_GT_CONTROLLED_HELDOUT,policy_heldout,WITHOUT_WAIT,frozen_MLP,1027,seed1028,1,0.75,0,16,219,1,7,0,0,0,0,0,0,0,0,0
TAO_TRAIN_GT_CONTROLLED_HELDOUT,policy_heldout,WITHOUT_WAIT,frozen_MLP,1027,seed1028,2,0.75,0,16,219,1,7,0,0,0,0,0,0,0,0,0
TAO_TRAIN_GT_CONTROLLED_HELDOUT,policy_heldout,WITHOUT_WAIT,frozen_MLP,1027,seed1028,4,0.75,0,16,219,1,7,0,0,0,0,0,0,0,0,0
TAO_TRAIN_GT_CONTROLLED_HELDOUT,policy_heldout,WITHOUT_WAIT,frozen_MLP,1027,seed1028,8,0.75,0,16,219,1,7,0,0,0,0,0,0,0,0,0
TAO_TRAIN_GT_CONTROLLED_HELDOUT,policy_heldout,WITHOUT_WAIT,frozen_MLP,1027,seed1028,16,0.75,0,16,219,1,7,0,0,0,0,0,0,0,0,0
TAO_TRAIN_GT_CONTROLLED_HELDOUT,policy_heldout,WITHOUT_WAIT,frozen_MLP,1027,seed1029,1,0.75,0,16,219,1,9,0,0,0,0,0,0,0,0,0
TAO_TRAIN_GT_CONTROLLED_HELDOUT,policy_heldout,WITHOUT_WAIT,frozen_MLP,1027,seed1029,2,0.75,0,16,219,1,9,0,0,0,0,0,0,0,0,0
TAO_TRAIN_GT_CONTROLLED_HELDOUT,policy_heldout,WITHOUT_WAIT,frozen_MLP,1027,seed1029,4,0.75,0,16,219,1,9,0,0,0,0,0,0,0,0,0
TAO_TRAIN_GT_CONTROLLED_HELDOUT,policy_heldout,WITHOUT_WAIT,frozen_MLP,1027,seed1029,8,0.75,0,16,219,1,9,0,0,0,0,0,0,0,0,0
TAO_TRAIN_GT_CONTROLLED_HELDOUT,policy_heldout,WITHOUT_WAIT,frozen_MLP,1027,seed1029,16,0.75,0,16,220,1,9,0,0,0,0,0,0,0,0,0
TAO_TRAIN_GT_CONTROLLED_HELDOUT,policy_heldout,WITHOUT_WAIT,frozen_MLP,1027,main,1,1.0,0,16,216,1,9,0,0,0,0,0,0,0,0,0
TAO_TRAIN_GT_CONTROLLED_HELDOUT,policy_heldout,WITHOUT_WAIT,frozen_MLP,1027,main,2,1.0,0,16,216,1,9,0,0,0,0,0,0,0,0,0
TAO_TRAIN_GT_CONTROLLED_HELDOUT,policy_heldout,WITHOUT_WAIT,frozen_MLP,1027,main,4,1.0,0,16,216,1,9,0,0,0,0,0,0,0,0,0
TAO_TRAIN_GT_CONTROLLED_HELDOUT,policy_heldout,WITHOUT_WAIT,frozen_MLP,1027,main,8,1.0,0,16,216,1,9,0,0,0,0,0,0,0,0,0
TAO_TRAIN_GT_CONTROLLED_HELDOUT,policy_heldout,WITHOUT_WAIT,frozen_MLP,1027,main,16,1.0,0,16,219,1,9,0,0,0,0,0,0,0,0,0
TAO_TRAIN_GT_CONTROLLED_HELDOUT,policy_heldout,WITHOUT_WAIT,frozen_MLP,1027,seed1027,1,1.0,0,16,218,1,7,0,0,0,0,0,0,0,0,0
TAO_TRAIN_GT_CONTROLLED_HELDOUT,policy_heldout,WITHOUT_WAIT,frozen_MLP,1027,seed1027,2,1.0,0,16,218,1,7,0,0,0,0,0,0,0,0,0
TAO_TRAIN_GT_CONTROLLED_HELDOUT,policy_heldout,WITHOUT_WAIT,frozen_MLP,1027,seed1027,4,1.0,0,16,218,1,7,0,0,0,0,0,0,0,0,0
TAO_TRAIN_GT_CONTROLLED_HELDOUT,policy_heldout,WITHOUT_WAIT,frozen_MLP,1027,seed1027,8,1.0,0,16,218,1,7,0,0,0,0,0,0,0,0,0
TAO_TRAIN_GT_CONTROLLED_HELDOUT,policy_heldout,WITHOUT_WAIT,frozen_MLP,1027,seed1027,16,1.0,0,16,216,1,7,0,0,0,0,0,0,0,0,0
TAO_TRAIN_GT_CONTROLLED_HELDOUT,policy_heldout,WITHOUT_WAIT,frozen_MLP,1027,seed1028,1,1.0,0,16,219,1,7,0,0,0,0,0,0,0,0,0
TAO_TRAIN_GT_CONTROLLED_HELDOUT,policy_heldout,WITHOUT_WAIT,frozen_MLP,1027,seed1028,2,1.0,0,16,219,1,7,0,0,0,0,0,0,0,0,0
TAO_TRAIN_GT_CONTROLLED_HELDOUT,policy_heldout,WITHOUT_WAIT,frozen_MLP,1027,seed1028,4,1.0,0,16,219,1,7,0,0,0,0,0,0,0,0,0
TAO_TRAIN_GT_CONTROLLED_HELDOUT,policy_heldout,WITHOUT_WAIT,frozen_MLP,1027,seed1028,8,1.0,0,16,219,1,7,0,0,0,0,0,0,0,0,0
TAO_TRAIN_GT_CONTROLLED_HELDOUT,policy_heldout,WITHOUT_WAIT,frozen_MLP,1027,seed1028,16,1.0,0,16,219,1,7,0,0,0,0,0,0,0,0,0
TAO_TRAIN_GT_CONTROLLED_HELDOUT,policy_heldout,WITHOUT_WAIT,frozen_MLP,1027,seed1029,1,1.0,0,16,219,1,9,0,0,0,0,0,0,0,0,0
TAO_TRAIN_GT_CONTROLLED_HELDOUT,policy_heldout,WITHOUT_WAIT,frozen_MLP,1027,seed1029,2,1.0,0,16,219,1,9,0,0,0,0,0,0,0,0,0
TAO_TRAIN_GT_CONTROLLED_HELDOUT,policy_heldout,WITHOUT_WAIT,frozen_MLP,1027,seed1029,4,1.0,0,16,219,1,9,0,0,0,0,0,0,0,0,0
TAO_TRAIN_GT_CONTROLLED_HELDOUT,policy_heldout,WITHOUT_WAIT,frozen_MLP,1027,seed1029,8,1.0,0,16,219,1,9,0,0,0,0,0,0,0,0,0
TAO_TRAIN_GT_CONTROLLED_HELDOUT,policy_heldout,WITHOUT_WAIT,frozen_MLP,1027,seed1029,16,1.0,0,16,220,1,9,0,0,0,0,0,0,0,0,0
TAO_TRAIN_GT_CONTROLLED_HELDOUT,policy_heldout,WITHOUT_MEMORY,frozen_MLP,1027,main,1,0.5,0,16,0,0,0,9,0,0,0,0,0,0,0,0
TAO_TRAIN_GT_CONTROLLED_HELDOUT,policy_heldout,WITHOUT_MEMORY,frozen_MLP,1027,main,2,0.5,0,16,0,0,0,5,0,0,0,0,4,0,0,0
TAO_TRAIN_GT_CONTROLLED_HELDOUT,policy_heldout,WITHOUT_MEMORY,frozen_MLP,1027,main,4,0.5,0,16,0,0,0,4,0,0,0,0,5,0,0,0
TAO_TRAIN_GT_CONTROLLED_HELDOUT,policy_heldout,WITHOUT_MEMORY,frozen_MLP,1027,main,8,0.5,0,16,0,0,0,2,0,0,0,0,7,0,0,0
TAO_TRAIN_GT_CONTROLLED_HELDOUT,policy_heldout,WITHOUT_MEMORY,frozen_MLP,1027,main,16,0.5,0,16,0,0,0,2,0,0,0,0,7,0,0,0
TAO_TRAIN_GT_CONTROLLED_HELDOUT,policy_heldout,WITHOUT_MEMORY,frozen_MLP,1027,seed1027,1,0.5,0,16,0,0,0,4,0,0,0,0,3,0,0,0
TAO_TRAIN_GT_CONTROLLED_HELDOUT,policy_heldout,WITHOUT_MEMORY,frozen_MLP,1027,seed1027,2,0.5,0,16,0,0,0,2,0,0,0,0,5,0,0,0
TAO_TRAIN_GT_CONTROLLED_HELDOUT,policy_heldout,WITHOUT_MEMORY,frozen_MLP,1027,seed1027,4,0.5,0,16,0,0,0,2,0,0,0,0,5,0,0,0
TAO_TRAIN_GT_CONTROLLED_HELDOUT,policy_heldout,WITHOUT_MEMORY,frozen_MLP,1027,seed1027,8,0.5,0,16,0,0,0,1,0,0,0,0,6,0,0,0
TAO_TRAIN_GT_CONTROLLED_HELDOUT,policy_heldout,WITHOUT_MEMORY,frozen_MLP,1027,seed1027,16,0.5,0,16,0,0,0,1,0,0,0,0,6,0,0,0
TAO_TRAIN_GT_CONTROLLED_HELDOUT,policy_heldout,WITHOUT_MEMORY,frozen_MLP,1027,seed1028,1,0.5,0,16,0,0,0,5,0,0,0,0,2,0,0,0
TAO_TRAIN_GT_CONTROLLED_HELDOUT,policy_heldout,WITHOUT_MEMORY,frozen_MLP,1027,seed1028,2,0.5,0,16,0,0,0,1,0,0,0,0,6,0,0,0
TAO_TRAIN_GT_CONTROLLED_HELDOUT,policy_heldout,WITHOUT_MEMORY,frozen_MLP,1027,seed1028,4,0.5,0,16,0,0,0,1,0,0,0,0,6,0,0,0
TAO_TRAIN_GT_CONTROLLED_HELDOUT,policy_heldout,WITHOUT_MEMORY,frozen_MLP,1027,seed1028,8,0.5,0,16,0,0,0,1,0,0,0,0,6,0,0,0
TAO_TRAIN_GT_CONTROLLED_HELDOUT,policy_heldout,WITHOUT_MEMORY,frozen_MLP,1027,seed1028,16,0.5,0,16,0,0,0,1,0,0,0,0,6,0,0,0
TAO_TRAIN_GT_CONTROLLED_HELDOUT,policy_heldout,WITHOUT_MEMORY,frozen_MLP,1027,seed1029,1,0.5,0,16,0,0,0,9,0,0,0,0,0,0,0,0
TAO_TRAIN_GT_CONTROLLED_HELDOUT,policy_heldout,WITHOUT_MEMORY,frozen_MLP,1027,seed1029,2,0.5,0,16,0,0,0,6,0,0,0,0,3,0,0,0
TAO_TRAIN_GT_CONTROLLED_HELDOUT,policy_heldout,WITHOUT_MEMORY,frozen_MLP,1027,seed1029,4,0.5,0,16,0,0,0,5,0,0,0,0,4,0,0,0
TAO_TRAIN_GT_CONTROLLED_HELDOUT,policy_heldout,WITHOUT_MEMORY,frozen_MLP,1027,seed1029,8,0.5,0,16,0,0,0,2,0,0,0,0,7,0,0,0
TAO_TRAIN_GT_CONTROLLED_HELDOUT,policy_heldout,WITHOUT_MEMORY,frozen_MLP,1027,seed1029,16,0.5,0,16,0,0,0,2,0,0,0,0,7,0,0,0
TAO_TRAIN_GT_CONTROLLED_HELDOUT,policy_heldout,WITHOUT_MEMORY,frozen_MLP,1027,main,1,0.75,0,16,0,0,0,9,0,0,0,0,0,0,0,0
TAO_TRAIN_GT_CONTROLLED_HELDOUT,policy_heldout,WITHOUT_MEMORY,frozen_MLP,1027,main,2,0.75,0,16,0,0,0,5,0,0,0,0,4,0,0,0
TAO_TRAIN_GT_CONTROLLED_HELDOUT,policy_heldout,WITHOUT_MEMORY,frozen_MLP,1027,main,4,0.75,0,16,0,0,0,4,0,0,0,0,5,0,0,0
TAO_TRAIN_GT_CONTROLLED_HELDOUT,policy_heldout,WITHOUT_MEMORY,frozen_MLP,1027,main,8,0.75,0,16,0,0,0,2,0,0,0,0,7,0,0,0
TAO_TRAIN_GT_CONTROLLED_HELDOUT,policy_heldout,WITHOUT_MEMORY,frozen_MLP,1027,main,16,0.75,0,16,0,0,0,2,0,0,0,0,7,0,0,0
TAO_TRAIN_GT_CONTROLLED_HELDOUT,policy_heldout,WITHOUT_MEMORY,frozen_MLP,1027,seed1027,1,0.75,0,16,0,0,0,4,0,0,0,0,3,0,0,0
TAO_TRAIN_GT_CONTROLLED_HELDOUT,policy_heldout,WITHOUT_MEMORY,frozen_MLP,1027,seed1027,2,0.75,0,16,0,0,0,2,0,0,0,0,5,0,0,0
TAO_TRAIN_GT_CONTROLLED_HELDOUT,policy_heldout,WITHOUT_MEMORY,frozen_MLP,1027,seed1027,4,0.75,0,16,0,0,0,2,0,0,0,0,5,0,0,0
TAO_TRAIN_GT_CONTROLLED_HELDOUT,policy_heldout,WITHOUT_MEMORY,frozen_MLP,1027,seed1027,8,0.75,0,16,0,0,0,1,0,0,0,0,6,0,0,0
TAO_TRAIN_GT_CONTROLLED_HELDOUT,policy_heldout,WITHOUT_MEMORY,frozen_MLP,1027,seed1027,16,0.75,0,16,0,0,0,1,0,0,0,0,6,0,0,0
TAO_TRAIN_GT_CONTROLLED_HELDOUT,policy_heldout,WITHOUT_MEMORY,frozen_MLP,1027,seed1028,1,0.75,0,16,0,0,0,5,0,0,0,0,2,0,0,0
TAO_TRAIN_GT_CONTROLLED_HELDOUT,policy_heldout,WITHOUT_MEMORY,frozen_MLP,1027,seed1028,2,0.75,0,16,0,0,0,1,0,0,0,0,6,0,0,0
TAO_TRAIN_GT_CONTROLLED_HELDOUT,policy_heldout,WITHOUT_MEMORY,frozen_MLP,1027,seed1028,4,0.75,0,16,0,0,0,1,0,0,0,0,6,0,0,0
TAO_TRAIN_GT_CONTROLLED_HELDOUT,policy_heldout,WITHOUT_MEMORY,frozen_MLP,1027,seed1028,8,0.75,0,16,0,0,0,1,0,0,0,0,6,0,0,0
TAO_TRAIN_GT_CONTROLLED_HELDOUT,policy_heldout,WITHOUT_MEMORY,frozen_MLP,1027,seed1028,16,0.75,0,16,0,0,0,1,0,0,0,0,6,0,0,0
TAO_TRAIN_GT_CONTROLLED_HELDOUT,policy_heldout,WITHOUT_MEMORY,frozen_MLP,1027,seed1029,1,0.75,0,16,0,0,0,9,0,0,0,0,0,0,0,0
TAO_TRAIN_GT_CONTROLLED_HELDOUT,policy_heldout,WITHOUT_MEMORY,frozen_MLP,1027,seed1029,2,0.75,0,16,0,0,0,6,0,0,0,0,3,0,0,0
TAO_TRAIN_GT_CONTROLLED_HELDOUT,policy_heldout,WITHOUT_MEMORY,frozen_MLP,1027,seed1029,4,0.75,0,16,0,0,0,5,0,0,0,0,4,0,0,0
TAO_TRAIN_GT_CONTROLLED_HELDOUT,policy_heldout,WITHOUT_MEMORY,frozen_MLP,1027,seed1029,8,0.75,0,16,0,0,0,2,0,0,0,0,7,0,0,0
TAO_TRAIN_GT_CONTROLLED_HELDOUT,policy_heldout,WITHOUT_MEMORY,frozen_MLP,1027,seed1029,16,0.75,0,16,0,0,0,2,0,0,0,0,7,0,0,0
TAO_TRAIN_GT_CONTROLLED_HELDOUT,policy_heldout,WITHOUT_MEMORY,frozen_MLP,1027,main,1,1.0,0,16,0,0,0,9,0,0,0,0,0,0,0,0
TAO_TRAIN_GT_CONTROLLED_HELDOUT,policy_heldout,WITHOUT_MEMORY,frozen_MLP,1027,main,2,1.0,0,16,0,0,0,5,0,0,0,0,4,0,0,0
TAO_TRAIN_GT_CONTROLLED_HELDOUT,policy_heldout,WITHOUT_MEMORY,frozen_MLP,1027,main,4,1.0,0,16,0,0,0,4,0,0,0,0,5,0,0,0
TAO_TRAIN_GT_CONTROLLED_HELDOUT,policy_heldout,WITHOUT_MEMORY,frozen_MLP,1027,main,8,1.0,0,16,0,0,0,2,0,0,0,0,7,0,0,0
TAO_TRAIN_GT_CONTROLLED_HELDOUT,policy_heldout,WITHOUT_MEMORY,frozen_MLP,1027,main,16,1.0,0,16,0,0,0,2,0,0,0,0,7,0,0,0
TAO_TRAIN_GT_CONTROLLED_HELDOUT,policy_heldout,WITHOUT_MEMORY,frozen_MLP,1027,seed1027,1,1.0,0,16,0,0,0,4,0,0,0,0,3,0,0,0
TAO_TRAIN_GT_CONTROLLED_HELDOUT,policy_heldout,WITHOUT_MEMORY,frozen_MLP,1027,seed1027,2,1.0,0,16,0,0,0,2,0,0,0,0,5,0,0,0
TAO_TRAIN_GT_CONTROLLED_HELDOUT,policy_heldout,WITHOUT_MEMORY,frozen_MLP,1027,seed1027,4,1.0,0,16,0,0,0,2,0,0,0,0,5,0,0,0
TAO_TRAIN_GT_CONTROLLED_HELDOUT,policy_heldout,WITHOUT_MEMORY,frozen_MLP,1027,seed1027,8,1.0,0,16,0,0,0,1,0,0,0,0,6,0,0,0
TAO_TRAIN_GT_CONTROLLED_HELDOUT,policy_heldout,WITHOUT_MEMORY,frozen_MLP,1027,seed1027,16,1.0,0,16,0,0,0,1,0,0,0,0,6,0,0,0
TAO_TRAIN_GT_CONTROLLED_HELDOUT,policy_heldout,WITHOUT_MEMORY,frozen_MLP,1027,seed1028,1,1.0,0,16,0,0,0,5,0,0,0,0,2,0,0,0
TAO_TRAIN_GT_CONTROLLED_HELDOUT,policy_heldout,WITHOUT_MEMORY,frozen_MLP,1027,seed1028,2,1.0,0,16,0,0,0,1,0,0,0,0,6,0,0,0
TAO_TRAIN_GT_CONTROLLED_HELDOUT,policy_heldout,WITHOUT_MEMORY,frozen_MLP,1027,seed1028,4,1.0,0,16,0,0,0,1,0,0,0,0,6,0,0,0
TAO_TRAIN_GT_CONTROLLED_HELDOUT,policy_heldout,WITHOUT_MEMORY,frozen_MLP,1027,seed1028,8,1.0,0,16,0,0,0,1,0,0,0,0,6,0,0,0
TAO_TRAIN_GT_CONTROLLED_HELDOUT,policy_heldout,WITHOUT_MEMORY,frozen_MLP,1027,seed1028,16,1.0,0,16,0,0,0,1,0,0,0,0,6,0,0,0
TAO_TRAIN_GT_CONTROLLED_HELDOUT,policy_heldout,WITHOUT_MEMORY,frozen_MLP,1027,seed1029,1,1.0,0,16,0,0,0,9,0,0,0,0,0,0,0,0
TAO_TRAIN_GT_CONTROLLED_HELDOUT,policy_heldout,WITHOUT_MEMORY,frozen_MLP,1027,seed1029,2,1.0,0,16,0,0,0,6,0,0,0,0,3,0,0,0
TAO_TRAIN_GT_CONTROLLED_HELDOUT,policy_heldout,WITHOUT_MEMORY,frozen_MLP,1027,seed1029,4,1.0,0,16,0,0,0,5,0,0,0,0,4,0,0,0
TAO_TRAIN_GT_CONTROLLED_HELDOUT,policy_heldout,WITHOUT_MEMORY,frozen_MLP,1027,seed1029,8,1.0,0,16,0,0,0,2,0,0,0,0,7,0,0,0
TAO_TRAIN_GT_CONTROLLED_HELDOUT,policy_heldout,WITHOUT_MEMORY,frozen_MLP,1027,seed1029,16,1.0,0,16,0,0,0,2,0,0,0,0,7,0,0,0
TAO_TRAIN_GT_CONTROLLED_HELDOUT,policy_heldout,WITHOUT_RISK,frozen_MLP,1027,main,1,0.5,16,16,0,0,0,0,0,0,0,0,0,0,0,9
TAO_TRAIN_GT_CONTROLLED_HELDOUT,policy_heldout,WITHOUT_RISK,frozen_MLP,1027,main,2,0.5,16,16,0,0,0,0,0,0,0,0,0,0,0,9
TAO_TRAIN_GT_CONTROLLED_HELDOUT,policy_heldout,WITHOUT_RISK,frozen_MLP,1027,main,4,0.5,16,16,0,0,0,0,0,0,0,0,0,0,0,9
TAO_TRAIN_GT_CONTROLLED_HELDOUT,policy_heldout,WITHOUT_RISK,frozen_MLP,1027,main,8,0.5,16,16,0,0,0,0,0,0,0,0,0,0,0,9
TAO_TRAIN_GT_CONTROLLED_HELDOUT,policy_heldout,WITHOUT_RISK,frozen_MLP,1027,main,16,0.5,16,16,0,0,0,0,0,0,0,0,0,0,0,9
TAO_TRAIN_GT_CONTROLLED_HELDOUT,policy_heldout,WITHOUT_RISK,frozen_MLP,1027,seed1027,1,0.5,16,16,0,0,0,0,0,0,0,0,0,0,0,7
TAO_TRAIN_GT_CONTROLLED_HELDOUT,policy_heldout,WITHOUT_RISK,frozen_MLP,1027,seed1027,2,0.5,16,16,0,0,0,0,0,0,0,0,0,0,0,7
TAO_TRAIN_GT_CONTROLLED_HELDOUT,policy_heldout,WITHOUT_RISK,frozen_MLP,1027,seed1027,4,0.5,16,16,0,0,0,0,0,0,0,0,0,0,0,7
TAO_TRAIN_GT_CONTROLLED_HELDOUT,policy_heldout,WITHOUT_RISK,frozen_MLP,1027,seed1027,8,0.5,16,16,0,0,0,0,0,0,0,0,0,0,0,7
TAO_TRAIN_GT_CONTROLLED_HELDOUT,policy_heldout,WITHOUT_RISK,frozen_MLP,1027,seed1027,16,0.5,16,16,0,0,0,0,0,0,0,0,0,0,0,7
TAO_TRAIN_GT_CONTROLLED_HELDOUT,policy_heldout,WITHOUT_RISK,frozen_MLP,1027,seed1028,1,0.5,16,16,0,0,0,0,0,0,0,0,0,0,0,7
TAO_TRAIN_GT_CONTROLLED_HELDOUT,policy_heldout,WITHOUT_RISK,frozen_MLP,1027,seed1028,2,0.5,16,16,0,0,0,0,0,0,0,0,0,0,0,7
TAO_TRAIN_GT_CONTROLLED_HELDOUT,policy_heldout,WITHOUT_RISK,frozen_MLP,1027,seed1028,4,0.5,16,16,0,0,0,0,0,0,0,0,0,0,0,7
TAO_TRAIN_GT_CONTROLLED_HELDOUT,policy_heldout,WITHOUT_RISK,frozen_MLP,1027,seed1028,8,0.5,16,16,0,0,0,0,0,0,0,0,0,0,0,7
TAO_TRAIN_GT_CONTROLLED_HELDOUT,policy_heldout,WITHOUT_RISK,frozen_MLP,1027,seed1028,16,0.5,16,16,0,0,0,0,0,0,0,0,0,0,0,7
TAO_TRAIN_GT_CONTROLLED_HELDOUT,policy_heldout,WITHOUT_RISK,frozen_MLP,1027,seed1029,1,0.5,16,16,0,0,0,0,0,0,0,0,0,0,0,9
TAO_TRAIN_GT_CONTROLLED_HELDOUT,policy_heldout,WITHOUT_RISK,frozen_MLP,1027,seed1029,2,0.5,16,16,0,0,0,0,0,0,0,0,0,0,0,9
TAO_TRAIN_GT_CONTROLLED_HELDOUT,policy_heldout,WITHOUT_RISK,frozen_MLP,1027,seed1029,4,0.5,16,16,0,0,0,0,0,0,0,0,0,0,0,9
TAO_TRAIN_GT_CONTROLLED_HELDOUT,policy_heldout,WITHOUT_RISK,frozen_MLP,1027,seed1029,8,0.5,16,16,0,0,0,0,0,0,0,0,0,0,0,9
TAO_TRAIN_GT_CONTROLLED_HELDOUT,policy_heldout,WITHOUT_RISK,frozen_MLP,1027,seed1029,16,0.5,16,16,0,0,0,0,0,0,0,0,0,0,0,9
TAO_TRAIN_GT_CONTROLLED_HELDOUT,policy_heldout,WITHOUT_RISK,frozen_MLP,1027,main,1,0.75,16,16,0,0,0,0,0,0,0,0,0,0,0,9
TAO_TRAIN_GT_CONTROLLED_HELDOUT,policy_heldout,WITHOUT_RISK,frozen_MLP,1027,main,2,0.75,16,16,0,0,0,0,0,0,0,0,0,0,0,9
TAO_TRAIN_GT_CONTROLLED_HELDOUT,policy_heldout,WITHOUT_RISK,frozen_MLP,1027,main,4,0.75,16,16,0,0,0,0,0,0,0,0,0,0,0,9
TAO_TRAIN_GT_CONTROLLED_HELDOUT,policy_heldout,WITHOUT_RISK,frozen_MLP,1027,main,8,0.75,16,16,0,0,0,0,0,0,0,0,0,0,0,9
TAO_TRAIN_GT_CONTROLLED_HELDOUT,policy_heldout,WITHOUT_RISK,frozen_MLP,1027,main,16,0.75,16,16,0,0,0,0,0,0,0,0,0,0,0,9
TAO_TRAIN_GT_CONTROLLED_HELDOUT,policy_heldout,WITHOUT_RISK,frozen_MLP,1027,seed1027,1,0.75,16,16,0,0,0,0,0,0,0,0,0,0,0,7
TAO_TRAIN_GT_CONTROLLED_HELDOUT,policy_heldout,WITHOUT_RISK,frozen_MLP,1027,seed1027,2,0.75,16,16,0,0,0,0,0,0,0,0,0,0,0,7
TAO_TRAIN_GT_CONTROLLED_HELDOUT,policy_heldout,WITHOUT_RISK,frozen_MLP,1027,seed1027,4,0.75,16,16,0,0,0,0,0,0,0,0,0,0,0,7
TAO_TRAIN_GT_CONTROLLED_HELDOUT,policy_heldout,WITHOUT_RISK,frozen_MLP,1027,seed1027,8,0.75,16,16,0,0,0,0,0,0,0,0,0,0,0,7
TAO_TRAIN_GT_CONTROLLED_HELDOUT,policy_heldout,WITHOUT_RISK,frozen_MLP,1027,seed1027,16,0.75,16,16,0,0,0,0,0,0,0,0,0,0,0,7
TAO_TRAIN_GT_CONTROLLED_HELDOUT,policy_heldout,WITHOUT_RISK,frozen_MLP,1027,seed1028,1,0.75,16,16,0,0,0,0,0,0,0,0,0,0,0,7
TAO_TRAIN_GT_CONTROLLED_HELDOUT,policy_heldout,WITHOUT_RISK,frozen_MLP,1027,seed1028,2,0.75,16,16,0,0,0,0,0,0,0,0,0,0,0,7
TAO_TRAIN_GT_CONTROLLED_HELDOUT,policy_heldout,WITHOUT_RISK,frozen_MLP,1027,seed1028,4,0.75,16,16,0,0,0,0,0,0,0,0,0,0,0,7
TAO_TRAIN_GT_CONTROLLED_HELDOUT,policy_heldout,WITHOUT_RISK,frozen_MLP,1027,seed1028,8,0.75,16,16,0,0,0,0,0,0,0,0,0,0,0,7
TAO_TRAIN_GT_CONTROLLED_HELDOUT,policy_heldout,WITHOUT_RISK,frozen_MLP,1027,seed1028,16,0.75,16,16,0,0,0,0,0,0,0,0,0,0,0,7
TAO_TRAIN_GT_CONTROLLED_HELDOUT,policy_heldout,WITHOUT_RISK,frozen_MLP,1027,seed1029,1,0.75,16,16,0,0,0,0,0,0,0,0,0,0,0,9
TAO_TRAIN_GT_CONTROLLED_HELDOUT,policy_heldout,WITHOUT_RISK,frozen_MLP,1027,seed1029,2,0.75,16,16,0,0,0,0,0,0,0,0,0,0,0,9
TAO_TRAIN_GT_CONTROLLED_HELDOUT,policy_heldout,WITHOUT_RISK,frozen_MLP,1027,seed1029,4,0.75,16,16,0,0,0,0,0,0,0,0,0,0,0,9
TAO_TRAIN_GT_CONTROLLED_HELDOUT,policy_heldout,WITHOUT_RISK,frozen_MLP,1027,seed1029,8,0.75,16,16,0,0,0,0,0,0,0,0,0,0,0,9
TAO_TRAIN_GT_CONTROLLED_HELDOUT,policy_heldout,WITHOUT_RISK,frozen_MLP,1027,seed1029,16,0.75,16,16,0,0,0,0,0,0,0,0,0,0,0,9
TAO_TRAIN_GT_CONTROLLED_HELDOUT,policy_heldout,WITHOUT_RISK,frozen_MLP,1027,main,1,1.0,16,16,0,0,0,0,0,0,0,0,0,0,0,9
TAO_TRAIN_GT_CONTROLLED_HELDOUT,policy_heldout,WITHOUT_RISK,frozen_MLP,1027,main,2,1.0,16,16,0,0,0,0,0,0,0,0,0,0,0,9
TAO_TRAIN_GT_CONTROLLED_HELDOUT,policy_heldout,WITHOUT_RISK,frozen_MLP,1027,main,4,1.0,16,16,0,0,0,0,0,0,0,0,0,0,0,9
TAO_TRAIN_GT_CONTROLLED_HELDOUT,policy_heldout,WITHOUT_RISK,frozen_MLP,1027,main,8,1.0,16,16,0,0,0,0,0,0,0,0,0,0,0,9
TAO_TRAIN_GT_CONTROLLED_HELDOUT,policy_heldout,WITHOUT_RISK,frozen_MLP,1027,main,16,1.0,16,16,0,0,0,0,0,0,0,0,0,0,0,9
TAO_TRAIN_GT_CONTROLLED_HELDOUT,policy_heldout,WITHOUT_RISK,frozen_MLP,1027,seed1027,1,1.0,16,16,0,0,0,0,0,0,0,0,0,0,0,7
TAO_TRAIN_GT_CONTROLLED_HELDOUT,policy_heldout,WITHOUT_RISK,frozen_MLP,1027,seed1027,2,1.0,16,16,0,0,0,0,0,0,0,0,0,0,0,7
TAO_TRAIN_GT_CONTROLLED_HELDOUT,policy_heldout,WITHOUT_RISK,frozen_MLP,1027,seed1027,4,1.0,16,16,0,0,0,0,0,0,0,0,0,0,0,7
TAO_TRAIN_GT_CONTROLLED_HELDOUT,policy_heldout,WITHOUT_RISK,frozen_MLP,1027,seed1027,8,1.0,16,16,0,0,0,0,0,0,0,0,0,0,0,7
TAO_TRAIN_GT_CONTROLLED_HELDOUT,policy_heldout,WITHOUT_RISK,frozen_MLP,1027,seed1027,16,1.0,16,16,0,0,0,0,0,0,0,0,0,0,0,7
TAO_TRAIN_GT_CONTROLLED_HELDOUT,policy_heldout,WITHOUT_RISK,frozen_MLP,1027,seed1028,1,1.0,16,16,0,0,0,0,0,0,0,0,0,0,0,7
TAO_TRAIN_GT_CONTROLLED_HELDOUT,policy_heldout,WITHOUT_RISK,frozen_MLP,1027,seed1028,2,1.0,16,16,0,0,0,0,0,0,0,0,0,0,0,7
TAO_TRAIN_GT_CONTROLLED_HELDOUT,policy_heldout,WITHOUT_RISK,frozen_MLP,1027,seed1028,4,1.0,16,16,0,0,0,0,0,0,0,0,0,0,0,7
TAO_TRAIN_GT_CONTROLLED_HELDOUT,policy_heldout,WITHOUT_RISK,frozen_MLP,1027,seed1028,8,1.0,16,16,0,0,0,0,0,0,0,0,0,0,0,7
TAO_TRAIN_GT_CONTROLLED_HELDOUT,policy_heldout,WITHOUT_RISK,frozen_MLP,1027,seed1028,16,1.0,16,16,0,0,0,0,0,0,0,0,0,0,0,7
TAO_TRAIN_GT_CONTROLLED_HELDOUT,policy_heldout,WITHOUT_RISK,frozen_MLP,1027,seed1029,1,1.0,16,16,0,0,0,0,0,0,0,0,0,0,0,9
TAO_TRAIN_GT_CONTROLLED_HELDOUT,policy_heldout,WITHOUT_RISK,frozen_MLP,1027,seed1029,2,1.0,16,16,0,0,0,0,0,0,0,0,0,0,0,9
TAO_TRAIN_GT_CONTROLLED_HELDOUT,policy_heldout,WITHOUT_RISK,frozen_MLP,1027,seed1029,4,1.0,16,16,0,0,0,0,0,0,0,0,0,0,0,9
TAO_TRAIN_GT_CONTROLLED_HELDOUT,policy_heldout,WITHOUT_RISK,frozen_MLP,1027,seed1029,8,1.0,16,16,0,0,0,0,0,0,0,0,0,0,0,9
TAO_TRAIN_GT_CONTROLLED_HELDOUT,policy_heldout,WITHOUT_RISK,frozen_MLP,1027,seed1029,16,1.0,16,16,0,0,0,0,0,0,0,0,0,0,0,9
TAO_TRAIN_GT_CONTROLLED_HELDOUT,policy_heldout,RESET_PER_VIDEO,frozen_MLP,1027,main,1,0.5,0,16,59,20,0,3,0,0,5,0,0,0,1,0
TAO_TRAIN_GT_CONTROLLED_HELDOUT,policy_heldout,RESET_PER_VIDEO,frozen_MLP,1027,main,2,0.5,0,16,34,11,0,2,0,0,5,0,1,0,1,0
TAO_TRAIN_GT_CONTROLLED_HELDOUT,policy_heldout,RESET_PER_VIDEO,frozen_MLP,1027,main,4,0.5,0,16,19,6,0,1,0,0,5,0,2,0,1,0
TAO_TRAIN_GT_CONTROLLED_HELDOUT,policy_heldout,RESET_PER_VIDEO,frozen_MLP,1027,main,8,0.5,0,16,17,4,0,1,0,0,3,0,5,0,0,0
TAO_TRAIN_GT_CONTROLLED_HELDOUT,policy_heldout,RESET_PER_VIDEO,frozen_MLP,1027,main,16,0.5,0,16,17,4,0,1,0,0,5,0,3,0,0,0
TAO_TRAIN_GT_CONTROLLED_HELDOUT,policy_heldout,RESET_PER_VIDEO,frozen_MLP,1027,seed1027,1,0.5,0,16,59,20,0,3,0,0,3,0,1,0,0,0
TAO_TRAIN_GT_CONTROLLED_HELDOUT,policy_heldout,RESET_PER_VIDEO,frozen_MLP,1027,seed1027,2,0.5,0,16,34,11,0,2,0,0,0,0,5,0,0,0
TAO_TRAIN_GT_CONTROLLED_HELDOUT,policy_heldout,RESET_PER_VIDEO,frozen_MLP,1027,seed1027,4,0.5,0,16,19,6,0,2,0,0,0,0,5,0,0,0
TAO_TRAIN_GT_CONTROLLED_HELDOUT,policy_heldout,RESET_PER_VIDEO,frozen_MLP,1027,seed1027,8,0.5,0,16,17,4,0,1,0,0,0,0,6,0,0,0
TAO_TRAIN_GT_CONTROLLED_HELDOUT,policy_heldout,RESET_PER_VIDEO,frozen_MLP,1027,seed1027,16,0.5,0,16,17,4,0,1,0,0,0,0,6,0,0,0
TAO_TRAIN_GT_CONTROLLED_HELDOUT,policy_heldout,RESET_PER_VIDEO,frozen_MLP,1027,seed1028,1,0.5,0,16,59,20,0,3,0,0,3,0,0,0,1,0
TAO_TRAIN_GT_CONTROLLED_HELDOUT,policy_heldout,RESET_PER_VIDEO,frozen_MLP,1027,seed1028,2,0.5,0,16,34,11,0,1,0,0,0,0,5,0,1,0
TAO_TRAIN_GT_CONTROLLED_HELDOUT,policy_heldout,RESET_PER_VIDEO,frozen_MLP,1027,seed1028,4,0.5,0,16,19,6,0,1,0,0,0,0,5,0,1,0
TAO_TRAIN_GT_CONTROLLED_HELDOUT,policy_heldout,RESET_PER_VIDEO,frozen_MLP,1027,seed1028,8,0.5,0,16,17,4,0,1,0,0,0,0,6,0,0,0
TAO_TRAIN_GT_CONTROLLED_HELDOUT,policy_heldout,RESET_PER_VIDEO,frozen_MLP,1027,seed1028,16,0.5,0,16,17,4,0,1,0,0,0,0,6,0,0,0
TAO_TRAIN_GT_CONTROLLED_HELDOUT,policy_heldout,RESET_PER_VIDEO,frozen_MLP,1027,seed1029,1,0.5,0,16,59,20,0,4,0,0,5,0,0,0,0,0
TAO_TRAIN_GT_CONTROLLED_HELDOUT,policy_heldout,RESET_PER_VIDEO,frozen_MLP,1027,seed1029,2,0.5,0,16,34,11,0,3,0,0,5,0,1,0,0,0
TAO_TRAIN_GT_CONTROLLED_HELDOUT,policy_heldout,RESET_PER_VIDEO,frozen_MLP,1027,seed1029,4,0.5,0,16,19,6,0,2,0,0,5,0,2,0,0,0
TAO_TRAIN_GT_CONTROLLED_HELDOUT,policy_heldout,RESET_PER_VIDEO,frozen_MLP,1027,seed1029,8,0.5,0,16,17,4,0,1,0,0,3,0,5,0,0,0
TAO_TRAIN_GT_CONTROLLED_HELDOUT,policy_heldout,RESET_PER_VIDEO,frozen_MLP,1027,seed1029,16,0.5,0,16,17,4,0,1,0,0,5,0,3,0,0,0
TAO_TRAIN_GT_CONTROLLED_HELDOUT,policy_heldout,RESET_PER_VIDEO,frozen_MLP,1027,main,1,0.75,0,16,59,20,0,3,0,0,5,0,0,0,1,0
TAO_TRAIN_GT_CONTROLLED_HELDOUT,policy_heldout,RESET_PER_VIDEO,frozen_MLP,1027,main,2,0.75,0,16,34,11,0,2,0,0,5,0,1,0,1,0
TAO_TRAIN_GT_CONTROLLED_HELDOUT,policy_heldout,RESET_PER_VIDEO,frozen_MLP,1027,main,4,0.75,0,16,19,6,0,1,0,0,5,0,2,0,1,0
TAO_TRAIN_GT_CONTROLLED_HELDOUT,policy_heldout,RESET_PER_VIDEO,frozen_MLP,1027,main,8,0.75,0,16,17,4,0,1,0,0,3,0,5,0,0,0
TAO_TRAIN_GT_CONTROLLED_HELDOUT,policy_heldout,RESET_PER_VIDEO,frozen_MLP,1027,main,16,0.75,0,16,17,4,0,1,0,0,5,0,3,0,0,0
TAO_TRAIN_GT_CONTROLLED_HELDOUT,policy_heldout,RESET_PER_VIDEO,frozen_MLP,1027,seed1027,1,0.75,0,16,59,20,0,3,0,0,3,0,1,0,0,0
TAO_TRAIN_GT_CONTROLLED_HELDOUT,policy_heldout,RESET_PER_VIDEO,frozen_MLP,1027,seed1027,2,0.75,0,16,34,11,0,2,0,0,0,0,5,0,0,0
TAO_TRAIN_GT_CONTROLLED_HELDOUT,policy_heldout,RESET_PER_VIDEO,frozen_MLP,1027,seed1027,4,0.75,0,16,19,6,0,2,0,0,0,0,5,0,0,0
TAO_TRAIN_GT_CONTROLLED_HELDOUT,policy_heldout,RESET_PER_VIDEO,frozen_MLP,1027,seed1027,8,0.75,0,16,17,4,0,1,0,0,0,0,6,0,0,0
TAO_TRAIN_GT_CONTROLLED_HELDOUT,policy_heldout,RESET_PER_VIDEO,frozen_MLP,1027,seed1027,16,0.75,0,16,17,4,0,1,0,0,0,0,6,0,0,0
TAO_TRAIN_GT_CONTROLLED_HELDOUT,policy_heldout,RESET_PER_VIDEO,frozen_MLP,1027,seed1028,1,0.75,0,16,59,20,0,3,0,0,3,0,0,0,1,0
TAO_TRAIN_GT_CONTROLLED_HELDOUT,policy_heldout,RESET_PER_VIDEO,frozen_MLP,1027,seed1028,2,0.75,0,16,34,11,0,1,0,0,0,0,5,0,1,0
TAO_TRAIN_GT_CONTROLLED_HELDOUT,policy_heldout,RESET_PER_VIDEO,frozen_MLP,1027,seed1028,4,0.75,0,16,19,6,0,1,0,0,0,0,5,0,1,0
TAO_TRAIN_GT_CONTROLLED_HELDOUT,policy_heldout,RESET_PER_VIDEO,frozen_MLP,1027,seed1028,8,0.75,0,16,17,4,0,1,0,0,0,0,6,0,0,0
TAO_TRAIN_GT_CONTROLLED_HELDOUT,policy_heldout,RESET_PER_VIDEO,frozen_MLP,1027,seed1028,16,0.75,0,16,17,4,0,1,0,0,0,0,6,0,0,0
TAO_TRAIN_GT_CONTROLLED_HELDOUT,policy_heldout,RESET_PER_VIDEO,frozen_MLP,1027,seed1029,1,0.75,0,16,59,20,0,4,0,0,5,0,0,0,0,0
TAO_TRAIN_GT_CONTROLLED_HELDOUT,policy_heldout,RESET_PER_VIDEO,frozen_MLP,1027,seed1029,2,0.75,0,16,34,11,0,3,0,0,5,0,1,0,0,0
TAO_TRAIN_GT_CONTROLLED_HELDOUT,policy_heldout,RESET_PER_VIDEO,frozen_MLP,1027,seed1029,4,0.75,0,16,19,6,0,2,0,0,5,0,2,0,0,0
TAO_TRAIN_GT_CONTROLLED_HELDOUT,policy_heldout,RESET_PER_VIDEO,frozen_MLP,1027,seed1029,8,0.75,0,16,17,4,0,1,0,0,3,0,5,0,0,0
TAO_TRAIN_GT_CONTROLLED_HELDOUT,policy_heldout,RESET_PER_VIDEO,frozen_MLP,1027,seed1029,16,0.75,0,16,17,4,0,1,0,0,5,0,3,0,0,0
TAO_TRAIN_GT_CONTROLLED_HELDOUT,policy_heldout,RESET_PER_VIDEO,frozen_MLP,1027,main,1,1.0,0,16,59,20,0,3,0,0,5,0,0,0,1,0
TAO_TRAIN_GT_CONTROLLED_HELDOUT,policy_heldout,RESET_PER_VIDEO,frozen_MLP,1027,main,2,1.0,0,16,34,11,0,2,0,0,5,0,1,0,1,0
TAO_TRAIN_GT_CONTROLLED_HELDOUT,policy_heldout,RESET_PER_VIDEO,frozen_MLP,1027,main,4,1.0,0,16,19,6,0,1,0,0,5,0,2,0,1,0
TAO_TRAIN_GT_CONTROLLED_HELDOUT,policy_heldout,RESET_PER_VIDEO,frozen_MLP,1027,main,8,1.0,0,16,17,4,0,1,0,0,3,0,5,0,0,0
TAO_TRAIN_GT_CONTROLLED_HELDOUT,policy_heldout,RESET_PER_VIDEO,frozen_MLP,1027,main,16,1.0,0,16,17,4,0,1,0,0,5,0,3,0,0,0
TAO_TRAIN_GT_CONTROLLED_HELDOUT,policy_heldout,RESET_PER_VIDEO,frozen_MLP,1027,seed1027,1,1.0,0,16,59,20,0,3,0,0,3,0,1,0,0,0
TAO_TRAIN_GT_CONTROLLED_HELDOUT,policy_heldout,RESET_PER_VIDEO,frozen_MLP,1027,seed1027,2,1.0,0,16,34,11,0,2,0,0,0,0,5,0,0,0
TAO_TRAIN_GT_CONTROLLED_HELDOUT,policy_heldout,RESET_PER_VIDEO,frozen_MLP,1027,seed1027,4,1.0,0,16,19,6,0,2,0,0,0,0,5,0,0,0
TAO_TRAIN_GT_CONTROLLED_HELDOUT,policy_heldout,RESET_PER_VIDEO,frozen_MLP,1027,seed1027,8,1.0,0,16,17,4,0,1,0,0,0,0,6,0,0,0
TAO_TRAIN_GT_CONTROLLED_HELDOUT,policy_heldout,RESET_PER_VIDEO,frozen_MLP,1027,seed1027,16,1.0,0,16,17,4,0,1,0,0,0,0,6,0,0,0
TAO_TRAIN_GT_CONTROLLED_HELDOUT,policy_heldout,RESET_PER_VIDEO,frozen_MLP,1027,seed1028,1,1.0,0,16,59,20,0,3,0,0,3,0,0,0,1,0
TAO_TRAIN_GT_CONTROLLED_HELDOUT,policy_heldout,RESET_PER_VIDEO,frozen_MLP,1027,seed1028,2,1.0,0,16,34,11,0,1,0,0,0,0,5,0,1,0
TAO_TRAIN_GT_CONTROLLED_HELDOUT,policy_heldout,RESET_PER_VIDEO,frozen_MLP,1027,seed1028,4,1.0,0,16,19,6,0,1,0,0,0,0,5,0,1,0
TAO_TRAIN_GT_CONTROLLED_HELDOUT,policy_heldout,RESET_PER_VIDEO,frozen_MLP,1027,seed1028,8,1.0,0,16,17,4,0,1,0,0,0,0,6,0,0,0
TAO_TRAIN_GT_CONTROLLED_HELDOUT,policy_heldout,RESET_PER_VIDEO,frozen_MLP,1027,seed1028,16,1.0,0,16,17,4,0,1,0,0,0,0,6,0,0,0
TAO_TRAIN_GT_CONTROLLED_HELDOUT,policy_heldout,RESET_PER_VIDEO,frozen_MLP,1027,seed1029,1,1.0,0,16,59,20,0,4,0,0,5,0,0,0,0,0
TAO_TRAIN_GT_CONTROLLED_HELDOUT,policy_heldout,RESET_PER_VIDEO,frozen_MLP,1027,seed1029,2,1.0,0,16,34,11,0,3,0,0,5,0,1,0,0,0
TAO_TRAIN_GT_CONTROLLED_HELDOUT,policy_heldout,RESET_PER_VIDEO,frozen_MLP,1027,seed1029,4,1.0,0,16,19,6,0,2,0,0,5,0,2,0,0,0
TAO_TRAIN_GT_CONTROLLED_HELDOUT,policy_heldout,RESET_PER_VIDEO,frozen_MLP,1027,seed1029,8,1.0,0,16,17,4,0,1,0,0,3,0,5,0,0,0
TAO_TRAIN_GT_CONTROLLED_HELDOUT,policy_heldout,RESET_PER_VIDEO,frozen_MLP,1027,seed1029,16,1.0,0,16,17,4,0,1,0,0,5,0,3,0,0,0
TAO_TRAIN_GT_CONTROLLED_HELDOUT,policy_heldout,FULL,frozen_MLP,1027,main,1,0.5,0,16,216,1,9,0,0,0,0,0,0,0,0,0
TAO_TRAIN_GT_CONTROLLED_HELDOUT,policy_heldout,FULL,frozen_MLP,1027,main,2,0.5,0,16,184,1,9,0,0,0,0,0,0,0,0,0
TAO_TRAIN_GT_CONTROLLED_HELDOUT,policy_heldout,FULL,frozen_MLP,1027,main,4,0.5,0,16,184,1,9,0,0,0,0,0,0,0,0,0
TAO_TRAIN_GT_CONTROLLED_HELDOUT,policy_heldout,FULL,frozen_MLP,1027,main,8,0.5,0,16,183,1,9,0,0,0,0,0,0,0,0,0
TAO_TRAIN_GT_CONTROLLED_HELDOUT,policy_heldout,FULL,frozen_MLP,1027,main,16,0.5,0,16,183,1,9,0,0,0,0,0,0,0,0,0
TAO_TRAIN_GT_CONTROLLED_HELDOUT,policy_heldout,FULL,frozen_MLP,1027,seed1027,1,0.5,0,16,217,1,7,0,0,0,0,0,0,0,0,0
TAO_TRAIN_GT_CONTROLLED_HELDOUT,policy_heldout,FULL,frozen_MLP,1027,seed1027,2,0.5,0,16,217,1,7,0,0,0,0,0,0,0,0,0
TAO_TRAIN_GT_CONTROLLED_HELDOUT,policy_heldout,FULL,frozen_MLP,1027,seed1027,4,0.5,0,16,212,1,7,0,0,0,0,0,0,0,0,0
TAO_TRAIN_GT_CONTROLLED_HELDOUT,policy_heldout,FULL,frozen_MLP,1027,seed1027,8,0.5,0,16,209,1,7,0,0,0,0,0,0,0,0,0
TAO_TRAIN_GT_CONTROLLED_HELDOUT,policy_heldout,FULL,frozen_MLP,1027,seed1027,16,0.5,0,16,163,1,5,0,0,0,0,0,2,0,0,0
TAO_TRAIN_GT_CONTROLLED_HELDOUT,policy_heldout,FULL,frozen_MLP,1027,seed1028,1,0.5,0,16,218,1,7,0,0,0,0,0,0,0,0,0
TAO_TRAIN_GT_CONTROLLED_HELDOUT,policy_heldout,FULL,frozen_MLP,1027,seed1028,2,0.5,0,16,211,1,7,0,0,0,0,0,0,0,0,0
TAO_TRAIN_GT_CONTROLLED_HELDOUT,policy_heldout,FULL,frozen_MLP,1027,seed1028,4,0.5,0,16,187,1,7,0,0,0,0,0,0,0,0,0
TAO_TRAIN_GT_CONTROLLED_HELDOUT,policy_heldout,FULL,frozen_MLP,1027,seed1028,8,0.5,0,16,213,1,7,0,0,0,0,0,0,0,0,0
TAO_TRAIN_GT_CONTROLLED_HELDOUT,policy_heldout,FULL,frozen_MLP,1027,seed1028,16,0.5,0,16,187,1,7,0,0,0,0,0,0,0,0,0
TAO_TRAIN_GT_CONTROLLED_HELDOUT,policy_heldout,FULL,frozen_MLP,1027,seed1029,1,0.5,0,16,219,1,9,0,0,0,0,0,0,0,0,0
TAO_TRAIN_GT_CONTROLLED_HELDOUT,policy_heldout,FULL,frozen_MLP,1027,seed1029,2,0.5,0,16,218,1,9,0,0,0,0,0,0,0,0,0
TAO_TRAIN_GT_CONTROLLED_HELDOUT,policy_heldout,FULL,frozen_MLP,1027,seed1029,4,0.5,0,16,189,1,9,0,0,0,0,0,0,0,0,0
TAO_TRAIN_GT_CONTROLLED_HELDOUT,policy_heldout,FULL,frozen_MLP,1027,seed1029,8,0.5,0,16,207,1,9,0,0,0,0,0,0,0,0,0
TAO_TRAIN_GT_CONTROLLED_HELDOUT,policy_heldout,FULL,frozen_MLP,1027,seed1029,16,0.5,0,16,120,1,8,0,0,0,0,0,1,0,0,0
TAO_TRAIN_GT_CONTROLLED_HELDOUT,policy_heldout,FULL,frozen_MLP,1027,main,1,0.75,0,16,216,1,9,0,0,0,0,0,0,0,0,0
TAO_TRAIN_GT_CONTROLLED_HELDOUT,policy_heldout,FULL,frozen_MLP,1027,main,2,0.75,0,16,184,1,9,0,0,0,0,0,0,0,0,0
TAO_TRAIN_GT_CONTROLLED_HELDOUT,policy_heldout,FULL,frozen_MLP,1027,main,4,0.75,0,16,184,1,9,0,0,0,0,0,0,0,0,0
TAO_TRAIN_GT_CONTROLLED_HELDOUT,policy_heldout,FULL,frozen_MLP,1027,main,8,0.75,0,16,183,1,9,0,0,0,0,0,0,0,0,0
TAO_TRAIN_GT_CONTROLLED_HELDOUT,policy_heldout,FULL,frozen_MLP,1027,main,16,0.75,0,16,183,1,9,0,0,0,0,0,0,0,0,0
TAO_TRAIN_GT_CONTROLLED_HELDOUT,policy_heldout,FULL,frozen_MLP,1027,seed1027,1,0.75,0,16,217,1,7,0,0,0,0,0,0,0,0,0
TAO_TRAIN_GT_CONTROLLED_HELDOUT,policy_heldout,FULL,frozen_MLP,1027,seed1027,2,0.75,0,16,217,1,7,0,0,0,0,0,0,0,0,0
TAO_TRAIN_GT_CONTROLLED_HELDOUT,policy_heldout,FULL,frozen_MLP,1027,seed1027,4,0.75,0,16,212,1,7,0,0,0,0,0,0,0,0,0
TAO_TRAIN_GT_CONTROLLED_HELDOUT,policy_heldout,FULL,frozen_MLP,1027,seed1027,8,0.75,0,16,209,1,7,0,0,0,0,0,0,0,0,0
TAO_TRAIN_GT_CONTROLLED_HELDOUT,policy_heldout,FULL,frozen_MLP,1027,seed1027,16,0.75,0,16,163,1,5,0,0,0,0,0,2,0,0,0
TAO_TRAIN_GT_CONTROLLED_HELDOUT,policy_heldout,FULL,frozen_MLP,1027,seed1028,1,0.75,0,16,218,1,7,0,0,0,0,0,0,0,0,0
TAO_TRAIN_GT_CONTROLLED_HELDOUT,policy_heldout,FULL,frozen_MLP,1027,seed1028,2,0.75,0,16,211,1,7,0,0,0,0,0,0,0,0,0
TAO_TRAIN_GT_CONTROLLED_HELDOUT,policy_heldout,FULL,frozen_MLP,1027,seed1028,4,0.75,0,16,187,1,7,0,0,0,0,0,0,0,0,0
TAO_TRAIN_GT_CONTROLLED_HELDOUT,policy_heldout,FULL,frozen_MLP,1027,seed1028,8,0.75,0,16,213,1,7,0,0,0,0,0,0,0,0,0
TAO_TRAIN_GT_CONTROLLED_HELDOUT,policy_heldout,FULL,frozen_MLP,1027,seed1028,16,0.75,0,16,187,1,7,0,0,0,0,0,0,0,0,0
TAO_TRAIN_GT_CONTROLLED_HELDOUT,policy_heldout,FULL,frozen_MLP,1027,seed1029,1,0.75,0,16,219,1,9,0,0,0,0,0,0,0,0,0
TAO_TRAIN_GT_CONTROLLED_HELDOUT,policy_heldout,FULL,frozen_MLP,1027,seed1029,2,0.75,0,16,218,1,9,0,0,0,0,0,0,0,0,0
TAO_TRAIN_GT_CONTROLLED_HELDOUT,policy_heldout,FULL,frozen_MLP,1027,seed1029,4,0.75,0,16,189,1,9,0,0,0,0,0,0,0,0,0
TAO_TRAIN_GT_CONTROLLED_HELDOUT,policy_heldout,FULL,frozen_MLP,1027,seed1029,8,0.75,0,16,207,1,9,0,0,0,0,0,0,0,0,0
TAO_TRAIN_GT_CONTROLLED_HELDOUT,policy_heldout,FULL,frozen_MLP,1027,seed1029,16,0.75,0,16,120,1,8,0,0,0,0,0,1,0,0,0
TAO_TRAIN_GT_CONTROLLED_HELDOUT,policy_heldout,FULL,frozen_MLP,1027,main,1,1.0,0,16,216,1,9,0,0,0,0,0,0,0,0,0
TAO_TRAIN_GT_CONTROLLED_HELDOUT,policy_heldout,FULL,frozen_MLP,1027,main,2,1.0,0,16,184,1,9,0,0,0,0,0,0,0,0,0
TAO_TRAIN_GT_CONTROLLED_HELDOUT,policy_heldout,FULL,frozen_MLP,1027,main,4,1.0,0,16,184,1,9,0,0,0,0,0,0,0,0,0
TAO_TRAIN_GT_CONTROLLED_HELDOUT,policy_heldout,FULL,frozen_MLP,1027,main,8,1.0,0,16,183,1,9,0,0,0,0,0,0,0,0,0
TAO_TRAIN_GT_CONTROLLED_HELDOUT,policy_heldout,FULL,frozen_MLP,1027,main,16,1.0,0,16,183,1,9,0,0,0,0,0,0,0,0,0
TAO_TRAIN_GT_CONTROLLED_HELDOUT,policy_heldout,FULL,frozen_MLP,1027,seed1027,1,1.0,0,16,217,1,7,0,0,0,0,0,0,0,0,0
TAO_TRAIN_GT_CONTROLLED_HELDOUT,policy_heldout,FULL,frozen_MLP,1027,seed1027,2,1.0,0,16,217,1,7,0,0,0,0,0,0,0,0,0
TAO_TRAIN_GT_CONTROLLED_HELDOUT,policy_heldout,FULL,frozen_MLP,1027,seed1027,4,1.0,0,16,212,1,7,0,0,0,0,0,0,0,0,0
TAO_TRAIN_GT_CONTROLLED_HELDOUT,policy_heldout,FULL,frozen_MLP,1027,seed1027,8,1.0,0,16,209,1,7,0,0,0,0,0,0,0,0,0
TAO_TRAIN_GT_CONTROLLED_HELDOUT,policy_heldout,FULL,frozen_MLP,1027,seed1027,16,1.0,0,16,163,1,5,0,0,0,0,0,2,0,0,0
TAO_TRAIN_GT_CONTROLLED_HELDOUT,policy_heldout,FULL,frozen_MLP,1027,seed1028,1,1.0,0,16,218,1,7,0,0,0,0,0,0,0,0,0
TAO_TRAIN_GT_CONTROLLED_HELDOUT,policy_heldout,FULL,frozen_MLP,1027,seed1028,2,1.0,0,16,211,1,7,0,0,0,0,0,0,0,0,0
TAO_TRAIN_GT_CONTROLLED_HELDOUT,policy_heldout,FULL,frozen_MLP,1027,seed1028,4,1.0,0,16,187,1,7,0,0,0,0,0,0,0,0,0
TAO_TRAIN_GT_CONTROLLED_HELDOUT,policy_heldout,FULL,frozen_MLP,1027,seed1028,8,1.0,0,16,213,1,7,0,0,0,0,0,0,0,0,0
TAO_TRAIN_GT_CONTROLLED_HELDOUT,policy_heldout,FULL,frozen_MLP,1027,seed1028,16,1.0,0,16,187,1,7,0,0,0,0,0,0,0,0,0
TAO_TRAIN_GT_CONTROLLED_HELDOUT,policy_heldout,FULL,frozen_MLP,1027,seed1029,1,1.0,0,16,219,1,9,0,0,0,0,0,0,0,0,0
TAO_TRAIN_GT_CONTROLLED_HELDOUT,policy_heldout,FULL,frozen_MLP,1027,seed1029,2,1.0,0,16,218,1,9,0,0,0,0,0,0,0,0,0
TAO_TRAIN_GT_CONTROLLED_HELDOUT,policy_heldout,FULL,frozen_MLP,1027,seed1029,4,1.0,0,16,189,1,9,0,0,0,0,0,0,0,0,0
TAO_TRAIN_GT_CONTROLLED_HELDOUT,policy_heldout,FULL,frozen_MLP,1027,seed1029,8,1.0,0,16,207,1,9,0,0,0,0,0,0,0,0,0
TAO_TRAIN_GT_CONTROLLED_HELDOUT,policy_heldout,FULL,frozen_MLP,1027,seed1029,16,1.0,0,16,120,1,8,0,0,0,0,0,1,0,0,0
TAO_TRAIN_GT_CONTROLLED_HELDOUT,policy_heldout,D1_SIMPLE_MLP,frozen_MLP,1028,main,1,0.5,1,16,0,0,0,0,0,0,0,0,8,0,0,1
TAO_TRAIN_GT_CONTROLLED_HELDOUT,policy_heldout,D1_SIMPLE_MLP,frozen_MLP,1028,main,2,0.5,1,16,0,0,0,0,0,0,0,0,8,0,0,1
TAO_TRAIN_GT_CONTROLLED_HELDOUT,policy_heldout,D1_SIMPLE_MLP,frozen_MLP,1028,main,4,0.5,3,16,0,0,0,0,0,0,0,0,7,0,0,2
TAO_TRAIN_GT_CONTROLLED_HELDOUT,policy_heldout,D1_SIMPLE_MLP,frozen_MLP,1028,main,8,0.5,4,16,0,0,0,1,0,0,0,0,6,0,0,2
TAO_TRAIN_GT_CONTROLLED_HELDOUT,policy_heldout,D1_SIMPLE_MLP,frozen_MLP,1028,main,16,0.5,4,16,0,0,0,1,0,0,0,0,6,0,0,2
TAO_TRAIN_GT_CONTROLLED_HELDOUT,policy_heldout,D1_SIMPLE_MLP,frozen_MLP,1028,seed1027,1,0.5,1,16,0,0,0,0,0,0,0,0,7,0,0,0
TAO_TRAIN_GT_CONTROLLED_HELDOUT,policy_heldout,D1_SIMPLE_MLP,frozen_MLP,1028,seed1027,2,0.5,1,16,0,0,0,0,0,0,0,0,7,0,0,0
TAO_TRAIN_GT_CONTROLLED_HELDOUT,policy_heldout,D1_SIMPLE_MLP,frozen_MLP,1028,seed1027,4,0.5,3,16,0,0,0,0,0,0,0,0,6,0,0,1
TAO_TRAIN_GT_CONTROLLED_HELDOUT,policy_heldout,D1_SIMPLE_MLP,frozen_MLP,1028,seed1027,8,0.5,3,16,0,0,0,0,0,0,0,0,5,0,0,2
TAO_TRAIN_GT_CONTROLLED_HELDOUT,policy_heldout,D1_SIMPLE_MLP,frozen_MLP,1028,seed1027,16,0.5,4,16,0,0,0,2,0,0,0,0,3,0,0,2
TAO_TRAIN_GT_CONTROLLED_HELDOUT,policy_heldout,D1_SIMPLE_MLP,frozen_MLP,1028,seed1028,1,0.5,1,16,0,0,0,0,0,0,0,0,6,0,0,1
TAO_TRAIN_GT_CONTROLLED_HELDOUT,policy_heldout,D1_SIMPLE_MLP,frozen_MLP,1028,seed1028,2,0.5,1,16,0,0,0,0,0,0,0,0,6,0,0,1
TAO_TRAIN_GT_CONTROLLED_HELDOUT,policy_heldout,D1_SIMPLE_MLP,frozen_MLP,1028,seed1028,4,0.5,3,16,0,0,0,0,0,0,0,0,5,0,0,2
TAO_TRAIN_GT_CONTROLLED_HELDOUT,policy_heldout,D1_SIMPLE_MLP,frozen_MLP,1028,seed1028,8,0.5,4,16,0,0,0,1,0,0,0,0,4,0,0,2
TAO_TRAIN_GT_CONTROLLED_HELDOUT,policy_heldout,D1_SIMPLE_MLP,frozen_MLP,1028,seed1028,16,0.5,4,16,0,0,0,2,0,0,0,0,3,0,0,2
TAO_TRAIN_GT_CONTROLLED_HELDOUT,policy_heldout,D1_SIMPLE_MLP,frozen_MLP,1028,seed1029,1,0.5,1,16,0,0,0,0,0,0,0,0,9,0,0,0
TAO_TRAIN_GT_CONTROLLED_HELDOUT,policy_heldout,D1_SIMPLE_MLP,frozen_MLP,1028,seed1029,2,0.5,1,16,0,0,0,0,0,0,0,0,9,0,0,0
TAO_TRAIN_GT_CONTROLLED_HELDOUT,policy_heldout,D1_SIMPLE_MLP,frozen_MLP,1028,seed1029,4,0.5,3,16,0,0,0,0,0,0,0,0,8,0,0,1
TAO_TRAIN_GT_CONTROLLED_HELDOUT,policy_heldout,D1_SIMPLE_MLP,frozen_MLP,1028,seed1029,8,0.5,4,16,0,0,0,1,0,0,0,0,6,0,0,2
TAO_TRAIN_GT_CONTROLLED_HELDOUT,policy_heldout,D1_SIMPLE_MLP,frozen_MLP,1028,seed1029,16,0.5,5,16,0,0,0,1,0,0,0,0,6,0,0,2
TAO_TRAIN_GT_CONTROLLED_HELDOUT,policy_heldout,D1_SIMPLE_MLP,frozen_MLP,1028,main,1,0.75,1,16,0,0,0,0,0,0,0,0,8,0,0,1
TAO_TRAIN_GT_CONTROLLED_HELDOUT,policy_heldout,D1_SIMPLE_MLP,frozen_MLP,1028,main,2,0.75,1,16,0,0,0,0,0,0,0,0,8,0,0,1
TAO_TRAIN_GT_CONTROLLED_HELDOUT,policy_heldout,D1_SIMPLE_MLP,frozen_MLP,1028,main,4,0.75,3,16,0,0,0,0,0,0,0,0,7,0,0,2
TAO_TRAIN_GT_CONTROLLED_HELDOUT,policy_heldout,D1_SIMPLE_MLP,frozen_MLP,1028,main,8,0.75,4,16,0,0,0,1,0,0,0,0,6,0,0,2
TAO_TRAIN_GT_CONTROLLED_HELDOUT,policy_heldout,D1_SIMPLE_MLP,frozen_MLP,1028,main,16,0.75,4,16,0,0,0,1,0,0,0,0,6,0,0,2
TAO_TRAIN_GT_CONTROLLED_HELDOUT,policy_heldout,D1_SIMPLE_MLP,frozen_MLP,1028,seed1027,1,0.75,1,16,0,0,0,0,0,0,0,0,7,0,0,0
TAO_TRAIN_GT_CONTROLLED_HELDOUT,policy_heldout,D1_SIMPLE_MLP,frozen_MLP,1028,seed1027,2,0.75,1,16,0,0,0,0,0,0,0,0,7,0,0,0
TAO_TRAIN_GT_CONTROLLED_HELDOUT,policy_heldout,D1_SIMPLE_MLP,frozen_MLP,1028,seed1027,4,0.75,3,16,0,0,0,0,0,0,0,0,6,0,0,1
TAO_TRAIN_GT_CONTROLLED_HELDOUT,policy_heldout,D1_SIMPLE_MLP,frozen_MLP,1028,seed1027,8,0.75,3,16,0,0,0,0,0,0,0,0,5,0,0,2
TAO_TRAIN_GT_CONTROLLED_HELDOUT,policy_heldout,D1_SIMPLE_MLP,frozen_MLP,1028,seed1027,16,0.75,4,16,0,0,0,2,0,0,0,0,3,0,0,2
TAO_TRAIN_GT_CONTROLLED_HELDOUT,policy_heldout,D1_SIMPLE_MLP,frozen_MLP,1028,seed1028,1,0.75,1,16,0,0,0,0,0,0,0,0,6,0,0,1
TAO_TRAIN_GT_CONTROLLED_HELDOUT,policy_heldout,D1_SIMPLE_MLP,frozen_MLP,1028,seed1028,2,0.75,1,16,0,0,0,0,0,0,0,0,6,0,0,1
TAO_TRAIN_GT_CONTROLLED_HELDOUT,policy_heldout,D1_SIMPLE_MLP,frozen_MLP,1028,seed1028,4,0.75,3,16,0,0,0,0,0,0,0,0,5,0,0,2
TAO_TRAIN_GT_CONTROLLED_HELDOUT,policy_heldout,D1_SIMPLE_MLP,frozen_MLP,1028,seed1028,8,0.75,4,16,0,0,0,1,0,0,0,0,4,0,0,2
TAO_TRAIN_GT_CONTROLLED_HELDOUT,policy_heldout,D1_SIMPLE_MLP,frozen_MLP,1028,seed1028,16,0.75,4,16,0,0,0,2,0,0,0,0,3,0,0,2
TAO_TRAIN_GT_CONTROLLED_HELDOUT,policy_heldout,D1_SIMPLE_MLP,frozen_MLP,1028,seed1029,1,0.75,1,16,0,0,0,0,0,0,0,0,9,0,0,0
TAO_TRAIN_GT_CONTROLLED_HELDOUT,policy_heldout,D1_SIMPLE_MLP,frozen_MLP,1028,seed1029,2,0.75,1,16,0,0,0,0,0,0,0,0,9,0,0,0
TAO_TRAIN_GT_CONTROLLED_HELDOUT,policy_heldout,D1_SIMPLE_MLP,frozen_MLP,1028,seed1029,4,0.75,3,16,0,0,0,0,0,0,0,0,8,0,0,1
TAO_TRAIN_GT_CONTROLLED_HELDOUT,policy_heldout,D1_SIMPLE_MLP,frozen_MLP,1028,seed1029,8,0.75,4,16,0,0,0,1,0,0,0,0,6,0,0,2
TAO_TRAIN_GT_CONTROLLED_HELDOUT,policy_heldout,D1_SIMPLE_MLP,frozen_MLP,1028,seed1029,16,0.75,5,16,0,0,0,1,0,0,0,0,6,0,0,2
TAO_TRAIN_GT_CONTROLLED_HELDOUT,policy_heldout,D1_SIMPLE_MLP,frozen_MLP,1028,main,1,1.0,15,16,0,0,0,1,0,0,0,0,0,0,0,8
TAO_TRAIN_GT_CONTROLLED_HELDOUT,policy_heldout,D1_SIMPLE_MLP,frozen_MLP,1028,main,2,1.0,15,16,0,0,0,1,0,0,0,0,0,0,0,8
TAO_TRAIN_GT_CONTROLLED_HELDOUT,policy_heldout,D1_SIMPLE_MLP,frozen_MLP,1028,main,4,1.0,15,16,0,0,0,1,0,0,0,0,0,0,0,8
TAO_TRAIN_GT_CONTROLLED_HELDOUT,policy_heldout,D1_SIMPLE_MLP,frozen_MLP,1028,main,8,1.0,15,16,0,0,0,1,0,0,0,0,0,0,0,8
TAO_TRAIN_GT_CONTROLLED_HELDOUT,policy_heldout,D1_SIMPLE_MLP,frozen_MLP,1028,main,16,1.0,13,16,0,0,0,1,0,0,0,0,0,0,0,8
TAO_TRAIN_GT_CONTROLLED_HELDOUT,policy_heldout,D1_SIMPLE_MLP,frozen_MLP,1028,seed1027,1,1.0,15,16,0,0,0,0,0,0,0,0,0,0,0,7
TAO_TRAIN_GT_CONTROLLED_HELDOUT,policy_heldout,D1_SIMPLE_MLP,frozen_MLP,1028,seed1027,2,1.0,15,16,0,0,0,0,0,0,0,0,0,0,0,7
TAO_TRAIN_GT_CONTROLLED_HELDOUT,policy_heldout,D1_SIMPLE_MLP,frozen_MLP,1028,seed1027,4,1.0,15,16,0,0,0,0,0,0,0,0,0,0,0,7
TAO_TRAIN_GT_CONTROLLED_HELDOUT,policy_heldout,D1_SIMPLE_MLP,frozen_MLP,1028,seed1027,8,1.0,15,16,0,0,0,0,0,0,0,0,0,0,0,7
TAO_TRAIN_GT_CONTROLLED_HELDOUT,policy_heldout,D1_SIMPLE_MLP,frozen_MLP,1028,seed1027,16,1.0,13,16,0,0,0,2,0,0,0,0,0,0,0,5
TAO_TRAIN_GT_CONTROLLED_HELDOUT,policy_heldout,D1_SIMPLE_MLP,frozen_MLP,1028,seed1028,1,1.0,15,16,0,0,0,1,0,0,0,0,0,0,0,6
TAO_TRAIN_GT_CONTROLLED_HELDOUT,policy_heldout,D1_SIMPLE_MLP,frozen_MLP,1028,seed1028,2,1.0,15,16,0,0,0,1,0,0,0,0,0,0,0,6
TAO_TRAIN_GT_CONTROLLED_HELDOUT,policy_heldout,D1_SIMPLE_MLP,frozen_MLP,1028,seed1028,4,1.0,15,16,0,0,0,1,0,0,0,0,0,0,0,6
TAO_TRAIN_GT_CONTROLLED_HELDOUT,policy_heldout,D1_SIMPLE_MLP,frozen_MLP,1028,seed1028,8,1.0,15,16,0,0,0,1,0,0,0,0,0,0,0,6
TAO_TRAIN_GT_CONTROLLED_HELDOUT,policy_heldout,D1_SIMPLE_MLP,frozen_MLP,1028,seed1028,16,1.0,13,16,0,0,0,2,0,0,0,0,0,0,0,5
TAO_TRAIN_GT_CONTROLLED_HELDOUT,policy_heldout,D1_SIMPLE_MLP,frozen_MLP,1028,seed1029,1,1.0,15,16,0,0,0,1,0,0,0,0,0,0,0,8
TAO_TRAIN_GT_CONTROLLED_HELDOUT,policy_heldout,D1_SIMPLE_MLP,frozen_MLP,1028,seed1029,2,1.0,15,16,0,0,0,1,0,0,0,0,0,0,0,8
TAO_TRAIN_GT_CONTROLLED_HELDOUT,policy_heldout,D1_SIMPLE_MLP,frozen_MLP,1028,seed1029,4,1.0,15,16,0,0,0,1,0,0,0,0,0,0,0,8
TAO_TRAIN_GT_CONTROLLED_HELDOUT,policy_heldout,D1_SIMPLE_MLP,frozen_MLP,1028,seed1029,8,1.0,15,16,0,0,0,1,0,0,0,0,0,0,0,8
TAO_TRAIN_GT_CONTROLLED_HELDOUT,policy_heldout,D1_SIMPLE_MLP,frozen_MLP,1028,seed1029,16,1.0,14,16,0,0,0,1,0,0,0,0,0,0,0,8
TAO_TRAIN_GT_CONTROLLED_HELDOUT,policy_heldout,D2_RISK_AWARE,frozen_MLP,1028,main,1,0.5,16,16,0,0,0,0,0,0,0,0,0,0,0,9
TAO_TRAIN_GT_CONTROLLED_HELDOUT,policy_heldout,D2_RISK_AWARE,frozen_MLP,1028,main,2,0.5,16,16,0,0,0,0,0,0,0,0,0,0,0,9
TAO_TRAIN_GT_CONTROLLED_HELDOUT,policy_heldout,D2_RISK_AWARE,frozen_MLP,1028,main,4,0.5,16,16,0,0,0,0,0,0,0,0,0,0,0,9
TAO_TRAIN_GT_CONTROLLED_HELDOUT,policy_heldout,D2_RISK_AWARE,frozen_MLP,1028,main,8,0.5,16,16,0,0,0,0,0,0,0,0,0,0,0,9
TAO_TRAIN_GT_CONTROLLED_HELDOUT,policy_heldout,D2_RISK_AWARE,frozen_MLP,1028,main,16,0.5,16,16,0,0,0,0,0,0,0,0,0,0,0,9
TAO_TRAIN_GT_CONTROLLED_HELDOUT,policy_heldout,D2_RISK_AWARE,frozen_MLP,1028,seed1027,1,0.5,16,16,0,0,0,0,0,0,0,0,0,0,0,7
TAO_TRAIN_GT_CONTROLLED_HELDOUT,policy_heldout,D2_RISK_AWARE,frozen_MLP,1028,seed1027,2,0.5,16,16,0,0,0,0,0,0,0,0,0,0,0,7
TAO_TRAIN_GT_CONTROLLED_HELDOUT,policy_heldout,D2_RISK_AWARE,frozen_MLP,1028,seed1027,4,0.5,16,16,0,0,0,0,0,0,0,0,0,0,0,7
TAO_TRAIN_GT_CONTROLLED_HELDOUT,policy_heldout,D2_RISK_AWARE,frozen_MLP,1028,seed1027,8,0.5,16,16,0,0,0,0,0,0,0,0,0,0,0,7
TAO_TRAIN_GT_CONTROLLED_HELDOUT,policy_heldout,D2_RISK_AWARE,frozen_MLP,1028,seed1027,16,0.5,16,16,0,0,0,0,0,0,0,0,0,0,0,7
TAO_TRAIN_GT_CONTROLLED_HELDOUT,policy_heldout,D2_RISK_AWARE,frozen_MLP,1028,seed1028,1,0.5,16,16,0,0,0,0,0,0,0,0,0,0,0,7
TAO_TRAIN_GT_CONTROLLED_HELDOUT,policy_heldout,D2_RISK_AWARE,frozen_MLP,1028,seed1028,2,0.5,16,16,0,0,0,0,0,0,0,0,0,0,0,7
TAO_TRAIN_GT_CONTROLLED_HELDOUT,policy_heldout,D2_RISK_AWARE,frozen_MLP,1028,seed1028,4,0.5,16,16,0,0,0,0,0,0,0,0,0,0,0,7
TAO_TRAIN_GT_CONTROLLED_HELDOUT,policy_heldout,D2_RISK_AWARE,frozen_MLP,1028,seed1028,8,0.5,16,16,0,0,0,0,0,0,0,0,0,0,0,7
TAO_TRAIN_GT_CONTROLLED_HELDOUT,policy_heldout,D2_RISK_AWARE,frozen_MLP,1028,seed1028,16,0.5,16,16,0,0,0,0,0,0,0,0,0,0,0,7
TAO_TRAIN_GT_CONTROLLED_HELDOUT,policy_heldout,D2_RISK_AWARE,frozen_MLP,1028,seed1029,1,0.5,16,16,0,0,0,0,0,0,0,0,0,0,0,9
TAO_TRAIN_GT_CONTROLLED_HELDOUT,policy_heldout,D2_RISK_AWARE,frozen_MLP,1028,seed1029,2,0.5,16,16,0,0,0,0,0,0,0,0,0,0,0,9
TAO_TRAIN_GT_CONTROLLED_HELDOUT,policy_heldout,D2_RISK_AWARE,frozen_MLP,1028,seed1029,4,0.5,16,16,0,0,0,0,0,0,0,0,0,0,0,9
TAO_TRAIN_GT_CONTROLLED_HELDOUT,policy_heldout,D2_RISK_AWARE,frozen_MLP,1028,seed1029,8,0.5,16,16,0,0,0,0,0,0,0,0,0,0,0,9
TAO_TRAIN_GT_CONTROLLED_HELDOUT,policy_heldout,D2_RISK_AWARE,frozen_MLP,1028,seed1029,16,0.5,16,16,0,0,0,0,0,0,0,0,0,0,0,9
TAO_TRAIN_GT_CONTROLLED_HELDOUT,policy_heldout,D2_RISK_AWARE,frozen_MLP,1028,main,1,0.75,16,16,0,0,0,0,0,0,0,0,0,0,0,9
TAO_TRAIN_GT_CONTROLLED_HELDOUT,policy_heldout,D2_RISK_AWARE,frozen_MLP,1028,main,2,0.75,16,16,0,0,0,0,0,0,0,0,0,0,0,9
TAO_TRAIN_GT_CONTROLLED_HELDOUT,policy_heldout,D2_RISK_AWARE,frozen_MLP,1028,main,4,0.75,16,16,0,0,0,0,0,0,0,0,0,0,0,9
TAO_TRAIN_GT_CONTROLLED_HELDOUT,policy_heldout,D2_RISK_AWARE,frozen_MLP,1028,main,8,0.75,16,16,0,0,0,0,0,0,0,0,0,0,0,9
TAO_TRAIN_GT_CONTROLLED_HELDOUT,policy_heldout,D2_RISK_AWARE,frozen_MLP,1028,main,16,0.75,16,16,0,0,0,0,0,0,0,0,0,0,0,9
TAO_TRAIN_GT_CONTROLLED_HELDOUT,policy_heldout,D2_RISK_AWARE,frozen_MLP,1028,seed1027,1,0.75,16,16,0,0,0,0,0,0,0,0,0,0,0,7
TAO_TRAIN_GT_CONTROLLED_HELDOUT,policy_heldout,D2_RISK_AWARE,frozen_MLP,1028,seed1027,2,0.75,16,16,0,0,0,0,0,0,0,0,0,0,0,7
TAO_TRAIN_GT_CONTROLLED_HELDOUT,policy_heldout,D2_RISK_AWARE,frozen_MLP,1028,seed1027,4,0.75,16,16,0,0,0,0,0,0,0,0,0,0,0,7
TAO_TRAIN_GT_CONTROLLED_HELDOUT,policy_heldout,D2_RISK_AWARE,frozen_MLP,1028,seed1027,8,0.75,16,16,0,0,0,0,0,0,0,0,0,0,0,7
TAO_TRAIN_GT_CONTROLLED_HELDOUT,policy_heldout,D2_RISK_AWARE,frozen_MLP,1028,seed1027,16,0.75,16,16,0,0,0,0,0,0,0,0,0,0,0,7
TAO_TRAIN_GT_CONTROLLED_HELDOUT,policy_heldout,D2_RISK_AWARE,frozen_MLP,1028,seed1028,1,0.75,16,16,0,0,0,0,0,0,0,0,0,0,0,7
TAO_TRAIN_GT_CONTROLLED_HELDOUT,policy_heldout,D2_RISK_AWARE,frozen_MLP,1028,seed1028,2,0.75,16,16,0,0,0,0,0,0,0,0,0,0,0,7
TAO_TRAIN_GT_CONTROLLED_HELDOUT,policy_heldout,D2_RISK_AWARE,frozen_MLP,1028,seed1028,4,0.75,16,16,0,0,0,0,0,0,0,0,0,0,0,7
TAO_TRAIN_GT_CONTROLLED_HELDOUT,policy_heldout,D2_RISK_AWARE,frozen_MLP,1028,seed1028,8,0.75,16,16,0,0,0,0,0,0,0,0,0,0,0,7
TAO_TRAIN_GT_CONTROLLED_HELDOUT,policy_heldout,D2_RISK_AWARE,frozen_MLP,1028,seed1028,16,0.75,16,16,0,0,0,0,0,0,0,0,0,0,0,7
TAO_TRAIN_GT_CONTROLLED_HELDOUT,policy_heldout,D2_RISK_AWARE,frozen_MLP,1028,seed1029,1,0.75,16,16,0,0,0,0,0,0,0,0,0,0,0,9
TAO_TRAIN_GT_CONTROLLED_HELDOUT,policy_heldout,D2_RISK_AWARE,frozen_MLP,1028,seed1029,2,0.75,16,16,0,0,0,0,0,0,0,0,0,0,0,9
TAO_TRAIN_GT_CONTROLLED_HELDOUT,policy_heldout,D2_RISK_AWARE,frozen_MLP,1028,seed1029,4,0.75,16,16,0,0,0,0,0,0,0,0,0,0,0,9
TAO_TRAIN_GT_CONTROLLED_HELDOUT,policy_heldout,D2_RISK_AWARE,frozen_MLP,1028,seed1029,8,0.75,16,16,0,0,0,0,0,0,0,0,0,0,0,9
TAO_TRAIN_GT_CONTROLLED_HELDOUT,policy_heldout,D2_RISK_AWARE,frozen_MLP,1028,seed1029,16,0.75,16,16,0,0,0,0,0,0,0,0,0,0,0,9
TAO_TRAIN_GT_CONTROLLED_HELDOUT,policy_heldout,D2_RISK_AWARE,frozen_MLP,1028,main,1,1.0,16,16,0,0,0,0,0,0,0,0,0,0,0,9
TAO_TRAIN_GT_CONTROLLED_HELDOUT,policy_heldout,D2_RISK_AWARE,frozen_MLP,1028,main,2,1.0,16,16,0,0,0,0,0,0,0,0,0,0,0,9
TAO_TRAIN_GT_CONTROLLED_HELDOUT,policy_heldout,D2_RISK_AWARE,frozen_MLP,1028,main,4,1.0,16,16,0,0,0,0,0,0,0,0,0,0,0,9
TAO_TRAIN_GT_CONTROLLED_HELDOUT,policy_heldout,D2_RISK_AWARE,frozen_MLP,1028,main,8,1.0,16,16,0,0,0,0,0,0,0,0,0,0,0,9
TAO_TRAIN_GT_CONTROLLED_HELDOUT,policy_heldout,D2_RISK_AWARE,frozen_MLP,1028,main,16,1.0,16,16,0,0,0,0,0,0,0,0,0,0,0,9
TAO_TRAIN_GT_CONTROLLED_HELDOUT,policy_heldout,D2_RISK_AWARE,frozen_MLP,1028,seed1027,1,1.0,16,16,0,0,0,0,0,0,0,0,0,0,0,7
TAO_TRAIN_GT_CONTROLLED_HELDOUT,policy_heldout,D2_RISK_AWARE,frozen_MLP,1028,seed1027,2,1.0,16,16,0,0,0,0,0,0,0,0,0,0,0,7
TAO_TRAIN_GT_CONTROLLED_HELDOUT,policy_heldout,D2_RISK_AWARE,frozen_MLP,1028,seed1027,4,1.0,16,16,0,0,0,0,0,0,0,0,0,0,0,7
TAO_TRAIN_GT_CONTROLLED_HELDOUT,policy_heldout,D2_RISK_AWARE,frozen_MLP,1028,seed1027,8,1.0,16,16,0,0,0,0,0,0,0,0,0,0,0,7
TAO_TRAIN_GT_CONTROLLED_HELDOUT,policy_heldout,D2_RISK_AWARE,frozen_MLP,1028,seed1027,16,1.0,16,16,0,0,0,0,0,0,0,0,0,0,0,7
TAO_TRAIN_GT_CONTROLLED_HELDOUT,policy_heldout,D2_RISK_AWARE,frozen_MLP,1028,seed1028,1,1.0,16,16,0,0,0,0,0,0,0,0,0,0,0,7
TAO_TRAIN_GT_CONTROLLED_HELDOUT,policy_heldout,D2_RISK_AWARE,frozen_MLP,1028,seed1028,2,1.0,16,16,0,0,0,0,0,0,0,0,0,0,0,7
TAO_TRAIN_GT_CONTROLLED_HELDOUT,policy_heldout,D2_RISK_AWARE,frozen_MLP,1028,seed1028,4,1.0,16,16,0,0,0,0,0,0,0,0,0,0,0,7
TAO_TRAIN_GT_CONTROLLED_HELDOUT,policy_heldout,D2_RISK_AWARE,frozen_MLP,1028,seed1028,8,1.0,16,16,0,0,0,0,0,0,0,0,0,0,0,7
TAO_TRAIN_GT_CONTROLLED_HELDOUT,policy_heldout,D2_RISK_AWARE,frozen_MLP,1028,seed1028,16,1.0,16,16,0,0,0,0,0,0,0,0,0,0,0,7
TAO_TRAIN_GT_CONTROLLED_HELDOUT,policy_heldout,D2_RISK_AWARE,frozen_MLP,1028,seed1029,1,1.0,16,16,0,0,0,0,0,0,0,0,0,0,0,9
TAO_TRAIN_GT_CONTROLLED_HELDOUT,policy_heldout,D2_RISK_AWARE,frozen_MLP,1028,seed1029,2,1.0,16,16,0,0,0,0,0,0,0,0,0,0,0,9
TAO_TRAIN_GT_CONTROLLED_HELDOUT,policy_heldout,D2_RISK_AWARE,frozen_MLP,1028,seed1029,4,1.0,16,16,0,0,0,0,0,0,0,0,0,0,0,9
TAO_TRAIN_GT_CONTROLLED_HELDOUT,policy_heldout,D2_RISK_AWARE,frozen_MLP,1028,seed1029,8,1.0,16,16,0,0,0,0,0,0,0,0,0,0,0,9
TAO_TRAIN_GT_CONTROLLED_HELDOUT,policy_heldout,D2_RISK_AWARE,frozen_MLP,1028,seed1029,16,1.0,16,16,0,0,0,0,0,0,0,0,0,0,0,9
TAO_TRAIN_GT_CONTROLLED_HELDOUT,policy_heldout,WITHOUT_ADAPTER,frozen_MLP,1028,main,1,0.5,16,16,0,0,0,0,0,0,0,0,0,0,0,9
TAO_TRAIN_GT_CONTROLLED_HELDOUT,policy_heldout,WITHOUT_ADAPTER,frozen_MLP,1028,main,2,0.5,16,16,0,0,0,0,0,0,0,0,0,0,0,9
TAO_TRAIN_GT_CONTROLLED_HELDOUT,policy_heldout,WITHOUT_ADAPTER,frozen_MLP,1028,main,4,0.5,16,16,0,0,0,0,0,0,0,0,0,0,0,9
TAO_TRAIN_GT_CONTROLLED_HELDOUT,policy_heldout,WITHOUT_ADAPTER,frozen_MLP,1028,main,8,0.5,16,16,0,0,0,0,0,0,0,0,0,0,0,9
TAO_TRAIN_GT_CONTROLLED_HELDOUT,policy_heldout,WITHOUT_ADAPTER,frozen_MLP,1028,main,16,0.5,16,16,0,0,0,0,0,0,0,0,0,0,0,9
TAO_TRAIN_GT_CONTROLLED_HELDOUT,policy_heldout,WITHOUT_ADAPTER,frozen_MLP,1028,seed1027,1,0.5,16,16,0,0,0,0,0,0,0,0,0,0,0,7
TAO_TRAIN_GT_CONTROLLED_HELDOUT,policy_heldout,WITHOUT_ADAPTER,frozen_MLP,1028,seed1027,2,0.5,16,16,0,0,0,0,0,0,0,0,0,0,0,7
TAO_TRAIN_GT_CONTROLLED_HELDOUT,policy_heldout,WITHOUT_ADAPTER,frozen_MLP,1028,seed1027,4,0.5,16,16,0,0,0,0,0,0,0,0,0,0,0,7
TAO_TRAIN_GT_CONTROLLED_HELDOUT,policy_heldout,WITHOUT_ADAPTER,frozen_MLP,1028,seed1027,8,0.5,16,16,0,0,0,0,0,0,0,0,0,0,0,7
TAO_TRAIN_GT_CONTROLLED_HELDOUT,policy_heldout,WITHOUT_ADAPTER,frozen_MLP,1028,seed1027,16,0.5,16,16,0,0,0,0,0,0,0,0,0,0,0,7
TAO_TRAIN_GT_CONTROLLED_HELDOUT,policy_heldout,WITHOUT_ADAPTER,frozen_MLP,1028,seed1028,1,0.5,16,16,0,0,0,0,0,0,0,0,0,0,0,7
TAO_TRAIN_GT_CONTROLLED_HELDOUT,policy_heldout,WITHOUT_ADAPTER,frozen_MLP,1028,seed1028,2,0.5,16,16,0,0,0,0,0,0,0,0,0,0,0,7
TAO_TRAIN_GT_CONTROLLED_HELDOUT,policy_heldout,WITHOUT_ADAPTER,frozen_MLP,1028,seed1028,4,0.5,16,16,0,0,0,0,0,0,0,0,0,0,0,7
TAO_TRAIN_GT_CONTROLLED_HELDOUT,policy_heldout,WITHOUT_ADAPTER,frozen_MLP,1028,seed1028,8,0.5,16,16,0,0,0,0,0,0,0,0,0,0,0,7
TAO_TRAIN_GT_CONTROLLED_HELDOUT,policy_heldout,WITHOUT_ADAPTER,frozen_MLP,1028,seed1028,16,0.5,16,16,0,0,0,0,0,0,0,0,0,0,0,7
TAO_TRAIN_GT_CONTROLLED_HELDOUT,policy_heldout,WITHOUT_ADAPTER,frozen_MLP,1028,seed1029,1,0.5,16,16,0,0,0,0,0,0,0,0,0,0,0,9
TAO_TRAIN_GT_CONTROLLED_HELDOUT,policy_heldout,WITHOUT_ADAPTER,frozen_MLP,1028,seed1029,2,0.5,16,16,0,0,0,0,0,0,0,0,0,0,0,9
TAO_TRAIN_GT_CONTROLLED_HELDOUT,policy_heldout,WITHOUT_ADAPTER,frozen_MLP,1028,seed1029,4,0.5,16,16,0,0,0,0,0,0,0,0,0,0,0,9
TAO_TRAIN_GT_CONTROLLED_HELDOUT,policy_heldout,WITHOUT_ADAPTER,frozen_MLP,1028,seed1029,8,0.5,16,16,0,0,0,0,0,0,0,0,0,0,0,9
TAO_TRAIN_GT_CONTROLLED_HELDOUT,policy_heldout,WITHOUT_ADAPTER,frozen_MLP,1028,seed1029,16,0.5,16,16,0,0,0,0,0,0,0,0,0,0,0,9
TAO_TRAIN_GT_CONTROLLED_HELDOUT,policy_heldout,WITHOUT_ADAPTER,frozen_MLP,1028,main,1,0.75,16,16,0,0,0,0,0,0,0,0,0,0,0,9
TAO_TRAIN_GT_CONTROLLED_HELDOUT,policy_heldout,WITHOUT_ADAPTER,frozen_MLP,1028,main,2,0.75,16,16,0,0,0,0,0,0,0,0,0,0,0,9
TAO_TRAIN_GT_CONTROLLED_HELDOUT,policy_heldout,WITHOUT_ADAPTER,frozen_MLP,1028,main,4,0.75,16,16,0,0,0,0,0,0,0,0,0,0,0,9
TAO_TRAIN_GT_CONTROLLED_HELDOUT,policy_heldout,WITHOUT_ADAPTER,frozen_MLP,1028,main,8,0.75,16,16,0,0,0,0,0,0,0,0,0,0,0,9
TAO_TRAIN_GT_CONTROLLED_HELDOUT,policy_heldout,WITHOUT_ADAPTER,frozen_MLP,1028,main,16,0.75,16,16,0,0,0,0,0,0,0,0,0,0,0,9
TAO_TRAIN_GT_CONTROLLED_HELDOUT,policy_heldout,WITHOUT_ADAPTER,frozen_MLP,1028,seed1027,1,0.75,16,16,0,0,0,0,0,0,0,0,0,0,0,7
TAO_TRAIN_GT_CONTROLLED_HELDOUT,policy_heldout,WITHOUT_ADAPTER,frozen_MLP,1028,seed1027,2,0.75,16,16,0,0,0,0,0,0,0,0,0,0,0,7
TAO_TRAIN_GT_CONTROLLED_HELDOUT,policy_heldout,WITHOUT_ADAPTER,frozen_MLP,1028,seed1027,4,0.75,16,16,0,0,0,0,0,0,0,0,0,0,0,7
TAO_TRAIN_GT_CONTROLLED_HELDOUT,policy_heldout,WITHOUT_ADAPTER,frozen_MLP,1028,seed1027,8,0.75,16,16,0,0,0,0,0,0,0,0,0,0,0,7
TAO_TRAIN_GT_CONTROLLED_HELDOUT,policy_heldout,WITHOUT_ADAPTER,frozen_MLP,1028,seed1027,16,0.75,16,16,0,0,0,0,0,0,0,0,0,0,0,7
TAO_TRAIN_GT_CONTROLLED_HELDOUT,policy_heldout,WITHOUT_ADAPTER,frozen_MLP,1028,seed1028,1,0.75,16,16,0,0,0,0,0,0,0,0,0,0,0,7
TAO_TRAIN_GT_CONTROLLED_HELDOUT,policy_heldout,WITHOUT_ADAPTER,frozen_MLP,1028,seed1028,2,0.75,16,16,0,0,0,0,0,0,0,0,0,0,0,7
TAO_TRAIN_GT_CONTROLLED_HELDOUT,policy_heldout,WITHOUT_ADAPTER,frozen_MLP,1028,seed1028,4,0.75,16,16,0,0,0,0,0,0,0,0,0,0,0,7
TAO_TRAIN_GT_CONTROLLED_HELDOUT,policy_heldout,WITHOUT_ADAPTER,frozen_MLP,1028,seed1028,8,0.75,16,16,0,0,0,0,0,0,0,0,0,0,0,7
TAO_TRAIN_GT_CONTROLLED_HELDOUT,policy_heldout,WITHOUT_ADAPTER,frozen_MLP,1028,seed1028,16,0.75,16,16,0,0,0,0,0,0,0,0,0,0,0,7
TAO_TRAIN_GT_CONTROLLED_HELDOUT,policy_heldout,WITHOUT_ADAPTER,frozen_MLP,1028,seed1029,1,0.75,16,16,0,0,0,0,0,0,0,0,0,0,0,9
TAO_TRAIN_GT_CONTROLLED_HELDOUT,policy_heldout,WITHOUT_ADAPTER,frozen_MLP,1028,seed1029,2,0.75,16,16,0,0,0,0,0,0,0,0,0,0,0,9
TAO_TRAIN_GT_CONTROLLED_HELDOUT,policy_heldout,WITHOUT_ADAPTER,frozen_MLP,1028,seed1029,4,0.75,16,16,0,0,0,0,0,0,0,0,0,0,0,9
TAO_TRAIN_GT_CONTROLLED_HELDOUT,policy_heldout,WITHOUT_ADAPTER,frozen_MLP,1028,seed1029,8,0.75,16,16,0,0,0,0,0,0,0,0,0,0,0,9
TAO_TRAIN_GT_CONTROLLED_HELDOUT,policy_heldout,WITHOUT_ADAPTER,frozen_MLP,1028,seed1029,16,0.75,16,16,0,0,0,0,0,0,0,0,0,0,0,9
TAO_TRAIN_GT_CONTROLLED_HELDOUT,policy_heldout,WITHOUT_ADAPTER,frozen_MLP,1028,main,1,1.0,16,16,0,0,0,0,0,0,0,0,0,0,0,9
TAO_TRAIN_GT_CONTROLLED_HELDOUT,policy_heldout,WITHOUT_ADAPTER,frozen_MLP,1028,main,2,1.0,16,16,0,0,0,0,0,0,0,0,0,0,0,9
TAO_TRAIN_GT_CONTROLLED_HELDOUT,policy_heldout,WITHOUT_ADAPTER,frozen_MLP,1028,main,4,1.0,16,16,0,0,0,0,0,0,0,0,0,0,0,9
TAO_TRAIN_GT_CONTROLLED_HELDOUT,policy_heldout,WITHOUT_ADAPTER,frozen_MLP,1028,main,8,1.0,16,16,0,0,0,0,0,0,0,0,0,0,0,9
TAO_TRAIN_GT_CONTROLLED_HELDOUT,policy_heldout,WITHOUT_ADAPTER,frozen_MLP,1028,main,16,1.0,16,16,0,0,0,0,0,0,0,0,0,0,0,9
TAO_TRAIN_GT_CONTROLLED_HELDOUT,policy_heldout,WITHOUT_ADAPTER,frozen_MLP,1028,seed1027,1,1.0,16,16,0,0,0,0,0,0,0,0,0,0,0,7
TAO_TRAIN_GT_CONTROLLED_HELDOUT,policy_heldout,WITHOUT_ADAPTER,frozen_MLP,1028,seed1027,2,1.0,16,16,0,0,0,0,0,0,0,0,0,0,0,7
TAO_TRAIN_GT_CONTROLLED_HELDOUT,policy_heldout,WITHOUT_ADAPTER,frozen_MLP,1028,seed1027,4,1.0,16,16,0,0,0,0,0,0,0,0,0,0,0,7
TAO_TRAIN_GT_CONTROLLED_HELDOUT,policy_heldout,WITHOUT_ADAPTER,frozen_MLP,1028,seed1027,8,1.0,16,16,0,0,0,0,0,0,0,0,0,0,0,7
TAO_TRAIN_GT_CONTROLLED_HELDOUT,policy_heldout,WITHOUT_ADAPTER,frozen_MLP,1028,seed1027,16,1.0,16,16,0,0,0,0,0,0,0,0,0,0,0,7
TAO_TRAIN_GT_CONTROLLED_HELDOUT,policy_heldout,WITHOUT_ADAPTER,frozen_MLP,1028,seed1028,1,1.0,16,16,0,0,0,0,0,0,0,0,0,0,0,7
TAO_TRAIN_GT_CONTROLLED_HELDOUT,policy_heldout,WITHOUT_ADAPTER,frozen_MLP,1028,seed1028,2,1.0,16,16,0,0,0,0,0,0,0,0,0,0,0,7
TAO_TRAIN_GT_CONTROLLED_HELDOUT,policy_heldout,WITHOUT_ADAPTER,frozen_MLP,1028,seed1028,4,1.0,16,16,0,0,0,0,0,0,0,0,0,0,0,7
TAO_TRAIN_GT_CONTROLLED_HELDOUT,policy_heldout,WITHOUT_ADAPTER,frozen_MLP,1028,seed1028,8,1.0,16,16,0,0,0,0,0,0,0,0,0,0,0,7
TAO_TRAIN_GT_CONTROLLED_HELDOUT,policy_heldout,WITHOUT_ADAPTER,frozen_MLP,1028,seed1028,16,1.0,16,16,0,0,0,0,0,0,0,0,0,0,0,7
TAO_TRAIN_GT_CONTROLLED_HELDOUT,policy_heldout,WITHOUT_ADAPTER,frozen_MLP,1028,seed1029,1,1.0,16,16,0,0,0,0,0,0,0,0,0,0,0,9
TAO_TRAIN_GT_CONTROLLED_HELDOUT,policy_heldout,WITHOUT_ADAPTER,frozen_MLP,1028,seed1029,2,1.0,16,16,0,0,0,0,0,0,0,0,0,0,0,9
TAO_TRAIN_GT_CONTROLLED_HELDOUT,policy_heldout,WITHOUT_ADAPTER,frozen_MLP,1028,seed1029,4,1.0,16,16,0,0,0,0,0,0,0,0,0,0,0,9
TAO_TRAIN_GT_CONTROLLED_HELDOUT,policy_heldout,WITHOUT_ADAPTER,frozen_MLP,1028,seed1029,8,1.0,16,16,0,0,0,0,0,0,0,0,0,0,0,9
TAO_TRAIN_GT_CONTROLLED_HELDOUT,policy_heldout,WITHOUT_ADAPTER,frozen_MLP,1028,seed1029,16,1.0,16,16,0,0,0,0,0,0,0,0,0,0,0,9
TAO_TRAIN_GT_CONTROLLED_HELDOUT,policy_heldout,WITHOUT_TEMPORAL,frozen_MLP,1028,main,1,0.5,16,16,0,0,0,0,0,0,0,0,0,0,0,9
TAO_TRAIN_GT_CONTROLLED_HELDOUT,policy_heldout,WITHOUT_TEMPORAL,frozen_MLP,1028,main,2,0.5,16,16,0,0,0,0,0,0,0,0,0,0,0,9
TAO_TRAIN_GT_CONTROLLED_HELDOUT,policy_heldout,WITHOUT_TEMPORAL,frozen_MLP,1028,main,4,0.5,16,16,0,0,0,0,0,0,0,0,0,0,0,9
TAO_TRAIN_GT_CONTROLLED_HELDOUT,policy_heldout,WITHOUT_TEMPORAL,frozen_MLP,1028,main,8,0.5,16,16,0,0,0,0,0,0,0,0,0,0,0,9
TAO_TRAIN_GT_CONTROLLED_HELDOUT,policy_heldout,WITHOUT_TEMPORAL,frozen_MLP,1028,main,16,0.5,16,16,0,0,0,0,0,0,0,0,0,0,0,9
TAO_TRAIN_GT_CONTROLLED_HELDOUT,policy_heldout,WITHOUT_TEMPORAL,frozen_MLP,1028,seed1027,1,0.5,16,16,0,0,0,0,0,0,0,0,0,0,0,7
TAO_TRAIN_GT_CONTROLLED_HELDOUT,policy_heldout,WITHOUT_TEMPORAL,frozen_MLP,1028,seed1027,2,0.5,16,16,0,0,0,0,0,0,0,0,0,0,0,7
TAO_TRAIN_GT_CONTROLLED_HELDOUT,policy_heldout,WITHOUT_TEMPORAL,frozen_MLP,1028,seed1027,4,0.5,16,16,0,0,0,0,0,0,0,0,0,0,0,7
TAO_TRAIN_GT_CONTROLLED_HELDOUT,policy_heldout,WITHOUT_TEMPORAL,frozen_MLP,1028,seed1027,8,0.5,16,16,0,0,0,0,0,0,0,0,0,0,0,7
TAO_TRAIN_GT_CONTROLLED_HELDOUT,policy_heldout,WITHOUT_TEMPORAL,frozen_MLP,1028,seed1027,16,0.5,16,16,0,0,0,0,0,0,0,0,0,0,0,7
TAO_TRAIN_GT_CONTROLLED_HELDOUT,policy_heldout,WITHOUT_TEMPORAL,frozen_MLP,1028,seed1028,1,0.5,16,16,0,0,0,0,0,0,0,0,0,0,0,7
TAO_TRAIN_GT_CONTROLLED_HELDOUT,policy_heldout,WITHOUT_TEMPORAL,frozen_MLP,1028,seed1028,2,0.5,16,16,0,0,0,0,0,0,0,0,0,0,0,7
TAO_TRAIN_GT_CONTROLLED_HELDOUT,policy_heldout,WITHOUT_TEMPORAL,frozen_MLP,1028,seed1028,4,0.5,16,16,0,0,0,0,0,0,0,0,0,0,0,7
TAO_TRAIN_GT_CONTROLLED_HELDOUT,policy_heldout,WITHOUT_TEMPORAL,frozen_MLP,1028,seed1028,8,0.5,16,16,0,0,0,0,0,0,0,0,0,0,0,7
TAO_TRAIN_GT_CONTROLLED_HELDOUT,policy_heldout,WITHOUT_TEMPORAL,frozen_MLP,1028,seed1028,16,0.5,16,16,0,0,0,0,0,0,0,0,0,0,0,7
TAO_TRAIN_GT_CONTROLLED_HELDOUT,policy_heldout,WITHOUT_TEMPORAL,frozen_MLP,1028,seed1029,1,0.5,16,16,0,0,0,0,0,0,0,0,0,0,0,9
TAO_TRAIN_GT_CONTROLLED_HELDOUT,policy_heldout,WITHOUT_TEMPORAL,frozen_MLP,1028,seed1029,2,0.5,16,16,0,0,0,0,0,0,0,0,0,0,0,9
TAO_TRAIN_GT_CONTROLLED_HELDOUT,policy_heldout,WITHOUT_TEMPORAL,frozen_MLP,1028,seed1029,4,0.5,16,16,0,0,0,0,0,0,0,0,0,0,0,9
TAO_TRAIN_GT_CONTROLLED_HELDOUT,policy_heldout,WITHOUT_TEMPORAL,frozen_MLP,1028,seed1029,8,0.5,16,16,0,0,0,0,0,0,0,0,0,0,0,9
TAO_TRAIN_GT_CONTROLLED_HELDOUT,policy_heldout,WITHOUT_TEMPORAL,frozen_MLP,1028,seed1029,16,0.5,16,16,0,0,0,0,0,0,0,0,0,0,0,9
TAO_TRAIN_GT_CONTROLLED_HELDOUT,policy_heldout,WITHOUT_TEMPORAL,frozen_MLP,1028,main,1,0.75,16,16,0,0,0,0,0,0,0,0,0,0,0,9
TAO_TRAIN_GT_CONTROLLED_HELDOUT,policy_heldout,WITHOUT_TEMPORAL,frozen_MLP,1028,main,2,0.75,16,16,0,0,0,0,0,0,0,0,0,0,0,9
TAO_TRAIN_GT_CONTROLLED_HELDOUT,policy_heldout,WITHOUT_TEMPORAL,frozen_MLP,1028,main,4,0.75,16,16,0,0,0,0,0,0,0,0,0,0,0,9
TAO_TRAIN_GT_CONTROLLED_HELDOUT,policy_heldout,WITHOUT_TEMPORAL,frozen_MLP,1028,main,8,0.75,16,16,0,0,0,0,0,0,0,0,0,0,0,9
TAO_TRAIN_GT_CONTROLLED_HELDOUT,policy_heldout,WITHOUT_TEMPORAL,frozen_MLP,1028,main,16,0.75,16,16,0,0,0,0,0,0,0,0,0,0,0,9
TAO_TRAIN_GT_CONTROLLED_HELDOUT,policy_heldout,WITHOUT_TEMPORAL,frozen_MLP,1028,seed1027,1,0.75,16,16,0,0,0,0,0,0,0,0,0,0,0,7
TAO_TRAIN_GT_CONTROLLED_HELDOUT,policy_heldout,WITHOUT_TEMPORAL,frozen_MLP,1028,seed1027,2,0.75,16,16,0,0,0,0,0,0,0,0,0,0,0,7
TAO_TRAIN_GT_CONTROLLED_HELDOUT,policy_heldout,WITHOUT_TEMPORAL,frozen_MLP,1028,seed1027,4,0.75,16,16,0,0,0,0,0,0,0,0,0,0,0,7
TAO_TRAIN_GT_CONTROLLED_HELDOUT,policy_heldout,WITHOUT_TEMPORAL,frozen_MLP,1028,seed1027,8,0.75,16,16,0,0,0,0,0,0,0,0,0,0,0,7
TAO_TRAIN_GT_CONTROLLED_HELDOUT,policy_heldout,WITHOUT_TEMPORAL,frozen_MLP,1028,seed1027,16,0.75,16,16,0,0,0,0,0,0,0,0,0,0,0,7
TAO_TRAIN_GT_CONTROLLED_HELDOUT,policy_heldout,WITHOUT_TEMPORAL,frozen_MLP,1028,seed1028,1,0.75,16,16,0,0,0,0,0,0,0,0,0,0,0,7
TAO_TRAIN_GT_CONTROLLED_HELDOUT,policy_heldout,WITHOUT_TEMPORAL,frozen_MLP,1028,seed1028,2,0.75,16,16,0,0,0,0,0,0,0,0,0,0,0,7
TAO_TRAIN_GT_CONTROLLED_HELDOUT,policy_heldout,WITHOUT_TEMPORAL,frozen_MLP,1028,seed1028,4,0.75,16,16,0,0,0,0,0,0,0,0,0,0,0,7
TAO_TRAIN_GT_CONTROLLED_HELDOUT,policy_heldout,WITHOUT_TEMPORAL,frozen_MLP,1028,seed1028,8,0.75,16,16,0,0,0,0,0,0,0,0,0,0,0,7
TAO_TRAIN_GT_CONTROLLED_HELDOUT,policy_heldout,WITHOUT_TEMPORAL,frozen_MLP,1028,seed1028,16,0.75,16,16,0,0,0,0,0,0,0,0,0,0,0,7
TAO_TRAIN_GT_CONTROLLED_HELDOUT,policy_heldout,WITHOUT_TEMPORAL,frozen_MLP,1028,seed1029,1,0.75,16,16,0,0,0,0,0,0,0,0,0,0,0,9
TAO_TRAIN_GT_CONTROLLED_HELDOUT,policy_heldout,WITHOUT_TEMPORAL,frozen_MLP,1028,seed1029,2,0.75,16,16,0,0,0,0,0,0,0,0,0,0,0,9
TAO_TRAIN_GT_CONTROLLED_HELDOUT,policy_heldout,WITHOUT_TEMPORAL,frozen_MLP,1028,seed1029,4,0.75,16,16,0,0,0,0,0,0,0,0,0,0,0,9
TAO_TRAIN_GT_CONTROLLED_HELDOUT,policy_heldout,WITHOUT_TEMPORAL,frozen_MLP,1028,seed1029,8,0.75,16,16,0,0,0,0,0,0,0,0,0,0,0,9
TAO_TRAIN_GT_CONTROLLED_HELDOUT,policy_heldout,WITHOUT_TEMPORAL,frozen_MLP,1028,seed1029,16,0.75,16,16,0,0,0,0,0,0,0,0,0,0,0,9
TAO_TRAIN_GT_CONTROLLED_HELDOUT,policy_heldout,WITHOUT_TEMPORAL,frozen_MLP,1028,main,1,1.0,16,16,0,0,0,0,0,0,0,0,0,0,0,9
TAO_TRAIN_GT_CONTROLLED_HELDOUT,policy_heldout,WITHOUT_TEMPORAL,frozen_MLP,1028,main,2,1.0,16,16,0,0,0,0,0,0,0,0,0,0,0,9
TAO_TRAIN_GT_CONTROLLED_HELDOUT,policy_heldout,WITHOUT_TEMPORAL,frozen_MLP,1028,main,4,1.0,16,16,0,0,0,0,0,0,0,0,0,0,0,9
TAO_TRAIN_GT_CONTROLLED_HELDOUT,policy_heldout,WITHOUT_TEMPORAL,frozen_MLP,1028,main,8,1.0,16,16,0,0,0,0,0,0,0,0,0,0,0,9
TAO_TRAIN_GT_CONTROLLED_HELDOUT,policy_heldout,WITHOUT_TEMPORAL,frozen_MLP,1028,main,16,1.0,16,16,0,0,0,0,0,0,0,0,0,0,0,9
TAO_TRAIN_GT_CONTROLLED_HELDOUT,policy_heldout,WITHOUT_TEMPORAL,frozen_MLP,1028,seed1027,1,1.0,16,16,0,0,0,0,0,0,0,0,0,0,0,7
TAO_TRAIN_GT_CONTROLLED_HELDOUT,policy_heldout,WITHOUT_TEMPORAL,frozen_MLP,1028,seed1027,2,1.0,16,16,0,0,0,0,0,0,0,0,0,0,0,7
TAO_TRAIN_GT_CONTROLLED_HELDOUT,policy_heldout,WITHOUT_TEMPORAL,frozen_MLP,1028,seed1027,4,1.0,16,16,0,0,0,0,0,0,0,0,0,0,0,7
TAO_TRAIN_GT_CONTROLLED_HELDOUT,policy_heldout,WITHOUT_TEMPORAL,frozen_MLP,1028,seed1027,8,1.0,16,16,0,0,0,0,0,0,0,0,0,0,0,7
TAO_TRAIN_GT_CONTROLLED_HELDOUT,policy_heldout,WITHOUT_TEMPORAL,frozen_MLP,1028,seed1027,16,1.0,16,16,0,0,0,0,0,0,0,0,0,0,0,7
TAO_TRAIN_GT_CONTROLLED_HELDOUT,policy_heldout,WITHOUT_TEMPORAL,frozen_MLP,1028,seed1028,1,1.0,16,16,0,0,0,0,0,0,0,0,0,0,0,7
TAO_TRAIN_GT_CONTROLLED_HELDOUT,policy_heldout,WITHOUT_TEMPORAL,frozen_MLP,1028,seed1028,2,1.0,16,16,0,0,0,0,0,0,0,0,0,0,0,7
TAO_TRAIN_GT_CONTROLLED_HELDOUT,policy_heldout,WITHOUT_TEMPORAL,frozen_MLP,1028,seed1028,4,1.0,16,16,0,0,0,0,0,0,0,0,0,0,0,7
TAO_TRAIN_GT_CONTROLLED_HELDOUT,policy_heldout,WITHOUT_TEMPORAL,frozen_MLP,1028,seed1028,8,1.0,16,16,0,0,0,0,0,0,0,0,0,0,0,7
TAO_TRAIN_GT_CONTROLLED_HELDOUT,policy_heldout,WITHOUT_TEMPORAL,frozen_MLP,1028,seed1028,16,1.0,16,16,0,0,0,0,0,0,0,0,0,0,0,7
TAO_TRAIN_GT_CONTROLLED_HELDOUT,policy_heldout,WITHOUT_TEMPORAL,frozen_MLP,1028,seed1029,1,1.0,16,16,0,0,0,0,0,0,0,0,0,0,0,9
TAO_TRAIN_GT_CONTROLLED_HELDOUT,policy_heldout,WITHOUT_TEMPORAL,frozen_MLP,1028,seed1029,2,1.0,16,16,0,0,0,0,0,0,0,0,0,0,0,9
TAO_TRAIN_GT_CONTROLLED_HELDOUT,policy_heldout,WITHOUT_TEMPORAL,frozen_MLP,1028,seed1029,4,1.0,16,16,0,0,0,0,0,0,0,0,0,0,0,9
TAO_TRAIN_GT_CONTROLLED_HELDOUT,policy_heldout,WITHOUT_TEMPORAL,frozen_MLP,1028,seed1029,8,1.0,16,16,0,0,0,0,0,0,0,0,0,0,0,9
TAO_TRAIN_GT_CONTROLLED_HELDOUT,policy_heldout,WITHOUT_TEMPORAL,frozen_MLP,1028,seed1029,16,1.0,16,16,0,0,0,0,0,0,0,0,0,0,0,9
TAO_TRAIN_GT_CONTROLLED_HELDOUT,policy_heldout,WITHOUT_RELIABILITY,frozen_MLP,1028,main,1,0.5,16,16,0,0,0,0,0,0,0,0,0,0,0,9
TAO_TRAIN_GT_CONTROLLED_HELDOUT,policy_heldout,WITHOUT_RELIABILITY,frozen_MLP,1028,main,2,0.5,16,16,0,0,0,0,0,0,0,0,0,0,0,9
TAO_TRAIN_GT_CONTROLLED_HELDOUT,policy_heldout,WITHOUT_RELIABILITY,frozen_MLP,1028,main,4,0.5,16,16,0,0,0,0,0,0,0,0,0,0,0,9
TAO_TRAIN_GT_CONTROLLED_HELDOUT,policy_heldout,WITHOUT_RELIABILITY,frozen_MLP,1028,main,8,0.5,16,16,0,0,0,0,0,0,0,0,0,0,0,9
TAO_TRAIN_GT_CONTROLLED_HELDOUT,policy_heldout,WITHOUT_RELIABILITY,frozen_MLP,1028,main,16,0.5,16,16,0,0,0,0,0,0,0,0,0,0,0,9
TAO_TRAIN_GT_CONTROLLED_HELDOUT,policy_heldout,WITHOUT_RELIABILITY,frozen_MLP,1028,seed1027,1,0.5,16,16,0,0,0,0,0,0,0,0,0,0,0,7
TAO_TRAIN_GT_CONTROLLED_HELDOUT,policy_heldout,WITHOUT_RELIABILITY,frozen_MLP,1028,seed1027,2,0.5,16,16,0,0,0,0,0,0,0,0,0,0,0,7
TAO_TRAIN_GT_CONTROLLED_HELDOUT,policy_heldout,WITHOUT_RELIABILITY,frozen_MLP,1028,seed1027,4,0.5,16,16,0,0,0,0,0,0,0,0,0,0,0,7
TAO_TRAIN_GT_CONTROLLED_HELDOUT,policy_heldout,WITHOUT_RELIABILITY,frozen_MLP,1028,seed1027,8,0.5,16,16,0,0,0,0,0,0,0,0,0,0,0,7
TAO_TRAIN_GT_CONTROLLED_HELDOUT,policy_heldout,WITHOUT_RELIABILITY,frozen_MLP,1028,seed1027,16,0.5,16,16,0,0,0,0,0,0,0,0,0,0,0,7
TAO_TRAIN_GT_CONTROLLED_HELDOUT,policy_heldout,WITHOUT_RELIABILITY,frozen_MLP,1028,seed1028,1,0.5,16,16,0,0,0,0,0,0,0,0,0,0,0,7
TAO_TRAIN_GT_CONTROLLED_HELDOUT,policy_heldout,WITHOUT_RELIABILITY,frozen_MLP,1028,seed1028,2,0.5,16,16,0,0,0,0,0,0,0,0,0,0,0,7
TAO_TRAIN_GT_CONTROLLED_HELDOUT,policy_heldout,WITHOUT_RELIABILITY,frozen_MLP,1028,seed1028,4,0.5,16,16,0,0,0,0,0,0,0,0,0,0,0,7
TAO_TRAIN_GT_CONTROLLED_HELDOUT,policy_heldout,WITHOUT_RELIABILITY,frozen_MLP,1028,seed1028,8,0.5,16,16,0,0,0,0,0,0,0,0,0,0,0,7
TAO_TRAIN_GT_CONTROLLED_HELDOUT,policy_heldout,WITHOUT_RELIABILITY,frozen_MLP,1028,seed1028,16,0.5,16,16,0,0,0,0,0,0,0,0,0,0,0,7
TAO_TRAIN_GT_CONTROLLED_HELDOUT,policy_heldout,WITHOUT_RELIABILITY,frozen_MLP,1028,seed1029,1,0.5,16,16,0,0,0,0,0,0,0,0,0,0,0,9
TAO_TRAIN_GT_CONTROLLED_HELDOUT,policy_heldout,WITHOUT_RELIABILITY,frozen_MLP,1028,seed1029,2,0.5,16,16,0,0,0,0,0,0,0,0,0,0,0,9
TAO_TRAIN_GT_CONTROLLED_HELDOUT,policy_heldout,WITHOUT_RELIABILITY,frozen_MLP,1028,seed1029,4,0.5,16,16,0,0,0,0,0,0,0,0,0,0,0,9
TAO_TRAIN_GT_CONTROLLED_HELDOUT,policy_heldout,WITHOUT_RELIABILITY,frozen_MLP,1028,seed1029,8,0.5,16,16,0,0,0,0,0,0,0,0,0,0,0,9
TAO_TRAIN_GT_CONTROLLED_HELDOUT,policy_heldout,WITHOUT_RELIABILITY,frozen_MLP,1028,seed1029,16,0.5,16,16,0,0,0,0,0,0,0,0,0,0,0,9
TAO_TRAIN_GT_CONTROLLED_HELDOUT,policy_heldout,WITHOUT_RELIABILITY,frozen_MLP,1028,main,1,0.75,16,16,0,0,0,0,0,0,0,0,0,0,0,9
TAO_TRAIN_GT_CONTROLLED_HELDOUT,policy_heldout,WITHOUT_RELIABILITY,frozen_MLP,1028,main,2,0.75,16,16,0,0,0,0,0,0,0,0,0,0,0,9
TAO_TRAIN_GT_CONTROLLED_HELDOUT,policy_heldout,WITHOUT_RELIABILITY,frozen_MLP,1028,main,4,0.75,16,16,0,0,0,0,0,0,0,0,0,0,0,9
TAO_TRAIN_GT_CONTROLLED_HELDOUT,policy_heldout,WITHOUT_RELIABILITY,frozen_MLP,1028,main,8,0.75,16,16,0,0,0,0,0,0,0,0,0,0,0,9
TAO_TRAIN_GT_CONTROLLED_HELDOUT,policy_heldout,WITHOUT_RELIABILITY,frozen_MLP,1028,main,16,0.75,16,16,0,0,0,0,0,0,0,0,0,0,0,9
TAO_TRAIN_GT_CONTROLLED_HELDOUT,policy_heldout,WITHOUT_RELIABILITY,frozen_MLP,1028,seed1027,1,0.75,16,16,0,0,0,0,0,0,0,0,0,0,0,7
TAO_TRAIN_GT_CONTROLLED_HELDOUT,policy_heldout,WITHOUT_RELIABILITY,frozen_MLP,1028,seed1027,2,0.75,16,16,0,0,0,0,0,0,0,0,0,0,0,7
TAO_TRAIN_GT_CONTROLLED_HELDOUT,policy_heldout,WITHOUT_RELIABILITY,frozen_MLP,1028,seed1027,4,0.75,16,16,0,0,0,0,0,0,0,0,0,0,0,7
TAO_TRAIN_GT_CONTROLLED_HELDOUT,policy_heldout,WITHOUT_RELIABILITY,frozen_MLP,1028,seed1027,8,0.75,16,16,0,0,0,0,0,0,0,0,0,0,0,7
TAO_TRAIN_GT_CONTROLLED_HELDOUT,policy_heldout,WITHOUT_RELIABILITY,frozen_MLP,1028,seed1027,16,0.75,16,16,0,0,0,0,0,0,0,0,0,0,0,7
TAO_TRAIN_GT_CONTROLLED_HELDOUT,policy_heldout,WITHOUT_RELIABILITY,frozen_MLP,1028,seed1028,1,0.75,16,16,0,0,0,0,0,0,0,0,0,0,0,7
TAO_TRAIN_GT_CONTROLLED_HELDOUT,policy_heldout,WITHOUT_RELIABILITY,frozen_MLP,1028,seed1028,2,0.75,16,16,0,0,0,0,0,0,0,0,0,0,0,7
TAO_TRAIN_GT_CONTROLLED_HELDOUT,policy_heldout,WITHOUT_RELIABILITY,frozen_MLP,1028,seed1028,4,0.75,16,16,0,0,0,0,0,0,0,0,0,0,0,7
TAO_TRAIN_GT_CONTROLLED_HELDOUT,policy_heldout,WITHOUT_RELIABILITY,frozen_MLP,1028,seed1028,8,0.75,16,16,0,0,0,0,0,0,0,0,0,0,0,7
TAO_TRAIN_GT_CONTROLLED_HELDOUT,policy_heldout,WITHOUT_RELIABILITY,frozen_MLP,1028,seed1028,16,0.75,16,16,0,0,0,0,0,0,0,0,0,0,0,7
TAO_TRAIN_GT_CONTROLLED_HELDOUT,policy_heldout,WITHOUT_RELIABILITY,frozen_MLP,1028,seed1029,1,0.75,16,16,0,0,0,0,0,0,0,0,0,0,0,9
TAO_TRAIN_GT_CONTROLLED_HELDOUT,policy_heldout,WITHOUT_RELIABILITY,frozen_MLP,1028,seed1029,2,0.75,16,16,0,0,0,0,0,0,0,0,0,0,0,9
TAO_TRAIN_GT_CONTROLLED_HELDOUT,policy_heldout,WITHOUT_RELIABILITY,frozen_MLP,1028,seed1029,4,0.75,16,16,0,0,0,0,0,0,0,0,0,0,0,9
TAO_TRAIN_GT_CONTROLLED_HELDOUT,policy_heldout,WITHOUT_RELIABILITY,frozen_MLP,1028,seed1029,8,0.75,16,16,0,0,0,0,0,0,0,0,0,0,0,9
TAO_TRAIN_GT_CONTROLLED_HELDOUT,policy_heldout,WITHOUT_RELIABILITY,frozen_MLP,1028,seed1029,16,0.75,16,16,0,0,0,0,0,0,0,0,0,0,0,9
TAO_TRAIN_GT_CONTROLLED_HELDOUT,policy_heldout,WITHOUT_RELIABILITY,frozen_MLP,1028,main,1,1.0,16,16,0,0,0,0,0,0,0,0,0,0,0,9
TAO_TRAIN_GT_CONTROLLED_HELDOUT,policy_heldout,WITHOUT_RELIABILITY,frozen_MLP,1028,main,2,1.0,16,16,0,0,0,0,0,0,0,0,0,0,0,9
TAO_TRAIN_GT_CONTROLLED_HELDOUT,policy_heldout,WITHOUT_RELIABILITY,frozen_MLP,1028,main,4,1.0,16,16,0,0,0,0,0,0,0,0,0,0,0,9
TAO_TRAIN_GT_CONTROLLED_HELDOUT,policy_heldout,WITHOUT_RELIABILITY,frozen_MLP,1028,main,8,1.0,16,16,0,0,0,0,0,0,0,0,0,0,0,9
TAO_TRAIN_GT_CONTROLLED_HELDOUT,policy_heldout,WITHOUT_RELIABILITY,frozen_MLP,1028,main,16,1.0,16,16,0,0,0,0,0,0,0,0,0,0,0,9
TAO_TRAIN_GT_CONTROLLED_HELDOUT,policy_heldout,WITHOUT_RELIABILITY,frozen_MLP,1028,seed1027,1,1.0,16,16,0,0,0,0,0,0,0,0,0,0,0,7
TAO_TRAIN_GT_CONTROLLED_HELDOUT,policy_heldout,WITHOUT_RELIABILITY,frozen_MLP,1028,seed1027,2,1.0,16,16,0,0,0,0,0,0,0,0,0,0,0,7
TAO_TRAIN_GT_CONTROLLED_HELDOUT,policy_heldout,WITHOUT_RELIABILITY,frozen_MLP,1028,seed1027,4,1.0,16,16,0,0,0,0,0,0,0,0,0,0,0,7
TAO_TRAIN_GT_CONTROLLED_HELDOUT,policy_heldout,WITHOUT_RELIABILITY,frozen_MLP,1028,seed1027,8,1.0,16,16,0,0,0,0,0,0,0,0,0,0,0,7
TAO_TRAIN_GT_CONTROLLED_HELDOUT,policy_heldout,WITHOUT_RELIABILITY,frozen_MLP,1028,seed1027,16,1.0,16,16,0,0,0,0,0,0,0,0,0,0,0,7
TAO_TRAIN_GT_CONTROLLED_HELDOUT,policy_heldout,WITHOUT_RELIABILITY,frozen_MLP,1028,seed1028,1,1.0,16,16,0,0,0,0,0,0,0,0,0,0,0,7
TAO_TRAIN_GT_CONTROLLED_HELDOUT,policy_heldout,WITHOUT_RELIABILITY,frozen_MLP,1028,seed1028,2,1.0,16,16,0,0,0,0,0,0,0,0,0,0,0,7
TAO_TRAIN_GT_CONTROLLED_HELDOUT,policy_heldout,WITHOUT_RELIABILITY,frozen_MLP,1028,seed1028,4,1.0,16,16,0,0,0,0,0,0,0,0,0,0,0,7
TAO_TRAIN_GT_CONTROLLED_HELDOUT,policy_heldout,WITHOUT_RELIABILITY,frozen_MLP,1028,seed1028,8,1.0,16,16,0,0,0,0,0,0,0,0,0,0,0,7
TAO_TRAIN_GT_CONTROLLED_HELDOUT,policy_heldout,WITHOUT_RELIABILITY,frozen_MLP,1028,seed1028,16,1.0,16,16,0,0,0,0,0,0,0,0,0,0,0,7
TAO_TRAIN_GT_CONTROLLED_HELDOUT,policy_heldout,WITHOUT_RELIABILITY,frozen_MLP,1028,seed1029,1,1.0,16,16,0,0,0,0,0,0,0,0,0,0,0,9
TAO_TRAIN_GT_CONTROLLED_HELDOUT,policy_heldout,WITHOUT_RELIABILITY,frozen_MLP,1028,seed1029,2,1.0,16,16,0,0,0,0,0,0,0,0,0,0,0,9
TAO_TRAIN_GT_CONTROLLED_HELDOUT,policy_heldout,WITHOUT_RELIABILITY,frozen_MLP,1028,seed1029,4,1.0,16,16,0,0,0,0,0,0,0,0,0,0,0,9
TAO_TRAIN_GT_CONTROLLED_HELDOUT,policy_heldout,WITHOUT_RELIABILITY,frozen_MLP,1028,seed1029,8,1.0,16,16,0,0,0,0,0,0,0,0,0,0,0,9
TAO_TRAIN_GT_CONTROLLED_HELDOUT,policy_heldout,WITHOUT_RELIABILITY,frozen_MLP,1028,seed1029,16,1.0,16,16,0,0,0,0,0,0,0,0,0,0,0,9
TAO_TRAIN_GT_CONTROLLED_HELDOUT,policy_heldout,WITHOUT_WAIT,frozen_MLP,1028,main,1,0.5,16,16,0,0,0,0,0,0,0,0,0,0,0,9
TAO_TRAIN_GT_CONTROLLED_HELDOUT,policy_heldout,WITHOUT_WAIT,frozen_MLP,1028,main,2,0.5,16,16,0,0,0,0,0,0,0,0,0,0,0,9
TAO_TRAIN_GT_CONTROLLED_HELDOUT,policy_heldout,WITHOUT_WAIT,frozen_MLP,1028,main,4,0.5,16,16,0,0,0,0,0,0,0,0,0,0,0,9
TAO_TRAIN_GT_CONTROLLED_HELDOUT,policy_heldout,WITHOUT_WAIT,frozen_MLP,1028,main,8,0.5,16,16,0,0,0,0,0,0,0,0,0,0,0,9
TAO_TRAIN_GT_CONTROLLED_HELDOUT,policy_heldout,WITHOUT_WAIT,frozen_MLP,1028,main,16,0.5,16,16,0,0,0,0,0,0,0,0,0,0,0,9
TAO_TRAIN_GT_CONTROLLED_HELDOUT,policy_heldout,WITHOUT_WAIT,frozen_MLP,1028,seed1027,1,0.5,16,16,0,0,0,0,0,0,0,0,0,0,0,7
TAO_TRAIN_GT_CONTROLLED_HELDOUT,policy_heldout,WITHOUT_WAIT,frozen_MLP,1028,seed1027,2,0.5,16,16,0,0,0,0,0,0,0,0,0,0,0,7
TAO_TRAIN_GT_CONTROLLED_HELDOUT,policy_heldout,WITHOUT_WAIT,frozen_MLP,1028,seed1027,4,0.5,16,16,0,0,0,0,0,0,0,0,0,0,0,7
TAO_TRAIN_GT_CONTROLLED_HELDOUT,policy_heldout,WITHOUT_WAIT,frozen_MLP,1028,seed1027,8,0.5,16,16,0,0,0,0,0,0,0,0,0,0,0,7
TAO_TRAIN_GT_CONTROLLED_HELDOUT,policy_heldout,WITHOUT_WAIT,frozen_MLP,1028,seed1027,16,0.5,16,16,0,0,0,0,0,0,0,0,0,0,0,7
TAO_TRAIN_GT_CONTROLLED_HELDOUT,policy_heldout,WITHOUT_WAIT,frozen_MLP,1028,seed1028,1,0.5,16,16,0,0,0,0,0,0,0,0,0,0,0,7
TAO_TRAIN_GT_CONTROLLED_HELDOUT,policy_heldout,WITHOUT_WAIT,frozen_MLP,1028,seed1028,2,0.5,16,16,0,0,0,0,0,0,0,0,0,0,0,7
TAO_TRAIN_GT_CONTROLLED_HELDOUT,policy_heldout,WITHOUT_WAIT,frozen_MLP,1028,seed1028,4,0.5,16,16,0,0,0,0,0,0,0,0,0,0,0,7
TAO_TRAIN_GT_CONTROLLED_HELDOUT,policy_heldout,WITHOUT_WAIT,frozen_MLP,1028,seed1028,8,0.5,16,16,0,0,0,0,0,0,0,0,0,0,0,7
TAO_TRAIN_GT_CONTROLLED_HELDOUT,policy_heldout,WITHOUT_WAIT,frozen_MLP,1028,seed1028,16,0.5,16,16,0,0,0,0,0,0,0,0,0,0,0,7
TAO_TRAIN_GT_CONTROLLED_HELDOUT,policy_heldout,WITHOUT_WAIT,frozen_MLP,1028,seed1029,1,0.5,16,16,0,0,0,0,0,0,0,0,0,0,0,9
TAO_TRAIN_GT_CONTROLLED_HELDOUT,policy_heldout,WITHOUT_WAIT,frozen_MLP,1028,seed1029,2,0.5,16,16,0,0,0,0,0,0,0,0,0,0,0,9
TAO_TRAIN_GT_CONTROLLED_HELDOUT,policy_heldout,WITHOUT_WAIT,frozen_MLP,1028,seed1029,4,0.5,16,16,0,0,0,0,0,0,0,0,0,0,0,9
TAO_TRAIN_GT_CONTROLLED_HELDOUT,policy_heldout,WITHOUT_WAIT,frozen_MLP,1028,seed1029,8,0.5,16,16,0,0,0,0,0,0,0,0,0,0,0,9
TAO_TRAIN_GT_CONTROLLED_HELDOUT,policy_heldout,WITHOUT_WAIT,frozen_MLP,1028,seed1029,16,0.5,16,16,0,0,0,0,0,0,0,0,0,0,0,9
TAO_TRAIN_GT_CONTROLLED_HELDOUT,policy_heldout,WITHOUT_WAIT,frozen_MLP,1028,main,1,0.75,16,16,0,0,0,0,0,0,0,0,0,0,0,9
TAO_TRAIN_GT_CONTROLLED_HELDOUT,policy_heldout,WITHOUT_WAIT,frozen_MLP,1028,main,2,0.75,16,16,0,0,0,0,0,0,0,0,0,0,0,9
TAO_TRAIN_GT_CONTROLLED_HELDOUT,policy_heldout,WITHOUT_WAIT,frozen_MLP,1028,main,4,0.75,16,16,0,0,0,0,0,0,0,0,0,0,0,9
TAO_TRAIN_GT_CONTROLLED_HELDOUT,policy_heldout,WITHOUT_WAIT,frozen_MLP,1028,main,8,0.75,16,16,0,0,0,0,0,0,0,0,0,0,0,9
TAO_TRAIN_GT_CONTROLLED_HELDOUT,policy_heldout,WITHOUT_WAIT,frozen_MLP,1028,main,16,0.75,16,16,0,0,0,0,0,0,0,0,0,0,0,9
TAO_TRAIN_GT_CONTROLLED_HELDOUT,policy_heldout,WITHOUT_WAIT,frozen_MLP,1028,seed1027,1,0.75,16,16,0,0,0,0,0,0,0,0,0,0,0,7
TAO_TRAIN_GT_CONTROLLED_HELDOUT,policy_heldout,WITHOUT_WAIT,frozen_MLP,1028,seed1027,2,0.75,16,16,0,0,0,0,0,0,0,0,0,0,0,7
TAO_TRAIN_GT_CONTROLLED_HELDOUT,policy_heldout,WITHOUT_WAIT,frozen_MLP,1028,seed1027,4,0.75,16,16,0,0,0,0,0,0,0,0,0,0,0,7
TAO_TRAIN_GT_CONTROLLED_HELDOUT,policy_heldout,WITHOUT_WAIT,frozen_MLP,1028,seed1027,8,0.75,16,16,0,0,0,0,0,0,0,0,0,0,0,7
TAO_TRAIN_GT_CONTROLLED_HELDOUT,policy_heldout,WITHOUT_WAIT,frozen_MLP,1028,seed1027,16,0.75,16,16,0,0,0,0,0,0,0,0,0,0,0,7
TAO_TRAIN_GT_CONTROLLED_HELDOUT,policy_heldout,WITHOUT_WAIT,frozen_MLP,1028,seed1028,1,0.75,16,16,0,0,0,0,0,0,0,0,0,0,0,7
TAO_TRAIN_GT_CONTROLLED_HELDOUT,policy_heldout,WITHOUT_WAIT,frozen_MLP,1028,seed1028,2,0.75,16,16,0,0,0,0,0,0,0,0,0,0,0,7
TAO_TRAIN_GT_CONTROLLED_HELDOUT,policy_heldout,WITHOUT_WAIT,frozen_MLP,1028,seed1028,4,0.75,16,16,0,0,0,0,0,0,0,0,0,0,0,7
TAO_TRAIN_GT_CONTROLLED_HELDOUT,policy_heldout,WITHOUT_WAIT,frozen_MLP,1028,seed1028,8,0.75,16,16,0,0,0,0,0,0,0,0,0,0,0,7
TAO_TRAIN_GT_CONTROLLED_HELDOUT,policy_heldout,WITHOUT_WAIT,frozen_MLP,1028,seed1028,16,0.75,16,16,0,0,0,0,0,0,0,0,0,0,0,7
TAO_TRAIN_GT_CONTROLLED_HELDOUT,policy_heldout,WITHOUT_WAIT,frozen_MLP,1028,seed1029,1,0.75,16,16,0,0,0,0,0,0,0,0,0,0,0,9
TAO_TRAIN_GT_CONTROLLED_HELDOUT,policy_heldout,WITHOUT_WAIT,frozen_MLP,1028,seed1029,2,0.75,16,16,0,0,0,0,0,0,0,0,0,0,0,9
TAO_TRAIN_GT_CONTROLLED_HELDOUT,policy_heldout,WITHOUT_WAIT,frozen_MLP,1028,seed1029,4,0.75,16,16,0,0,0,0,0,0,0,0,0,0,0,9
TAO_TRAIN_GT_CONTROLLED_HELDOUT,policy_heldout,WITHOUT_WAIT,frozen_MLP,1028,seed1029,8,0.75,16,16,0,0,0,0,0,0,0,0,0,0,0,9
TAO_TRAIN_GT_CONTROLLED_HELDOUT,policy_heldout,WITHOUT_WAIT,frozen_MLP,1028,seed1029,16,0.75,16,16,0,0,0,0,0,0,0,0,0,0,0,9
TAO_TRAIN_GT_CONTROLLED_HELDOUT,policy_heldout,WITHOUT_WAIT,frozen_MLP,1028,main,1,1.0,16,16,0,0,0,0,0,0,0,0,0,0,0,9
TAO_TRAIN_GT_CONTROLLED_HELDOUT,policy_heldout,WITHOUT_WAIT,frozen_MLP,1028,main,2,1.0,16,16,0,0,0,0,0,0,0,0,0,0,0,9
TAO_TRAIN_GT_CONTROLLED_HELDOUT,policy_heldout,WITHOUT_WAIT,frozen_MLP,1028,main,4,1.0,16,16,0,0,0,0,0,0,0,0,0,0,0,9
TAO_TRAIN_GT_CONTROLLED_HELDOUT,policy_heldout,WITHOUT_WAIT,frozen_MLP,1028,main,8,1.0,16,16,0,0,0,0,0,0,0,0,0,0,0,9
TAO_TRAIN_GT_CONTROLLED_HELDOUT,policy_heldout,WITHOUT_WAIT,frozen_MLP,1028,main,16,1.0,16,16,0,0,0,0,0,0,0,0,0,0,0,9
TAO_TRAIN_GT_CONTROLLED_HELDOUT,policy_heldout,WITHOUT_WAIT,frozen_MLP,1028,seed1027,1,1.0,16,16,0,0,0,0,0,0,0,0,0,0,0,7
TAO_TRAIN_GT_CONTROLLED_HELDOUT,policy_heldout,WITHOUT_WAIT,frozen_MLP,1028,seed1027,2,1.0,16,16,0,0,0,0,0,0,0,0,0,0,0,7
TAO_TRAIN_GT_CONTROLLED_HELDOUT,policy_heldout,WITHOUT_WAIT,frozen_MLP,1028,seed1027,4,1.0,16,16,0,0,0,0,0,0,0,0,0,0,0,7
TAO_TRAIN_GT_CONTROLLED_HELDOUT,policy_heldout,WITHOUT_WAIT,frozen_MLP,1028,seed1027,8,1.0,16,16,0,0,0,0,0,0,0,0,0,0,0,7
TAO_TRAIN_GT_CONTROLLED_HELDOUT,policy_heldout,WITHOUT_WAIT,frozen_MLP,1028,seed1027,16,1.0,16,16,0,0,0,0,0,0,0,0,0,0,0,7
TAO_TRAIN_GT_CONTROLLED_HELDOUT,policy_heldout,WITHOUT_WAIT,frozen_MLP,1028,seed1028,1,1.0,16,16,0,0,0,0,0,0,0,0,0,0,0,7
TAO_TRAIN_GT_CONTROLLED_HELDOUT,policy_heldout,WITHOUT_WAIT,frozen_MLP,1028,seed1028,2,1.0,16,16,0,0,0,0,0,0,0,0,0,0,0,7
TAO_TRAIN_GT_CONTROLLED_HELDOUT,policy_heldout,WITHOUT_WAIT,frozen_MLP,1028,seed1028,4,1.0,16,16,0,0,0,0,0,0,0,0,0,0,0,7
TAO_TRAIN_GT_CONTROLLED_HELDOUT,policy_heldout,WITHOUT_WAIT,frozen_MLP,1028,seed1028,8,1.0,16,16,0,0,0,0,0,0,0,0,0,0,0,7
TAO_TRAIN_GT_CONTROLLED_HELDOUT,policy_heldout,WITHOUT_WAIT,frozen_MLP,1028,seed1028,16,1.0,16,16,0,0,0,0,0,0,0,0,0,0,0,7
TAO_TRAIN_GT_CONTROLLED_HELDOUT,policy_heldout,WITHOUT_WAIT,frozen_MLP,1028,seed1029,1,1.0,16,16,0,0,0,0,0,0,0,0,0,0,0,9
TAO_TRAIN_GT_CONTROLLED_HELDOUT,policy_heldout,WITHOUT_WAIT,frozen_MLP,1028,seed1029,2,1.0,16,16,0,0,0,0,0,0,0,0,0,0,0,9
TAO_TRAIN_GT_CONTROLLED_HELDOUT,policy_heldout,WITHOUT_WAIT,frozen_MLP,1028,seed1029,4,1.0,16,16,0,0,0,0,0,0,0,0,0,0,0,9
TAO_TRAIN_GT_CONTROLLED_HELDOUT,policy_heldout,WITHOUT_WAIT,frozen_MLP,1028,seed1029,8,1.0,16,16,0,0,0,0,0,0,0,0,0,0,0,9
TAO_TRAIN_GT_CONTROLLED_HELDOUT,policy_heldout,WITHOUT_WAIT,frozen_MLP,1028,seed1029,16,1.0,16,16,0,0,0,0,0,0,0,0,0,0,0,9
TAO_TRAIN_GT_CONTROLLED_HELDOUT,policy_heldout,WITHOUT_MEMORY,frozen_MLP,1028,main,1,0.5,16,16,0,0,0,0,0,0,0,0,0,0,0,9
TAO_TRAIN_GT_CONTROLLED_HELDOUT,policy_heldout,WITHOUT_MEMORY,frozen_MLP,1028,main,2,0.5,16,16,0,0,0,0,0,0,0,0,0,0,0,9
TAO_TRAIN_GT_CONTROLLED_HELDOUT,policy_heldout,WITHOUT_MEMORY,frozen_MLP,1028,main,4,0.5,16,16,0,0,0,0,0,0,0,0,0,0,0,9
TAO_TRAIN_GT_CONTROLLED_HELDOUT,policy_heldout,WITHOUT_MEMORY,frozen_MLP,1028,main,8,0.5,16,16,0,0,0,0,0,0,0,0,0,0,0,9
TAO_TRAIN_GT_CONTROLLED_HELDOUT,policy_heldout,WITHOUT_MEMORY,frozen_MLP,1028,main,16,0.5,16,16,0,0,0,0,0,0,0,0,0,0,0,9
TAO_TRAIN_GT_CONTROLLED_HELDOUT,policy_heldout,WITHOUT_MEMORY,frozen_MLP,1028,seed1027,1,0.5,16,16,0,0,0,0,0,0,0,0,0,0,0,7
TAO_TRAIN_GT_CONTROLLED_HELDOUT,policy_heldout,WITHOUT_MEMORY,frozen_MLP,1028,seed1027,2,0.5,16,16,0,0,0,0,0,0,0,0,0,0,0,7
TAO_TRAIN_GT_CONTROLLED_HELDOUT,policy_heldout,WITHOUT_MEMORY,frozen_MLP,1028,seed1027,4,0.5,16,16,0,0,0,0,0,0,0,0,0,0,0,7
TAO_TRAIN_GT_CONTROLLED_HELDOUT,policy_heldout,WITHOUT_MEMORY,frozen_MLP,1028,seed1027,8,0.5,16,16,0,0,0,0,0,0,0,0,0,0,0,7
TAO_TRAIN_GT_CONTROLLED_HELDOUT,policy_heldout,WITHOUT_MEMORY,frozen_MLP,1028,seed1027,16,0.5,16,16,0,0,0,0,0,0,0,0,0,0,0,7
TAO_TRAIN_GT_CONTROLLED_HELDOUT,policy_heldout,WITHOUT_MEMORY,frozen_MLP,1028,seed1028,1,0.5,16,16,0,0,0,0,0,0,0,0,0,0,0,7
TAO_TRAIN_GT_CONTROLLED_HELDOUT,policy_heldout,WITHOUT_MEMORY,frozen_MLP,1028,seed1028,2,0.5,16,16,0,0,0,0,0,0,0,0,0,0,0,7
TAO_TRAIN_GT_CONTROLLED_HELDOUT,policy_heldout,WITHOUT_MEMORY,frozen_MLP,1028,seed1028,4,0.5,16,16,0,0,0,0,0,0,0,0,0,0,0,7
TAO_TRAIN_GT_CONTROLLED_HELDOUT,policy_heldout,WITHOUT_MEMORY,frozen_MLP,1028,seed1028,8,0.5,16,16,0,0,0,0,0,0,0,0,0,0,0,7
TAO_TRAIN_GT_CONTROLLED_HELDOUT,policy_heldout,WITHOUT_MEMORY,frozen_MLP,1028,seed1028,16,0.5,16,16,0,0,0,0,0,0,0,0,0,0,0,7
TAO_TRAIN_GT_CONTROLLED_HELDOUT,policy_heldout,WITHOUT_MEMORY,frozen_MLP,1028,seed1029,1,0.5,16,16,0,0,0,0,0,0,0,0,0,0,0,9
TAO_TRAIN_GT_CONTROLLED_HELDOUT,policy_heldout,WITHOUT_MEMORY,frozen_MLP,1028,seed1029,2,0.5,16,16,0,0,0,0,0,0,0,0,0,0,0,9
TAO_TRAIN_GT_CONTROLLED_HELDOUT,policy_heldout,WITHOUT_MEMORY,frozen_MLP,1028,seed1029,4,0.5,16,16,0,0,0,0,0,0,0,0,0,0,0,9
TAO_TRAIN_GT_CONTROLLED_HELDOUT,policy_heldout,WITHOUT_MEMORY,frozen_MLP,1028,seed1029,8,0.5,16,16,0,0,0,0,0,0,0,0,0,0,0,9
TAO_TRAIN_GT_CONTROLLED_HELDOUT,policy_heldout,WITHOUT_MEMORY,frozen_MLP,1028,seed1029,16,0.5,16,16,0,0,0,0,0,0,0,0,0,0,0,9
TAO_TRAIN_GT_CONTROLLED_HELDOUT,policy_heldout,WITHOUT_MEMORY,frozen_MLP,1028,main,1,0.75,16,16,0,0,0,0,0,0,0,0,0,0,0,9
TAO_TRAIN_GT_CONTROLLED_HELDOUT,policy_heldout,WITHOUT_MEMORY,frozen_MLP,1028,main,2,0.75,16,16,0,0,0,0,0,0,0,0,0,0,0,9
TAO_TRAIN_GT_CONTROLLED_HELDOUT,policy_heldout,WITHOUT_MEMORY,frozen_MLP,1028,main,4,0.75,16,16,0,0,0,0,0,0,0,0,0,0,0,9
TAO_TRAIN_GT_CONTROLLED_HELDOUT,policy_heldout,WITHOUT_MEMORY,frozen_MLP,1028,main,8,0.75,16,16,0,0,0,0,0,0,0,0,0,0,0,9
TAO_TRAIN_GT_CONTROLLED_HELDOUT,policy_heldout,WITHOUT_MEMORY,frozen_MLP,1028,main,16,0.75,16,16,0,0,0,0,0,0,0,0,0,0,0,9
TAO_TRAIN_GT_CONTROLLED_HELDOUT,policy_heldout,WITHOUT_MEMORY,frozen_MLP,1028,seed1027,1,0.75,16,16,0,0,0,0,0,0,0,0,0,0,0,7
TAO_TRAIN_GT_CONTROLLED_HELDOUT,policy_heldout,WITHOUT_MEMORY,frozen_MLP,1028,seed1027,2,0.75,16,16,0,0,0,0,0,0,0,0,0,0,0,7
TAO_TRAIN_GT_CONTROLLED_HELDOUT,policy_heldout,WITHOUT_MEMORY,frozen_MLP,1028,seed1027,4,0.75,16,16,0,0,0,0,0,0,0,0,0,0,0,7
TAO_TRAIN_GT_CONTROLLED_HELDOUT,policy_heldout,WITHOUT_MEMORY,frozen_MLP,1028,seed1027,8,0.75,16,16,0,0,0,0,0,0,0,0,0,0,0,7
TAO_TRAIN_GT_CONTROLLED_HELDOUT,policy_heldout,WITHOUT_MEMORY,frozen_MLP,1028,seed1027,16,0.75,16,16,0,0,0,0,0,0,0,0,0,0,0,7
TAO_TRAIN_GT_CONTROLLED_HELDOUT,policy_heldout,WITHOUT_MEMORY,frozen_MLP,1028,seed1028,1,0.75,16,16,0,0,0,0,0,0,0,0,0,0,0,7
TAO_TRAIN_GT_CONTROLLED_HELDOUT,policy_heldout,WITHOUT_MEMORY,frozen_MLP,1028,seed1028,2,0.75,16,16,0,0,0,0,0,0,0,0,0,0,0,7
TAO_TRAIN_GT_CONTROLLED_HELDOUT,policy_heldout,WITHOUT_MEMORY,frozen_MLP,1028,seed1028,4,0.75,16,16,0,0,0,0,0,0,0,0,0,0,0,7
TAO_TRAIN_GT_CONTROLLED_HELDOUT,policy_heldout,WITHOUT_MEMORY,frozen_MLP,1028,seed1028,8,0.75,16,16,0,0,0,0,0,0,0,0,0,0,0,7
TAO_TRAIN_GT_CONTROLLED_HELDOUT,policy_heldout,WITHOUT_MEMORY,frozen_MLP,1028,seed1028,16,0.75,16,16,0,0,0,0,0,0,0,0,0,0,0,7
TAO_TRAIN_GT_CONTROLLED_HELDOUT,policy_heldout,WITHOUT_MEMORY,frozen_MLP,1028,seed1029,1,0.75,16,16,0,0,0,0,0,0,0,0,0,0,0,9
TAO_TRAIN_GT_CONTROLLED_HELDOUT,policy_heldout,WITHOUT_MEMORY,frozen_MLP,1028,seed1029,2,0.75,16,16,0,0,0,0,0,0,0,0,0,0,0,9
TAO_TRAIN_GT_CONTROLLED_HELDOUT,policy_heldout,WITHOUT_MEMORY,frozen_MLP,1028,seed1029,4,0.75,16,16,0,0,0,0,0,0,0,0,0,0,0,9
TAO_TRAIN_GT_CONTROLLED_HELDOUT,policy_heldout,WITHOUT_MEMORY,frozen_MLP,1028,seed1029,8,0.75,16,16,0,0,0,0,0,0,0,0,0,0,0,9
TAO_TRAIN_GT_CONTROLLED_HELDOUT,policy_heldout,WITHOUT_MEMORY,frozen_MLP,1028,seed1029,16,0.75,16,16,0,0,0,0,0,0,0,0,0,0,0,9
TAO_TRAIN_GT_CONTROLLED_HELDOUT,policy_heldout,WITHOUT_MEMORY,frozen_MLP,1028,main,1,1.0,16,16,0,0,0,0,0,0,0,0,0,0,0,9
TAO_TRAIN_GT_CONTROLLED_HELDOUT,policy_heldout,WITHOUT_MEMORY,frozen_MLP,1028,main,2,1.0,16,16,0,0,0,0,0,0,0,0,0,0,0,9
TAO_TRAIN_GT_CONTROLLED_HELDOUT,policy_heldout,WITHOUT_MEMORY,frozen_MLP,1028,main,4,1.0,16,16,0,0,0,0,0,0,0,0,0,0,0,9
TAO_TRAIN_GT_CONTROLLED_HELDOUT,policy_heldout,WITHOUT_MEMORY,frozen_MLP,1028,main,8,1.0,16,16,0,0,0,0,0,0,0,0,0,0,0,9
TAO_TRAIN_GT_CONTROLLED_HELDOUT,policy_heldout,WITHOUT_MEMORY,frozen_MLP,1028,main,16,1.0,16,16,0,0,0,0,0,0,0,0,0,0,0,9
TAO_TRAIN_GT_CONTROLLED_HELDOUT,policy_heldout,WITHOUT_MEMORY,frozen_MLP,1028,seed1027,1,1.0,16,16,0,0,0,0,0,0,0,0,0,0,0,7
TAO_TRAIN_GT_CONTROLLED_HELDOUT,policy_heldout,WITHOUT_MEMORY,frozen_MLP,1028,seed1027,2,1.0,16,16,0,0,0,0,0,0,0,0,0,0,0,7
TAO_TRAIN_GT_CONTROLLED_HELDOUT,policy_heldout,WITHOUT_MEMORY,frozen_MLP,1028,seed1027,4,1.0,16,16,0,0,0,0,0,0,0,0,0,0,0,7
TAO_TRAIN_GT_CONTROLLED_HELDOUT,policy_heldout,WITHOUT_MEMORY,frozen_MLP,1028,seed1027,8,1.0,16,16,0,0,0,0,0,0,0,0,0,0,0,7
TAO_TRAIN_GT_CONTROLLED_HELDOUT,policy_heldout,WITHOUT_MEMORY,frozen_MLP,1028,seed1027,16,1.0,16,16,0,0,0,0,0,0,0,0,0,0,0,7
TAO_TRAIN_GT_CONTROLLED_HELDOUT,policy_heldout,WITHOUT_MEMORY,frozen_MLP,1028,seed1028,1,1.0,16,16,0,0,0,0,0,0,0,0,0,0,0,7
TAO_TRAIN_GT_CONTROLLED_HELDOUT,policy_heldout,WITHOUT_MEMORY,frozen_MLP,1028,seed1028,2,1.0,16,16,0,0,0,0,0,0,0,0,0,0,0,7
TAO_TRAIN_GT_CONTROLLED_HELDOUT,policy_heldout,WITHOUT_MEMORY,frozen_MLP,1028,seed1028,4,1.0,16,16,0,0,0,0,0,0,0,0,0,0,0,7
TAO_TRAIN_GT_CONTROLLED_HELDOUT,policy_heldout,WITHOUT_MEMORY,frozen_MLP,1028,seed1028,8,1.0,16,16,0,0,0,0,0,0,0,0,0,0,0,7
TAO_TRAIN_GT_CONTROLLED_HELDOUT,policy_heldout,WITHOUT_MEMORY,frozen_MLP,1028,seed1028,16,1.0,16,16,0,0,0,0,0,0,0,0,0,0,0,7
TAO_TRAIN_GT_CONTROLLED_HELDOUT,policy_heldout,WITHOUT_MEMORY,frozen_MLP,1028,seed1029,1,1.0,16,16,0,0,0,0,0,0,0,0,0,0,0,9
TAO_TRAIN_GT_CONTROLLED_HELDOUT,policy_heldout,WITHOUT_MEMORY,frozen_MLP,1028,seed1029,2,1.0,16,16,0,0,0,0,0,0,0,0,0,0,0,9
TAO_TRAIN_GT_CONTROLLED_HELDOUT,policy_heldout,WITHOUT_MEMORY,frozen_MLP,1028,seed1029,4,1.0,16,16,0,0,0,0,0,0,0,0,0,0,0,9
TAO_TRAIN_GT_CONTROLLED_HELDOUT,policy_heldout,WITHOUT_MEMORY,frozen_MLP,1028,seed1029,8,1.0,16,16,0,0,0,0,0,0,0,0,0,0,0,9
TAO_TRAIN_GT_CONTROLLED_HELDOUT,policy_heldout,WITHOUT_MEMORY,frozen_MLP,1028,seed1029,16,1.0,16,16,0,0,0,0,0,0,0,0,0,0,0,9
TAO_TRAIN_GT_CONTROLLED_HELDOUT,policy_heldout,WITHOUT_RISK,frozen_MLP,1028,main,1,0.5,1,16,0,0,0,0,0,0,0,0,8,0,0,1
TAO_TRAIN_GT_CONTROLLED_HELDOUT,policy_heldout,WITHOUT_RISK,frozen_MLP,1028,main,2,0.5,1,16,0,0,0,0,0,0,0,0,8,0,0,1
TAO_TRAIN_GT_CONTROLLED_HELDOUT,policy_heldout,WITHOUT_RISK,frozen_MLP,1028,main,4,0.5,3,16,0,0,0,0,0,0,0,0,7,0,0,2
TAO_TRAIN_GT_CONTROLLED_HELDOUT,policy_heldout,WITHOUT_RISK,frozen_MLP,1028,main,8,0.5,4,16,0,0,0,1,0,0,0,0,6,0,0,2
TAO_TRAIN_GT_CONTROLLED_HELDOUT,policy_heldout,WITHOUT_RISK,frozen_MLP,1028,main,16,0.5,4,16,0,0,0,1,0,0,0,0,6,0,0,2
TAO_TRAIN_GT_CONTROLLED_HELDOUT,policy_heldout,WITHOUT_RISK,frozen_MLP,1028,seed1027,1,0.5,1,16,0,0,0,0,0,0,0,0,7,0,0,0
TAO_TRAIN_GT_CONTROLLED_HELDOUT,policy_heldout,WITHOUT_RISK,frozen_MLP,1028,seed1027,2,0.5,1,16,0,0,0,0,0,0,0,0,7,0,0,0
TAO_TRAIN_GT_CONTROLLED_HELDOUT,policy_heldout,WITHOUT_RISK,frozen_MLP,1028,seed1027,4,0.5,3,16,0,0,0,0,0,0,0,0,6,0,0,1
TAO_TRAIN_GT_CONTROLLED_HELDOUT,policy_heldout,WITHOUT_RISK,frozen_MLP,1028,seed1027,8,0.5,4,16,0,0,0,0,0,0,0,0,5,0,0,2
TAO_TRAIN_GT_CONTROLLED_HELDOUT,policy_heldout,WITHOUT_RISK,frozen_MLP,1028,seed1027,16,0.5,4,16,0,0,0,2,0,0,0,0,3,0,0,2
TAO_TRAIN_GT_CONTROLLED_HELDOUT,policy_heldout,WITHOUT_RISK,frozen_MLP,1028,seed1028,1,0.5,1,16,0,0,0,0,0,0,0,0,6,0,0,1
TAO_TRAIN_GT_CONTROLLED_HELDOUT,policy_heldout,WITHOUT_RISK,frozen_MLP,1028,seed1028,2,0.5,1,16,0,0,0,0,0,0,0,0,6,0,0,1
TAO_TRAIN_GT_CONTROLLED_HELDOUT,policy_heldout,WITHOUT_RISK,frozen_MLP,1028,seed1028,4,0.5,3,16,0,0,0,0,0,0,0,0,5,0,0,2
TAO_TRAIN_GT_CONTROLLED_HELDOUT,policy_heldout,WITHOUT_RISK,frozen_MLP,1028,seed1028,8,0.5,4,16,0,0,0,1,0,0,0,0,4,0,0,2
TAO_TRAIN_GT_CONTROLLED_HELDOUT,policy_heldout,WITHOUT_RISK,frozen_MLP,1028,seed1028,16,0.5,4,16,0,0,0,2,0,0,0,0,3,0,0,2
TAO_TRAIN_GT_CONTROLLED_HELDOUT,policy_heldout,WITHOUT_RISK,frozen_MLP,1028,seed1029,1,0.5,1,16,0,0,0,0,0,0,0,0,9,0,0,0
TAO_TRAIN_GT_CONTROLLED_HELDOUT,policy_heldout,WITHOUT_RISK,frozen_MLP,1028,seed1029,2,0.5,1,16,0,0,0,0,0,0,0,0,9,0,0,0
TAO_TRAIN_GT_CONTROLLED_HELDOUT,policy_heldout,WITHOUT_RISK,frozen_MLP,1028,seed1029,4,0.5,3,16,0,0,0,0,0,0,0,0,8,0,0,1
TAO_TRAIN_GT_CONTROLLED_HELDOUT,policy_heldout,WITHOUT_RISK,frozen_MLP,1028,seed1029,8,0.5,4,16,0,0,0,1,0,0,0,0,6,0,0,2
TAO_TRAIN_GT_CONTROLLED_HELDOUT,policy_heldout,WITHOUT_RISK,frozen_MLP,1028,seed1029,16,0.5,4,16,0,0,0,1,0,0,0,0,6,0,0,2
TAO_TRAIN_GT_CONTROLLED_HELDOUT,policy_heldout,WITHOUT_RISK,frozen_MLP,1028,main,1,0.75,1,16,0,0,0,0,0,0,0,0,8,0,0,1
TAO_TRAIN_GT_CONTROLLED_HELDOUT,policy_heldout,WITHOUT_RISK,frozen_MLP,1028,main,2,0.75,1,16,0,0,0,0,0,0,0,0,8,0,0,1
TAO_TRAIN_GT_CONTROLLED_HELDOUT,policy_heldout,WITHOUT_RISK,frozen_MLP,1028,main,4,0.75,3,16,0,0,0,0,0,0,0,0,7,0,0,2
TAO_TRAIN_GT_CONTROLLED_HELDOUT,policy_heldout,WITHOUT_RISK,frozen_MLP,1028,main,8,0.75,4,16,0,0,0,1,0,0,0,0,6,0,0,2
TAO_TRAIN_GT_CONTROLLED_HELDOUT,policy_heldout,WITHOUT_RISK,frozen_MLP,1028,main,16,0.75,4,16,0,0,0,1,0,0,0,0,6,0,0,2
TAO_TRAIN_GT_CONTROLLED_HELDOUT,policy_heldout,WITHOUT_RISK,frozen_MLP,1028,seed1027,1,0.75,1,16,0,0,0,0,0,0,0,0,7,0,0,0
TAO_TRAIN_GT_CONTROLLED_HELDOUT,policy_heldout,WITHOUT_RISK,frozen_MLP,1028,seed1027,2,0.75,1,16,0,0,0,0,0,0,0,0,7,0,0,0
TAO_TRAIN_GT_CONTROLLED_HELDOUT,policy_heldout,WITHOUT_RISK,frozen_MLP,1028,seed1027,4,0.75,3,16,0,0,0,0,0,0,0,0,6,0,0,1
TAO_TRAIN_GT_CONTROLLED_HELDOUT,policy_heldout,WITHOUT_RISK,frozen_MLP,1028,seed1027,8,0.75,4,16,0,0,0,0,0,0,0,0,5,0,0,2
TAO_TRAIN_GT_CONTROLLED_HELDOUT,policy_heldout,WITHOUT_RISK,frozen_MLP,1028,seed1027,16,0.75,4,16,0,0,0,2,0,0,0,0,3,0,0,2
TAO_TRAIN_GT_CONTROLLED_HELDOUT,policy_heldout,WITHOUT_RISK,frozen_MLP,1028,seed1028,1,0.75,1,16,0,0,0,0,0,0,0,0,6,0,0,1
TAO_TRAIN_GT_CONTROLLED_HELDOUT,policy_heldout,WITHOUT_RISK,frozen_MLP,1028,seed1028,2,0.75,1,16,0,0,0,0,0,0,0,0,6,0,0,1
TAO_TRAIN_GT_CONTROLLED_HELDOUT,policy_heldout,WITHOUT_RISK,frozen_MLP,1028,seed1028,4,0.75,3,16,0,0,0,0,0,0,0,0,5,0,0,2
TAO_TRAIN_GT_CONTROLLED_HELDOUT,policy_heldout,WITHOUT_RISK,frozen_MLP,1028,seed1028,8,0.75,4,16,0,0,0,1,0,0,0,0,4,0,0,2
TAO_TRAIN_GT_CONTROLLED_HELDOUT,policy_heldout,WITHOUT_RISK,frozen_MLP,1028,seed1028,16,0.75,4,16,0,0,0,2,0,0,0,0,3,0,0,2
TAO_TRAIN_GT_CONTROLLED_HELDOUT,policy_heldout,WITHOUT_RISK,frozen_MLP,1028,seed1029,1,0.75,1,16,0,0,0,0,0,0,0,0,9,0,0,0
TAO_TRAIN_GT_CONTROLLED_HELDOUT,policy_heldout,WITHOUT_RISK,frozen_MLP,1028,seed1029,2,0.75,1,16,0,0,0,0,0,0,0,0,9,0,0,0
TAO_TRAIN_GT_CONTROLLED_HELDOUT,policy_heldout,WITHOUT_RISK,frozen_MLP,1028,seed1029,4,0.75,3,16,0,0,0,0,0,0,0,0,8,0,0,1
TAO_TRAIN_GT_CONTROLLED_HELDOUT,policy_heldout,WITHOUT_RISK,frozen_MLP,1028,seed1029,8,0.75,4,16,0,0,0,1,0,0,0,0,6,0,0,2
TAO_TRAIN_GT_CONTROLLED_HELDOUT,policy_heldout,WITHOUT_RISK,frozen_MLP,1028,seed1029,16,0.75,4,16,0,0,0,1,0,0,0,0,6,0,0,2
TAO_TRAIN_GT_CONTROLLED_HELDOUT,policy_heldout,WITHOUT_RISK,frozen_MLP,1028,main,1,1.0,13,16,0,0,0,1,0,0,0,0,0,0,0,8
TAO_TRAIN_GT_CONTROLLED_HELDOUT,policy_heldout,WITHOUT_RISK,frozen_MLP,1028,main,2,1.0,15,16,0,0,0,1,0,0,0,0,0,0,0,8
TAO_TRAIN_GT_CONTROLLED_HELDOUT,policy_heldout,WITHOUT_RISK,frozen_MLP,1028,main,4,1.0,15,16,0,0,0,1,0,0,0,0,0,0,0,8
TAO_TRAIN_GT_CONTROLLED_HELDOUT,policy_heldout,WITHOUT_RISK,frozen_MLP,1028,main,8,1.0,14,16,0,0,0,2,0,0,0,0,0,0,0,7
TAO_TRAIN_GT_CONTROLLED_HELDOUT,policy_heldout,WITHOUT_RISK,frozen_MLP,1028,main,16,1.0,13,16,0,0,0,1,0,0,0,0,0,0,0,8
TAO_TRAIN_GT_CONTROLLED_HELDOUT,policy_heldout,WITHOUT_RISK,frozen_MLP,1028,seed1027,1,1.0,15,16,0,0,0,1,0,0,0,0,0,0,0,6
TAO_TRAIN_GT_CONTROLLED_HELDOUT,policy_heldout,WITHOUT_RISK,frozen_MLP,1028,seed1027,2,1.0,15,16,0,0,0,0,0,0,0,0,0,0,0,7
TAO_TRAIN_GT_CONTROLLED_HELDOUT,policy_heldout,WITHOUT_RISK,frozen_MLP,1028,seed1027,4,1.0,15,16,0,0,0,0,0,0,0,0,0,0,0,7
TAO_TRAIN_GT_CONTROLLED_HELDOUT,policy_heldout,WITHOUT_RISK,frozen_MLP,1028,seed1027,8,1.0,15,16,0,0,0,0,0,0,0,0,0,0,0,7
TAO_TRAIN_GT_CONTROLLED_HELDOUT,policy_heldout,WITHOUT_RISK,frozen_MLP,1028,seed1027,16,1.0,11,16,0,0,0,4,0,0,0,0,0,0,0,3
TAO_TRAIN_GT_CONTROLLED_HELDOUT,policy_heldout,WITHOUT_RISK,frozen_MLP,1028,seed1028,1,1.0,13,16,0,0,0,3,0,0,0,0,0,0,0,4
TAO_TRAIN_GT_CONTROLLED_HELDOUT,policy_heldout,WITHOUT_RISK,frozen_MLP,1028,seed1028,2,1.0,15,16,0,0,0,1,0,0,0,0,0,0,0,6
TAO_TRAIN_GT_CONTROLLED_HELDOUT,policy_heldout,WITHOUT_RISK,frozen_MLP,1028,seed1028,4,1.0,15,16,0,0,0,1,0,0,0,0,0,0,0,6
TAO_TRAIN_GT_CONTROLLED_HELDOUT,policy_heldout,WITHOUT_RISK,frozen_MLP,1028,seed1028,8,1.0,14,16,0,0,0,1,0,0,0,0,0,0,0,6
TAO_TRAIN_GT_CONTROLLED_HELDOUT,policy_heldout,WITHOUT_RISK,frozen_MLP,1028,seed1028,16,1.0,13,16,0,0,0,2,0,0,0,0,0,0,0,5
TAO_TRAIN_GT_CONTROLLED_HELDOUT,policy_heldout,WITHOUT_RISK,frozen_MLP,1028,seed1029,1,1.0,14,16,0,0,0,1,0,0,0,0,0,0,0,8
TAO_TRAIN_GT_CONTROLLED_HELDOUT,policy_heldout,WITHOUT_RISK,frozen_MLP,1028,seed1029,2,1.0,15,16,0,0,0,1,0,0,0,0,0,0,0,8
TAO_TRAIN_GT_CONTROLLED_HELDOUT,policy_heldout,WITHOUT_RISK,frozen_MLP,1028,seed1029,4,1.0,15,16,0,0,0,1,0,0,0,0,0,0,0,8
TAO_TRAIN_GT_CONTROLLED_HELDOUT,policy_heldout,WITHOUT_RISK,frozen_MLP,1028,seed1029,8,1.0,15,16,0,0,0,1,0,0,0,0,0,0,0,8
TAO_TRAIN_GT_CONTROLLED_HELDOUT,policy_heldout,WITHOUT_RISK,frozen_MLP,1028,seed1029,16,1.0,11,16,0,0,0,1,0,0,0,0,0,0,0,8
TAO_TRAIN_GT_CONTROLLED_HELDOUT,policy_heldout,RESET_PER_VIDEO,frozen_MLP,1028,main,1,0.5,16,16,0,0,0,0,0,0,0,0,0,0,0,9
TAO_TRAIN_GT_CONTROLLED_HELDOUT,policy_heldout,RESET_PER_VIDEO,frozen_MLP,1028,main,2,0.5,16,16,0,0,0,0,0,0,0,0,0,0,0,9
TAO_TRAIN_GT_CONTROLLED_HELDOUT,policy_heldout,RESET_PER_VIDEO,frozen_MLP,1028,main,4,0.5,16,16,0,0,0,0,0,0,0,0,0,0,0,9
TAO_TRAIN_GT_CONTROLLED_HELDOUT,policy_heldout,RESET_PER_VIDEO,frozen_MLP,1028,main,8,0.5,16,16,0,0,0,0,0,0,0,0,0,0,0,9
TAO_TRAIN_GT_CONTROLLED_HELDOUT,policy_heldout,RESET_PER_VIDEO,frozen_MLP,1028,main,16,0.5,16,16,0,0,0,0,0,0,0,0,0,0,0,9
TAO_TRAIN_GT_CONTROLLED_HELDOUT,policy_heldout,RESET_PER_VIDEO,frozen_MLP,1028,seed1027,1,0.5,16,16,0,0,0,0,0,0,0,0,0,0,0,7
TAO_TRAIN_GT_CONTROLLED_HELDOUT,policy_heldout,RESET_PER_VIDEO,frozen_MLP,1028,seed1027,2,0.5,16,16,0,0,0,0,0,0,0,0,0,0,0,7
TAO_TRAIN_GT_CONTROLLED_HELDOUT,policy_heldout,RESET_PER_VIDEO,frozen_MLP,1028,seed1027,4,0.5,16,16,0,0,0,0,0,0,0,0,0,0,0,7
TAO_TRAIN_GT_CONTROLLED_HELDOUT,policy_heldout,RESET_PER_VIDEO,frozen_MLP,1028,seed1027,8,0.5,16,16,0,0,0,0,0,0,0,0,0,0,0,7
TAO_TRAIN_GT_CONTROLLED_HELDOUT,policy_heldout,RESET_PER_VIDEO,frozen_MLP,1028,seed1027,16,0.5,16,16,0,0,0,0,0,0,0,0,0,0,0,7
TAO_TRAIN_GT_CONTROLLED_HELDOUT,policy_heldout,RESET_PER_VIDEO,frozen_MLP,1028,seed1028,1,0.5,16,16,0,0,0,0,0,0,0,0,0,0,0,7
TAO_TRAIN_GT_CONTROLLED_HELDOUT,policy_heldout,RESET_PER_VIDEO,frozen_MLP,1028,seed1028,2,0.5,16,16,0,0,0,0,0,0,0,0,0,0,0,7
TAO_TRAIN_GT_CONTROLLED_HELDOUT,policy_heldout,RESET_PER_VIDEO,frozen_MLP,1028,seed1028,4,0.5,16,16,0,0,0,0,0,0,0,0,0,0,0,7
TAO_TRAIN_GT_CONTROLLED_HELDOUT,policy_heldout,RESET_PER_VIDEO,frozen_MLP,1028,seed1028,8,0.5,16,16,0,0,0,0,0,0,0,0,0,0,0,7
TAO_TRAIN_GT_CONTROLLED_HELDOUT,policy_heldout,RESET_PER_VIDEO,frozen_MLP,1028,seed1028,16,0.5,16,16,0,0,0,0,0,0,0,0,0,0,0,7
TAO_TRAIN_GT_CONTROLLED_HELDOUT,policy_heldout,RESET_PER_VIDEO,frozen_MLP,1028,seed1029,1,0.5,16,16,0,0,0,0,0,0,0,0,0,0,0,9
TAO_TRAIN_GT_CONTROLLED_HELDOUT,policy_heldout,RESET_PER_VIDEO,frozen_MLP,1028,seed1029,2,0.5,16,16,0,0,0,0,0,0,0,0,0,0,0,9
TAO_TRAIN_GT_CONTROLLED_HELDOUT,policy_heldout,RESET_PER_VIDEO,frozen_MLP,1028,seed1029,4,0.5,16,16,0,0,0,0,0,0,0,0,0,0,0,9
TAO_TRAIN_GT_CONTROLLED_HELDOUT,policy_heldout,RESET_PER_VIDEO,frozen_MLP,1028,seed1029,8,0.5,16,16,0,0,0,0,0,0,0,0,0,0,0,9
TAO_TRAIN_GT_CONTROLLED_HELDOUT,policy_heldout,RESET_PER_VIDEO,frozen_MLP,1028,seed1029,16,0.5,16,16,0,0,0,0,0,0,0,0,0,0,0,9
TAO_TRAIN_GT_CONTROLLED_HELDOUT,policy_heldout,RESET_PER_VIDEO,frozen_MLP,1028,main,1,0.75,16,16,0,0,0,0,0,0,0,0,0,0,0,9
TAO_TRAIN_GT_CONTROLLED_HELDOUT,policy_heldout,RESET_PER_VIDEO,frozen_MLP,1028,main,2,0.75,16,16,0,0,0,0,0,0,0,0,0,0,0,9
TAO_TRAIN_GT_CONTROLLED_HELDOUT,policy_heldout,RESET_PER_VIDEO,frozen_MLP,1028,main,4,0.75,16,16,0,0,0,0,0,0,0,0,0,0,0,9
TAO_TRAIN_GT_CONTROLLED_HELDOUT,policy_heldout,RESET_PER_VIDEO,frozen_MLP,1028,main,8,0.75,16,16,0,0,0,0,0,0,0,0,0,0,0,9
TAO_TRAIN_GT_CONTROLLED_HELDOUT,policy_heldout,RESET_PER_VIDEO,frozen_MLP,1028,main,16,0.75,16,16,0,0,0,0,0,0,0,0,0,0,0,9
TAO_TRAIN_GT_CONTROLLED_HELDOUT,policy_heldout,RESET_PER_VIDEO,frozen_MLP,1028,seed1027,1,0.75,16,16,0,0,0,0,0,0,0,0,0,0,0,7
TAO_TRAIN_GT_CONTROLLED_HELDOUT,policy_heldout,RESET_PER_VIDEO,frozen_MLP,1028,seed1027,2,0.75,16,16,0,0,0,0,0,0,0,0,0,0,0,7
TAO_TRAIN_GT_CONTROLLED_HELDOUT,policy_heldout,RESET_PER_VIDEO,frozen_MLP,1028,seed1027,4,0.75,16,16,0,0,0,0,0,0,0,0,0,0,0,7
TAO_TRAIN_GT_CONTROLLED_HELDOUT,policy_heldout,RESET_PER_VIDEO,frozen_MLP,1028,seed1027,8,0.75,16,16,0,0,0,0,0,0,0,0,0,0,0,7
TAO_TRAIN_GT_CONTROLLED_HELDOUT,policy_heldout,RESET_PER_VIDEO,frozen_MLP,1028,seed1027,16,0.75,16,16,0,0,0,0,0,0,0,0,0,0,0,7
TAO_TRAIN_GT_CONTROLLED_HELDOUT,policy_heldout,RESET_PER_VIDEO,frozen_MLP,1028,seed1028,1,0.75,16,16,0,0,0,0,0,0,0,0,0,0,0,7
TAO_TRAIN_GT_CONTROLLED_HELDOUT,policy_heldout,RESET_PER_VIDEO,frozen_MLP,1028,seed1028,2,0.75,16,16,0,0,0,0,0,0,0,0,0,0,0,7
TAO_TRAIN_GT_CONTROLLED_HELDOUT,policy_heldout,RESET_PER_VIDEO,frozen_MLP,1028,seed1028,4,0.75,16,16,0,0,0,0,0,0,0,0,0,0,0,7
TAO_TRAIN_GT_CONTROLLED_HELDOUT,policy_heldout,RESET_PER_VIDEO,frozen_MLP,1028,seed1028,8,0.75,16,16,0,0,0,0,0,0,0,0,0,0,0,7
TAO_TRAIN_GT_CONTROLLED_HELDOUT,policy_heldout,RESET_PER_VIDEO,frozen_MLP,1028,seed1028,16,0.75,16,16,0,0,0,0,0,0,0,0,0,0,0,7
TAO_TRAIN_GT_CONTROLLED_HELDOUT,policy_heldout,RESET_PER_VIDEO,frozen_MLP,1028,seed1029,1,0.75,16,16,0,0,0,0,0,0,0,0,0,0,0,9
TAO_TRAIN_GT_CONTROLLED_HELDOUT,policy_heldout,RESET_PER_VIDEO,frozen_MLP,1028,seed1029,2,0.75,16,16,0,0,0,0,0,0,0,0,0,0,0,9
TAO_TRAIN_GT_CONTROLLED_HELDOUT,policy_heldout,RESET_PER_VIDEO,frozen_MLP,1028,seed1029,4,0.75,16,16,0,0,0,0,0,0,0,0,0,0,0,9
TAO_TRAIN_GT_CONTROLLED_HELDOUT,policy_heldout,RESET_PER_VIDEO,frozen_MLP,1028,seed1029,8,0.75,16,16,0,0,0,0,0,0,0,0,0,0,0,9
TAO_TRAIN_GT_CONTROLLED_HELDOUT,policy_heldout,RESET_PER_VIDEO,frozen_MLP,1028,seed1029,16,0.75,16,16,0,0,0,0,0,0,0,0,0,0,0,9
TAO_TRAIN_GT_CONTROLLED_HELDOUT,policy_heldout,RESET_PER_VIDEO,frozen_MLP,1028,main,1,1.0,16,16,0,0,0,0,0,0,0,0,0,0,0,9
TAO_TRAIN_GT_CONTROLLED_HELDOUT,policy_heldout,RESET_PER_VIDEO,frozen_MLP,1028,main,2,1.0,16,16,0,0,0,0,0,0,0,0,0,0,0,9
TAO_TRAIN_GT_CONTROLLED_HELDOUT,policy_heldout,RESET_PER_VIDEO,frozen_MLP,1028,main,4,1.0,16,16,0,0,0,0,0,0,0,0,0,0,0,9
TAO_TRAIN_GT_CONTROLLED_HELDOUT,policy_heldout,RESET_PER_VIDEO,frozen_MLP,1028,main,8,1.0,16,16,0,0,0,0,0,0,0,0,0,0,0,9
TAO_TRAIN_GT_CONTROLLED_HELDOUT,policy_heldout,RESET_PER_VIDEO,frozen_MLP,1028,main,16,1.0,16,16,0,0,0,0,0,0,0,0,0,0,0,9
TAO_TRAIN_GT_CONTROLLED_HELDOUT,policy_heldout,RESET_PER_VIDEO,frozen_MLP,1028,seed1027,1,1.0,16,16,0,0,0,0,0,0,0,0,0,0,0,7
TAO_TRAIN_GT_CONTROLLED_HELDOUT,policy_heldout,RESET_PER_VIDEO,frozen_MLP,1028,seed1027,2,1.0,16,16,0,0,0,0,0,0,0,0,0,0,0,7
TAO_TRAIN_GT_CONTROLLED_HELDOUT,policy_heldout,RESET_PER_VIDEO,frozen_MLP,1028,seed1027,4,1.0,16,16,0,0,0,0,0,0,0,0,0,0,0,7
TAO_TRAIN_GT_CONTROLLED_HELDOUT,policy_heldout,RESET_PER_VIDEO,frozen_MLP,1028,seed1027,8,1.0,16,16,0,0,0,0,0,0,0,0,0,0,0,7
TAO_TRAIN_GT_CONTROLLED_HELDOUT,policy_heldout,RESET_PER_VIDEO,frozen_MLP,1028,seed1027,16,1.0,16,16,0,0,0,0,0,0,0,0,0,0,0,7
TAO_TRAIN_GT_CONTROLLED_HELDOUT,policy_heldout,RESET_PER_VIDEO,frozen_MLP,1028,seed1028,1,1.0,16,16,0,0,0,0,0,0,0,0,0,0,0,7
TAO_TRAIN_GT_CONTROLLED_HELDOUT,policy_heldout,RESET_PER_VIDEO,frozen_MLP,1028,seed1028,2,1.0,16,16,0,0,0,0,0,0,0,0,0,0,0,7
TAO_TRAIN_GT_CONTROLLED_HELDOUT,policy_heldout,RESET_PER_VIDEO,frozen_MLP,1028,seed1028,4,1.0,16,16,0,0,0,0,0,0,0,0,0,0,0,7
TAO_TRAIN_GT_CONTROLLED_HELDOUT,policy_heldout,RESET_PER_VIDEO,frozen_MLP,1028,seed1028,8,1.0,16,16,0,0,0,0,0,0,0,0,0,0,0,7
TAO_TRAIN_GT_CONTROLLED_HELDOUT,policy_heldout,RESET_PER_VIDEO,frozen_MLP,1028,seed1028,16,1.0,16,16,0,0,0,0,0,0,0,0,0,0,0,7
TAO_TRAIN_GT_CONTROLLED_HELDOUT,policy_heldout,RESET_PER_VIDEO,frozen_MLP,1028,seed1029,1,1.0,16,16,0,0,0,0,0,0,0,0,0,0,0,9
TAO_TRAIN_GT_CONTROLLED_HELDOUT,policy_heldout,RESET_PER_VIDEO,frozen_MLP,1028,seed1029,2,1.0,16,16,0,0,0,0,0,0,0,0,0,0,0,9
TAO_TRAIN_GT_CONTROLLED_HELDOUT,policy_heldout,RESET_PER_VIDEO,frozen_MLP,1028,seed1029,4,1.0,16,16,0,0,0,0,0,0,0,0,0,0,0,9
TAO_TRAIN_GT_CONTROLLED_HELDOUT,policy_heldout,RESET_PER_VIDEO,frozen_MLP,1028,seed1029,8,1.0,16,16,0,0,0,0,0,0,0,0,0,0,0,9
TAO_TRAIN_GT_CONTROLLED_HELDOUT,policy_heldout,RESET_PER_VIDEO,frozen_MLP,1028,seed1029,16,1.0,16,16,0,0,0,0,0,0,0,0,0,0,0,9
TAO_TRAIN_GT_CONTROLLED_HELDOUT,policy_heldout,FULL,frozen_MLP,1028,main,1,0.5,16,16,0,0,0,0,0,0,0,0,0,0,0,9
TAO_TRAIN_GT_CONTROLLED_HELDOUT,policy_heldout,FULL,frozen_MLP,1028,main,2,0.5,16,16,0,0,0,0,0,0,0,0,0,0,0,9
TAO_TRAIN_GT_CONTROLLED_HELDOUT,policy_heldout,FULL,frozen_MLP,1028,main,4,0.5,16,16,0,0,0,0,0,0,0,0,0,0,0,9
TAO_TRAIN_GT_CONTROLLED_HELDOUT,policy_heldout,FULL,frozen_MLP,1028,main,8,0.5,16,16,0,0,0,0,0,0,0,0,0,0,0,9
TAO_TRAIN_GT_CONTROLLED_HELDOUT,policy_heldout,FULL,frozen_MLP,1028,main,16,0.5,16,16,0,0,0,0,0,0,0,0,0,0,0,9
TAO_TRAIN_GT_CONTROLLED_HELDOUT,policy_heldout,FULL,frozen_MLP,1028,seed1027,1,0.5,16,16,0,0,0,0,0,0,0,0,0,0,0,7
TAO_TRAIN_GT_CONTROLLED_HELDOUT,policy_heldout,FULL,frozen_MLP,1028,seed1027,2,0.5,16,16,0,0,0,0,0,0,0,0,0,0,0,7
TAO_TRAIN_GT_CONTROLLED_HELDOUT,policy_heldout,FULL,frozen_MLP,1028,seed1027,4,0.5,16,16,0,0,0,0,0,0,0,0,0,0,0,7
TAO_TRAIN_GT_CONTROLLED_HELDOUT,policy_heldout,FULL,frozen_MLP,1028,seed1027,8,0.5,16,16,0,0,0,0,0,0,0,0,0,0,0,7
TAO_TRAIN_GT_CONTROLLED_HELDOUT,policy_heldout,FULL,frozen_MLP,1028,seed1027,16,0.5,16,16,0,0,0,0,0,0,0,0,0,0,0,7
TAO_TRAIN_GT_CONTROLLED_HELDOUT,policy_heldout,FULL,frozen_MLP,1028,seed1028,1,0.5,16,16,0,0,0,0,0,0,0,0,0,0,0,7
TAO_TRAIN_GT_CONTROLLED_HELDOUT,policy_heldout,FULL,frozen_MLP,1028,seed1028,2,0.5,16,16,0,0,0,0,0,0,0,0,0,0,0,7
TAO_TRAIN_GT_CONTROLLED_HELDOUT,policy_heldout,FULL,frozen_MLP,1028,seed1028,4,0.5,16,16,0,0,0,0,0,0,0,0,0,0,0,7
TAO_TRAIN_GT_CONTROLLED_HELDOUT,policy_heldout,FULL,frozen_MLP,1028,seed1028,8,0.5,16,16,0,0,0,0,0,0,0,0,0,0,0,7
TAO_TRAIN_GT_CONTROLLED_HELDOUT,policy_heldout,FULL,frozen_MLP,1028,seed1028,16,0.5,16,16,0,0,0,0,0,0,0,0,0,0,0,7
TAO_TRAIN_GT_CONTROLLED_HELDOUT,policy_heldout,FULL,frozen_MLP,1028,seed1029,1,0.5,16,16,0,0,0,0,0,0,0,0,0,0,0,9
TAO_TRAIN_GT_CONTROLLED_HELDOUT,policy_heldout,FULL,frozen_MLP,1028,seed1029,2,0.5,16,16,0,0,0,0,0,0,0,0,0,0,0,9
TAO_TRAIN_GT_CONTROLLED_HELDOUT,policy_heldout,FULL,frozen_MLP,1028,seed1029,4,0.5,16,16,0,0,0,0,0,0,0,0,0,0,0,9
TAO_TRAIN_GT_CONTROLLED_HELDOUT,policy_heldout,FULL,frozen_MLP,1028,seed1029,8,0.5,16,16,0,0,0,0,0,0,0,0,0,0,0,9
TAO_TRAIN_GT_CONTROLLED_HELDOUT,policy_heldout,FULL,frozen_MLP,1028,seed1029,16,0.5,16,16,0,0,0,0,0,0,0,0,0,0,0,9
TAO_TRAIN_GT_CONTROLLED_HELDOUT,policy_heldout,FULL,frozen_MLP,1028,main,1,0.75,16,16,0,0,0,0,0,0,0,0,0,0,0,9
TAO_TRAIN_GT_CONTROLLED_HELDOUT,policy_heldout,FULL,frozen_MLP,1028,main,2,0.75,16,16,0,0,0,0,0,0,0,0,0,0,0,9
TAO_TRAIN_GT_CONTROLLED_HELDOUT,policy_heldout,FULL,frozen_MLP,1028,main,4,0.75,16,16,0,0,0,0,0,0,0,0,0,0,0,9
TAO_TRAIN_GT_CONTROLLED_HELDOUT,policy_heldout,FULL,frozen_MLP,1028,main,8,0.75,16,16,0,0,0,0,0,0,0,0,0,0,0,9
TAO_TRAIN_GT_CONTROLLED_HELDOUT,policy_heldout,FULL,frozen_MLP,1028,main,16,0.75,16,16,0,0,0,0,0,0,0,0,0,0,0,9
TAO_TRAIN_GT_CONTROLLED_HELDOUT,policy_heldout,FULL,frozen_MLP,1028,seed1027,1,0.75,16,16,0,0,0,0,0,0,0,0,0,0,0,7
TAO_TRAIN_GT_CONTROLLED_HELDOUT,policy_heldout,FULL,frozen_MLP,1028,seed1027,2,0.75,16,16,0,0,0,0,0,0,0,0,0,0,0,7
TAO_TRAIN_GT_CONTROLLED_HELDOUT,policy_heldout,FULL,frozen_MLP,1028,seed1027,4,0.75,16,16,0,0,0,0,0,0,0,0,0,0,0,7
TAO_TRAIN_GT_CONTROLLED_HELDOUT,policy_heldout,FULL,frozen_MLP,1028,seed1027,8,0.75,16,16,0,0,0,0,0,0,0,0,0,0,0,7
TAO_TRAIN_GT_CONTROLLED_HELDOUT,policy_heldout,FULL,frozen_MLP,1028,seed1027,16,0.75,16,16,0,0,0,0,0,0,0,0,0,0,0,7
TAO_TRAIN_GT_CONTROLLED_HELDOUT,policy_heldout,FULL,frozen_MLP,1028,seed1028,1,0.75,16,16,0,0,0,0,0,0,0,0,0,0,0,7
TAO_TRAIN_GT_CONTROLLED_HELDOUT,policy_heldout,FULL,frozen_MLP,1028,seed1028,2,0.75,16,16,0,0,0,0,0,0,0,0,0,0,0,7
TAO_TRAIN_GT_CONTROLLED_HELDOUT,policy_heldout,FULL,frozen_MLP,1028,seed1028,4,0.75,16,16,0,0,0,0,0,0,0,0,0,0,0,7
TAO_TRAIN_GT_CONTROLLED_HELDOUT,policy_heldout,FULL,frozen_MLP,1028,seed1028,8,0.75,16,16,0,0,0,0,0,0,0,0,0,0,0,7
TAO_TRAIN_GT_CONTROLLED_HELDOUT,policy_heldout,FULL,frozen_MLP,1028,seed1028,16,0.75,16,16,0,0,0,0,0,0,0,0,0,0,0,7
TAO_TRAIN_GT_CONTROLLED_HELDOUT,policy_heldout,FULL,frozen_MLP,1028,seed1029,1,0.75,16,16,0,0,0,0,0,0,0,0,0,0,0,9
TAO_TRAIN_GT_CONTROLLED_HELDOUT,policy_heldout,FULL,frozen_MLP,1028,seed1029,2,0.75,16,16,0,0,0,0,0,0,0,0,0,0,0,9
TAO_TRAIN_GT_CONTROLLED_HELDOUT,policy_heldout,FULL,frozen_MLP,1028,seed1029,4,0.75,16,16,0,0,0,0,0,0,0,0,0,0,0,9
TAO_TRAIN_GT_CONTROLLED_HELDOUT,policy_heldout,FULL,frozen_MLP,1028,seed1029,8,0.75,16,16,0,0,0,0,0,0,0,0,0,0,0,9
TAO_TRAIN_GT_CONTROLLED_HELDOUT,policy_heldout,FULL,frozen_MLP,1028,seed1029,16,0.75,16,16,0,0,0,0,0,0,0,0,0,0,0,9
TAO_TRAIN_GT_CONTROLLED_HELDOUT,policy_heldout,FULL,frozen_MLP,1028,main,1,1.0,16,16,0,0,0,0,0,0,0,0,0,0,0,9
TAO_TRAIN_GT_CONTROLLED_HELDOUT,policy_heldout,FULL,frozen_MLP,1028,main,2,1.0,16,16,0,0,0,0,0,0,0,0,0,0,0,9
TAO_TRAIN_GT_CONTROLLED_HELDOUT,policy_heldout,FULL,frozen_MLP,1028,main,4,1.0,16,16,0,0,0,0,0,0,0,0,0,0,0,9
TAO_TRAIN_GT_CONTROLLED_HELDOUT,policy_heldout,FULL,frozen_MLP,1028,main,8,1.0,16,16,0,0,0,0,0,0,0,0,0,0,0,9
TAO_TRAIN_GT_CONTROLLED_HELDOUT,policy_heldout,FULL,frozen_MLP,1028,main,16,1.0,16,16,0,0,0,0,0,0,0,0,0,0,0,9
TAO_TRAIN_GT_CONTROLLED_HELDOUT,policy_heldout,FULL,frozen_MLP,1028,seed1027,1,1.0,16,16,0,0,0,0,0,0,0,0,0,0,0,7
TAO_TRAIN_GT_CONTROLLED_HELDOUT,policy_heldout,FULL,frozen_MLP,1028,seed1027,2,1.0,16,16,0,0,0,0,0,0,0,0,0,0,0,7
TAO_TRAIN_GT_CONTROLLED_HELDOUT,policy_heldout,FULL,frozen_MLP,1028,seed1027,4,1.0,16,16,0,0,0,0,0,0,0,0,0,0,0,7
TAO_TRAIN_GT_CONTROLLED_HELDOUT,policy_heldout,FULL,frozen_MLP,1028,seed1027,8,1.0,16,16,0,0,0,0,0,0,0,0,0,0,0,7
TAO_TRAIN_GT_CONTROLLED_HELDOUT,policy_heldout,FULL,frozen_MLP,1028,seed1027,16,1.0,16,16,0,0,0,0,0,0,0,0,0,0,0,7
TAO_TRAIN_GT_CONTROLLED_HELDOUT,policy_heldout,FULL,frozen_MLP,1028,seed1028,1,1.0,16,16,0,0,0,0,0,0,0,0,0,0,0,7
TAO_TRAIN_GT_CONTROLLED_HELDOUT,policy_heldout,FULL,frozen_MLP,1028,seed1028,2,1.0,16,16,0,0,0,0,0,0,0,0,0,0,0,7
TAO_TRAIN_GT_CONTROLLED_HELDOUT,policy_heldout,FULL,frozen_MLP,1028,seed1028,4,1.0,16,16,0,0,0,0,0,0,0,0,0,0,0,7
TAO_TRAIN_GT_CONTROLLED_HELDOUT,policy_heldout,FULL,frozen_MLP,1028,seed1028,8,1.0,16,16,0,0,0,0,0,0,0,0,0,0,0,7
TAO_TRAIN_GT_CONTROLLED_HELDOUT,policy_heldout,FULL,frozen_MLP,1028,seed1028,16,1.0,16,16,0,0,0,0,0,0,0,0,0,0,0,7
TAO_TRAIN_GT_CONTROLLED_HELDOUT,policy_heldout,FULL,frozen_MLP,1028,seed1029,1,1.0,16,16,0,0,0,0,0,0,0,0,0,0,0,9
TAO_TRAIN_GT_CONTROLLED_HELDOUT,policy_heldout,FULL,frozen_MLP,1028,seed1029,2,1.0,16,16,0,0,0,0,0,0,0,0,0,0,0,9
TAO_TRAIN_GT_CONTROLLED_HELDOUT,policy_heldout,FULL,frozen_MLP,1028,seed1029,4,1.0,16,16,0,0,0,0,0,0,0,0,0,0,0,9
TAO_TRAIN_GT_CONTROLLED_HELDOUT,policy_heldout,FULL,frozen_MLP,1028,seed1029,8,1.0,16,16,0,0,0,0,0,0,0,0,0,0,0,9
TAO_TRAIN_GT_CONTROLLED_HELDOUT,policy_heldout,FULL,frozen_MLP,1028,seed1029,16,1.0,16,16,0,0,0,0,0,0,0,0,0,0,0,9
TAO_TRAIN_GT_CONTROLLED_HELDOUT,policy_heldout,D1_SIMPLE_MLP,frozen_MLP,1029,main,1,0.5,16,16,0,0,0,0,0,0,0,0,0,0,0,9
TAO_TRAIN_GT_CONTROLLED_HELDOUT,policy_heldout,D1_SIMPLE_MLP,frozen_MLP,1029,main,2,0.5,16,16,0,0,0,0,0,0,0,0,0,0,0,9
TAO_TRAIN_GT_CONTROLLED_HELDOUT,policy_heldout,D1_SIMPLE_MLP,frozen_MLP,1029,main,4,0.5,16,16,0,0,0,0,0,0,0,0,0,0,0,9
TAO_TRAIN_GT_CONTROLLED_HELDOUT,policy_heldout,D1_SIMPLE_MLP,frozen_MLP,1029,main,8,0.5,16,16,0,0,0,0,0,0,0,0,0,0,0,9
TAO_TRAIN_GT_CONTROLLED_HELDOUT,policy_heldout,D1_SIMPLE_MLP,frozen_MLP,1029,main,16,0.5,16,16,0,0,0,0,0,0,0,0,0,0,0,9
TAO_TRAIN_GT_CONTROLLED_HELDOUT,policy_heldout,D1_SIMPLE_MLP,frozen_MLP,1029,seed1027,1,0.5,16,16,0,0,0,0,0,0,0,0,0,0,0,7
TAO_TRAIN_GT_CONTROLLED_HELDOUT,policy_heldout,D1_SIMPLE_MLP,frozen_MLP,1029,seed1027,2,0.5,16,16,0,0,0,0,0,0,0,0,0,0,0,7
TAO_TRAIN_GT_CONTROLLED_HELDOUT,policy_heldout,D1_SIMPLE_MLP,frozen_MLP,1029,seed1027,4,0.5,16,16,0,0,0,0,0,0,0,0,0,0,0,7
TAO_TRAIN_GT_CONTROLLED_HELDOUT,policy_heldout,D1_SIMPLE_MLP,frozen_MLP,1029,seed1027,8,0.5,16,16,0,0,0,0,0,0,0,0,0,0,0,7
TAO_TRAIN_GT_CONTROLLED_HELDOUT,policy_heldout,D1_SIMPLE_MLP,frozen_MLP,1029,seed1027,16,0.5,16,16,0,0,0,0,0,0,0,0,0,0,0,7
TAO_TRAIN_GT_CONTROLLED_HELDOUT,policy_heldout,D1_SIMPLE_MLP,frozen_MLP,1029,seed1028,1,0.5,16,16,0,0,0,0,0,0,0,0,0,0,0,7
TAO_TRAIN_GT_CONTROLLED_HELDOUT,policy_heldout,D1_SIMPLE_MLP,frozen_MLP,1029,seed1028,2,0.5,16,16,0,0,0,0,0,0,0,0,0,0,0,7
TAO_TRAIN_GT_CONTROLLED_HELDOUT,policy_heldout,D1_SIMPLE_MLP,frozen_MLP,1029,seed1028,4,0.5,16,16,0,0,0,0,0,0,0,0,0,0,0,7
TAO_TRAIN_GT_CONTROLLED_HELDOUT,policy_heldout,D1_SIMPLE_MLP,frozen_MLP,1029,seed1028,8,0.5,16,16,0,0,0,0,0,0,0,0,0,0,0,7
TAO_TRAIN_GT_CONTROLLED_HELDOUT,policy_heldout,D1_SIMPLE_MLP,frozen_MLP,1029,seed1028,16,0.5,16,16,0,0,0,0,0,0,0,0,0,0,0,7
TAO_TRAIN_GT_CONTROLLED_HELDOUT,policy_heldout,D1_SIMPLE_MLP,frozen_MLP,1029,seed1029,1,0.5,16,16,0,0,0,0,0,0,0,0,0,0,0,9
TAO_TRAIN_GT_CONTROLLED_HELDOUT,policy_heldout,D1_SIMPLE_MLP,frozen_MLP,1029,seed1029,2,0.5,16,16,0,0,0,0,0,0,0,0,0,0,0,9
TAO_TRAIN_GT_CONTROLLED_HELDOUT,policy_heldout,D1_SIMPLE_MLP,frozen_MLP,1029,seed1029,4,0.5,16,16,0,0,0,0,0,0,0,0,0,0,0,9
TAO_TRAIN_GT_CONTROLLED_HELDOUT,policy_heldout,D1_SIMPLE_MLP,frozen_MLP,1029,seed1029,8,0.5,16,16,0,0,0,0,0,0,0,0,0,0,0,9
TAO_TRAIN_GT_CONTROLLED_HELDOUT,policy_heldout,D1_SIMPLE_MLP,frozen_MLP,1029,seed1029,16,0.5,16,16,0,0,0,0,0,0,0,0,0,0,0,9
TAO_TRAIN_GT_CONTROLLED_HELDOUT,policy_heldout,D1_SIMPLE_MLP,frozen_MLP,1029,main,1,0.75,16,16,0,0,0,0,0,0,0,0,0,0,0,9
TAO_TRAIN_GT_CONTROLLED_HELDOUT,policy_heldout,D1_SIMPLE_MLP,frozen_MLP,1029,main,2,0.75,16,16,0,0,0,0,0,0,0,0,0,0,0,9
TAO_TRAIN_GT_CONTROLLED_HELDOUT,policy_heldout,D1_SIMPLE_MLP,frozen_MLP,1029,main,4,0.75,16,16,0,0,0,0,0,0,0,0,0,0,0,9
TAO_TRAIN_GT_CONTROLLED_HELDOUT,policy_heldout,D1_SIMPLE_MLP,frozen_MLP,1029,main,8,0.75,16,16,0,0,0,0,0,0,0,0,0,0,0,9
TAO_TRAIN_GT_CONTROLLED_HELDOUT,policy_heldout,D1_SIMPLE_MLP,frozen_MLP,1029,main,16,0.75,16,16,0,0,0,0,0,0,0,0,0,0,0,9
TAO_TRAIN_GT_CONTROLLED_HELDOUT,policy_heldout,D1_SIMPLE_MLP,frozen_MLP,1029,seed1027,1,0.75,16,16,0,0,0,0,0,0,0,0,0,0,0,7
TAO_TRAIN_GT_CONTROLLED_HELDOUT,policy_heldout,D1_SIMPLE_MLP,frozen_MLP,1029,seed1027,2,0.75,16,16,0,0,0,0,0,0,0,0,0,0,0,7
TAO_TRAIN_GT_CONTROLLED_HELDOUT,policy_heldout,D1_SIMPLE_MLP,frozen_MLP,1029,seed1027,4,0.75,16,16,0,0,0,0,0,0,0,0,0,0,0,7
TAO_TRAIN_GT_CONTROLLED_HELDOUT,policy_heldout,D1_SIMPLE_MLP,frozen_MLP,1029,seed1027,8,0.75,16,16,0,0,0,0,0,0,0,0,0,0,0,7
TAO_TRAIN_GT_CONTROLLED_HELDOUT,policy_heldout,D1_SIMPLE_MLP,frozen_MLP,1029,seed1027,16,0.75,16,16,0,0,0,0,0,0,0,0,0,0,0,7
TAO_TRAIN_GT_CONTROLLED_HELDOUT,policy_heldout,D1_SIMPLE_MLP,frozen_MLP,1029,seed1028,1,0.75,16,16,0,0,0,0,0,0,0,0,0,0,0,7
TAO_TRAIN_GT_CONTROLLED_HELDOUT,policy_heldout,D1_SIMPLE_MLP,frozen_MLP,1029,seed1028,2,0.75,16,16,0,0,0,0,0,0,0,0,0,0,0,7
TAO_TRAIN_GT_CONTROLLED_HELDOUT,policy_heldout,D1_SIMPLE_MLP,frozen_MLP,1029,seed1028,4,0.75,16,16,0,0,0,0,0,0,0,0,0,0,0,7
TAO_TRAIN_GT_CONTROLLED_HELDOUT,policy_heldout,D1_SIMPLE_MLP,frozen_MLP,1029,seed1028,8,0.75,16,16,0,0,0,0,0,0,0,0,0,0,0,7
TAO_TRAIN_GT_CONTROLLED_HELDOUT,policy_heldout,D1_SIMPLE_MLP,frozen_MLP,1029,seed1028,16,0.75,16,16,0,0,0,0,0,0,0,0,0,0,0,7
TAO_TRAIN_GT_CONTROLLED_HELDOUT,policy_heldout,D1_SIMPLE_MLP,frozen_MLP,1029,seed1029,1,0.75,16,16,0,0,0,0,0,0,0,0,0,0,0,9
TAO_TRAIN_GT_CONTROLLED_HELDOUT,policy_heldout,D1_SIMPLE_MLP,frozen_MLP,1029,seed1029,2,0.75,16,16,0,0,0,0,0,0,0,0,0,0,0,9
TAO_TRAIN_GT_CONTROLLED_HELDOUT,policy_heldout,D1_SIMPLE_MLP,frozen_MLP,1029,seed1029,4,0.75,16,16,0,0,0,0,0,0,0,0,0,0,0,9
TAO_TRAIN_GT_CONTROLLED_HELDOUT,policy_heldout,D1_SIMPLE_MLP,frozen_MLP,1029,seed1029,8,0.75,16,16,0,0,0,0,0,0,0,0,0,0,0,9
TAO_TRAIN_GT_CONTROLLED_HELDOUT,policy_heldout,D1_SIMPLE_MLP,frozen_MLP,1029,seed1029,16,0.75,16,16,0,0,0,0,0,0,0,0,0,0,0,9
TAO_TRAIN_GT_CONTROLLED_HELDOUT,policy_heldout,D1_SIMPLE_MLP,frozen_MLP,1029,main,1,1.0,16,16,0,0,0,0,0,0,0,0,0,0,0,9
TAO_TRAIN_GT_CONTROLLED_HELDOUT,policy_heldout,D1_SIMPLE_MLP,frozen_MLP,1029,main,2,1.0,16,16,0,0,0,0,0,0,0,0,0,0,0,9
TAO_TRAIN_GT_CONTROLLED_HELDOUT,policy_heldout,D1_SIMPLE_MLP,frozen_MLP,1029,main,4,1.0,16,16,0,0,0,0,0,0,0,0,0,0,0,9
TAO_TRAIN_GT_CONTROLLED_HELDOUT,policy_heldout,D1_SIMPLE_MLP,frozen_MLP,1029,main,8,1.0,16,16,0,0,0,0,0,0,0,0,0,0,0,9
TAO_TRAIN_GT_CONTROLLED_HELDOUT,policy_heldout,D1_SIMPLE_MLP,frozen_MLP,1029,main,16,1.0,16,16,0,0,0,0,0,0,0,0,0,0,0,9
TAO_TRAIN_GT_CONTROLLED_HELDOUT,policy_heldout,D1_SIMPLE_MLP,frozen_MLP,1029,seed1027,1,1.0,16,16,0,0,0,0,0,0,0,0,0,0,0,7
TAO_TRAIN_GT_CONTROLLED_HELDOUT,policy_heldout,D1_SIMPLE_MLP,frozen_MLP,1029,seed1027,2,1.0,16,16,0,0,0,0,0,0,0,0,0,0,0,7
TAO_TRAIN_GT_CONTROLLED_HELDOUT,policy_heldout,D1_SIMPLE_MLP,frozen_MLP,1029,seed1027,4,1.0,16,16,0,0,0,0,0,0,0,0,0,0,0,7
TAO_TRAIN_GT_CONTROLLED_HELDOUT,policy_heldout,D1_SIMPLE_MLP,frozen_MLP,1029,seed1027,8,1.0,16,16,0,0,0,0,0,0,0,0,0,0,0,7
TAO_TRAIN_GT_CONTROLLED_HELDOUT,policy_heldout,D1_SIMPLE_MLP,frozen_MLP,1029,seed1027,16,1.0,16,16,0,0,0,0,0,0,0,0,0,0,0,7
TAO_TRAIN_GT_CONTROLLED_HELDOUT,policy_heldout,D1_SIMPLE_MLP,frozen_MLP,1029,seed1028,1,1.0,16,16,0,0,0,0,0,0,0,0,0,0,0,7
TAO_TRAIN_GT_CONTROLLED_HELDOUT,policy_heldout,D1_SIMPLE_MLP,frozen_MLP,1029,seed1028,2,1.0,16,16,0,0,0,0,0,0,0,0,0,0,0,7
TAO_TRAIN_GT_CONTROLLED_HELDOUT,policy_heldout,D1_SIMPLE_MLP,frozen_MLP,1029,seed1028,4,1.0,16,16,0,0,0,0,0,0,0,0,0,0,0,7
TAO_TRAIN_GT_CONTROLLED_HELDOUT,policy_heldout,D1_SIMPLE_MLP,frozen_MLP,1029,seed1028,8,1.0,16,16,0,0,0,0,0,0,0,0,0,0,0,7
TAO_TRAIN_GT_CONTROLLED_HELDOUT,policy_heldout,D1_SIMPLE_MLP,frozen_MLP,1029,seed1028,16,1.0,16,16,0,0,0,0,0,0,0,0,0,0,0,7
TAO_TRAIN_GT_CONTROLLED_HELDOUT,policy_heldout,D1_SIMPLE_MLP,frozen_MLP,1029,seed1029,1,1.0,16,16,0,0,0,0,0,0,0,0,0,0,0,9
TAO_TRAIN_GT_CONTROLLED_HELDOUT,policy_heldout,D1_SIMPLE_MLP,frozen_MLP,1029,seed1029,2,1.0,16,16,0,0,0,0,0,0,0,0,0,0,0,9
TAO_TRAIN_GT_CONTROLLED_HELDOUT,policy_heldout,D1_SIMPLE_MLP,frozen_MLP,1029,seed1029,4,1.0,16,16,0,0,0,0,0,0,0,0,0,0,0,9
TAO_TRAIN_GT_CONTROLLED_HELDOUT,policy_heldout,D1_SIMPLE_MLP,frozen_MLP,1029,seed1029,8,1.0,16,16,0,0,0,0,0,0,0,0,0,0,0,9
TAO_TRAIN_GT_CONTROLLED_HELDOUT,policy_heldout,D1_SIMPLE_MLP,frozen_MLP,1029,seed1029,16,1.0,16,16,0,0,0,0,0,0,0,0,0,0,0,9
TAO_TRAIN_GT_CONTROLLED_HELDOUT,policy_heldout,D2_RISK_AWARE,frozen_MLP,1029,main,1,0.5,16,16,0,0,0,0,0,0,0,0,0,0,0,9
TAO_TRAIN_GT_CONTROLLED_HELDOUT,policy_heldout,D2_RISK_AWARE,frozen_MLP,1029,main,2,0.5,16,16,0,0,0,0,0,0,0,0,0,0,0,9
TAO_TRAIN_GT_CONTROLLED_HELDOUT,policy_heldout,D2_RISK_AWARE,frozen_MLP,1029,main,4,0.5,16,16,0,0,0,0,0,0,0,0,0,0,0,9
TAO_TRAIN_GT_CONTROLLED_HELDOUT,policy_heldout,D2_RISK_AWARE,frozen_MLP,1029,main,8,0.5,16,16,0,0,0,0,0,0,0,0,0,0,0,9
TAO_TRAIN_GT_CONTROLLED_HELDOUT,policy_heldout,D2_RISK_AWARE,frozen_MLP,1029,main,16,0.5,16,16,0,0,0,0,0,0,0,0,0,0,0,9
TAO_TRAIN_GT_CONTROLLED_HELDOUT,policy_heldout,D2_RISK_AWARE,frozen_MLP,1029,seed1027,1,0.5,16,16,0,0,0,0,0,0,0,0,0,0,0,7
TAO_TRAIN_GT_CONTROLLED_HELDOUT,policy_heldout,D2_RISK_AWARE,frozen_MLP,1029,seed1027,2,0.5,16,16,0,0,0,0,0,0,0,0,0,0,0,7
TAO_TRAIN_GT_CONTROLLED_HELDOUT,policy_heldout,D2_RISK_AWARE,frozen_MLP,1029,seed1027,4,0.5,16,16,0,0,0,0,0,0,0,0,0,0,0,7
TAO_TRAIN_GT_CONTROLLED_HELDOUT,policy_heldout,D2_RISK_AWARE,frozen_MLP,1029,seed1027,8,0.5,16,16,0,0,0,0,0,0,0,0,0,0,0,7
TAO_TRAIN_GT_CONTROLLED_HELDOUT,policy_heldout,D2_RISK_AWARE,frozen_MLP,1029,seed1027,16,0.5,16,16,0,0,0,0,0,0,0,0,0,0,0,7
TAO_TRAIN_GT_CONTROLLED_HELDOUT,policy_heldout,D2_RISK_AWARE,frozen_MLP,1029,seed1028,1,0.5,16,16,0,0,0,0,0,0,0,0,0,0,0,7
TAO_TRAIN_GT_CONTROLLED_HELDOUT,policy_heldout,D2_RISK_AWARE,frozen_MLP,1029,seed1028,2,0.5,16,16,0,0,0,0,0,0,0,0,0,0,0,7
TAO_TRAIN_GT_CONTROLLED_HELDOUT,policy_heldout,D2_RISK_AWARE,frozen_MLP,1029,seed1028,4,0.5,16,16,0,0,0,0,0,0,0,0,0,0,0,7
TAO_TRAIN_GT_CONTROLLED_HELDOUT,policy_heldout,D2_RISK_AWARE,frozen_MLP,1029,seed1028,8,0.5,16,16,0,0,0,0,0,0,0,0,0,0,0,7
TAO_TRAIN_GT_CONTROLLED_HELDOUT,policy_heldout,D2_RISK_AWARE,frozen_MLP,1029,seed1028,16,0.5,16,16,0,0,0,0,0,0,0,0,0,0,0,7
TAO_TRAIN_GT_CONTROLLED_HELDOUT,policy_heldout,D2_RISK_AWARE,frozen_MLP,1029,seed1029,1,0.5,16,16,0,0,0,0,0,0,0,0,0,0,0,9
TAO_TRAIN_GT_CONTROLLED_HELDOUT,policy_heldout,D2_RISK_AWARE,frozen_MLP,1029,seed1029,2,0.5,16,16,0,0,0,0,0,0,0,0,0,0,0,9
TAO_TRAIN_GT_CONTROLLED_HELDOUT,policy_heldout,D2_RISK_AWARE,frozen_MLP,1029,seed1029,4,0.5,16,16,0,0,0,0,0,0,0,0,0,0,0,9
TAO_TRAIN_GT_CONTROLLED_HELDOUT,policy_heldout,D2_RISK_AWARE,frozen_MLP,1029,seed1029,8,0.5,16,16,0,0,0,0,0,0,0,0,0,0,0,9
TAO_TRAIN_GT_CONTROLLED_HELDOUT,policy_heldout,D2_RISK_AWARE,frozen_MLP,1029,seed1029,16,0.5,16,16,0,0,0,0,0,0,0,0,0,0,0,9
TAO_TRAIN_GT_CONTROLLED_HELDOUT,policy_heldout,D2_RISK_AWARE,frozen_MLP,1029,main,1,0.75,16,16,0,0,0,0,0,0,0,0,0,0,0,9
TAO_TRAIN_GT_CONTROLLED_HELDOUT,policy_heldout,D2_RISK_AWARE,frozen_MLP,1029,main,2,0.75,16,16,0,0,0,0,0,0,0,0,0,0,0,9
TAO_TRAIN_GT_CONTROLLED_HELDOUT,policy_heldout,D2_RISK_AWARE,frozen_MLP,1029,main,4,0.75,16,16,0,0,0,0,0,0,0,0,0,0,0,9
TAO_TRAIN_GT_CONTROLLED_HELDOUT,policy_heldout,D2_RISK_AWARE,frozen_MLP,1029,main,8,0.75,16,16,0,0,0,0,0,0,0,0,0,0,0,9
TAO_TRAIN_GT_CONTROLLED_HELDOUT,policy_heldout,D2_RISK_AWARE,frozen_MLP,1029,main,16,0.75,16,16,0,0,0,0,0,0,0,0,0,0,0,9
TAO_TRAIN_GT_CONTROLLED_HELDOUT,policy_heldout,D2_RISK_AWARE,frozen_MLP,1029,seed1027,1,0.75,16,16,0,0,0,0,0,0,0,0,0,0,0,7
TAO_TRAIN_GT_CONTROLLED_HELDOUT,policy_heldout,D2_RISK_AWARE,frozen_MLP,1029,seed1027,2,0.75,16,16,0,0,0,0,0,0,0,0,0,0,0,7
TAO_TRAIN_GT_CONTROLLED_HELDOUT,policy_heldout,D2_RISK_AWARE,frozen_MLP,1029,seed1027,4,0.75,16,16,0,0,0,0,0,0,0,0,0,0,0,7
TAO_TRAIN_GT_CONTROLLED_HELDOUT,policy_heldout,D2_RISK_AWARE,frozen_MLP,1029,seed1027,8,0.75,16,16,0,0,0,0,0,0,0,0,0,0,0,7
TAO_TRAIN_GT_CONTROLLED_HELDOUT,policy_heldout,D2_RISK_AWARE,frozen_MLP,1029,seed1027,16,0.75,16,16,0,0,0,0,0,0,0,0,0,0,0,7
TAO_TRAIN_GT_CONTROLLED_HELDOUT,policy_heldout,D2_RISK_AWARE,frozen_MLP,1029,seed1028,1,0.75,16,16,0,0,0,0,0,0,0,0,0,0,0,7
TAO_TRAIN_GT_CONTROLLED_HELDOUT,policy_heldout,D2_RISK_AWARE,frozen_MLP,1029,seed1028,2,0.75,16,16,0,0,0,0,0,0,0,0,0,0,0,7
TAO_TRAIN_GT_CONTROLLED_HELDOUT,policy_heldout,D2_RISK_AWARE,frozen_MLP,1029,seed1028,4,0.75,16,16,0,0,0,0,0,0,0,0,0,0,0,7
TAO_TRAIN_GT_CONTROLLED_HELDOUT,policy_heldout,D2_RISK_AWARE,frozen_MLP,1029,seed1028,8,0.75,16,16,0,0,0,0,0,0,0,0,0,0,0,7
TAO_TRAIN_GT_CONTROLLED_HELDOUT,policy_heldout,D2_RISK_AWARE,frozen_MLP,1029,seed1028,16,0.75,16,16,0,0,0,0,0,0,0,0,0,0,0,7
TAO_TRAIN_GT_CONTROLLED_HELDOUT,policy_heldout,D2_RISK_AWARE,frozen_MLP,1029,seed1029,1,0.75,16,16,0,0,0,0,0,0,0,0,0,0,0,9
TAO_TRAIN_GT_CONTROLLED_HELDOUT,policy_heldout,D2_RISK_AWARE,frozen_MLP,1029,seed1029,2,0.75,16,16,0,0,0,0,0,0,0,0,0,0,0,9
TAO_TRAIN_GT_CONTROLLED_HELDOUT,policy_heldout,D2_RISK_AWARE,frozen_MLP,1029,seed1029,4,0.75,16,16,0,0,0,0,0,0,0,0,0,0,0,9
TAO_TRAIN_GT_CONTROLLED_HELDOUT,policy_heldout,D2_RISK_AWARE,frozen_MLP,1029,seed1029,8,0.75,16,16,0,0,0,0,0,0,0,0,0,0,0,9
TAO_TRAIN_GT_CONTROLLED_HELDOUT,policy_heldout,D2_RISK_AWARE,frozen_MLP,1029,seed1029,16,0.75,16,16,0,0,0,0,0,0,0,0,0,0,0,9
TAO_TRAIN_GT_CONTROLLED_HELDOUT,policy_heldout,D2_RISK_AWARE,frozen_MLP,1029,main,1,1.0,16,16,0,0,0,0,0,0,0,0,0,0,0,9
TAO_TRAIN_GT_CONTROLLED_HELDOUT,policy_heldout,D2_RISK_AWARE,frozen_MLP,1029,main,2,1.0,16,16,0,0,0,0,0,0,0,0,0,0,0,9
TAO_TRAIN_GT_CONTROLLED_HELDOUT,policy_heldout,D2_RISK_AWARE,frozen_MLP,1029,main,4,1.0,16,16,0,0,0,0,0,0,0,0,0,0,0,9
TAO_TRAIN_GT_CONTROLLED_HELDOUT,policy_heldout,D2_RISK_AWARE,frozen_MLP,1029,main,8,1.0,16,16,0,0,0,0,0,0,0,0,0,0,0,9
TAO_TRAIN_GT_CONTROLLED_HELDOUT,policy_heldout,D2_RISK_AWARE,frozen_MLP,1029,main,16,1.0,16,16,0,0,0,0,0,0,0,0,0,0,0,9
TAO_TRAIN_GT_CONTROLLED_HELDOUT,policy_heldout,D2_RISK_AWARE,frozen_MLP,1029,seed1027,1,1.0,16,16,0,0,0,0,0,0,0,0,0,0,0,7
TAO_TRAIN_GT_CONTROLLED_HELDOUT,policy_heldout,D2_RISK_AWARE,frozen_MLP,1029,seed1027,2,1.0,16,16,0,0,0,0,0,0,0,0,0,0,0,7
TAO_TRAIN_GT_CONTROLLED_HELDOUT,policy_heldout,D2_RISK_AWARE,frozen_MLP,1029,seed1027,4,1.0,16,16,0,0,0,0,0,0,0,0,0,0,0,7
TAO_TRAIN_GT_CONTROLLED_HELDOUT,policy_heldout,D2_RISK_AWARE,frozen_MLP,1029,seed1027,8,1.0,16,16,0,0,0,0,0,0,0,0,0,0,0,7
TAO_TRAIN_GT_CONTROLLED_HELDOUT,policy_heldout,D2_RISK_AWARE,frozen_MLP,1029,seed1027,16,1.0,16,16,0,0,0,0,0,0,0,0,0,0,0,7
TAO_TRAIN_GT_CONTROLLED_HELDOUT,policy_heldout,D2_RISK_AWARE,frozen_MLP,1029,seed1028,1,1.0,16,16,0,0,0,0,0,0,0,0,0,0,0,7
TAO_TRAIN_GT_CONTROLLED_HELDOUT,policy_heldout,D2_RISK_AWARE,frozen_MLP,1029,seed1028,2,1.0,16,16,0,0,0,0,0,0,0,0,0,0,0,7
TAO_TRAIN_GT_CONTROLLED_HELDOUT,policy_heldout,D2_RISK_AWARE,frozen_MLP,1029,seed1028,4,1.0,16,16,0,0,0,0,0,0,0,0,0,0,0,7
TAO_TRAIN_GT_CONTROLLED_HELDOUT,policy_heldout,D2_RISK_AWARE,frozen_MLP,1029,seed1028,8,1.0,16,16,0,0,0,0,0,0,0,0,0,0,0,7
TAO_TRAIN_GT_CONTROLLED_HELDOUT,policy_heldout,D2_RISK_AWARE,frozen_MLP,1029,seed1028,16,1.0,16,16,0,0,0,0,0,0,0,0,0,0,0,7
TAO_TRAIN_GT_CONTROLLED_HELDOUT,policy_heldout,D2_RISK_AWARE,frozen_MLP,1029,seed1029,1,1.0,16,16,0,0,0,0,0,0,0,0,0,0,0,9
TAO_TRAIN_GT_CONTROLLED_HELDOUT,policy_heldout,D2_RISK_AWARE,frozen_MLP,1029,seed1029,2,1.0,16,16,0,0,0,0,0,0,0,0,0,0,0,9
TAO_TRAIN_GT_CONTROLLED_HELDOUT,policy_heldout,D2_RISK_AWARE,frozen_MLP,1029,seed1029,4,1.0,16,16,0,0,0,0,0,0,0,0,0,0,0,9
TAO_TRAIN_GT_CONTROLLED_HELDOUT,policy_heldout,D2_RISK_AWARE,frozen_MLP,1029,seed1029,8,1.0,16,16,0,0,0,0,0,0,0,0,0,0,0,9
TAO_TRAIN_GT_CONTROLLED_HELDOUT,policy_heldout,D2_RISK_AWARE,frozen_MLP,1029,seed1029,16,1.0,16,16,0,0,0,0,0,0,0,0,0,0,0,9
TAO_TRAIN_GT_CONTROLLED_HELDOUT,policy_heldout,WITHOUT_ADAPTER,frozen_MLP,1029,main,1,0.5,16,16,0,0,0,0,0,0,0,0,0,0,0,9
TAO_TRAIN_GT_CONTROLLED_HELDOUT,policy_heldout,WITHOUT_ADAPTER,frozen_MLP,1029,main,2,0.5,0,16,200,1,9,0,0,0,0,0,0,0,0,0
TAO_TRAIN_GT_CONTROLLED_HELDOUT,policy_heldout,WITHOUT_ADAPTER,frozen_MLP,1029,main,4,0.5,0,16,216,1,9,0,0,0,0,0,0,0,0,0
TAO_TRAIN_GT_CONTROLLED_HELDOUT,policy_heldout,WITHOUT_ADAPTER,frozen_MLP,1029,main,8,0.5,0,16,216,1,9,0,0,0,0,0,0,0,0,0
TAO_TRAIN_GT_CONTROLLED_HELDOUT,policy_heldout,WITHOUT_ADAPTER,frozen_MLP,1029,main,16,0.5,0,16,219,1,9,0,0,0,0,0,0,0,0,0
TAO_TRAIN_GT_CONTROLLED_HELDOUT,policy_heldout,WITHOUT_ADAPTER,frozen_MLP,1029,seed1027,1,0.5,16,16,0,0,0,0,0,0,0,0,0,0,0,7
TAO_TRAIN_GT_CONTROLLED_HELDOUT,policy_heldout,WITHOUT_ADAPTER,frozen_MLP,1029,seed1027,2,0.5,1,16,194,1,7,0,0,0,0,0,0,0,0,0
TAO_TRAIN_GT_CONTROLLED_HELDOUT,policy_heldout,WITHOUT_ADAPTER,frozen_MLP,1029,seed1027,4,0.5,0,16,218,1,7,0,0,0,0,0,0,0,0,0
TAO_TRAIN_GT_CONTROLLED_HELDOUT,policy_heldout,WITHOUT_ADAPTER,frozen_MLP,1029,seed1027,8,0.5,0,16,218,1,7,0,0,0,0,0,0,0,0,0
TAO_TRAIN_GT_CONTROLLED_HELDOUT,policy_heldout,WITHOUT_ADAPTER,frozen_MLP,1029,seed1027,16,0.5,0,16,216,1,7,0,0,0,0,0,0,0,0,0
TAO_TRAIN_GT_CONTROLLED_HELDOUT,policy_heldout,WITHOUT_ADAPTER,frozen_MLP,1029,seed1028,1,0.5,16,16,0,0,0,0,0,0,0,0,0,0,0,7
TAO_TRAIN_GT_CONTROLLED_HELDOUT,policy_heldout,WITHOUT_ADAPTER,frozen_MLP,1029,seed1028,2,0.5,0,16,204,1,7,0,0,0,0,0,0,0,0,0
TAO_TRAIN_GT_CONTROLLED_HELDOUT,policy_heldout,WITHOUT_ADAPTER,frozen_MLP,1029,seed1028,4,0.5,0,16,219,1,7,0,0,0,0,0,0,0,0,0
TAO_TRAIN_GT_CONTROLLED_HELDOUT,policy_heldout,WITHOUT_ADAPTER,frozen_MLP,1029,seed1028,8,0.5,0,16,219,1,7,0,0,0,0,0,0,0,0,0
TAO_TRAIN_GT_CONTROLLED_HELDOUT,policy_heldout,WITHOUT_ADAPTER,frozen_MLP,1029,seed1028,16,0.5,0,16,219,1,7,0,0,0,0,0,0,0,0,0
TAO_TRAIN_GT_CONTROLLED_HELDOUT,policy_heldout,WITHOUT_ADAPTER,frozen_MLP,1029,seed1029,1,0.5,16,16,0,0,0,0,0,0,0,0,0,0,0,9
TAO_TRAIN_GT_CONTROLLED_HELDOUT,policy_heldout,WITHOUT_ADAPTER,frozen_MLP,1029,seed1029,2,0.5,0,16,219,1,9,0,0,0,0,0,0,0,0,0
TAO_TRAIN_GT_CONTROLLED_HELDOUT,policy_heldout,WITHOUT_ADAPTER,frozen_MLP,1029,seed1029,4,0.5,0,16,219,1,9,0,0,0,0,0,0,0,0,0
TAO_TRAIN_GT_CONTROLLED_HELDOUT,policy_heldout,WITHOUT_ADAPTER,frozen_MLP,1029,seed1029,8,0.5,0,16,219,1,9,0,0,0,0,0,0,0,0,0
TAO_TRAIN_GT_CONTROLLED_HELDOUT,policy_heldout,WITHOUT_ADAPTER,frozen_MLP,1029,seed1029,16,0.5,0,16,220,1,9,0,0,0,0,0,0,0,0,0
TAO_TRAIN_GT_CONTROLLED_HELDOUT,policy_heldout,WITHOUT_ADAPTER,frozen_MLP,1029,main,1,0.75,16,16,0,0,0,0,0,0,0,0,0,0,0,9
TAO_TRAIN_GT_CONTROLLED_HELDOUT,policy_heldout,WITHOUT_ADAPTER,frozen_MLP,1029,main,2,0.75,0,16,200,1,9,0,0,0,0,0,0,0,0,0
TAO_TRAIN_GT_CONTROLLED_HELDOUT,policy_heldout,WITHOUT_ADAPTER,frozen_MLP,1029,main,4,0.75,0,16,216,1,9,0,0,0,0,0,0,0,0,0
TAO_TRAIN_GT_CONTROLLED_HELDOUT,policy_heldout,WITHOUT_ADAPTER,frozen_MLP,1029,main,8,0.75,0,16,216,1,9,0,0,0,0,0,0,0,0,0
TAO_TRAIN_GT_CONTROLLED_HELDOUT,policy_heldout,WITHOUT_ADAPTER,frozen_MLP,1029,main,16,0.75,0,16,219,1,9,0,0,0,0,0,0,0,0,0
TAO_TRAIN_GT_CONTROLLED_HELDOUT,policy_heldout,WITHOUT_ADAPTER,frozen_MLP,1029,seed1027,1,0.75,16,16,0,0,0,0,0,0,0,0,0,0,0,7
TAO_TRAIN_GT_CONTROLLED_HELDOUT,policy_heldout,WITHOUT_ADAPTER,frozen_MLP,1029,seed1027,2,0.75,1,16,194,1,7,0,0,0,0,0,0,0,0,0
TAO_TRAIN_GT_CONTROLLED_HELDOUT,policy_heldout,WITHOUT_ADAPTER,frozen_MLP,1029,seed1027,4,0.75,0,16,218,1,7,0,0,0,0,0,0,0,0,0
TAO_TRAIN_GT_CONTROLLED_HELDOUT,policy_heldout,WITHOUT_ADAPTER,frozen_MLP,1029,seed1027,8,0.75,0,16,218,1,7,0,0,0,0,0,0,0,0,0
TAO_TRAIN_GT_CONTROLLED_HELDOUT,policy_heldout,WITHOUT_ADAPTER,frozen_MLP,1029,seed1027,16,0.75,0,16,216,1,7,0,0,0,0,0,0,0,0,0
TAO_TRAIN_GT_CONTROLLED_HELDOUT,policy_heldout,WITHOUT_ADAPTER,frozen_MLP,1029,seed1028,1,0.75,16,16,0,0,0,0,0,0,0,0,0,0,0,7
TAO_TRAIN_GT_CONTROLLED_HELDOUT,policy_heldout,WITHOUT_ADAPTER,frozen_MLP,1029,seed1028,2,0.75,0,16,204,1,7,0,0,0,0,0,0,0,0,0
TAO_TRAIN_GT_CONTROLLED_HELDOUT,policy_heldout,WITHOUT_ADAPTER,frozen_MLP,1029,seed1028,4,0.75,0,16,219,1,7,0,0,0,0,0,0,0,0,0
TAO_TRAIN_GT_CONTROLLED_HELDOUT,policy_heldout,WITHOUT_ADAPTER,frozen_MLP,1029,seed1028,8,0.75,0,16,219,1,7,0,0,0,0,0,0,0,0,0
TAO_TRAIN_GT_CONTROLLED_HELDOUT,policy_heldout,WITHOUT_ADAPTER,frozen_MLP,1029,seed1028,16,0.75,0,16,219,1,7,0,0,0,0,0,0,0,0,0
TAO_TRAIN_GT_CONTROLLED_HELDOUT,policy_heldout,WITHOUT_ADAPTER,frozen_MLP,1029,seed1029,1,0.75,16,16,0,0,0,0,0,0,0,0,0,0,0,9
TAO_TRAIN_GT_CONTROLLED_HELDOUT,policy_heldout,WITHOUT_ADAPTER,frozen_MLP,1029,seed1029,2,0.75,0,16,219,1,9,0,0,0,0,0,0,0,0,0
TAO_TRAIN_GT_CONTROLLED_HELDOUT,policy_heldout,WITHOUT_ADAPTER,frozen_MLP,1029,seed1029,4,0.75,0,16,219,1,9,0,0,0,0,0,0,0,0,0
TAO_TRAIN_GT_CONTROLLED_HELDOUT,policy_heldout,WITHOUT_ADAPTER,frozen_MLP,1029,seed1029,8,0.75,0,16,219,1,9,0,0,0,0,0,0,0,0,0
TAO_TRAIN_GT_CONTROLLED_HELDOUT,policy_heldout,WITHOUT_ADAPTER,frozen_MLP,1029,seed1029,16,0.75,0,16,220,1,9,0,0,0,0,0,0,0,0,0
TAO_TRAIN_GT_CONTROLLED_HELDOUT,policy_heldout,WITHOUT_ADAPTER,frozen_MLP,1029,main,1,1.0,16,16,0,0,0,0,0,0,0,0,0,0,0,9
TAO_TRAIN_GT_CONTROLLED_HELDOUT,policy_heldout,WITHOUT_ADAPTER,frozen_MLP,1029,main,2,1.0,0,16,200,1,9,0,0,0,0,0,0,0,0,0
TAO_TRAIN_GT_CONTROLLED_HELDOUT,policy_heldout,WITHOUT_ADAPTER,frozen_MLP,1029,main,4,1.0,0,16,216,1,9,0,0,0,0,0,0,0,0,0
TAO_TRAIN_GT_CONTROLLED_HELDOUT,policy_heldout,WITHOUT_ADAPTER,frozen_MLP,1029,main,8,1.0,0,16,216,1,9,0,0,0,0,0,0,0,0,0
TAO_TRAIN_GT_CONTROLLED_HELDOUT,policy_heldout,WITHOUT_ADAPTER,frozen_MLP,1029,main,16,1.0,0,16,219,1,9,0,0,0,0,0,0,0,0,0
TAO_TRAIN_GT_CONTROLLED_HELDOUT,policy_heldout,WITHOUT_ADAPTER,frozen_MLP,1029,seed1027,1,1.0,16,16,0,0,0,0,0,0,0,0,0,0,0,7
TAO_TRAIN_GT_CONTROLLED_HELDOUT,policy_heldout,WITHOUT_ADAPTER,frozen_MLP,1029,seed1027,2,1.0,1,16,194,1,7,0,0,0,0,0,0,0,0,0
TAO_TRAIN_GT_CONTROLLED_HELDOUT,policy_heldout,WITHOUT_ADAPTER,frozen_MLP,1029,seed1027,4,1.0,0,16,218,1,7,0,0,0,0,0,0,0,0,0
TAO_TRAIN_GT_CONTROLLED_HELDOUT,policy_heldout,WITHOUT_ADAPTER,frozen_MLP,1029,seed1027,8,1.0,0,16,218,1,7,0,0,0,0,0,0,0,0,0
TAO_TRAIN_GT_CONTROLLED_HELDOUT,policy_heldout,WITHOUT_ADAPTER,frozen_MLP,1029,seed1027,16,1.0,0,16,216,1,7,0,0,0,0,0,0,0,0,0
TAO_TRAIN_GT_CONTROLLED_HELDOUT,policy_heldout,WITHOUT_ADAPTER,frozen_MLP,1029,seed1028,1,1.0,16,16,0,0,0,0,0,0,0,0,0,0,0,7
TAO_TRAIN_GT_CONTROLLED_HELDOUT,policy_heldout,WITHOUT_ADAPTER,frozen_MLP,1029,seed1028,2,1.0,0,16,204,1,7,0,0,0,0,0,0,0,0,0
TAO_TRAIN_GT_CONTROLLED_HELDOUT,policy_heldout,WITHOUT_ADAPTER,frozen_MLP,1029,seed1028,4,1.0,0,16,219,1,7,0,0,0,0,0,0,0,0,0
TAO_TRAIN_GT_CONTROLLED_HELDOUT,policy_heldout,WITHOUT_ADAPTER,frozen_MLP,1029,seed1028,8,1.0,0,16,219,1,7,0,0,0,0,0,0,0,0,0
TAO_TRAIN_GT_CONTROLLED_HELDOUT,policy_heldout,WITHOUT_ADAPTER,frozen_MLP,1029,seed1028,16,1.0,0,16,219,1,7,0,0,0,0,0,0,0,0,0
TAO_TRAIN_GT_CONTROLLED_HELDOUT,policy_heldout,WITHOUT_ADAPTER,frozen_MLP,1029,seed1029,1,1.0,16,16,0,0,0,0,0,0,0,0,0,0,0,9
TAO_TRAIN_GT_CONTROLLED_HELDOUT,policy_heldout,WITHOUT_ADAPTER,frozen_MLP,1029,seed1029,2,1.0,0,16,219,1,9,0,0,0,0,0,0,0,0,0
TAO_TRAIN_GT_CONTROLLED_HELDOUT,policy_heldout,WITHOUT_ADAPTER,frozen_MLP,1029,seed1029,4,1.0,0,16,219,1,9,0,0,0,0,0,0,0,0,0
TAO_TRAIN_GT_CONTROLLED_HELDOUT,policy_heldout,WITHOUT_ADAPTER,frozen_MLP,1029,seed1029,8,1.0,0,16,219,1,9,0,0,0,0,0,0,0,0,0
TAO_TRAIN_GT_CONTROLLED_HELDOUT,policy_heldout,WITHOUT_ADAPTER,frozen_MLP,1029,seed1029,16,1.0,0,16,220,1,9,0,0,0,0,0,0,0,0,0
TAO_TRAIN_GT_CONTROLLED_HELDOUT,policy_heldout,WITHOUT_TEMPORAL,frozen_MLP,1029,main,1,0.5,16,16,0,0,0,0,0,0,0,0,0,0,0,9
TAO_TRAIN_GT_CONTROLLED_HELDOUT,policy_heldout,WITHOUT_TEMPORAL,frozen_MLP,1029,main,2,0.5,16,16,0,0,0,0,0,0,0,0,0,0,0,9
TAO_TRAIN_GT_CONTROLLED_HELDOUT,policy_heldout,WITHOUT_TEMPORAL,frozen_MLP,1029,main,4,0.5,16,16,0,0,0,0,0,0,0,0,0,0,0,9
TAO_TRAIN_GT_CONTROLLED_HELDOUT,policy_heldout,WITHOUT_TEMPORAL,frozen_MLP,1029,main,8,0.5,16,16,0,0,0,0,0,0,0,0,0,0,0,9
TAO_TRAIN_GT_CONTROLLED_HELDOUT,policy_heldout,WITHOUT_TEMPORAL,frozen_MLP,1029,main,16,0.5,16,16,0,0,0,0,0,0,0,0,0,0,0,9
TAO_TRAIN_GT_CONTROLLED_HELDOUT,policy_heldout,WITHOUT_TEMPORAL,frozen_MLP,1029,seed1027,1,0.5,16,16,0,0,0,0,0,0,0,0,0,0,0,7
TAO_TRAIN_GT_CONTROLLED_HELDOUT,policy_heldout,WITHOUT_TEMPORAL,frozen_MLP,1029,seed1027,2,0.5,16,16,0,0,0,0,0,0,0,0,0,0,0,7
TAO_TRAIN_GT_CONTROLLED_HELDOUT,policy_heldout,WITHOUT_TEMPORAL,frozen_MLP,1029,seed1027,4,0.5,16,16,0,0,0,0,0,0,0,0,0,0,0,7
TAO_TRAIN_GT_CONTROLLED_HELDOUT,policy_heldout,WITHOUT_TEMPORAL,frozen_MLP,1029,seed1027,8,0.5,16,16,0,0,0,0,0,0,0,0,0,0,0,7
TAO_TRAIN_GT_CONTROLLED_HELDOUT,policy_heldout,WITHOUT_TEMPORAL,frozen_MLP,1029,seed1027,16,0.5,16,16,0,0,0,0,0,0,0,0,0,0,0,7
TAO_TRAIN_GT_CONTROLLED_HELDOUT,policy_heldout,WITHOUT_TEMPORAL,frozen_MLP,1029,seed1028,1,0.5,16,16,0,0,0,0,0,0,0,0,0,0,0,7
TAO_TRAIN_GT_CONTROLLED_HELDOUT,policy_heldout,WITHOUT_TEMPORAL,frozen_MLP,1029,seed1028,2,0.5,16,16,0,0,0,0,0,0,0,0,0,0,0,7
TAO_TRAIN_GT_CONTROLLED_HELDOUT,policy_heldout,WITHOUT_TEMPORAL,frozen_MLP,1029,seed1028,4,0.5,16,16,0,0,0,0,0,0,0,0,0,0,0,7
TAO_TRAIN_GT_CONTROLLED_HELDOUT,policy_heldout,WITHOUT_TEMPORAL,frozen_MLP,1029,seed1028,8,0.5,16,16,0,0,0,0,0,0,0,0,0,0,0,7
TAO_TRAIN_GT_CONTROLLED_HELDOUT,policy_heldout,WITHOUT_TEMPORAL,frozen_MLP,1029,seed1028,16,0.5,16,16,0,0,0,0,0,0,0,0,0,0,0,7
TAO_TRAIN_GT_CONTROLLED_HELDOUT,policy_heldout,WITHOUT_TEMPORAL,frozen_MLP,1029,seed1029,1,0.5,16,16,0,0,0,0,0,0,0,0,0,0,0,9
TAO_TRAIN_GT_CONTROLLED_HELDOUT,policy_heldout,WITHOUT_TEMPORAL,frozen_MLP,1029,seed1029,2,0.5,16,16,0,0,0,0,0,0,0,0,0,0,0,9
TAO_TRAIN_GT_CONTROLLED_HELDOUT,policy_heldout,WITHOUT_TEMPORAL,frozen_MLP,1029,seed1029,4,0.5,16,16,0,0,0,0,0,0,0,0,0,0,0,9
TAO_TRAIN_GT_CONTROLLED_HELDOUT,policy_heldout,WITHOUT_TEMPORAL,frozen_MLP,1029,seed1029,8,0.5,16,16,0,0,0,0,0,0,0,0,0,0,0,9
TAO_TRAIN_GT_CONTROLLED_HELDOUT,policy_heldout,WITHOUT_TEMPORAL,frozen_MLP,1029,seed1029,16,0.5,16,16,0,0,0,0,0,0,0,0,0,0,0,9
TAO_TRAIN_GT_CONTROLLED_HELDOUT,policy_heldout,WITHOUT_TEMPORAL,frozen_MLP,1029,main,1,0.75,16,16,0,0,0,0,0,0,0,0,0,0,0,9
TAO_TRAIN_GT_CONTROLLED_HELDOUT,policy_heldout,WITHOUT_TEMPORAL,frozen_MLP,1029,main,2,0.75,16,16,0,0,0,0,0,0,0,0,0,0,0,9
TAO_TRAIN_GT_CONTROLLED_HELDOUT,policy_heldout,WITHOUT_TEMPORAL,frozen_MLP,1029,main,4,0.75,16,16,0,0,0,0,0,0,0,0,0,0,0,9
TAO_TRAIN_GT_CONTROLLED_HELDOUT,policy_heldout,WITHOUT_TEMPORAL,frozen_MLP,1029,main,8,0.75,16,16,0,0,0,0,0,0,0,0,0,0,0,9
TAO_TRAIN_GT_CONTROLLED_HELDOUT,policy_heldout,WITHOUT_TEMPORAL,frozen_MLP,1029,main,16,0.75,16,16,0,0,0,0,0,0,0,0,0,0,0,9
TAO_TRAIN_GT_CONTROLLED_HELDOUT,policy_heldout,WITHOUT_TEMPORAL,frozen_MLP,1029,seed1027,1,0.75,16,16,0,0,0,0,0,0,0,0,0,0,0,7
TAO_TRAIN_GT_CONTROLLED_HELDOUT,policy_heldout,WITHOUT_TEMPORAL,frozen_MLP,1029,seed1027,2,0.75,16,16,0,0,0,0,0,0,0,0,0,0,0,7
TAO_TRAIN_GT_CONTROLLED_HELDOUT,policy_heldout,WITHOUT_TEMPORAL,frozen_MLP,1029,seed1027,4,0.75,16,16,0,0,0,0,0,0,0,0,0,0,0,7
TAO_TRAIN_GT_CONTROLLED_HELDOUT,policy_heldout,WITHOUT_TEMPORAL,frozen_MLP,1029,seed1027,8,0.75,16,16,0,0,0,0,0,0,0,0,0,0,0,7
TAO_TRAIN_GT_CONTROLLED_HELDOUT,policy_heldout,WITHOUT_TEMPORAL,frozen_MLP,1029,seed1027,16,0.75,16,16,0,0,0,0,0,0,0,0,0,0,0,7
TAO_TRAIN_GT_CONTROLLED_HELDOUT,policy_heldout,WITHOUT_TEMPORAL,frozen_MLP,1029,seed1028,1,0.75,16,16,0,0,0,0,0,0,0,0,0,0,0,7
TAO_TRAIN_GT_CONTROLLED_HELDOUT,policy_heldout,WITHOUT_TEMPORAL,frozen_MLP,1029,seed1028,2,0.75,16,16,0,0,0,0,0,0,0,0,0,0,0,7
TAO_TRAIN_GT_CONTROLLED_HELDOUT,policy_heldout,WITHOUT_TEMPORAL,frozen_MLP,1029,seed1028,4,0.75,16,16,0,0,0,0,0,0,0,0,0,0,0,7
TAO_TRAIN_GT_CONTROLLED_HELDOUT,policy_heldout,WITHOUT_TEMPORAL,frozen_MLP,1029,seed1028,8,0.75,16,16,0,0,0,0,0,0,0,0,0,0,0,7
TAO_TRAIN_GT_CONTROLLED_HELDOUT,policy_heldout,WITHOUT_TEMPORAL,frozen_MLP,1029,seed1028,16,0.75,16,16,0,0,0,0,0,0,0,0,0,0,0,7
TAO_TRAIN_GT_CONTROLLED_HELDOUT,policy_heldout,WITHOUT_TEMPORAL,frozen_MLP,1029,seed1029,1,0.75,16,16,0,0,0,0,0,0,0,0,0,0,0,9
TAO_TRAIN_GT_CONTROLLED_HELDOUT,policy_heldout,WITHOUT_TEMPORAL,frozen_MLP,1029,seed1029,2,0.75,16,16,0,0,0,0,0,0,0,0,0,0,0,9
TAO_TRAIN_GT_CONTROLLED_HELDOUT,policy_heldout,WITHOUT_TEMPORAL,frozen_MLP,1029,seed1029,4,0.75,16,16,0,0,0,0,0,0,0,0,0,0,0,9
TAO_TRAIN_GT_CONTROLLED_HELDOUT,policy_heldout,WITHOUT_TEMPORAL,frozen_MLP,1029,seed1029,8,0.75,16,16,0,0,0,0,0,0,0,0,0,0,0,9
TAO_TRAIN_GT_CONTROLLED_HELDOUT,policy_heldout,WITHOUT_TEMPORAL,frozen_MLP,1029,seed1029,16,0.75,16,16,0,0,0,0,0,0,0,0,0,0,0,9
TAO_TRAIN_GT_CONTROLLED_HELDOUT,policy_heldout,WITHOUT_TEMPORAL,frozen_MLP,1029,main,1,1.0,16,16,0,0,0,0,0,0,0,0,0,0,0,9
TAO_TRAIN_GT_CONTROLLED_HELDOUT,policy_heldout,WITHOUT_TEMPORAL,frozen_MLP,1029,main,2,1.0,16,16,0,0,0,0,0,0,0,0,0,0,0,9
TAO_TRAIN_GT_CONTROLLED_HELDOUT,policy_heldout,WITHOUT_TEMPORAL,frozen_MLP,1029,main,4,1.0,16,16,0,0,0,0,0,0,0,0,0,0,0,9
TAO_TRAIN_GT_CONTROLLED_HELDOUT,policy_heldout,WITHOUT_TEMPORAL,frozen_MLP,1029,main,8,1.0,16,16,0,0,0,0,0,0,0,0,0,0,0,9
TAO_TRAIN_GT_CONTROLLED_HELDOUT,policy_heldout,WITHOUT_TEMPORAL,frozen_MLP,1029,main,16,1.0,16,16,0,0,0,0,0,0,0,0,0,0,0,9
TAO_TRAIN_GT_CONTROLLED_HELDOUT,policy_heldout,WITHOUT_TEMPORAL,frozen_MLP,1029,seed1027,1,1.0,16,16,0,0,0,0,0,0,0,0,0,0,0,7
TAO_TRAIN_GT_CONTROLLED_HELDOUT,policy_heldout,WITHOUT_TEMPORAL,frozen_MLP,1029,seed1027,2,1.0,16,16,0,0,0,0,0,0,0,0,0,0,0,7
TAO_TRAIN_GT_CONTROLLED_HELDOUT,policy_heldout,WITHOUT_TEMPORAL,frozen_MLP,1029,seed1027,4,1.0,16,16,0,0,0,0,0,0,0,0,0,0,0,7
TAO_TRAIN_GT_CONTROLLED_HELDOUT,policy_heldout,WITHOUT_TEMPORAL,frozen_MLP,1029,seed1027,8,1.0,16,16,0,0,0,0,0,0,0,0,0,0,0,7
TAO_TRAIN_GT_CONTROLLED_HELDOUT,policy_heldout,WITHOUT_TEMPORAL,frozen_MLP,1029,seed1027,16,1.0,16,16,0,0,0,0,0,0,0,0,0,0,0,7
TAO_TRAIN_GT_CONTROLLED_HELDOUT,policy_heldout,WITHOUT_TEMPORAL,frozen_MLP,1029,seed1028,1,1.0,16,16,0,0,0,0,0,0,0,0,0,0,0,7
TAO_TRAIN_GT_CONTROLLED_HELDOUT,policy_heldout,WITHOUT_TEMPORAL,frozen_MLP,1029,seed1028,2,1.0,16,16,0,0,0,0,0,0,0,0,0,0,0,7
TAO_TRAIN_GT_CONTROLLED_HELDOUT,policy_heldout,WITHOUT_TEMPORAL,frozen_MLP,1029,seed1028,4,1.0,16,16,0,0,0,0,0,0,0,0,0,0,0,7
TAO_TRAIN_GT_CONTROLLED_HELDOUT,policy_heldout,WITHOUT_TEMPORAL,frozen_MLP,1029,seed1028,8,1.0,16,16,0,0,0,0,0,0,0,0,0,0,0,7
TAO_TRAIN_GT_CONTROLLED_HELDOUT,policy_heldout,WITHOUT_TEMPORAL,frozen_MLP,1029,seed1028,16,1.0,16,16,0,0,0,0,0,0,0,0,0,0,0,7
TAO_TRAIN_GT_CONTROLLED_HELDOUT,policy_heldout,WITHOUT_TEMPORAL,frozen_MLP,1029,seed1029,1,1.0,16,16,0,0,0,0,0,0,0,0,0,0,0,9
TAO_TRAIN_GT_CONTROLLED_HELDOUT,policy_heldout,WITHOUT_TEMPORAL,frozen_MLP,1029,seed1029,2,1.0,16,16,0,0,0,0,0,0,0,0,0,0,0,9
TAO_TRAIN_GT_CONTROLLED_HELDOUT,policy_heldout,WITHOUT_TEMPORAL,frozen_MLP,1029,seed1029,4,1.0,16,16,0,0,0,0,0,0,0,0,0,0,0,9
TAO_TRAIN_GT_CONTROLLED_HELDOUT,policy_heldout,WITHOUT_TEMPORAL,frozen_MLP,1029,seed1029,8,1.0,16,16,0,0,0,0,0,0,0,0,0,0,0,9
TAO_TRAIN_GT_CONTROLLED_HELDOUT,policy_heldout,WITHOUT_TEMPORAL,frozen_MLP,1029,seed1029,16,1.0,16,16,0,0,0,0,0,0,0,0,0,0,0,9
TAO_TRAIN_GT_CONTROLLED_HELDOUT,policy_heldout,WITHOUT_RELIABILITY,frozen_MLP,1029,main,1,0.5,16,16,0,0,0,0,0,0,0,0,0,0,0,9
TAO_TRAIN_GT_CONTROLLED_HELDOUT,policy_heldout,WITHOUT_RELIABILITY,frozen_MLP,1029,main,2,0.5,16,16,0,0,0,0,0,0,0,0,0,0,0,9
TAO_TRAIN_GT_CONTROLLED_HELDOUT,policy_heldout,WITHOUT_RELIABILITY,frozen_MLP,1029,main,4,0.5,16,16,0,0,0,0,0,0,0,0,0,0,0,9
TAO_TRAIN_GT_CONTROLLED_HELDOUT,policy_heldout,WITHOUT_RELIABILITY,frozen_MLP,1029,main,8,0.5,16,16,0,0,0,0,0,0,0,0,0,0,0,9
TAO_TRAIN_GT_CONTROLLED_HELDOUT,policy_heldout,WITHOUT_RELIABILITY,frozen_MLP,1029,main,16,0.5,16,16,0,0,0,0,0,0,0,0,0,0,0,9
TAO_TRAIN_GT_CONTROLLED_HELDOUT,policy_heldout,WITHOUT_RELIABILITY,frozen_MLP,1029,seed1027,1,0.5,16,16,0,0,0,0,0,0,0,0,0,0,0,7
TAO_TRAIN_GT_CONTROLLED_HELDOUT,policy_heldout,WITHOUT_RELIABILITY,frozen_MLP,1029,seed1027,2,0.5,16,16,0,0,0,0,0,0,0,0,0,0,0,7
TAO_TRAIN_GT_CONTROLLED_HELDOUT,policy_heldout,WITHOUT_RELIABILITY,frozen_MLP,1029,seed1027,4,0.5,16,16,0,0,0,0,0,0,0,0,0,0,0,7
TAO_TRAIN_GT_CONTROLLED_HELDOUT,policy_heldout,WITHOUT_RELIABILITY,frozen_MLP,1029,seed1027,8,0.5,16,16,0,0,0,0,0,0,0,0,0,0,0,7
TAO_TRAIN_GT_CONTROLLED_HELDOUT,policy_heldout,WITHOUT_RELIABILITY,frozen_MLP,1029,seed1027,16,0.5,16,16,0,0,0,0,0,0,0,0,0,0,0,7
TAO_TRAIN_GT_CONTROLLED_HELDOUT,policy_heldout,WITHOUT_RELIABILITY,frozen_MLP,1029,seed1028,1,0.5,16,16,0,0,0,0,0,0,0,0,0,0,0,7
TAO_TRAIN_GT_CONTROLLED_HELDOUT,policy_heldout,WITHOUT_RELIABILITY,frozen_MLP,1029,seed1028,2,0.5,16,16,0,0,0,0,0,0,0,0,0,0,0,7
TAO_TRAIN_GT_CONTROLLED_HELDOUT,policy_heldout,WITHOUT_RELIABILITY,frozen_MLP,1029,seed1028,4,0.5,16,16,0,0,0,0,0,0,0,0,0,0,0,7
TAO_TRAIN_GT_CONTROLLED_HELDOUT,policy_heldout,WITHOUT_RELIABILITY,frozen_MLP,1029,seed1028,8,0.5,16,16,0,0,0,0,0,0,0,0,0,0,0,7
TAO_TRAIN_GT_CONTROLLED_HELDOUT,policy_heldout,WITHOUT_RELIABILITY,frozen_MLP,1029,seed1028,16,0.5,16,16,0,0,0,0,0,0,0,0,0,0,0,7
TAO_TRAIN_GT_CONTROLLED_HELDOUT,policy_heldout,WITHOUT_RELIABILITY,frozen_MLP,1029,seed1029,1,0.5,16,16,0,0,0,0,0,0,0,0,0,0,0,9
TAO_TRAIN_GT_CONTROLLED_HELDOUT,policy_heldout,WITHOUT_RELIABILITY,frozen_MLP,1029,seed1029,2,0.5,16,16,0,0,0,0,0,0,0,0,0,0,0,9
TAO_TRAIN_GT_CONTROLLED_HELDOUT,policy_heldout,WITHOUT_RELIABILITY,frozen_MLP,1029,seed1029,4,0.5,16,16,0,0,0,0,0,0,0,0,0,0,0,9
TAO_TRAIN_GT_CONTROLLED_HELDOUT,policy_heldout,WITHOUT_RELIABILITY,frozen_MLP,1029,seed1029,8,0.5,16,16,0,0,0,0,0,0,0,0,0,0,0,9
TAO_TRAIN_GT_CONTROLLED_HELDOUT,policy_heldout,WITHOUT_RELIABILITY,frozen_MLP,1029,seed1029,16,0.5,16,16,0,0,0,0,0,0,0,0,0,0,0,9
TAO_TRAIN_GT_CONTROLLED_HELDOUT,policy_heldout,WITHOUT_RELIABILITY,frozen_MLP,1029,main,1,0.75,16,16,0,0,0,0,0,0,0,0,0,0,0,9
TAO_TRAIN_GT_CONTROLLED_HELDOUT,policy_heldout,WITHOUT_RELIABILITY,frozen_MLP,1029,main,2,0.75,16,16,0,0,0,0,0,0,0,0,0,0,0,9
TAO_TRAIN_GT_CONTROLLED_HELDOUT,policy_heldout,WITHOUT_RELIABILITY,frozen_MLP,1029,main,4,0.75,16,16,0,0,0,0,0,0,0,0,0,0,0,9
TAO_TRAIN_GT_CONTROLLED_HELDOUT,policy_heldout,WITHOUT_RELIABILITY,frozen_MLP,1029,main,8,0.75,16,16,0,0,0,0,0,0,0,0,0,0,0,9
TAO_TRAIN_GT_CONTROLLED_HELDOUT,policy_heldout,WITHOUT_RELIABILITY,frozen_MLP,1029,main,16,0.75,16,16,0,0,0,0,0,0,0,0,0,0,0,9
TAO_TRAIN_GT_CONTROLLED_HELDOUT,policy_heldout,WITHOUT_RELIABILITY,frozen_MLP,1029,seed1027,1,0.75,16,16,0,0,0,0,0,0,0,0,0,0,0,7
TAO_TRAIN_GT_CONTROLLED_HELDOUT,policy_heldout,WITHOUT_RELIABILITY,frozen_MLP,1029,seed1027,2,0.75,16,16,0,0,0,0,0,0,0,0,0,0,0,7
TAO_TRAIN_GT_CONTROLLED_HELDOUT,policy_heldout,WITHOUT_RELIABILITY,frozen_MLP,1029,seed1027,4,0.75,16,16,0,0,0,0,0,0,0,0,0,0,0,7
TAO_TRAIN_GT_CONTROLLED_HELDOUT,policy_heldout,WITHOUT_RELIABILITY,frozen_MLP,1029,seed1027,8,0.75,16,16,0,0,0,0,0,0,0,0,0,0,0,7
TAO_TRAIN_GT_CONTROLLED_HELDOUT,policy_heldout,WITHOUT_RELIABILITY,frozen_MLP,1029,seed1027,16,0.75,16,16,0,0,0,0,0,0,0,0,0,0,0,7
TAO_TRAIN_GT_CONTROLLED_HELDOUT,policy_heldout,WITHOUT_RELIABILITY,frozen_MLP,1029,seed1028,1,0.75,16,16,0,0,0,0,0,0,0,0,0,0,0,7
TAO_TRAIN_GT_CONTROLLED_HELDOUT,policy_heldout,WITHOUT_RELIABILITY,frozen_MLP,1029,seed1028,2,0.75,16,16,0,0,0,0,0,0,0,0,0,0,0,7
TAO_TRAIN_GT_CONTROLLED_HELDOUT,policy_heldout,WITHOUT_RELIABILITY,frozen_MLP,1029,seed1028,4,0.75,16,16,0,0,0,0,0,0,0,0,0,0,0,7
TAO_TRAIN_GT_CONTROLLED_HELDOUT,policy_heldout,WITHOUT_RELIABILITY,frozen_MLP,1029,seed1028,8,0.75,16,16,0,0,0,0,0,0,0,0,0,0,0,7
TAO_TRAIN_GT_CONTROLLED_HELDOUT,policy_heldout,WITHOUT_RELIABILITY,frozen_MLP,1029,seed1028,16,0.75,16,16,0,0,0,0,0,0,0,0,0,0,0,7
TAO_TRAIN_GT_CONTROLLED_HELDOUT,policy_heldout,WITHOUT_RELIABILITY,frozen_MLP,1029,seed1029,1,0.75,16,16,0,0,0,0,0,0,0,0,0,0,0,9
TAO_TRAIN_GT_CONTROLLED_HELDOUT,policy_heldout,WITHOUT_RELIABILITY,frozen_MLP,1029,seed1029,2,0.75,16,16,0,0,0,0,0,0,0,0,0,0,0,9
TAO_TRAIN_GT_CONTROLLED_HELDOUT,policy_heldout,WITHOUT_RELIABILITY,frozen_MLP,1029,seed1029,4,0.75,16,16,0,0,0,0,0,0,0,0,0,0,0,9
TAO_TRAIN_GT_CONTROLLED_HELDOUT,policy_heldout,WITHOUT_RELIABILITY,frozen_MLP,1029,seed1029,8,0.75,16,16,0,0,0,0,0,0,0,0,0,0,0,9
TAO_TRAIN_GT_CONTROLLED_HELDOUT,policy_heldout,WITHOUT_RELIABILITY,frozen_MLP,1029,seed1029,16,0.75,16,16,0,0,0,0,0,0,0,0,0,0,0,9
TAO_TRAIN_GT_CONTROLLED_HELDOUT,policy_heldout,WITHOUT_RELIABILITY,frozen_MLP,1029,main,1,1.0,16,16,0,0,0,0,0,0,0,0,0,0,0,9
TAO_TRAIN_GT_CONTROLLED_HELDOUT,policy_heldout,WITHOUT_RELIABILITY,frozen_MLP,1029,main,2,1.0,16,16,0,0,0,0,0,0,0,0,0,0,0,9
TAO_TRAIN_GT_CONTROLLED_HELDOUT,policy_heldout,WITHOUT_RELIABILITY,frozen_MLP,1029,main,4,1.0,16,16,0,0,0,0,0,0,0,0,0,0,0,9
TAO_TRAIN_GT_CONTROLLED_HELDOUT,policy_heldout,WITHOUT_RELIABILITY,frozen_MLP,1029,main,8,1.0,16,16,0,0,0,0,0,0,0,0,0,0,0,9
TAO_TRAIN_GT_CONTROLLED_HELDOUT,policy_heldout,WITHOUT_RELIABILITY,frozen_MLP,1029,main,16,1.0,16,16,0,0,0,0,0,0,0,0,0,0,0,9
TAO_TRAIN_GT_CONTROLLED_HELDOUT,policy_heldout,WITHOUT_RELIABILITY,frozen_MLP,1029,seed1027,1,1.0,16,16,0,0,0,0,0,0,0,0,0,0,0,7
TAO_TRAIN_GT_CONTROLLED_HELDOUT,policy_heldout,WITHOUT_RELIABILITY,frozen_MLP,1029,seed1027,2,1.0,16,16,0,0,0,0,0,0,0,0,0,0,0,7
TAO_TRAIN_GT_CONTROLLED_HELDOUT,policy_heldout,WITHOUT_RELIABILITY,frozen_MLP,1029,seed1027,4,1.0,16,16,0,0,0,0,0,0,0,0,0,0,0,7
TAO_TRAIN_GT_CONTROLLED_HELDOUT,policy_heldout,WITHOUT_RELIABILITY,frozen_MLP,1029,seed1027,8,1.0,16,16,0,0,0,0,0,0,0,0,0,0,0,7
TAO_TRAIN_GT_CONTROLLED_HELDOUT,policy_heldout,WITHOUT_RELIABILITY,frozen_MLP,1029,seed1027,16,1.0,16,16,0,0,0,0,0,0,0,0,0,0,0,7
TAO_TRAIN_GT_CONTROLLED_HELDOUT,policy_heldout,WITHOUT_RELIABILITY,frozen_MLP,1029,seed1028,1,1.0,16,16,0,0,0,0,0,0,0,0,0,0,0,7
TAO_TRAIN_GT_CONTROLLED_HELDOUT,policy_heldout,WITHOUT_RELIABILITY,frozen_MLP,1029,seed1028,2,1.0,16,16,0,0,0,0,0,0,0,0,0,0,0,7
TAO_TRAIN_GT_CONTROLLED_HELDOUT,policy_heldout,WITHOUT_RELIABILITY,frozen_MLP,1029,seed1028,4,1.0,16,16,0,0,0,0,0,0,0,0,0,0,0,7
TAO_TRAIN_GT_CONTROLLED_HELDOUT,policy_heldout,WITHOUT_RELIABILITY,frozen_MLP,1029,seed1028,8,1.0,16,16,0,0,0,0,0,0,0,0,0,0,0,7
TAO_TRAIN_GT_CONTROLLED_HELDOUT,policy_heldout,WITHOUT_RELIABILITY,frozen_MLP,1029,seed1028,16,1.0,16,16,0,0,0,0,0,0,0,0,0,0,0,7
TAO_TRAIN_GT_CONTROLLED_HELDOUT,policy_heldout,WITHOUT_RELIABILITY,frozen_MLP,1029,seed1029,1,1.0,16,16,0,0,0,0,0,0,0,0,0,0,0,9
TAO_TRAIN_GT_CONTROLLED_HELDOUT,policy_heldout,WITHOUT_RELIABILITY,frozen_MLP,1029,seed1029,2,1.0,16,16,0,0,0,0,0,0,0,0,0,0,0,9
TAO_TRAIN_GT_CONTROLLED_HELDOUT,policy_heldout,WITHOUT_RELIABILITY,frozen_MLP,1029,seed1029,4,1.0,16,16,0,0,0,0,0,0,0,0,0,0,0,9
TAO_TRAIN_GT_CONTROLLED_HELDOUT,policy_heldout,WITHOUT_RELIABILITY,frozen_MLP,1029,seed1029,8,1.0,16,16,0,0,0,0,0,0,0,0,0,0,0,9
TAO_TRAIN_GT_CONTROLLED_HELDOUT,policy_heldout,WITHOUT_RELIABILITY,frozen_MLP,1029,seed1029,16,1.0,16,16,0,0,0,0,0,0,0,0,0,0,0,9
TAO_TRAIN_GT_CONTROLLED_HELDOUT,policy_heldout,WITHOUT_WAIT,frozen_MLP,1029,main,1,0.5,16,16,0,0,0,0,0,0,0,0,0,0,0,9
TAO_TRAIN_GT_CONTROLLED_HELDOUT,policy_heldout,WITHOUT_WAIT,frozen_MLP,1029,main,2,0.5,16,16,0,0,0,0,0,0,0,0,0,0,0,9
TAO_TRAIN_GT_CONTROLLED_HELDOUT,policy_heldout,WITHOUT_WAIT,frozen_MLP,1029,main,4,0.5,16,16,0,0,0,0,0,0,0,0,0,0,0,9
TAO_TRAIN_GT_CONTROLLED_HELDOUT,policy_heldout,WITHOUT_WAIT,frozen_MLP,1029,main,8,0.5,16,16,0,0,0,0,0,0,0,0,0,0,0,9
TAO_TRAIN_GT_CONTROLLED_HELDOUT,policy_heldout,WITHOUT_WAIT,frozen_MLP,1029,main,16,0.5,16,16,0,0,0,0,0,0,0,0,0,0,0,9
TAO_TRAIN_GT_CONTROLLED_HELDOUT,policy_heldout,WITHOUT_WAIT,frozen_MLP,1029,seed1027,1,0.5,16,16,0,0,0,0,0,0,0,0,0,0,0,7
TAO_TRAIN_GT_CONTROLLED_HELDOUT,policy_heldout,WITHOUT_WAIT,frozen_MLP,1029,seed1027,2,0.5,16,16,0,0,0,0,0,0,0,0,0,0,0,7
TAO_TRAIN_GT_CONTROLLED_HELDOUT,policy_heldout,WITHOUT_WAIT,frozen_MLP,1029,seed1027,4,0.5,16,16,0,0,0,0,0,0,0,0,0,0,0,7
TAO_TRAIN_GT_CONTROLLED_HELDOUT,policy_heldout,WITHOUT_WAIT,frozen_MLP,1029,seed1027,8,0.5,16,16,0,0,0,0,0,0,0,0,0,0,0,7
TAO_TRAIN_GT_CONTROLLED_HELDOUT,policy_heldout,WITHOUT_WAIT,frozen_MLP,1029,seed1027,16,0.5,16,16,0,0,0,0,0,0,0,0,0,0,0,7
TAO_TRAIN_GT_CONTROLLED_HELDOUT,policy_heldout,WITHOUT_WAIT,frozen_MLP,1029,seed1028,1,0.5,16,16,0,0,0,0,0,0,0,0,0,0,0,7
TAO_TRAIN_GT_CONTROLLED_HELDOUT,policy_heldout,WITHOUT_WAIT,frozen_MLP,1029,seed1028,2,0.5,16,16,0,0,0,0,0,0,0,0,0,0,0,7
TAO_TRAIN_GT_CONTROLLED_HELDOUT,policy_heldout,WITHOUT_WAIT,frozen_MLP,1029,seed1028,4,0.5,16,16,0,0,0,0,0,0,0,0,0,0,0,7
TAO_TRAIN_GT_CONTROLLED_HELDOUT,policy_heldout,WITHOUT_WAIT,frozen_MLP,1029,seed1028,8,0.5,16,16,0,0,0,0,0,0,0,0,0,0,0,7
TAO_TRAIN_GT_CONTROLLED_HELDOUT,policy_heldout,WITHOUT_WAIT,frozen_MLP,1029,seed1028,16,0.5,16,16,0,0,0,0,0,0,0,0,0,0,0,7
TAO_TRAIN_GT_CONTROLLED_HELDOUT,policy_heldout,WITHOUT_WAIT,frozen_MLP,1029,seed1029,1,0.5,16,16,0,0,0,0,0,0,0,0,0,0,0,9
TAO_TRAIN_GT_CONTROLLED_HELDOUT,policy_heldout,WITHOUT_WAIT,frozen_MLP,1029,seed1029,2,0.5,16,16,0,0,0,0,0,0,0,0,0,0,0,9
TAO_TRAIN_GT_CONTROLLED_HELDOUT,policy_heldout,WITHOUT_WAIT,frozen_MLP,1029,seed1029,4,0.5,16,16,0,0,0,0,0,0,0,0,0,0,0,9
TAO_TRAIN_GT_CONTROLLED_HELDOUT,policy_heldout,WITHOUT_WAIT,frozen_MLP,1029,seed1029,8,0.5,16,16,0,0,0,0,0,0,0,0,0,0,0,9
TAO_TRAIN_GT_CONTROLLED_HELDOUT,policy_heldout,WITHOUT_WAIT,frozen_MLP,1029,seed1029,16,0.5,16,16,0,0,0,0,0,0,0,0,0,0,0,9
TAO_TRAIN_GT_CONTROLLED_HELDOUT,policy_heldout,WITHOUT_WAIT,frozen_MLP,1029,main,1,0.75,16,16,0,0,0,0,0,0,0,0,0,0,0,9
TAO_TRAIN_GT_CONTROLLED_HELDOUT,policy_heldout,WITHOUT_WAIT,frozen_MLP,1029,main,2,0.75,16,16,0,0,0,0,0,0,0,0,0,0,0,9
TAO_TRAIN_GT_CONTROLLED_HELDOUT,policy_heldout,WITHOUT_WAIT,frozen_MLP,1029,main,4,0.75,16,16,0,0,0,0,0,0,0,0,0,0,0,9
TAO_TRAIN_GT_CONTROLLED_HELDOUT,policy_heldout,WITHOUT_WAIT,frozen_MLP,1029,main,8,0.75,16,16,0,0,0,0,0,0,0,0,0,0,0,9
TAO_TRAIN_GT_CONTROLLED_HELDOUT,policy_heldout,WITHOUT_WAIT,frozen_MLP,1029,main,16,0.75,16,16,0,0,0,0,0,0,0,0,0,0,0,9
TAO_TRAIN_GT_CONTROLLED_HELDOUT,policy_heldout,WITHOUT_WAIT,frozen_MLP,1029,seed1027,1,0.75,16,16,0,0,0,0,0,0,0,0,0,0,0,7
TAO_TRAIN_GT_CONTROLLED_HELDOUT,policy_heldout,WITHOUT_WAIT,frozen_MLP,1029,seed1027,2,0.75,16,16,0,0,0,0,0,0,0,0,0,0,0,7
TAO_TRAIN_GT_CONTROLLED_HELDOUT,policy_heldout,WITHOUT_WAIT,frozen_MLP,1029,seed1027,4,0.75,16,16,0,0,0,0,0,0,0,0,0,0,0,7
TAO_TRAIN_GT_CONTROLLED_HELDOUT,policy_heldout,WITHOUT_WAIT,frozen_MLP,1029,seed1027,8,0.75,16,16,0,0,0,0,0,0,0,0,0,0,0,7
TAO_TRAIN_GT_CONTROLLED_HELDOUT,policy_heldout,WITHOUT_WAIT,frozen_MLP,1029,seed1027,16,0.75,16,16,0,0,0,0,0,0,0,0,0,0,0,7
TAO_TRAIN_GT_CONTROLLED_HELDOUT,policy_heldout,WITHOUT_WAIT,frozen_MLP,1029,seed1028,1,0.75,16,16,0,0,0,0,0,0,0,0,0,0,0,7
TAO_TRAIN_GT_CONTROLLED_HELDOUT,policy_heldout,WITHOUT_WAIT,frozen_MLP,1029,seed1028,2,0.75,16,16,0,0,0,0,0,0,0,0,0,0,0,7
TAO_TRAIN_GT_CONTROLLED_HELDOUT,policy_heldout,WITHOUT_WAIT,frozen_MLP,1029,seed1028,4,0.75,16,16,0,0,0,0,0,0,0,0,0,0,0,7
TAO_TRAIN_GT_CONTROLLED_HELDOUT,policy_heldout,WITHOUT_WAIT,frozen_MLP,1029,seed1028,8,0.75,16,16,0,0,0,0,0,0,0,0,0,0,0,7
TAO_TRAIN_GT_CONTROLLED_HELDOUT,policy_heldout,WITHOUT_WAIT,frozen_MLP,1029,seed1028,16,0.75,16,16,0,0,0,0,0,0,0,0,0,0,0,7
TAO_TRAIN_GT_CONTROLLED_HELDOUT,policy_heldout,WITHOUT_WAIT,frozen_MLP,1029,seed1029,1,0.75,16,16,0,0,0,0,0,0,0,0,0,0,0,9
TAO_TRAIN_GT_CONTROLLED_HELDOUT,policy_heldout,WITHOUT_WAIT,frozen_MLP,1029,seed1029,2,0.75,16,16,0,0,0,0,0,0,0,0,0,0,0,9
TAO_TRAIN_GT_CONTROLLED_HELDOUT,policy_heldout,WITHOUT_WAIT,frozen_MLP,1029,seed1029,4,0.75,16,16,0,0,0,0,0,0,0,0,0,0,0,9
TAO_TRAIN_GT_CONTROLLED_HELDOUT,policy_heldout,WITHOUT_WAIT,frozen_MLP,1029,seed1029,8,0.75,16,16,0,0,0,0,0,0,0,0,0,0,0,9
TAO_TRAIN_GT_CONTROLLED_HELDOUT,policy_heldout,WITHOUT_WAIT,frozen_MLP,1029,seed1029,16,0.75,16,16,0,0,0,0,0,0,0,0,0,0,0,9
TAO_TRAIN_GT_CONTROLLED_HELDOUT,policy_heldout,WITHOUT_WAIT,frozen_MLP,1029,main,1,1.0,16,16,0,0,0,0,0,0,0,0,0,0,0,9
TAO_TRAIN_GT_CONTROLLED_HELDOUT,policy_heldout,WITHOUT_WAIT,frozen_MLP,1029,main,2,1.0,16,16,0,0,0,0,0,0,0,0,0,0,0,9
TAO_TRAIN_GT_CONTROLLED_HELDOUT,policy_heldout,WITHOUT_WAIT,frozen_MLP,1029,main,4,1.0,16,16,0,0,0,0,0,0,0,0,0,0,0,9
TAO_TRAIN_GT_CONTROLLED_HELDOUT,policy_heldout,WITHOUT_WAIT,frozen_MLP,1029,main,8,1.0,16,16,0,0,0,0,0,0,0,0,0,0,0,9
TAO_TRAIN_GT_CONTROLLED_HELDOUT,policy_heldout,WITHOUT_WAIT,frozen_MLP,1029,main,16,1.0,16,16,0,0,0,0,0,0,0,0,0,0,0,9
TAO_TRAIN_GT_CONTROLLED_HELDOUT,policy_heldout,WITHOUT_WAIT,frozen_MLP,1029,seed1027,1,1.0,16,16,0,0,0,0,0,0,0,0,0,0,0,7
TAO_TRAIN_GT_CONTROLLED_HELDOUT,policy_heldout,WITHOUT_WAIT,frozen_MLP,1029,seed1027,2,1.0,16,16,0,0,0,0,0,0,0,0,0,0,0,7
TAO_TRAIN_GT_CONTROLLED_HELDOUT,policy_heldout,WITHOUT_WAIT,frozen_MLP,1029,seed1027,4,1.0,16,16,0,0,0,0,0,0,0,0,0,0,0,7
TAO_TRAIN_GT_CONTROLLED_HELDOUT,policy_heldout,WITHOUT_WAIT,frozen_MLP,1029,seed1027,8,1.0,16,16,0,0,0,0,0,0,0,0,0,0,0,7
TAO_TRAIN_GT_CONTROLLED_HELDOUT,policy_heldout,WITHOUT_WAIT,frozen_MLP,1029,seed1027,16,1.0,16,16,0,0,0,0,0,0,0,0,0,0,0,7
TAO_TRAIN_GT_CONTROLLED_HELDOUT,policy_heldout,WITHOUT_WAIT,frozen_MLP,1029,seed1028,1,1.0,16,16,0,0,0,0,0,0,0,0,0,0,0,7
TAO_TRAIN_GT_CONTROLLED_HELDOUT,policy_heldout,WITHOUT_WAIT,frozen_MLP,1029,seed1028,2,1.0,16,16,0,0,0,0,0,0,0,0,0,0,0,7
TAO_TRAIN_GT_CONTROLLED_HELDOUT,policy_heldout,WITHOUT_WAIT,frozen_MLP,1029,seed1028,4,1.0,16,16,0,0,0,0,0,0,0,0,0,0,0,7
TAO_TRAIN_GT_CONTROLLED_HELDOUT,policy_heldout,WITHOUT_WAIT,frozen_MLP,1029,seed1028,8,1.0,16,16,0,0,0,0,0,0,0,0,0,0,0,7
TAO_TRAIN_GT_CONTROLLED_HELDOUT,policy_heldout,WITHOUT_WAIT,frozen_MLP,1029,seed1028,16,1.0,16,16,0,0,0,0,0,0,0,0,0,0,0,7
TAO_TRAIN_GT_CONTROLLED_HELDOUT,policy_heldout,WITHOUT_WAIT,frozen_MLP,1029,seed1029,1,1.0,16,16,0,0,0,0,0,0,0,0,0,0,0,9
TAO_TRAIN_GT_CONTROLLED_HELDOUT,policy_heldout,WITHOUT_WAIT,frozen_MLP,1029,seed1029,2,1.0,16,16,0,0,0,0,0,0,0,0,0,0,0,9
TAO_TRAIN_GT_CONTROLLED_HELDOUT,policy_heldout,WITHOUT_WAIT,frozen_MLP,1029,seed1029,4,1.0,16,16,0,0,0,0,0,0,0,0,0,0,0,9
TAO_TRAIN_GT_CONTROLLED_HELDOUT,policy_heldout,WITHOUT_WAIT,frozen_MLP,1029,seed1029,8,1.0,16,16,0,0,0,0,0,0,0,0,0,0,0,9
TAO_TRAIN_GT_CONTROLLED_HELDOUT,policy_heldout,WITHOUT_WAIT,frozen_MLP,1029,seed1029,16,1.0,16,16,0,0,0,0,0,0,0,0,0,0,0,9
TAO_TRAIN_GT_CONTROLLED_HELDOUT,policy_heldout,WITHOUT_MEMORY,frozen_MLP,1029,main,1,0.5,16,16,0,0,0,0,0,0,0,0,0,0,0,9
TAO_TRAIN_GT_CONTROLLED_HELDOUT,policy_heldout,WITHOUT_MEMORY,frozen_MLP,1029,main,2,0.5,16,16,0,0,0,0,0,0,0,0,0,0,0,9
TAO_TRAIN_GT_CONTROLLED_HELDOUT,policy_heldout,WITHOUT_MEMORY,frozen_MLP,1029,main,4,0.5,16,16,0,0,0,0,0,0,0,0,0,0,0,9
TAO_TRAIN_GT_CONTROLLED_HELDOUT,policy_heldout,WITHOUT_MEMORY,frozen_MLP,1029,main,8,0.5,16,16,0,0,0,0,0,0,0,0,0,0,0,9
TAO_TRAIN_GT_CONTROLLED_HELDOUT,policy_heldout,WITHOUT_MEMORY,frozen_MLP,1029,main,16,0.5,16,16,0,0,0,0,0,0,0,0,0,0,0,9
TAO_TRAIN_GT_CONTROLLED_HELDOUT,policy_heldout,WITHOUT_MEMORY,frozen_MLP,1029,seed1027,1,0.5,16,16,0,0,0,0,0,0,0,0,0,0,0,7
TAO_TRAIN_GT_CONTROLLED_HELDOUT,policy_heldout,WITHOUT_MEMORY,frozen_MLP,1029,seed1027,2,0.5,16,16,0,0,0,0,0,0,0,0,0,0,0,7
TAO_TRAIN_GT_CONTROLLED_HELDOUT,policy_heldout,WITHOUT_MEMORY,frozen_MLP,1029,seed1027,4,0.5,16,16,0,0,0,0,0,0,0,0,0,0,0,7
TAO_TRAIN_GT_CONTROLLED_HELDOUT,policy_heldout,WITHOUT_MEMORY,frozen_MLP,1029,seed1027,8,0.5,16,16,0,0,0,0,0,0,0,0,0,0,0,7
TAO_TRAIN_GT_CONTROLLED_HELDOUT,policy_heldout,WITHOUT_MEMORY,frozen_MLP,1029,seed1027,16,0.5,16,16,0,0,0,0,0,0,0,0,0,0,0,7
TAO_TRAIN_GT_CONTROLLED_HELDOUT,policy_heldout,WITHOUT_MEMORY,frozen_MLP,1029,seed1028,1,0.5,16,16,0,0,0,0,0,0,0,0,0,0,0,7
TAO_TRAIN_GT_CONTROLLED_HELDOUT,policy_heldout,WITHOUT_MEMORY,frozen_MLP,1029,seed1028,2,0.5,16,16,0,0,0,0,0,0,0,0,0,0,0,7
TAO_TRAIN_GT_CONTROLLED_HELDOUT,policy_heldout,WITHOUT_MEMORY,frozen_MLP,1029,seed1028,4,0.5,16,16,0,0,0,0,0,0,0,0,0,0,0,7
TAO_TRAIN_GT_CONTROLLED_HELDOUT,policy_heldout,WITHOUT_MEMORY,frozen_MLP,1029,seed1028,8,0.5,16,16,0,0,0,0,0,0,0,0,0,0,0,7
TAO_TRAIN_GT_CONTROLLED_HELDOUT,policy_heldout,WITHOUT_MEMORY,frozen_MLP,1029,seed1028,16,0.5,16,16,0,0,0,0,0,0,0,0,0,0,0,7
TAO_TRAIN_GT_CONTROLLED_HELDOUT,policy_heldout,WITHOUT_MEMORY,frozen_MLP,1029,seed1029,1,0.5,16,16,0,0,0,0,0,0,0,0,0,0,0,9
TAO_TRAIN_GT_CONTROLLED_HELDOUT,policy_heldout,WITHOUT_MEMORY,frozen_MLP,1029,seed1029,2,0.5,16,16,0,0,0,0,0,0,0,0,0,0,0,9
TAO_TRAIN_GT_CONTROLLED_HELDOUT,policy_heldout,WITHOUT_MEMORY,frozen_MLP,1029,seed1029,4,0.5,16,16,0,0,0,0,0,0,0,0,0,0,0,9
TAO_TRAIN_GT_CONTROLLED_HELDOUT,policy_heldout,WITHOUT_MEMORY,frozen_MLP,1029,seed1029,8,0.5,16,16,0,0,0,0,0,0,0,0,0,0,0,9
TAO_TRAIN_GT_CONTROLLED_HELDOUT,policy_heldout,WITHOUT_MEMORY,frozen_MLP,1029,seed1029,16,0.5,16,16,0,0,0,0,0,0,0,0,0,0,0,9
TAO_TRAIN_GT_CONTROLLED_HELDOUT,policy_heldout,WITHOUT_MEMORY,frozen_MLP,1029,main,1,0.75,16,16,0,0,0,0,0,0,0,0,0,0,0,9
TAO_TRAIN_GT_CONTROLLED_HELDOUT,policy_heldout,WITHOUT_MEMORY,frozen_MLP,1029,main,2,0.75,16,16,0,0,0,0,0,0,0,0,0,0,0,9
TAO_TRAIN_GT_CONTROLLED_HELDOUT,policy_heldout,WITHOUT_MEMORY,frozen_MLP,1029,main,4,0.75,16,16,0,0,0,0,0,0,0,0,0,0,0,9
TAO_TRAIN_GT_CONTROLLED_HELDOUT,policy_heldout,WITHOUT_MEMORY,frozen_MLP,1029,main,8,0.75,16,16,0,0,0,0,0,0,0,0,0,0,0,9
TAO_TRAIN_GT_CONTROLLED_HELDOUT,policy_heldout,WITHOUT_MEMORY,frozen_MLP,1029,main,16,0.75,16,16,0,0,0,0,0,0,0,0,0,0,0,9
TAO_TRAIN_GT_CONTROLLED_HELDOUT,policy_heldout,WITHOUT_MEMORY,frozen_MLP,1029,seed1027,1,0.75,16,16,0,0,0,0,0,0,0,0,0,0,0,7
TAO_TRAIN_GT_CONTROLLED_HELDOUT,policy_heldout,WITHOUT_MEMORY,frozen_MLP,1029,seed1027,2,0.75,16,16,0,0,0,0,0,0,0,0,0,0,0,7
TAO_TRAIN_GT_CONTROLLED_HELDOUT,policy_heldout,WITHOUT_MEMORY,frozen_MLP,1029,seed1027,4,0.75,16,16,0,0,0,0,0,0,0,0,0,0,0,7
TAO_TRAIN_GT_CONTROLLED_HELDOUT,policy_heldout,WITHOUT_MEMORY,frozen_MLP,1029,seed1027,8,0.75,16,16,0,0,0,0,0,0,0,0,0,0,0,7
TAO_TRAIN_GT_CONTROLLED_HELDOUT,policy_heldout,WITHOUT_MEMORY,frozen_MLP,1029,seed1027,16,0.75,16,16,0,0,0,0,0,0,0,0,0,0,0,7
TAO_TRAIN_GT_CONTROLLED_HELDOUT,policy_heldout,WITHOUT_MEMORY,frozen_MLP,1029,seed1028,1,0.75,16,16,0,0,0,0,0,0,0,0,0,0,0,7
TAO_TRAIN_GT_CONTROLLED_HELDOUT,policy_heldout,WITHOUT_MEMORY,frozen_MLP,1029,seed1028,2,0.75,16,16,0,0,0,0,0,0,0,0,0,0,0,7
TAO_TRAIN_GT_CONTROLLED_HELDOUT,policy_heldout,WITHOUT_MEMORY,frozen_MLP,1029,seed1028,4,0.75,16,16,0,0,0,0,0,0,0,0,0,0,0,7
TAO_TRAIN_GT_CONTROLLED_HELDOUT,policy_heldout,WITHOUT_MEMORY,frozen_MLP,1029,seed1028,8,0.75,16,16,0,0,0,0,0,0,0,0,0,0,0,7
TAO_TRAIN_GT_CONTROLLED_HELDOUT,policy_heldout,WITHOUT_MEMORY,frozen_MLP,1029,seed1028,16,0.75,16,16,0,0,0,0,0,0,0,0,0,0,0,7
TAO_TRAIN_GT_CONTROLLED_HELDOUT,policy_heldout,WITHOUT_MEMORY,frozen_MLP,1029,seed1029,1,0.75,16,16,0,0,0,0,0,0,0,0,0,0,0,9
TAO_TRAIN_GT_CONTROLLED_HELDOUT,policy_heldout,WITHOUT_MEMORY,frozen_MLP,1029,seed1029,2,0.75,16,16,0,0,0,0,0,0,0,0,0,0,0,9
TAO_TRAIN_GT_CONTROLLED_HELDOUT,policy_heldout,WITHOUT_MEMORY,frozen_MLP,1029,seed1029,4,0.75,16,16,0,0,0,0,0,0,0,0,0,0,0,9
TAO_TRAIN_GT_CONTROLLED_HELDOUT,policy_heldout,WITHOUT_MEMORY,frozen_MLP,1029,seed1029,8,0.75,16,16,0,0,0,0,0,0,0,0,0,0,0,9
TAO_TRAIN_GT_CONTROLLED_HELDOUT,policy_heldout,WITHOUT_MEMORY,frozen_MLP,1029,seed1029,16,0.75,16,16,0,0,0,0,0,0,0,0,0,0,0,9
TAO_TRAIN_GT_CONTROLLED_HELDOUT,policy_heldout,WITHOUT_MEMORY,frozen_MLP,1029,main,1,1.0,16,16,0,0,0,0,0,0,0,0,0,0,0,9
TAO_TRAIN_GT_CONTROLLED_HELDOUT,policy_heldout,WITHOUT_MEMORY,frozen_MLP,1029,main,2,1.0,16,16,0,0,0,0,0,0,0,0,0,0,0,9
TAO_TRAIN_GT_CONTROLLED_HELDOUT,policy_heldout,WITHOUT_MEMORY,frozen_MLP,1029,main,4,1.0,16,16,0,0,0,0,0,0,0,0,0,0,0,9
TAO_TRAIN_GT_CONTROLLED_HELDOUT,policy_heldout,WITHOUT_MEMORY,frozen_MLP,1029,main,8,1.0,16,16,0,0,0,0,0,0,0,0,0,0,0,9
TAO_TRAIN_GT_CONTROLLED_HELDOUT,policy_heldout,WITHOUT_MEMORY,frozen_MLP,1029,main,16,1.0,16,16,0,0,0,0,0,0,0,0,0,0,0,9
TAO_TRAIN_GT_CONTROLLED_HELDOUT,policy_heldout,WITHOUT_MEMORY,frozen_MLP,1029,seed1027,1,1.0,16,16,0,0,0,0,0,0,0,0,0,0,0,7
TAO_TRAIN_GT_CONTROLLED_HELDOUT,policy_heldout,WITHOUT_MEMORY,frozen_MLP,1029,seed1027,2,1.0,16,16,0,0,0,0,0,0,0,0,0,0,0,7
TAO_TRAIN_GT_CONTROLLED_HELDOUT,policy_heldout,WITHOUT_MEMORY,frozen_MLP,1029,seed1027,4,1.0,16,16,0,0,0,0,0,0,0,0,0,0,0,7
TAO_TRAIN_GT_CONTROLLED_HELDOUT,policy_heldout,WITHOUT_MEMORY,frozen_MLP,1029,seed1027,8,1.0,16,16,0,0,0,0,0,0,0,0,0,0,0,7
TAO_TRAIN_GT_CONTROLLED_HELDOUT,policy_heldout,WITHOUT_MEMORY,frozen_MLP,1029,seed1027,16,1.0,16,16,0,0,0,0,0,0,0,0,0,0,0,7
TAO_TRAIN_GT_CONTROLLED_HELDOUT,policy_heldout,WITHOUT_MEMORY,frozen_MLP,1029,seed1028,1,1.0,16,16,0,0,0,0,0,0,0,0,0,0,0,7
TAO_TRAIN_GT_CONTROLLED_HELDOUT,policy_heldout,WITHOUT_MEMORY,frozen_MLP,1029,seed1028,2,1.0,16,16,0,0,0,0,0,0,0,0,0,0,0,7
TAO_TRAIN_GT_CONTROLLED_HELDOUT,policy_heldout,WITHOUT_MEMORY,frozen_MLP,1029,seed1028,4,1.0,16,16,0,0,0,0,0,0,0,0,0,0,0,7
TAO_TRAIN_GT_CONTROLLED_HELDOUT,policy_heldout,WITHOUT_MEMORY,frozen_MLP,1029,seed1028,8,1.0,16,16,0,0,0,0,0,0,0,0,0,0,0,7
TAO_TRAIN_GT_CONTROLLED_HELDOUT,policy_heldout,WITHOUT_MEMORY,frozen_MLP,1029,seed1028,16,1.0,16,16,0,0,0,0,0,0,0,0,0,0,0,7
TAO_TRAIN_GT_CONTROLLED_HELDOUT,policy_heldout,WITHOUT_MEMORY,frozen_MLP,1029,seed1029,1,1.0,16,16,0,0,0,0,0,0,0,0,0,0,0,9
TAO_TRAIN_GT_CONTROLLED_HELDOUT,policy_heldout,WITHOUT_MEMORY,frozen_MLP,1029,seed1029,2,1.0,16,16,0,0,0,0,0,0,0,0,0,0,0,9
TAO_TRAIN_GT_CONTROLLED_HELDOUT,policy_heldout,WITHOUT_MEMORY,frozen_MLP,1029,seed1029,4,1.0,16,16,0,0,0,0,0,0,0,0,0,0,0,9
TAO_TRAIN_GT_CONTROLLED_HELDOUT,policy_heldout,WITHOUT_MEMORY,frozen_MLP,1029,seed1029,8,1.0,16,16,0,0,0,0,0,0,0,0,0,0,0,9
TAO_TRAIN_GT_CONTROLLED_HELDOUT,policy_heldout,WITHOUT_MEMORY,frozen_MLP,1029,seed1029,16,1.0,16,16,0,0,0,0,0,0,0,0,0,0,0,9
TAO_TRAIN_GT_CONTROLLED_HELDOUT,policy_heldout,WITHOUT_RISK,frozen_MLP,1029,main,1,0.5,16,16,0,0,0,0,0,0,0,0,0,0,0,9
TAO_TRAIN_GT_CONTROLLED_HELDOUT,policy_heldout,WITHOUT_RISK,frozen_MLP,1029,main,2,0.5,16,16,0,0,0,0,0,0,0,0,0,0,0,9
TAO_TRAIN_GT_CONTROLLED_HELDOUT,policy_heldout,WITHOUT_RISK,frozen_MLP,1029,main,4,0.5,16,16,0,0,0,0,0,0,0,0,0,0,0,9
TAO_TRAIN_GT_CONTROLLED_HELDOUT,policy_heldout,WITHOUT_RISK,frozen_MLP,1029,main,8,0.5,16,16,0,0,0,0,0,0,0,0,0,0,0,9
TAO_TRAIN_GT_CONTROLLED_HELDOUT,policy_heldout,WITHOUT_RISK,frozen_MLP,1029,main,16,0.5,16,16,0,0,0,0,0,0,0,0,0,0,0,9
TAO_TRAIN_GT_CONTROLLED_HELDOUT,policy_heldout,WITHOUT_RISK,frozen_MLP,1029,seed1027,1,0.5,16,16,0,0,0,0,0,0,0,0,0,0,0,7
TAO_TRAIN_GT_CONTROLLED_HELDOUT,policy_heldout,WITHOUT_RISK,frozen_MLP,1029,seed1027,2,0.5,16,16,0,0,0,0,0,0,0,0,0,0,0,7
TAO_TRAIN_GT_CONTROLLED_HELDOUT,policy_heldout,WITHOUT_RISK,frozen_MLP,1029,seed1027,4,0.5,16,16,0,0,0,0,0,0,0,0,0,0,0,7
TAO_TRAIN_GT_CONTROLLED_HELDOUT,policy_heldout,WITHOUT_RISK,frozen_MLP,1029,seed1027,8,0.5,16,16,0,0,0,0,0,0,0,0,0,0,0,7
TAO_TRAIN_GT_CONTROLLED_HELDOUT,policy_heldout,WITHOUT_RISK,frozen_MLP,1029,seed1027,16,0.5,16,16,0,0,0,0,0,0,0,0,0,0,0,7
TAO_TRAIN_GT_CONTROLLED_HELDOUT,policy_heldout,WITHOUT_RISK,frozen_MLP,1029,seed1028,1,0.5,16,16,0,0,0,0,0,0,0,0,0,0,0,7
TAO_TRAIN_GT_CONTROLLED_HELDOUT,policy_heldout,WITHOUT_RISK,frozen_MLP,1029,seed1028,2,0.5,16,16,0,0,0,0,0,0,0,0,0,0,0,7
TAO_TRAIN_GT_CONTROLLED_HELDOUT,policy_heldout,WITHOUT_RISK,frozen_MLP,1029,seed1028,4,0.5,16,16,0,0,0,0,0,0,0,0,0,0,0,7
TAO_TRAIN_GT_CONTROLLED_HELDOUT,policy_heldout,WITHOUT_RISK,frozen_MLP,1029,seed1028,8,0.5,16,16,0,0,0,0,0,0,0,0,0,0,0,7
TAO_TRAIN_GT_CONTROLLED_HELDOUT,policy_heldout,WITHOUT_RISK,frozen_MLP,1029,seed1028,16,0.5,16,16,0,0,0,0,0,0,0,0,0,0,0,7
TAO_TRAIN_GT_CONTROLLED_HELDOUT,policy_heldout,WITHOUT_RISK,frozen_MLP,1029,seed1029,1,0.5,16,16,0,0,0,0,0,0,0,0,0,0,0,9
TAO_TRAIN_GT_CONTROLLED_HELDOUT,policy_heldout,WITHOUT_RISK,frozen_MLP,1029,seed1029,2,0.5,16,16,0,0,0,0,0,0,0,0,0,0,0,9
TAO_TRAIN_GT_CONTROLLED_HELDOUT,policy_heldout,WITHOUT_RISK,frozen_MLP,1029,seed1029,4,0.5,16,16,0,0,0,0,0,0,0,0,0,0,0,9
TAO_TRAIN_GT_CONTROLLED_HELDOUT,policy_heldout,WITHOUT_RISK,frozen_MLP,1029,seed1029,8,0.5,16,16,0,0,0,0,0,0,0,0,0,0,0,9
TAO_TRAIN_GT_CONTROLLED_HELDOUT,policy_heldout,WITHOUT_RISK,frozen_MLP,1029,seed1029,16,0.5,16,16,0,0,0,0,0,0,0,0,0,0,0,9
TAO_TRAIN_GT_CONTROLLED_HELDOUT,policy_heldout,WITHOUT_RISK,frozen_MLP,1029,main,1,0.75,16,16,0,0,0,0,0,0,0,0,0,0,0,9
TAO_TRAIN_GT_CONTROLLED_HELDOUT,policy_heldout,WITHOUT_RISK,frozen_MLP,1029,main,2,0.75,16,16,0,0,0,0,0,0,0,0,0,0,0,9
TAO_TRAIN_GT_CONTROLLED_HELDOUT,policy_heldout,WITHOUT_RISK,frozen_MLP,1029,main,4,0.75,16,16,0,0,0,0,0,0,0,0,0,0,0,9
TAO_TRAIN_GT_CONTROLLED_HELDOUT,policy_heldout,WITHOUT_RISK,frozen_MLP,1029,main,8,0.75,16,16,0,0,0,0,0,0,0,0,0,0,0,9
TAO_TRAIN_GT_CONTROLLED_HELDOUT,policy_heldout,WITHOUT_RISK,frozen_MLP,1029,main,16,0.75,16,16,0,0,0,0,0,0,0,0,0,0,0,9
TAO_TRAIN_GT_CONTROLLED_HELDOUT,policy_heldout,WITHOUT_RISK,frozen_MLP,1029,seed1027,1,0.75,16,16,0,0,0,0,0,0,0,0,0,0,0,7
TAO_TRAIN_GT_CONTROLLED_HELDOUT,policy_heldout,WITHOUT_RISK,frozen_MLP,1029,seed1027,2,0.75,16,16,0,0,0,0,0,0,0,0,0,0,0,7
TAO_TRAIN_GT_CONTROLLED_HELDOUT,policy_heldout,WITHOUT_RISK,frozen_MLP,1029,seed1027,4,0.75,16,16,0,0,0,0,0,0,0,0,0,0,0,7
TAO_TRAIN_GT_CONTROLLED_HELDOUT,policy_heldout,WITHOUT_RISK,frozen_MLP,1029,seed1027,8,0.75,16,16,0,0,0,0,0,0,0,0,0,0,0,7
TAO_TRAIN_GT_CONTROLLED_HELDOUT,policy_heldout,WITHOUT_RISK,frozen_MLP,1029,seed1027,16,0.75,16,16,0,0,0,0,0,0,0,0,0,0,0,7
TAO_TRAIN_GT_CONTROLLED_HELDOUT,policy_heldout,WITHOUT_RISK,frozen_MLP,1029,seed1028,1,0.75,16,16,0,0,0,0,0,0,0,0,0,0,0,7
TAO_TRAIN_GT_CONTROLLED_HELDOUT,policy_heldout,WITHOUT_RISK,frozen_MLP,1029,seed1028,2,0.75,16,16,0,0,0,0,0,0,0,0,0,0,0,7
TAO_TRAIN_GT_CONTROLLED_HELDOUT,policy_heldout,WITHOUT_RISK,frozen_MLP,1029,seed1028,4,0.75,16,16,0,0,0,0,0,0,0,0,0,0,0,7
TAO_TRAIN_GT_CONTROLLED_HELDOUT,policy_heldout,WITHOUT_RISK,frozen_MLP,1029,seed1028,8,0.75,16,16,0,0,0,0,0,0,0,0,0,0,0,7
TAO_TRAIN_GT_CONTROLLED_HELDOUT,policy_heldout,WITHOUT_RISK,frozen_MLP,1029,seed1028,16,0.75,16,16,0,0,0,0,0,0,0,0,0,0,0,7
TAO_TRAIN_GT_CONTROLLED_HELDOUT,policy_heldout,WITHOUT_RISK,frozen_MLP,1029,seed1029,1,0.75,16,16,0,0,0,0,0,0,0,0,0,0,0,9
TAO_TRAIN_GT_CONTROLLED_HELDOUT,policy_heldout,WITHOUT_RISK,frozen_MLP,1029,seed1029,2,0.75,16,16,0,0,0,0,0,0,0,0,0,0,0,9
TAO_TRAIN_GT_CONTROLLED_HELDOUT,policy_heldout,WITHOUT_RISK,frozen_MLP,1029,seed1029,4,0.75,16,16,0,0,0,0,0,0,0,0,0,0,0,9
TAO_TRAIN_GT_CONTROLLED_HELDOUT,policy_heldout,WITHOUT_RISK,frozen_MLP,1029,seed1029,8,0.75,16,16,0,0,0,0,0,0,0,0,0,0,0,9
TAO_TRAIN_GT_CONTROLLED_HELDOUT,policy_heldout,WITHOUT_RISK,frozen_MLP,1029,seed1029,16,0.75,16,16,0,0,0,0,0,0,0,0,0,0,0,9
TAO_TRAIN_GT_CONTROLLED_HELDOUT,policy_heldout,WITHOUT_RISK,frozen_MLP,1029,main,1,1.0,16,16,0,0,0,0,0,0,0,0,0,0,0,9
TAO_TRAIN_GT_CONTROLLED_HELDOUT,policy_heldout,WITHOUT_RISK,frozen_MLP,1029,main,2,1.0,16,16,0,0,0,0,0,0,0,0,0,0,0,9
TAO_TRAIN_GT_CONTROLLED_HELDOUT,policy_heldout,WITHOUT_RISK,frozen_MLP,1029,main,4,1.0,16,16,0,0,0,0,0,0,0,0,0,0,0,9
TAO_TRAIN_GT_CONTROLLED_HELDOUT,policy_heldout,WITHOUT_RISK,frozen_MLP,1029,main,8,1.0,16,16,0,0,0,0,0,0,0,0,0,0,0,9
TAO_TRAIN_GT_CONTROLLED_HELDOUT,policy_heldout,WITHOUT_RISK,frozen_MLP,1029,main,16,1.0,16,16,0,0,0,0,0,0,0,0,0,0,0,9
TAO_TRAIN_GT_CONTROLLED_HELDOUT,policy_heldout,WITHOUT_RISK,frozen_MLP,1029,seed1027,1,1.0,16,16,0,0,0,0,0,0,0,0,0,0,0,7
TAO_TRAIN_GT_CONTROLLED_HELDOUT,policy_heldout,WITHOUT_RISK,frozen_MLP,1029,seed1027,2,1.0,16,16,0,0,0,0,0,0,0,0,0,0,0,7
TAO_TRAIN_GT_CONTROLLED_HELDOUT,policy_heldout,WITHOUT_RISK,frozen_MLP,1029,seed1027,4,1.0,16,16,0,0,0,0,0,0,0,0,0,0,0,7
TAO_TRAIN_GT_CONTROLLED_HELDOUT,policy_heldout,WITHOUT_RISK,frozen_MLP,1029,seed1027,8,1.0,16,16,0,0,0,0,0,0,0,0,0,0,0,7
TAO_TRAIN_GT_CONTROLLED_HELDOUT,policy_heldout,WITHOUT_RISK,frozen_MLP,1029,seed1027,16,1.0,16,16,0,0,0,0,0,0,0,0,0,0,0,7
TAO_TRAIN_GT_CONTROLLED_HELDOUT,policy_heldout,WITHOUT_RISK,frozen_MLP,1029,seed1028,1,1.0,16,16,0,0,0,0,0,0,0,0,0,0,0,7
TAO_TRAIN_GT_CONTROLLED_HELDOUT,policy_heldout,WITHOUT_RISK,frozen_MLP,1029,seed1028,2,1.0,16,16,0,0,0,0,0,0,0,0,0,0,0,7
TAO_TRAIN_GT_CONTROLLED_HELDOUT,policy_heldout,WITHOUT_RISK,frozen_MLP,1029,seed1028,4,1.0,16,16,0,0,0,0,0,0,0,0,0,0,0,7
TAO_TRAIN_GT_CONTROLLED_HELDOUT,policy_heldout,WITHOUT_RISK,frozen_MLP,1029,seed1028,8,1.0,16,16,0,0,0,0,0,0,0,0,0,0,0,7
TAO_TRAIN_GT_CONTROLLED_HELDOUT,policy_heldout,WITHOUT_RISK,frozen_MLP,1029,seed1028,16,1.0,16,16,0,0,0,0,0,0,0,0,0,0,0,7
TAO_TRAIN_GT_CONTROLLED_HELDOUT,policy_heldout,WITHOUT_RISK,frozen_MLP,1029,seed1029,1,1.0,16,16,0,0,0,0,0,0,0,0,0,0,0,9
TAO_TRAIN_GT_CONTROLLED_HELDOUT,policy_heldout,WITHOUT_RISK,frozen_MLP,1029,seed1029,2,1.0,16,16,0,0,0,0,0,0,0,0,0,0,0,9
TAO_TRAIN_GT_CONTROLLED_HELDOUT,policy_heldout,WITHOUT_RISK,frozen_MLP,1029,seed1029,4,1.0,16,16,0,0,0,0,0,0,0,0,0,0,0,9
TAO_TRAIN_GT_CONTROLLED_HELDOUT,policy_heldout,WITHOUT_RISK,frozen_MLP,1029,seed1029,8,1.0,16,16,0,0,0,0,0,0,0,0,0,0,0,9
TAO_TRAIN_GT_CONTROLLED_HELDOUT,policy_heldout,WITHOUT_RISK,frozen_MLP,1029,seed1029,16,1.0,16,16,0,0,0,0,0,0,0,0,0,0,0,9
TAO_TRAIN_GT_CONTROLLED_HELDOUT,policy_heldout,RESET_PER_VIDEO,frozen_MLP,1029,main,1,0.5,16,16,0,0,0,0,0,0,0,0,0,0,0,9
TAO_TRAIN_GT_CONTROLLED_HELDOUT,policy_heldout,RESET_PER_VIDEO,frozen_MLP,1029,main,2,0.5,16,16,0,0,0,0,0,0,0,0,0,0,0,9
TAO_TRAIN_GT_CONTROLLED_HELDOUT,policy_heldout,RESET_PER_VIDEO,frozen_MLP,1029,main,4,0.5,16,16,0,0,0,0,0,0,0,0,0,0,0,9
TAO_TRAIN_GT_CONTROLLED_HELDOUT,policy_heldout,RESET_PER_VIDEO,frozen_MLP,1029,main,8,0.5,16,16,0,0,0,0,0,0,0,0,0,0,0,9
TAO_TRAIN_GT_CONTROLLED_HELDOUT,policy_heldout,RESET_PER_VIDEO,frozen_MLP,1029,main,16,0.5,16,16,0,0,0,0,0,0,0,0,0,0,0,9
TAO_TRAIN_GT_CONTROLLED_HELDOUT,policy_heldout,RESET_PER_VIDEO,frozen_MLP,1029,seed1027,1,0.5,16,16,0,0,0,0,0,0,0,0,0,0,0,7
TAO_TRAIN_GT_CONTROLLED_HELDOUT,policy_heldout,RESET_PER_VIDEO,frozen_MLP,1029,seed1027,2,0.5,16,16,0,0,0,0,0,0,0,0,0,0,0,7
TAO_TRAIN_GT_CONTROLLED_HELDOUT,policy_heldout,RESET_PER_VIDEO,frozen_MLP,1029,seed1027,4,0.5,16,16,0,0,0,0,0,0,0,0,0,0,0,7
TAO_TRAIN_GT_CONTROLLED_HELDOUT,policy_heldout,RESET_PER_VIDEO,frozen_MLP,1029,seed1027,8,0.5,16,16,0,0,0,0,0,0,0,0,0,0,0,7
TAO_TRAIN_GT_CONTROLLED_HELDOUT,policy_heldout,RESET_PER_VIDEO,frozen_MLP,1029,seed1027,16,0.5,16,16,0,0,0,0,0,0,0,0,0,0,0,7
TAO_TRAIN_GT_CONTROLLED_HELDOUT,policy_heldout,RESET_PER_VIDEO,frozen_MLP,1029,seed1028,1,0.5,16,16,0,0,0,0,0,0,0,0,0,0,0,7
TAO_TRAIN_GT_CONTROLLED_HELDOUT,policy_heldout,RESET_PER_VIDEO,frozen_MLP,1029,seed1028,2,0.5,16,16,0,0,0,0,0,0,0,0,0,0,0,7
TAO_TRAIN_GT_CONTROLLED_HELDOUT,policy_heldout,RESET_PER_VIDEO,frozen_MLP,1029,seed1028,4,0.5,16,16,0,0,0,0,0,0,0,0,0,0,0,7
TAO_TRAIN_GT_CONTROLLED_HELDOUT,policy_heldout,RESET_PER_VIDEO,frozen_MLP,1029,seed1028,8,0.5,16,16,0,0,0,0,0,0,0,0,0,0,0,7
TAO_TRAIN_GT_CONTROLLED_HELDOUT,policy_heldout,RESET_PER_VIDEO,frozen_MLP,1029,seed1028,16,0.5,16,16,0,0,0,0,0,0,0,0,0,0,0,7
TAO_TRAIN_GT_CONTROLLED_HELDOUT,policy_heldout,RESET_PER_VIDEO,frozen_MLP,1029,seed1029,1,0.5,16,16,0,0,0,0,0,0,0,0,0,0,0,9
TAO_TRAIN_GT_CONTROLLED_HELDOUT,policy_heldout,RESET_PER_VIDEO,frozen_MLP,1029,seed1029,2,0.5,16,16,0,0,0,0,0,0,0,0,0,0,0,9
TAO_TRAIN_GT_CONTROLLED_HELDOUT,policy_heldout,RESET_PER_VIDEO,frozen_MLP,1029,seed1029,4,0.5,16,16,0,0,0,0,0,0,0,0,0,0,0,9
TAO_TRAIN_GT_CONTROLLED_HELDOUT,policy_heldout,RESET_PER_VIDEO,frozen_MLP,1029,seed1029,8,0.5,16,16,0,0,0,0,0,0,0,0,0,0,0,9
TAO_TRAIN_GT_CONTROLLED_HELDOUT,policy_heldout,RESET_PER_VIDEO,frozen_MLP,1029,seed1029,16,0.5,16,16,0,0,0,0,0,0,0,0,0,0,0,9
TAO_TRAIN_GT_CONTROLLED_HELDOUT,policy_heldout,RESET_PER_VIDEO,frozen_MLP,1029,main,1,0.75,16,16,0,0,0,0,0,0,0,0,0,0,0,9
TAO_TRAIN_GT_CONTROLLED_HELDOUT,policy_heldout,RESET_PER_VIDEO,frozen_MLP,1029,main,2,0.75,16,16,0,0,0,0,0,0,0,0,0,0,0,9
TAO_TRAIN_GT_CONTROLLED_HELDOUT,policy_heldout,RESET_PER_VIDEO,frozen_MLP,1029,main,4,0.75,16,16,0,0,0,0,0,0,0,0,0,0,0,9
TAO_TRAIN_GT_CONTROLLED_HELDOUT,policy_heldout,RESET_PER_VIDEO,frozen_MLP,1029,main,8,0.75,16,16,0,0,0,0,0,0,0,0,0,0,0,9
TAO_TRAIN_GT_CONTROLLED_HELDOUT,policy_heldout,RESET_PER_VIDEO,frozen_MLP,1029,main,16,0.75,16,16,0,0,0,0,0,0,0,0,0,0,0,9
TAO_TRAIN_GT_CONTROLLED_HELDOUT,policy_heldout,RESET_PER_VIDEO,frozen_MLP,1029,seed1027,1,0.75,16,16,0,0,0,0,0,0,0,0,0,0,0,7
TAO_TRAIN_GT_CONTROLLED_HELDOUT,policy_heldout,RESET_PER_VIDEO,frozen_MLP,1029,seed1027,2,0.75,16,16,0,0,0,0,0,0,0,0,0,0,0,7
TAO_TRAIN_GT_CONTROLLED_HELDOUT,policy_heldout,RESET_PER_VIDEO,frozen_MLP,1029,seed1027,4,0.75,16,16,0,0,0,0,0,0,0,0,0,0,0,7
TAO_TRAIN_GT_CONTROLLED_HELDOUT,policy_heldout,RESET_PER_VIDEO,frozen_MLP,1029,seed1027,8,0.75,16,16,0,0,0,0,0,0,0,0,0,0,0,7
TAO_TRAIN_GT_CONTROLLED_HELDOUT,policy_heldout,RESET_PER_VIDEO,frozen_MLP,1029,seed1027,16,0.75,16,16,0,0,0,0,0,0,0,0,0,0,0,7
TAO_TRAIN_GT_CONTROLLED_HELDOUT,policy_heldout,RESET_PER_VIDEO,frozen_MLP,1029,seed1028,1,0.75,16,16,0,0,0,0,0,0,0,0,0,0,0,7
TAO_TRAIN_GT_CONTROLLED_HELDOUT,policy_heldout,RESET_PER_VIDEO,frozen_MLP,1029,seed1028,2,0.75,16,16,0,0,0,0,0,0,0,0,0,0,0,7
TAO_TRAIN_GT_CONTROLLED_HELDOUT,policy_heldout,RESET_PER_VIDEO,frozen_MLP,1029,seed1028,4,0.75,16,16,0,0,0,0,0,0,0,0,0,0,0,7
TAO_TRAIN_GT_CONTROLLED_HELDOUT,policy_heldout,RESET_PER_VIDEO,frozen_MLP,1029,seed1028,8,0.75,16,16,0,0,0,0,0,0,0,0,0,0,0,7
TAO_TRAIN_GT_CONTROLLED_HELDOUT,policy_heldout,RESET_PER_VIDEO,frozen_MLP,1029,seed1028,16,0.75,16,16,0,0,0,0,0,0,0,0,0,0,0,7
TAO_TRAIN_GT_CONTROLLED_HELDOUT,policy_heldout,RESET_PER_VIDEO,frozen_MLP,1029,seed1029,1,0.75,16,16,0,0,0,0,0,0,0,0,0,0,0,9
TAO_TRAIN_GT_CONTROLLED_HELDOUT,policy_heldout,RESET_PER_VIDEO,frozen_MLP,1029,seed1029,2,0.75,16,16,0,0,0,0,0,0,0,0,0,0,0,9
TAO_TRAIN_GT_CONTROLLED_HELDOUT,policy_heldout,RESET_PER_VIDEO,frozen_MLP,1029,seed1029,4,0.75,16,16,0,0,0,0,0,0,0,0,0,0,0,9
TAO_TRAIN_GT_CONTROLLED_HELDOUT,policy_heldout,RESET_PER_VIDEO,frozen_MLP,1029,seed1029,8,0.75,16,16,0,0,0,0,0,0,0,0,0,0,0,9
TAO_TRAIN_GT_CONTROLLED_HELDOUT,policy_heldout,RESET_PER_VIDEO,frozen_MLP,1029,seed1029,16,0.75,16,16,0,0,0,0,0,0,0,0,0,0,0,9
TAO_TRAIN_GT_CONTROLLED_HELDOUT,policy_heldout,RESET_PER_VIDEO,frozen_MLP,1029,main,1,1.0,16,16,0,0,0,0,0,0,0,0,0,0,0,9
TAO_TRAIN_GT_CONTROLLED_HELDOUT,policy_heldout,RESET_PER_VIDEO,frozen_MLP,1029,main,2,1.0,16,16,0,0,0,0,0,0,0,0,0,0,0,9
TAO_TRAIN_GT_CONTROLLED_HELDOUT,policy_heldout,RESET_PER_VIDEO,frozen_MLP,1029,main,4,1.0,16,16,0,0,0,0,0,0,0,0,0,0,0,9
TAO_TRAIN_GT_CONTROLLED_HELDOUT,policy_heldout,RESET_PER_VIDEO,frozen_MLP,1029,main,8,1.0,16,16,0,0,0,0,0,0,0,0,0,0,0,9
TAO_TRAIN_GT_CONTROLLED_HELDOUT,policy_heldout,RESET_PER_VIDEO,frozen_MLP,1029,main,16,1.0,16,16,0,0,0,0,0,0,0,0,0,0,0,9
TAO_TRAIN_GT_CONTROLLED_HELDOUT,policy_heldout,RESET_PER_VIDEO,frozen_MLP,1029,seed1027,1,1.0,16,16,0,0,0,0,0,0,0,0,0,0,0,7
TAO_TRAIN_GT_CONTROLLED_HELDOUT,policy_heldout,RESET_PER_VIDEO,frozen_MLP,1029,seed1027,2,1.0,16,16,0,0,0,0,0,0,0,0,0,0,0,7
TAO_TRAIN_GT_CONTROLLED_HELDOUT,policy_heldout,RESET_PER_VIDEO,frozen_MLP,1029,seed1027,4,1.0,16,16,0,0,0,0,0,0,0,0,0,0,0,7
TAO_TRAIN_GT_CONTROLLED_HELDOUT,policy_heldout,RESET_PER_VIDEO,frozen_MLP,1029,seed1027,8,1.0,16,16,0,0,0,0,0,0,0,0,0,0,0,7
TAO_TRAIN_GT_CONTROLLED_HELDOUT,policy_heldout,RESET_PER_VIDEO,frozen_MLP,1029,seed1027,16,1.0,16,16,0,0,0,0,0,0,0,0,0,0,0,7
TAO_TRAIN_GT_CONTROLLED_HELDOUT,policy_heldout,RESET_PER_VIDEO,frozen_MLP,1029,seed1028,1,1.0,16,16,0,0,0,0,0,0,0,0,0,0,0,7
TAO_TRAIN_GT_CONTROLLED_HELDOUT,policy_heldout,RESET_PER_VIDEO,frozen_MLP,1029,seed1028,2,1.0,16,16,0,0,0,0,0,0,0,0,0,0,0,7
TAO_TRAIN_GT_CONTROLLED_HELDOUT,policy_heldout,RESET_PER_VIDEO,frozen_MLP,1029,seed1028,4,1.0,16,16,0,0,0,0,0,0,0,0,0,0,0,7
TAO_TRAIN_GT_CONTROLLED_HELDOUT,policy_heldout,RESET_PER_VIDEO,frozen_MLP,1029,seed1028,8,1.0,16,16,0,0,0,0,0,0,0,0,0,0,0,7
TAO_TRAIN_GT_CONTROLLED_HELDOUT,policy_heldout,RESET_PER_VIDEO,frozen_MLP,1029,seed1028,16,1.0,16,16,0,0,0,0,0,0,0,0,0,0,0,7
TAO_TRAIN_GT_CONTROLLED_HELDOUT,policy_heldout,RESET_PER_VIDEO,frozen_MLP,1029,seed1029,1,1.0,16,16,0,0,0,0,0,0,0,0,0,0,0,9
TAO_TRAIN_GT_CONTROLLED_HELDOUT,policy_heldout,RESET_PER_VIDEO,frozen_MLP,1029,seed1029,2,1.0,16,16,0,0,0,0,0,0,0,0,0,0,0,9
TAO_TRAIN_GT_CONTROLLED_HELDOUT,policy_heldout,RESET_PER_VIDEO,frozen_MLP,1029,seed1029,4,1.0,16,16,0,0,0,0,0,0,0,0,0,0,0,9
TAO_TRAIN_GT_CONTROLLED_HELDOUT,policy_heldout,RESET_PER_VIDEO,frozen_MLP,1029,seed1029,8,1.0,16,16,0,0,0,0,0,0,0,0,0,0,0,9
TAO_TRAIN_GT_CONTROLLED_HELDOUT,policy_heldout,RESET_PER_VIDEO,frozen_MLP,1029,seed1029,16,1.0,16,16,0,0,0,0,0,0,0,0,0,0,0,9
TAO_TRAIN_GT_CONTROLLED_HELDOUT,policy_heldout,FULL,frozen_MLP,1029,main,1,0.5,16,16,0,0,0,0,0,0,0,0,0,0,0,9
TAO_TRAIN_GT_CONTROLLED_HELDOUT,policy_heldout,FULL,frozen_MLP,1029,main,2,0.5,16,16,0,0,0,0,0,0,0,0,0,0,0,9
TAO_TRAIN_GT_CONTROLLED_HELDOUT,policy_heldout,FULL,frozen_MLP,1029,main,4,0.5,16,16,0,0,0,0,0,0,0,0,0,0,0,9
TAO_TRAIN_GT_CONTROLLED_HELDOUT,policy_heldout,FULL,frozen_MLP,1029,main,8,0.5,16,16,0,0,0,0,0,0,0,0,0,0,0,9
TAO_TRAIN_GT_CONTROLLED_HELDOUT,policy_heldout,FULL,frozen_MLP,1029,main,16,0.5,16,16,0,0,0,0,0,0,0,0,0,0,0,9
TAO_TRAIN_GT_CONTROLLED_HELDOUT,policy_heldout,FULL,frozen_MLP,1029,seed1027,1,0.5,16,16,0,0,0,0,0,0,0,0,0,0,0,7
TAO_TRAIN_GT_CONTROLLED_HELDOUT,policy_heldout,FULL,frozen_MLP,1029,seed1027,2,0.5,16,16,0,0,0,0,0,0,0,0,0,0,0,7
TAO_TRAIN_GT_CONTROLLED_HELDOUT,policy_heldout,FULL,frozen_MLP,1029,seed1027,4,0.5,16,16,0,0,0,0,0,0,0,0,0,0,0,7
TAO_TRAIN_GT_CONTROLLED_HELDOUT,policy_heldout,FULL,frozen_MLP,1029,seed1027,8,0.5,16,16,0,0,0,0,0,0,0,0,0,0,0,7
TAO_TRAIN_GT_CONTROLLED_HELDOUT,policy_heldout,FULL,frozen_MLP,1029,seed1027,16,0.5,16,16,0,0,0,0,0,0,0,0,0,0,0,7
TAO_TRAIN_GT_CONTROLLED_HELDOUT,policy_heldout,FULL,frozen_MLP,1029,seed1028,1,0.5,16,16,0,0,0,0,0,0,0,0,0,0,0,7
TAO_TRAIN_GT_CONTROLLED_HELDOUT,policy_heldout,FULL,frozen_MLP,1029,seed1028,2,0.5,16,16,0,0,0,0,0,0,0,0,0,0,0,7
TAO_TRAIN_GT_CONTROLLED_HELDOUT,policy_heldout,FULL,frozen_MLP,1029,seed1028,4,0.5,16,16,0,0,0,0,0,0,0,0,0,0,0,7
TAO_TRAIN_GT_CONTROLLED_HELDOUT,policy_heldout,FULL,frozen_MLP,1029,seed1028,8,0.5,16,16,0,0,0,0,0,0,0,0,0,0,0,7
TAO_TRAIN_GT_CONTROLLED_HELDOUT,policy_heldout,FULL,frozen_MLP,1029,seed1028,16,0.5,16,16,0,0,0,0,0,0,0,0,0,0,0,7
TAO_TRAIN_GT_CONTROLLED_HELDOUT,policy_heldout,FULL,frozen_MLP,1029,seed1029,1,0.5,16,16,0,0,0,0,0,0,0,0,0,0,0,9
TAO_TRAIN_GT_CONTROLLED_HELDOUT,policy_heldout,FULL,frozen_MLP,1029,seed1029,2,0.5,16,16,0,0,0,0,0,0,0,0,0,0,0,9
TAO_TRAIN_GT_CONTROLLED_HELDOUT,policy_heldout,FULL,frozen_MLP,1029,seed1029,4,0.5,16,16,0,0,0,0,0,0,0,0,0,0,0,9
TAO_TRAIN_GT_CONTROLLED_HELDOUT,policy_heldout,FULL,frozen_MLP,1029,seed1029,8,0.5,16,16,0,0,0,0,0,0,0,0,0,0,0,9
TAO_TRAIN_GT_CONTROLLED_HELDOUT,policy_heldout,FULL,frozen_MLP,1029,seed1029,16,0.5,16,16,0,0,0,0,0,0,0,0,0,0,0,9
TAO_TRAIN_GT_CONTROLLED_HELDOUT,policy_heldout,FULL,frozen_MLP,1029,main,1,0.75,16,16,0,0,0,0,0,0,0,0,0,0,0,9
TAO_TRAIN_GT_CONTROLLED_HELDOUT,policy_heldout,FULL,frozen_MLP,1029,main,2,0.75,16,16,0,0,0,0,0,0,0,0,0,0,0,9
TAO_TRAIN_GT_CONTROLLED_HELDOUT,policy_heldout,FULL,frozen_MLP,1029,main,4,0.75,16,16,0,0,0,0,0,0,0,0,0,0,0,9
TAO_TRAIN_GT_CONTROLLED_HELDOUT,policy_heldout,FULL,frozen_MLP,1029,main,8,0.75,16,16,0,0,0,0,0,0,0,0,0,0,0,9
TAO_TRAIN_GT_CONTROLLED_HELDOUT,policy_heldout,FULL,frozen_MLP,1029,main,16,0.75,16,16,0,0,0,0,0,0,0,0,0,0,0,9
TAO_TRAIN_GT_CONTROLLED_HELDOUT,policy_heldout,FULL,frozen_MLP,1029,seed1027,1,0.75,16,16,0,0,0,0,0,0,0,0,0,0,0,7
TAO_TRAIN_GT_CONTROLLED_HELDOUT,policy_heldout,FULL,frozen_MLP,1029,seed1027,2,0.75,16,16,0,0,0,0,0,0,0,0,0,0,0,7
TAO_TRAIN_GT_CONTROLLED_HELDOUT,policy_heldout,FULL,frozen_MLP,1029,seed1027,4,0.75,16,16,0,0,0,0,0,0,0,0,0,0,0,7
TAO_TRAIN_GT_CONTROLLED_HELDOUT,policy_heldout,FULL,frozen_MLP,1029,seed1027,8,0.75,16,16,0,0,0,0,0,0,0,0,0,0,0,7
TAO_TRAIN_GT_CONTROLLED_HELDOUT,policy_heldout,FULL,frozen_MLP,1029,seed1027,16,0.75,16,16,0,0,0,0,0,0,0,0,0,0,0,7
TAO_TRAIN_GT_CONTROLLED_HELDOUT,policy_heldout,FULL,frozen_MLP,1029,seed1028,1,0.75,16,16,0,0,0,0,0,0,0,0,0,0,0,7
TAO_TRAIN_GT_CONTROLLED_HELDOUT,policy_heldout,FULL,frozen_MLP,1029,seed1028,2,0.75,16,16,0,0,0,0,0,0,0,0,0,0,0,7
TAO_TRAIN_GT_CONTROLLED_HELDOUT,policy_heldout,FULL,frozen_MLP,1029,seed1028,4,0.75,16,16,0,0,0,0,0,0,0,0,0,0,0,7
TAO_TRAIN_GT_CONTROLLED_HELDOUT,policy_heldout,FULL,frozen_MLP,1029,seed1028,8,0.75,16,16,0,0,0,0,0,0,0,0,0,0,0,7
TAO_TRAIN_GT_CONTROLLED_HELDOUT,policy_heldout,FULL,frozen_MLP,1029,seed1028,16,0.75,16,16,0,0,0,0,0,0,0,0,0,0,0,7
TAO_TRAIN_GT_CONTROLLED_HELDOUT,policy_heldout,FULL,frozen_MLP,1029,seed1029,1,0.75,16,16,0,0,0,0,0,0,0,0,0,0,0,9
TAO_TRAIN_GT_CONTROLLED_HELDOUT,policy_heldout,FULL,frozen_MLP,1029,seed1029,2,0.75,16,16,0,0,0,0,0,0,0,0,0,0,0,9
TAO_TRAIN_GT_CONTROLLED_HELDOUT,policy_heldout,FULL,frozen_MLP,1029,seed1029,4,0.75,16,16,0,0,0,0,0,0,0,0,0,0,0,9
TAO_TRAIN_GT_CONTROLLED_HELDOUT,policy_heldout,FULL,frozen_MLP,1029,seed1029,8,0.75,16,16,0,0,0,0,0,0,0,0,0,0,0,9
TAO_TRAIN_GT_CONTROLLED_HELDOUT,policy_heldout,FULL,frozen_MLP,1029,seed1029,16,0.75,16,16,0,0,0,0,0,0,0,0,0,0,0,9
TAO_TRAIN_GT_CONTROLLED_HELDOUT,policy_heldout,FULL,frozen_MLP,1029,main,1,1.0,16,16,0,0,0,0,0,0,0,0,0,0,0,9
TAO_TRAIN_GT_CONTROLLED_HELDOUT,policy_heldout,FULL,frozen_MLP,1029,main,2,1.0,16,16,0,0,0,0,0,0,0,0,0,0,0,9
TAO_TRAIN_GT_CONTROLLED_HELDOUT,policy_heldout,FULL,frozen_MLP,1029,main,4,1.0,16,16,0,0,0,0,0,0,0,0,0,0,0,9
TAO_TRAIN_GT_CONTROLLED_HELDOUT,policy_heldout,FULL,frozen_MLP,1029,main,8,1.0,16,16,0,0,0,0,0,0,0,0,0,0,0,9
TAO_TRAIN_GT_CONTROLLED_HELDOUT,policy_heldout,FULL,frozen_MLP,1029,main,16,1.0,16,16,0,0,0,0,0,0,0,0,0,0,0,9
TAO_TRAIN_GT_CONTROLLED_HELDOUT,policy_heldout,FULL,frozen_MLP,1029,seed1027,1,1.0,16,16,0,0,0,0,0,0,0,0,0,0,0,7
TAO_TRAIN_GT_CONTROLLED_HELDOUT,policy_heldout,FULL,frozen_MLP,1029,seed1027,2,1.0,16,16,0,0,0,0,0,0,0,0,0,0,0,7
TAO_TRAIN_GT_CONTROLLED_HELDOUT,policy_heldout,FULL,frozen_MLP,1029,seed1027,4,1.0,16,16,0,0,0,0,0,0,0,0,0,0,0,7
TAO_TRAIN_GT_CONTROLLED_HELDOUT,policy_heldout,FULL,frozen_MLP,1029,seed1027,8,1.0,16,16,0,0,0,0,0,0,0,0,0,0,0,7
TAO_TRAIN_GT_CONTROLLED_HELDOUT,policy_heldout,FULL,frozen_MLP,1029,seed1027,16,1.0,16,16,0,0,0,0,0,0,0,0,0,0,0,7
TAO_TRAIN_GT_CONTROLLED_HELDOUT,policy_heldout,FULL,frozen_MLP,1029,seed1028,1,1.0,16,16,0,0,0,0,0,0,0,0,0,0,0,7
TAO_TRAIN_GT_CONTROLLED_HELDOUT,policy_heldout,FULL,frozen_MLP,1029,seed1028,2,1.0,16,16,0,0,0,0,0,0,0,0,0,0,0,7
TAO_TRAIN_GT_CONTROLLED_HELDOUT,policy_heldout,FULL,frozen_MLP,1029,seed1028,4,1.0,16,16,0,0,0,0,0,0,0,0,0,0,0,7
TAO_TRAIN_GT_CONTROLLED_HELDOUT,policy_heldout,FULL,frozen_MLP,1029,seed1028,8,1.0,16,16,0,0,0,0,0,0,0,0,0,0,0,7
TAO_TRAIN_GT_CONTROLLED_HELDOUT,policy_heldout,FULL,frozen_MLP,1029,seed1028,16,1.0,16,16,0,0,0,0,0,0,0,0,0,0,0,7
TAO_TRAIN_GT_CONTROLLED_HELDOUT,policy_heldout,FULL,frozen_MLP,1029,seed1029,1,1.0,16,16,0,0,0,0,0,0,0,0,0,0,0,9
TAO_TRAIN_GT_CONTROLLED_HELDOUT,policy_heldout,FULL,frozen_MLP,1029,seed1029,2,1.0,16,16,0,0,0,0,0,0,0,0,0,0,0,9
TAO_TRAIN_GT_CONTROLLED_HELDOUT,policy_heldout,FULL,frozen_MLP,1029,seed1029,4,1.0,16,16,0,0,0,0,0,0,0,0,0,0,0,9
TAO_TRAIN_GT_CONTROLLED_HELDOUT,policy_heldout,FULL,frozen_MLP,1029,seed1029,8,1.0,16,16,0,0,0,0,0,0,0,0,0,0,0,9
TAO_TRAIN_GT_CONTROLLED_HELDOUT,policy_heldout,FULL,frozen_MLP,1029,seed1029,16,1.0,16,16,0,0,0,0,0,0,0,0,0,0,0,9
