scope,stage,method,backend,seed,order,prefix,coverage_target,old_acc,new_acc,h_score,all_acc,correct_commit_ct,false_merge_rate,false_split_new_rate,wrong_known_assignment_rate,wait_unresolved_rate,effective_commit_coverage
TAO_TRAIN_GT_CONTROLLED_HELDOUT,representation_heldout,A0_RAW,B0_frame_snapshot_vote,,main,1,1.0,0.0966183574879227,0.5,0.16194331983805668,0.12556053811659193,0.5555555555555556,0.0,0.4444444444444444,0.0,0.0,1.0
TAO_TRAIN_GT_CONTROLLED_HELDOUT,representation_heldout,A0_RAW,B0_frame_snapshot_vote,,main,2,1.0,0.0966183574879227,0.5,0.16194331983805668,0.12556053811659193,0.5555555555555556,0.2222222222222222,0.2222222222222222,0.0,0.0,1.0
TAO_TRAIN_GT_CONTROLLED_HELDOUT,representation_heldout,A0_RAW,B0_frame_snapshot_vote,,main,4,1.0,0.0966183574879227,0.5,0.16194331983805668,0.12556053811659193,0.5555555555555556,0.1111111111111111,0.3333333333333333,0.0,0.0,1.0
TAO_TRAIN_GT_CONTROLLED_HELDOUT,representation_heldout,A0_RAW,B0_frame_snapshot_vote,,main,8,1.0,0.10628019323671498,0.75,0.1861777150916784,0.15246636771300448,0.5555555555555556,0.2222222222222222,0.2222222222222222,0.0,0.0,1.0
TAO_TRAIN_GT_CONTROLLED_HELDOUT,representation_heldout,A0_RAW,B0_frame_snapshot_vote,,main,16,1.0,0.10628019323671498,0.75,0.1861777150916784,0.15246636771300448,0.5555555555555556,0.2222222222222222,0.2222222222222222,0.0,0.0,1.0
TAO_TRAIN_GT_CONTROLLED_HELDOUT,representation_heldout,A0_RAW,B0_frame_snapshot_vote,,seed1027,1,1.0,0.10144927536231885,0.75,0.17872340425531916,0.14798206278026907,0.5714285714285714,0.0,0.2857142857142857,0.14285714285714285,0.0,1.0
TAO_TRAIN_GT_CONTROLLED_HELDOUT,representation_heldout,A0_RAW,B0_frame_snapshot_vote,,seed1027,2,1.0,0.10628019323671498,0.75,0.1861777150916784,0.15246636771300448,0.5714285714285714,0.0,0.2857142857142857,0.14285714285714285,0.0,1.0
TAO_TRAIN_GT_CONTROLLED_HELDOUT,representation_heldout,A0_RAW,B0_frame_snapshot_vote,,seed1027,4,1.0,0.0966183574879227,0.75,0.17118402282453637,0.14349775784753363,0.5714285714285714,0.0,0.2857142857142857,0.14285714285714285,0.0,1.0
TAO_TRAIN_GT_CONTROLLED_HELDOUT,representation_heldout,A0_RAW,B0_frame_snapshot_vote,,seed1027,8,1.0,0.10144927536231885,0.75,0.17872340425531916,0.14798206278026907,0.5714285714285714,0.0,0.2857142857142857,0.14285714285714285,0.0,1.0
TAO_TRAIN_GT_CONTROLLED_HELDOUT,representation_heldout,A0_RAW,B0_frame_snapshot_vote,,seed1027,16,1.0,0.08695652173913043,0.75,0.15584415584415584,0.13452914798206278,0.5714285714285714,0.14285714285714285,0.2857142857142857,0.0,0.0,1.0
TAO_TRAIN_GT_CONTROLLED_HELDOUT,representation_heldout,A0_RAW,B0_frame_snapshot_vote,,seed1028,1,1.0,0.10144927536231885,0.75,0.17872340425531916,0.14798206278026907,0.5714285714285714,0.0,0.42857142857142855,0.0,0.0,1.0
TAO_TRAIN_GT_CONTROLLED_HELDOUT,representation_heldout,A0_RAW,B0_frame_snapshot_vote,,seed1028,2,1.0,0.10628019323671498,0.75,0.1861777150916784,0.15246636771300448,0.5714285714285714,0.14285714285714285,0.2857142857142857,0.0,0.0,1.0
TAO_TRAIN_GT_CONTROLLED_HELDOUT,representation_heldout,A0_RAW,B0_frame_snapshot_vote,,seed1028,4,1.0,0.0821256038647343,0.75,0.14804063860667635,0.13004484304932734,0.5714285714285714,0.0,0.42857142857142855,0.0,0.0,1.0
TAO_TRAIN_GT_CONTROLLED_HELDOUT,representation_heldout,A0_RAW,B0_frame_snapshot_vote,,seed1028,8,1.0,0.0821256038647343,0.75,0.14804063860667635,0.13004484304932734,0.5714285714285714,0.14285714285714285,0.2857142857142857,0.0,0.0,1.0
TAO_TRAIN_GT_CONTROLLED_HELDOUT,representation_heldout,A0_RAW,B0_frame_snapshot_vote,,seed1028,16,1.0,0.0821256038647343,0.75,0.14804063860667635,0.13004484304932734,0.5714285714285714,0.0,0.42857142857142855,0.0,0.0,1.0
TAO_TRAIN_GT_CONTROLLED_HELDOUT,representation_heldout,A0_RAW,B0_frame_snapshot_vote,,seed1029,1,1.0,0.0966183574879227,0.5,0.16194331983805668,0.12556053811659193,0.5555555555555556,0.0,0.4444444444444444,0.0,0.0,1.0
TAO_TRAIN_GT_CONTROLLED_HELDOUT,representation_heldout,A0_RAW,B0_frame_snapshot_vote,,seed1029,2,1.0,0.0966183574879227,0.5,0.16194331983805668,0.12556053811659193,0.5555555555555556,0.0,0.4444444444444444,0.0,0.0,1.0
TAO_TRAIN_GT_CONTROLLED_HELDOUT,representation_heldout,A0_RAW,B0_frame_snapshot_vote,,seed1029,4,1.0,0.0966183574879227,0.5,0.16194331983805668,0.12556053811659193,0.5555555555555556,0.0,0.4444444444444444,0.0,0.0,1.0
TAO_TRAIN_GT_CONTROLLED_HELDOUT,representation_heldout,A0_RAW,B0_frame_snapshot_vote,,seed1029,8,1.0,0.0966183574879227,0.75,0.17118402282453637,0.14349775784753363,0.5555555555555556,0.0,0.4444444444444444,0.0,0.0,1.0
TAO_TRAIN_GT_CONTROLLED_HELDOUT,representation_heldout,A0_RAW,B0_frame_snapshot_vote,,seed1029,16,1.0,0.09178743961352658,0.8125,0.1649415692821369,0.14349775784753363,0.6666666666666666,0.1111111111111111,0.2222222222222222,0.0,0.0,1.0
TAO_TRAIN_GT_CONTROLLED_HELDOUT,representation_heldout,A0_RAW,B1_track_nearest,,main,1,1.0,0.0,0.3125,0.0,0.02242152466367713,0.1111111111111111,0.0,0.8888888888888888,0.0,0.0,1.0
TAO_TRAIN_GT_CONTROLLED_HELDOUT,representation_heldout,A0_RAW,B1_track_nearest,,main,2,1.0,0.0,0.4375,0.0,0.03139013452914798,0.1111111111111111,0.0,0.8888888888888888,0.0,0.0,1.0
TAO_TRAIN_GT_CONTROLLED_HELDOUT,representation_heldout,A0_RAW,B1_track_nearest,,main,4,1.0,0.0,0.4375,0.0,0.03139013452914798,0.1111111111111111,0.0,0.8888888888888888,0.0,0.0,1.0
TAO_TRAIN_GT_CONTROLLED_HELDOUT,representation_heldout,A0_RAW,B1_track_nearest,,main,8,1.0,0.004830917874396135,0.5,0.009569377990430622,0.04035874439461883,0.2222222222222222,0.0,0.7777777777777778,0.0,0.0,1.0
TAO_TRAIN_GT_CONTROLLED_HELDOUT,representation_heldout,A0_RAW,B1_track_nearest,,main,16,1.0,0.00966183574879227,0.5,0.01895734597156398,0.04484304932735426,0.2222222222222222,0.0,0.6666666666666666,0.0,0.0,1.0
TAO_TRAIN_GT_CONTROLLED_HELDOUT,representation_heldout,A0_RAW,B1_track_nearest,,seed1027,1,1.0,0.0,0.5,0.0,0.03587443946188341,0.42857142857142855,0.0,0.5714285714285714,0.0,0.0,1.0
TAO_TRAIN_GT_CONTROLLED_HELDOUT,representation_heldout,A0_RAW,B1_track_nearest,,seed1027,2,1.0,0.0,0.5,0.0,0.03587443946188341,0.42857142857142855,0.0,0.5714285714285714,0.0,0.0,1.0
TAO_TRAIN_GT_CONTROLLED_HELDOUT,representation_heldout,A0_RAW,B1_track_nearest,,seed1027,4,1.0,0.0,0.5,0.0,0.03587443946188341,0.42857142857142855,0.0,0.5714285714285714,0.0,0.0,1.0
TAO_TRAIN_GT_CONTROLLED_HELDOUT,representation_heldout,A0_RAW,B1_track_nearest,,seed1027,8,1.0,0.004830917874396135,0.5,0.009569377990430622,0.04035874439461883,0.42857142857142855,0.0,0.5714285714285714,0.0,0.0,1.0
TAO_TRAIN_GT_CONTROLLED_HELDOUT,representation_heldout,A0_RAW,B1_track_nearest,,seed1027,16,1.0,0.00966183574879227,0.5625,0.01899736147757256,0.04932735426008968,0.5714285714285714,0.0,0.42857142857142855,0.0,0.0,1.0
TAO_TRAIN_GT_CONTROLLED_HELDOUT,representation_heldout,A0_RAW,B1_track_nearest,,seed1028,1,1.0,0.0,0.5,0.0,0.03587443946188341,0.42857142857142855,0.0,0.5714285714285714,0.0,0.0,1.0
TAO_TRAIN_GT_CONTROLLED_HELDOUT,representation_heldout,A0_RAW,B1_track_nearest,,seed1028,2,1.0,0.0,0.5,0.0,0.03587443946188341,0.42857142857142855,0.0,0.5714285714285714,0.0,0.0,1.0
TAO_TRAIN_GT_CONTROLLED_HELDOUT,representation_heldout,A0_RAW,B1_track_nearest,,seed1028,4,1.0,0.0,0.5,0.0,0.03587443946188341,0.42857142857142855,0.0,0.5714285714285714,0.0,0.0,1.0
TAO_TRAIN_GT_CONTROLLED_HELDOUT,representation_heldout,A0_RAW,B1_track_nearest,,seed1028,8,1.0,0.004830917874396135,0.5,0.009569377990430622,0.04035874439461883,0.42857142857142855,0.0,0.5714285714285714,0.0,0.0,1.0
TAO_TRAIN_GT_CONTROLLED_HELDOUT,representation_heldout,A0_RAW,B1_track_nearest,,seed1028,16,1.0,0.00966183574879227,0.5625,0.01899736147757256,0.04932735426008968,0.5714285714285714,0.0,0.42857142857142855,0.0,0.0,1.0
TAO_TRAIN_GT_CONTROLLED_HELDOUT,representation_heldout,A0_RAW,B1_track_nearest,,seed1029,1,1.0,0.0,0.3125,0.0,0.02242152466367713,0.1111111111111111,0.0,0.8888888888888888,0.0,0.0,1.0
TAO_TRAIN_GT_CONTROLLED_HELDOUT,representation_heldout,A0_RAW,B1_track_nearest,,seed1029,2,1.0,0.0,0.4375,0.0,0.03139013452914798,0.1111111111111111,0.0,0.8888888888888888,0.0,0.0,1.0
TAO_TRAIN_GT_CONTROLLED_HELDOUT,representation_heldout,A0_RAW,B1_track_nearest,,seed1029,4,1.0,0.0,0.4375,0.0,0.03139013452914798,0.1111111111111111,0.0,0.8888888888888888,0.0,0.0,1.0
TAO_TRAIN_GT_CONTROLLED_HELDOUT,representation_heldout,A0_RAW,B1_track_nearest,,seed1029,8,1.0,0.00966183574879227,0.5,0.01895734597156398,0.04484304932735426,0.2222222222222222,0.0,0.7777777777777778,0.0,0.0,1.0
TAO_TRAIN_GT_CONTROLLED_HELDOUT,representation_heldout,A0_RAW,B1_track_nearest,,seed1029,16,1.0,0.00966183574879227,0.5,0.01895734597156398,0.04484304932735426,0.2222222222222222,0.0,0.6666666666666666,0.0,0.0,1.0
TAO_TRAIN_GT_CONTROLLED_HELDOUT,representation_heldout,A0_RAW,B2_track_dpmeans,,main,1,1.0,0.014492753623188406,0.3125,0.027700831024930747,0.03587443946188341,0.0,0.0,1.0,0.0,0.0,1.0
TAO_TRAIN_GT_CONTROLLED_HELDOUT,representation_heldout,A0_RAW,B2_track_dpmeans,,main,2,1.0,0.028985507246376812,0.3125,0.05305039787798409,0.04932735426008968,0.0,0.0,1.0,0.0,0.0,1.0
TAO_TRAIN_GT_CONTROLLED_HELDOUT,representation_heldout,A0_RAW,B2_track_dpmeans,,main,4,1.0,0.04830917874396135,0.3125,0.08368200836820083,0.06726457399103139,0.0,0.0,1.0,0.0,0.0,1.0
TAO_TRAIN_GT_CONTROLLED_HELDOUT,representation_heldout,A0_RAW,B2_track_dpmeans,,main,8,1.0,0.04830917874396135,0.3125,0.08368200836820083,0.06726457399103139,0.0,0.0,1.0,0.0,0.0,1.0
TAO_TRAIN_GT_CONTROLLED_HELDOUT,representation_heldout,A0_RAW,B2_track_dpmeans,,main,16,1.0,0.06763285024154589,0.3125,0.11119936457505956,0.08520179372197309,0.0,0.0,0.8888888888888888,0.0,0.0,1.0
TAO_TRAIN_GT_CONTROLLED_HELDOUT,representation_heldout,A0_RAW,B2_track_dpmeans,,seed1027,1,1.0,0.014492753623188406,0.3125,0.027700831024930747,0.03587443946188341,0.0,0.0,0.8571428571428571,0.0,0.0,1.0
TAO_TRAIN_GT_CONTROLLED_HELDOUT,representation_heldout,A0_RAW,B2_track_dpmeans,,seed1027,2,1.0,0.028985507246376812,0.3125,0.05305039787798409,0.04932735426008968,0.0,0.0,0.8571428571428571,0.0,0.0,1.0
TAO_TRAIN_GT_CONTROLLED_HELDOUT,representation_heldout,A0_RAW,B2_track_dpmeans,,seed1027,4,1.0,0.05314009661835749,0.3125,0.09083402146985962,0.07174887892376682,0.0,0.0,0.7142857142857143,0.14285714285714285,0.0,1.0
TAO_TRAIN_GT_CONTROLLED_HELDOUT,representation_heldout,A0_RAW,B2_track_dpmeans,,seed1027,8,1.0,0.04830917874396135,0.3125,0.08368200836820083,0.06726457399103139,0.0,0.0,0.8571428571428571,0.0,0.0,1.0
TAO_TRAIN_GT_CONTROLLED_HELDOUT,representation_heldout,A0_RAW,B2_track_dpmeans,,seed1027,16,1.0,0.06763285024154589,0.3125,0.11119936457505956,0.08520179372197309,0.0,0.0,0.8571428571428571,0.0,0.0,1.0
TAO_TRAIN_GT_CONTROLLED_HELDOUT,representation_heldout,A0_RAW,B2_track_dpmeans,,seed1028,1,1.0,0.014492753623188406,0.3125,0.027700831024930747,0.03587443946188341,0.0,0.0,0.8571428571428571,0.0,0.0,1.0
TAO_TRAIN_GT_CONTROLLED_HELDOUT,representation_heldout,A0_RAW,B2_track_dpmeans,,seed1028,2,1.0,0.028985507246376812,0.3125,0.05305039787798409,0.04932735426008968,0.0,0.0,0.8571428571428571,0.0,0.0,1.0
TAO_TRAIN_GT_CONTROLLED_HELDOUT,representation_heldout,A0_RAW,B2_track_dpmeans,,seed1028,4,1.0,0.04830917874396135,0.3125,0.08368200836820083,0.06726457399103139,0.0,0.0,0.8571428571428571,0.0,0.0,1.0
TAO_TRAIN_GT_CONTROLLED_HELDOUT,representation_heldout,A0_RAW,B2_track_dpmeans,,seed1028,8,1.0,0.04830917874396135,0.3125,0.08368200836820083,0.06726457399103139,0.0,0.0,0.8571428571428571,0.0,0.0,1.0
TAO_TRAIN_GT_CONTROLLED_HELDOUT,representation_heldout,A0_RAW,B2_track_dpmeans,,seed1028,16,1.0,0.06763285024154589,0.3125,0.11119936457505956,0.08520179372197309,0.0,0.0,0.8571428571428571,0.0,0.0,1.0
TAO_TRAIN_GT_CONTROLLED_HELDOUT,representation_heldout,A0_RAW,B2_track_dpmeans,,seed1029,1,1.0,0.014492753623188406,0.3125,0.027700831024930747,0.03587443946188341,0.0,0.0,1.0,0.0,0.0,1.0
TAO_TRAIN_GT_CONTROLLED_HELDOUT,representation_heldout,A0_RAW,B2_track_dpmeans,,seed1029,2,1.0,0.028985507246376812,0.3125,0.05305039787798409,0.04932735426008968,0.0,0.0,1.0,0.0,0.0,1.0
TAO_TRAIN_GT_CONTROLLED_HELDOUT,representation_heldout,A0_RAW,B2_track_dpmeans,,seed1029,4,1.0,0.04830917874396135,0.3125,0.08368200836820083,0.06726457399103139,0.0,0.0,1.0,0.0,0.0,1.0
TAO_TRAIN_GT_CONTROLLED_HELDOUT,representation_heldout,A0_RAW,B2_track_dpmeans,,seed1029,8,1.0,0.04830917874396135,0.3125,0.08368200836820083,0.06726457399103139,0.0,0.0,1.0,0.0,0.0,1.0
TAO_TRAIN_GT_CONTROLLED_HELDOUT,representation_heldout,A0_RAW,B2_track_dpmeans,,seed1029,16,1.0,0.06763285024154589,0.3125,0.11119936457505956,0.08520179372197309,0.0,0.0,0.8888888888888888,0.0,0.0,1.0
TAO_TRAIN_GT_CONTROLLED_HELDOUT,representation_heldout,A1_ADAPTER,B1_track_nearest,1027,main,1,1.0,0.4396135265700483,0.5,0.46786632390745503,0.4439461883408072,0.2222222222222222,0.3333333333333333,0.4444444444444444,0.0,0.0,1.0
TAO_TRAIN_GT_CONTROLLED_HELDOUT,representation_heldout,A1_ADAPTER,B1_track_nearest,1027,main,2,1.0,0.5024154589371981,0.5,0.5012048192771085,0.5022421524663677,0.0,0.4444444444444444,0.5555555555555556,0.0,0.0,1.0
TAO_TRAIN_GT_CONTROLLED_HELDOUT,representation_heldout,A1_ADAPTER,B1_track_nearest,1027,main,4,1.0,0.5169082125603864,0.3125,0.389515835456862,0.5022421524663677,0.0,0.2222222222222222,0.6666666666666666,0.0,0.0,1.0
TAO_TRAIN_GT_CONTROLLED_HELDOUT,representation_heldout,A1_ADAPTER,B1_track_nearest,1027,main,8,1.0,0.5169082125603864,0.5,0.508313539192399,0.515695067264574,0.3333333333333333,0.3333333333333333,0.2222222222222222,0.0,0.0,1.0
TAO_TRAIN_GT_CONTROLLED_HELDOUT,representation_heldout,A1_ADAPTER,B1_track_nearest,1027,main,16,1.0,0.5217391304347826,0.4375,0.4759206798866855,0.515695067264574,0.0,0.7777777777777778,0.1111111111111111,0.0,0.0,1.0
TAO_TRAIN_GT_CONTROLLED_HELDOUT,representation_heldout,A1_ADAPTER,B1_track_nearest,1027,seed1027,1,1.0,0.42028985507246375,0.5,0.45669291338582674,0.4260089686098655,0.42857142857142855,0.0,0.5714285714285714,0.0,0.0,1.0
TAO_TRAIN_GT_CONTROLLED_HELDOUT,representation_heldout,A1_ADAPTER,B1_track_nearest,1027,seed1027,2,1.0,0.4975845410628019,0.5,0.49878934624697335,0.4977578475336323,0.42857142857142855,0.14285714285714285,0.2857142857142857,0.14285714285714285,0.0,1.0
TAO_TRAIN_GT_CONTROLLED_HELDOUT,representation_heldout,A1_ADAPTER,B1_track_nearest,1027,seed1027,4,1.0,0.5265700483091788,0.4375,0.477920450986533,0.5201793721973094,0.2857142857142857,0.2857142857142857,0.42857142857142855,0.0,0.0,1.0
TAO_TRAIN_GT_CONTROLLED_HELDOUT,representation_heldout,A1_ADAPTER,B1_track_nearest,1027,seed1027,8,1.0,0.5072463768115942,0.4375,0.4697986577181208,0.5022421524663677,0.2857142857142857,0.42857142857142855,0.2857142857142857,0.0,0.0,1.0
TAO_TRAIN_GT_CONTROLLED_HELDOUT,representation_heldout,A1_ADAPTER,B1_track_nearest,1027,seed1027,16,1.0,0.5314009661835749,0.4375,0.47990028046120287,0.5246636771300448,0.2857142857142857,0.2857142857142857,0.14285714285714285,0.2857142857142857,0.0,1.0
TAO_TRAIN_GT_CONTROLLED_HELDOUT,representation_heldout,A1_ADAPTER,B1_track_nearest,1027,seed1028,1,1.0,0.4492753623188406,0.5625,0.4995523724261415,0.45739910313901344,0.42857142857142855,0.14285714285714285,0.42857142857142855,0.0,0.0,1.0
TAO_TRAIN_GT_CONTROLLED_HELDOUT,representation_heldout,A1_ADAPTER,B1_track_nearest,1027,seed1028,2,1.0,0.4830917874396135,0.5625,0.519780537106555,0.48878923766816146,0.42857142857142855,0.2857142857142857,0.2857142857142857,0.0,0.0,1.0
TAO_TRAIN_GT_CONTROLLED_HELDOUT,representation_heldout,A1_ADAPTER,B1_track_nearest,1027,seed1028,4,1.0,0.5217391304347826,0.5,0.5106382978723404,0.5201793721973094,0.42857142857142855,0.14285714285714285,0.42857142857142855,0.0,0.0,1.0
TAO_TRAIN_GT_CONTROLLED_HELDOUT,representation_heldout,A1_ADAPTER,B1_track_nearest,1027,seed1028,8,1.0,0.5362318840579711,0.4375,0.48186046511627906,0.5291479820627802,0.2857142857142857,0.42857142857142855,0.2857142857142857,0.0,0.0,1.0
TAO_TRAIN_GT_CONTROLLED_HELDOUT,representation_heldout,A1_ADAPTER,B1_track_nearest,1027,seed1028,16,1.0,0.5217391304347826,0.4375,0.4759206798866855,0.515695067264574,0.2857142857142857,0.42857142857142855,0.14285714285714285,0.14285714285714285,0.0,1.0
TAO_TRAIN_GT_CONTROLLED_HELDOUT,representation_heldout,A1_ADAPTER,B1_track_nearest,1027,seed1029,1,1.0,0.4444444444444444,0.375,0.4067796610169491,0.43946188340807174,0.0,0.3333333333333333,0.6666666666666666,0.0,0.0,1.0
TAO_TRAIN_GT_CONTROLLED_HELDOUT,representation_heldout,A1_ADAPTER,B1_track_nearest,1027,seed1029,2,1.0,0.4927536231884058,0.4375,0.46348588120740025,0.48878923766816146,0.0,0.4444444444444444,0.5555555555555556,0.0,0.0,1.0
TAO_TRAIN_GT_CONTROLLED_HELDOUT,representation_heldout,A1_ADAPTER,B1_track_nearest,1027,seed1029,4,1.0,0.5314009661835749,0.375,0.4397068620919387,0.5201793721973094,0.0,0.1111111111111111,0.7777777777777778,0.0,0.0,1.0
TAO_TRAIN_GT_CONTROLLED_HELDOUT,representation_heldout,A1_ADAPTER,B1_track_nearest,1027,seed1029,8,1.0,0.5072463768115942,0.5,0.5035971223021583,0.5067264573991032,0.2222222222222222,0.2222222222222222,0.4444444444444444,0.0,0.0,1.0
TAO_TRAIN_GT_CONTROLLED_HELDOUT,representation_heldout,A1_ADAPTER,B1_track_nearest,1027,seed1029,16,1.0,0.5217391304347826,0.4375,0.4759206798866855,0.515695067264574,0.0,0.7777777777777778,0.2222222222222222,0.0,0.0,1.0
TAO_TRAIN_GT_CONTROLLED_HELDOUT,representation_heldout,A1_ADAPTER,B1_track_nearest,1028,main,1,1.0,0.5893719806763285,0.5,0.541019955654102,0.5829596412556054,0.5555555555555556,0.1111111111111111,0.2222222222222222,0.1111111111111111,0.0,1.0
TAO_TRAIN_GT_CONTROLLED_HELDOUT,representation_heldout,A1_ADAPTER,B1_track_nearest,1028,main,2,1.0,0.6473429951690821,0.5,0.5642105263157895,0.6367713004484304,0.2222222222222222,0.5555555555555556,0.0,0.2222222222222222,0.0,1.0
TAO_TRAIN_GT_CONTROLLED_HELDOUT,representation_heldout,A1_ADAPTER,B1_track_nearest,1028,main,4,1.0,0.6618357487922706,0.5,0.5696465696465697,0.6502242152466368,0.6666666666666666,0.1111111111111111,0.0,0.2222222222222222,0.0,1.0
TAO_TRAIN_GT_CONTROLLED_HELDOUT,representation_heldout,A1_ADAPTER,B1_track_nearest,1028,main,8,1.0,0.6473429951690821,0.4375,0.5221263568048984,0.6322869955156951,0.5555555555555556,0.1111111111111111,0.0,0.3333333333333333,0.0,1.0
TAO_TRAIN_GT_CONTROLLED_HELDOUT,representation_heldout,A1_ADAPTER,B1_track_nearest,1028,main,16,1.0,0.6618357487922706,0.375,0.47874199184624344,0.6412556053811659,0.4444444444444444,0.2222222222222222,0.1111111111111111,0.2222222222222222,0.0,1.0
TAO_TRAIN_GT_CONTROLLED_HELDOUT,representation_heldout,A1_ADAPTER,B1_track_nearest,1028,seed1027,1,1.0,0.5700483091787439,0.5,0.5327313769751694,0.5650224215246636,0.0,0.7142857142857143,0.2857142857142857,0.0,0.0,1.0
TAO_TRAIN_GT_CONTROLLED_HELDOUT,representation_heldout,A1_ADAPTER,B1_track_nearest,1028,seed1027,2,1.0,0.6521739130434783,0.5625,0.6040268456375839,0.6457399103139013,0.14285714285714285,0.0,0.5714285714285714,0.0,0.0,1.0
TAO_TRAIN_GT_CONTROLLED_HELDOUT,representation_heldout,A1_ADAPTER,B1_track_nearest,1028,seed1027,4,1.0,0.6570048309178744,0.625,0.6406029203956666,0.6547085201793722,0.0,0.5714285714285714,0.42857142857142855,0.0,0.0,1.0
TAO_TRAIN_GT_CONTROLLED_HELDOUT,representation_heldout,A1_ADAPTER,B1_track_nearest,1028,seed1027,8,1.0,0.6521739130434783,0.4375,0.5236907730673317,0.6367713004484304,0.0,0.5714285714285714,0.2857142857142857,0.14285714285714285,0.0,1.0
TAO_TRAIN_GT_CONTROLLED_HELDOUT,representation_heldout,A1_ADAPTER,B1_track_nearest,1028,seed1027,16,1.0,0.6618357487922706,0.5625,0.6081381011097411,0.6547085201793722,0.0,0.5714285714285714,0.0,0.42857142857142855,0.0,1.0
TAO_TRAIN_GT_CONTROLLED_HELDOUT,representation_heldout,A1_ADAPTER,B1_track_nearest,1028,seed1028,1,1.0,0.5893719806763285,0.5,0.541019955654102,0.5829596412556054,0.14285714285714285,0.42857142857142855,0.2857142857142857,0.14285714285714285,0.0,1.0
TAO_TRAIN_GT_CONTROLLED_HELDOUT,representation_heldout,A1_ADAPTER,B1_track_nearest,1028,seed1028,2,1.0,0.6473429951690821,0.5625,0.6019465934614425,0.6412556053811659,0.14285714285714285,0.14285714285714285,0.14285714285714285,0.2857142857142857,0.0,1.0
TAO_TRAIN_GT_CONTROLLED_HELDOUT,representation_heldout,A1_ADAPTER,B1_track_nearest,1028,seed1028,4,1.0,0.6618357487922706,0.5625,0.6081381011097411,0.6547085201793722,0.0,0.14285714285714285,0.2857142857142857,0.2857142857142857,0.0,1.0
TAO_TRAIN_GT_CONTROLLED_HELDOUT,representation_heldout,A1_ADAPTER,B1_track_nearest,1028,seed1028,8,1.0,0.6473429951690821,0.375,0.4748966331955109,0.6278026905829597,0.14285714285714285,0.0,0.14285714285714285,0.42857142857142855,0.0,1.0
TAO_TRAIN_GT_CONTROLLED_HELDOUT,representation_heldout,A1_ADAPTER,B1_track_nearest,1028,seed1028,16,1.0,0.6570048309178744,0.375,0.47747220596840256,0.6367713004484304,0.0,0.0,0.2857142857142857,0.42857142857142855,0.0,1.0
TAO_TRAIN_GT_CONTROLLED_HELDOUT,representation_heldout,A1_ADAPTER,B1_track_nearest,1028,seed1029,1,1.0,0.5797101449275363,0.5,0.5369127516778525,0.5739910313901345,0.2222222222222222,0.4444444444444444,0.3333333333333333,0.0,0.0,1.0
TAO_TRAIN_GT_CONTROLLED_HELDOUT,representation_heldout,A1_ADAPTER,B1_track_nearest,1028,seed1029,2,1.0,0.6521739130434783,0.5,0.5660377358490566,0.6412556053811659,0.2222222222222222,0.5555555555555556,0.1111111111111111,0.1111111111111111,0.0,1.0
TAO_TRAIN_GT_CONTROLLED_HELDOUT,representation_heldout,A1_ADAPTER,B1_track_nearest,1028,seed1029,4,1.0,0.6714975845410628,0.5,0.5731958762886599,0.6591928251121076,0.2222222222222222,0.5555555555555556,0.1111111111111111,0.1111111111111111,0.0,1.0
TAO_TRAIN_GT_CONTROLLED_HELDOUT,representation_heldout,A1_ADAPTER,B1_track_nearest,1028,seed1029,8,1.0,0.6666666666666666,0.4375,0.5283018867924528,0.6502242152466368,0.6666666666666666,0.0,0.1111111111111111,0.2222222222222222,0.0,1.0
TAO_TRAIN_GT_CONTROLLED_HELDOUT,representation_heldout,A1_ADAPTER,B1_track_nearest,1028,seed1029,16,1.0,0.6666666666666666,0.375,0.4800000000000001,0.6457399103139013,0.4444444444444444,0.0,0.2222222222222222,0.2222222222222222,0.0,1.0
TAO_TRAIN_GT_CONTROLLED_HELDOUT,representation_heldout,A1_ADAPTER,B1_track_nearest,1029,main,1,1.0,0.5458937198067633,0.5,0.5219399538106235,0.5426008968609866,0.3333333333333333,0.5555555555555556,0.1111111111111111,0.0,0.0,1.0
TAO_TRAIN_GT_CONTROLLED_HELDOUT,representation_heldout,A1_ADAPTER,B1_track_nearest,1029,main,2,1.0,0.6086956521739131,0.5,0.5490196078431373,0.600896860986547,0.2222222222222222,0.4444444444444444,0.2222222222222222,0.1111111111111111,0.0,1.0
TAO_TRAIN_GT_CONTROLLED_HELDOUT,representation_heldout,A1_ADAPTER,B1_track_nearest,1029,main,4,1.0,0.6570048309178744,0.5,0.5678496868475992,0.6457399103139013,0.3333333333333333,0.4444444444444444,0.2222222222222222,0.0,0.0,1.0
TAO_TRAIN_GT_CONTROLLED_HELDOUT,representation_heldout,A1_ADAPTER,B1_track_nearest,1029,main,8,1.0,0.7053140096618358,0.375,0.48965902738960315,0.6816143497757847,0.0,0.6666666666666666,0.1111111111111111,0.2222222222222222,0.0,1.0
TAO_TRAIN_GT_CONTROLLED_HELDOUT,representation_heldout,A1_ADAPTER,B1_track_nearest,1029,main,16,1.0,0.7198067632850241,0.5625,0.6315045914763362,0.7085201793721974,0.0,0.6666666666666666,0.0,0.3333333333333333,0.0,1.0
TAO_TRAIN_GT_CONTROLLED_HELDOUT,representation_heldout,A1_ADAPTER,B1_track_nearest,1029,seed1027,1,1.0,0.5458937198067633,0.5625,0.5540724598202125,0.547085201793722,0.0,0.7142857142857143,0.0,0.2857142857142857,0.0,1.0
TAO_TRAIN_GT_CONTROLLED_HELDOUT,representation_heldout,A1_ADAPTER,B1_track_nearest,1029,seed1027,2,1.0,0.6086956521739131,0.5625,0.5846867749419954,0.6053811659192825,0.14285714285714285,0.5714285714285714,0.0,0.2857142857142857,0.0,1.0
TAO_TRAIN_GT_CONTROLLED_HELDOUT,representation_heldout,A1_ADAPTER,B1_track_nearest,1029,seed1027,4,1.0,0.6570048309178744,0.4375,0.5252413793103448,0.6412556053811659,0.14285714285714285,0.42857142857142855,0.14285714285714285,0.2857142857142857,0.0,1.0
TAO_TRAIN_GT_CONTROLLED_HELDOUT,representation_heldout,A1_ADAPTER,B1_track_nearest,1029,seed1027,8,1.0,0.7053140096618358,0.375,0.48965902738960315,0.6816143497757847,0.14285714285714285,0.5714285714285714,0.0,0.2857142857142857,0.0,1.0
TAO_TRAIN_GT_CONTROLLED_HELDOUT,representation_heldout,A1_ADAPTER,B1_track_nearest,1029,seed1027,16,1.0,0.7198067632850241,0.375,0.4931053502482073,0.695067264573991,0.5714285714285714,0.0,0.0,0.42857142857142855,0.0,1.0
TAO_TRAIN_GT_CONTROLLED_HELDOUT,representation_heldout,A1_ADAPTER,B1_track_nearest,1029,seed1028,1,1.0,0.5410628019323671,0.5,0.5197215777262181,0.5381165919282511,0.0,0.7142857142857143,0.14285714285714285,0.14285714285714285,0.0,1.0
TAO_TRAIN_GT_CONTROLLED_HELDOUT,representation_heldout,A1_ADAPTER,B1_track_nearest,1029,seed1028,2,1.0,0.6086956521739131,0.5625,0.5846867749419954,0.6053811659192825,0.14285714285714285,0.5714285714285714,0.14285714285714285,0.14285714285714285,0.0,1.0
TAO_TRAIN_GT_CONTROLLED_HELDOUT,representation_heldout,A1_ADAPTER,B1_track_nearest,1029,seed1028,4,1.0,0.6280193236714976,0.5,0.556745182012848,0.6188340807174888,0.42857142857142855,0.2857142857142857,0.14285714285714285,0.14285714285714285,0.0,1.0
TAO_TRAIN_GT_CONTROLLED_HELDOUT,representation_heldout,A1_ADAPTER,B1_track_nearest,1029,seed1028,8,1.0,0.6859903381642513,0.4375,0.5342649825315776,0.6681614349775785,0.5714285714285714,0.0,0.14285714285714285,0.2857142857142857,0.0,1.0
TAO_TRAIN_GT_CONTROLLED_HELDOUT,representation_heldout,A1_ADAPTER,B1_track_nearest,1029,seed1028,16,1.0,0.7053140096618358,0.625,0.6627326373127553,0.6995515695067265,0.0,0.42857142857142855,0.0,0.5714285714285714,0.0,1.0
TAO_TRAIN_GT_CONTROLLED_HELDOUT,representation_heldout,A1_ADAPTER,B1_track_nearest,1029,seed1029,1,1.0,0.5507246376811594,0.5,0.5241379310344828,0.547085201793722,0.2222222222222222,0.5555555555555556,0.2222222222222222,0.0,0.0,1.0
TAO_TRAIN_GT_CONTROLLED_HELDOUT,representation_heldout,A1_ADAPTER,B1_track_nearest,1029,seed1029,2,1.0,0.6086956521739131,0.5625,0.5846867749419954,0.6053811659192825,0.0,0.5555555555555556,0.3333333333333333,0.1111111111111111,0.0,1.0
TAO_TRAIN_GT_CONTROLLED_HELDOUT,representation_heldout,A1_ADAPTER,B1_track_nearest,1029,seed1029,4,1.0,0.6618357487922706,0.5625,0.6081381011097411,0.6547085201793722,0.4444444444444444,0.2222222222222222,0.3333333333333333,0.0,0.0,1.0
TAO_TRAIN_GT_CONTROLLED_HELDOUT,representation_heldout,A1_ADAPTER,B1_track_nearest,1029,seed1029,8,1.0,0.7053140096618358,0.4375,0.5400264200792603,0.6860986547085202,0.2222222222222222,0.4444444444444444,0.2222222222222222,0.1111111111111111,0.0,1.0
TAO_TRAIN_GT_CONTROLLED_HELDOUT,representation_heldout,A1_ADAPTER,B1_track_nearest,1029,seed1029,16,1.0,0.7246376811594203,0.5,0.5917159763313609,0.7085201793721974,0.0,0.6666666666666666,0.0,0.3333333333333333,0.0,1.0
TAO_TRAIN_GT_CONTROLLED_HELDOUT,representation_heldout,A1_GEOMETRY_1,B1_track_nearest,1027,main,1,1.0,0.4782608695652174,0.5,0.4888888888888889,0.4798206278026906,0.2222222222222222,0.7777777777777778,0.0,0.0,0.0,1.0
TAO_TRAIN_GT_CONTROLLED_HELDOUT,representation_heldout,A1_GEOMETRY_1,B1_track_nearest,1027,main,2,1.0,0.5265700483091788,0.5,0.5129411764705882,0.5246636771300448,0.2222222222222222,0.6666666666666666,0.1111111111111111,0.0,0.0,1.0
TAO_TRAIN_GT_CONTROLLED_HELDOUT,representation_heldout,A1_GEOMETRY_1,B1_track_nearest,1027,main,4,1.0,0.5748792270531401,0.625,0.5988928032209361,0.57847533632287,0.1111111111111111,0.7777777777777778,0.1111111111111111,0.0,0.0,1.0
TAO_TRAIN_GT_CONTROLLED_HELDOUT,representation_heldout,A1_GEOMETRY_1,B1_track_nearest,1027,main,8,1.0,0.6086956521739131,0.4375,0.5090909090909091,0.5964125560538116,0.2222222222222222,0.5555555555555556,0.1111111111111111,0.1111111111111111,0.0,1.0
TAO_TRAIN_GT_CONTROLLED_HELDOUT,representation_heldout,A1_GEOMETRY_1,B1_track_nearest,1027,main,16,1.0,0.6231884057971014,0.4375,0.5140905209222886,0.6098654708520179,0.0,0.6666666666666666,0.1111111111111111,0.1111111111111111,0.0,1.0
TAO_TRAIN_GT_CONTROLLED_HELDOUT,representation_heldout,A1_GEOMETRY_1,B1_track_nearest,1027,seed1027,1,1.0,0.4830917874396135,0.5,0.4914004914004914,0.484304932735426,0.14285714285714285,0.5714285714285714,0.14285714285714285,0.14285714285714285,0.0,1.0
TAO_TRAIN_GT_CONTROLLED_HELDOUT,representation_heldout,A1_GEOMETRY_1,B1_track_nearest,1027,seed1027,2,1.0,0.5217391304347826,0.5,0.5106382978723404,0.5201793721973094,0.14285714285714285,0.5714285714285714,0.14285714285714285,0.14285714285714285,0.0,1.0
TAO_TRAIN_GT_CONTROLLED_HELDOUT,representation_heldout,A1_GEOMETRY_1,B1_track_nearest,1027,seed1027,4,1.0,0.5748792270531401,0.5625,0.5686222458189542,0.5739910313901345,0.0,0.7142857142857143,0.14285714285714285,0.14285714285714285,0.0,1.0
TAO_TRAIN_GT_CONTROLLED_HELDOUT,representation_heldout,A1_GEOMETRY_1,B1_track_nearest,1027,seed1027,8,1.0,0.6038647342995169,0.4375,0.5073934473760511,0.5919282511210763,0.14285714285714285,0.7142857142857143,0.0,0.14285714285714285,0.0,1.0
TAO_TRAIN_GT_CONTROLLED_HELDOUT,representation_heldout,A1_GEOMETRY_1,B1_track_nearest,1027,seed1027,16,1.0,0.6183574879227053,0.6875,0.6510982658959538,0.6233183856502242,0.0,0.7142857142857143,0.0,0.2857142857142857,0.0,1.0
TAO_TRAIN_GT_CONTROLLED_HELDOUT,representation_heldout,A1_GEOMETRY_1,B1_track_nearest,1027,seed1028,1,1.0,0.4975845410628019,0.625,0.5540613232920926,0.5067264573991032,0.0,0.8571428571428571,0.14285714285714285,0.0,0.0,1.0
TAO_TRAIN_GT_CONTROLLED_HELDOUT,representation_heldout,A1_GEOMETRY_1,B1_track_nearest,1027,seed1028,2,1.0,0.5217391304347826,0.5,0.5106382978723404,0.5201793721973094,0.14285714285714285,0.8571428571428571,0.0,0.0,0.0,1.0
TAO_TRAIN_GT_CONTROLLED_HELDOUT,representation_heldout,A1_GEOMETRY_1,B1_track_nearest,1027,seed1028,4,1.0,0.5507246376811594,0.6875,0.6115581565471836,0.5605381165919282,0.0,0.7142857142857143,0.2857142857142857,0.0,0.0,1.0
TAO_TRAIN_GT_CONTROLLED_HELDOUT,representation_heldout,A1_GEOMETRY_1,B1_track_nearest,1027,seed1028,8,1.0,0.6086956521739131,0.4375,0.5090909090909091,0.5964125560538116,0.0,0.7142857142857143,0.14285714285714285,0.14285714285714285,0.0,1.0
TAO_TRAIN_GT_CONTROLLED_HELDOUT,representation_heldout,A1_GEOMETRY_1,B1_track_nearest,1027,seed1028,16,1.0,0.6135265700483091,0.375,0.46548564447159435,0.5964125560538116,0.2857142857142857,0.5714285714285714,0.0,0.14285714285714285,0.0,1.0
TAO_TRAIN_GT_CONTROLLED_HELDOUT,representation_heldout,A1_GEOMETRY_1,B1_track_nearest,1027,seed1029,1,1.0,0.47342995169082125,0.4375,0.45475638051044087,0.47085201793721976,0.0,0.8888888888888888,0.1111111111111111,0.0,0.0,1.0
TAO_TRAIN_GT_CONTROLLED_HELDOUT,representation_heldout,A1_GEOMETRY_1,B1_track_nearest,1027,seed1029,2,1.0,0.4975845410628019,0.5,0.49878934624697335,0.4977578475336323,0.0,0.6666666666666666,0.2222222222222222,0.0,0.0,1.0
TAO_TRAIN_GT_CONTROLLED_HELDOUT,representation_heldout,A1_GEOMETRY_1,B1_track_nearest,1027,seed1029,4,1.0,0.5748792270531401,0.5625,0.5686222458189542,0.5739910313901345,0.1111111111111111,0.6666666666666666,0.2222222222222222,0.0,0.0,1.0
TAO_TRAIN_GT_CONTROLLED_HELDOUT,representation_heldout,A1_GEOMETRY_1,B1_track_nearest,1027,seed1029,8,1.0,0.6086956521739131,0.5,0.5490196078431373,0.600896860986547,0.0,0.7777777777777778,0.1111111111111111,0.1111111111111111,0.0,1.0
TAO_TRAIN_GT_CONTROLLED_HELDOUT,representation_heldout,A1_GEOMETRY_1,B1_track_nearest,1027,seed1029,16,1.0,0.6328502415458938,0.375,0.4709406830437387,0.6143497757847534,0.0,0.6666666666666666,0.2222222222222222,0.1111111111111111,0.0,1.0
TAO_TRAIN_GT_CONTROLLED_HELDOUT,representation_heldout,A1_GEOMETRY_1,B1_track_nearest,1028,main,1,1.0,0.42995169082125606,0.5,0.4623376623376623,0.4349775784753363,0.3333333333333333,0.4444444444444444,0.2222222222222222,0.0,0.0,1.0
TAO_TRAIN_GT_CONTROLLED_HELDOUT,representation_heldout,A1_GEOMETRY_1,B1_track_nearest,1028,main,2,1.0,0.46859903381642515,0.5,0.4837905236907731,0.47085201793721976,0.2222222222222222,0.7777777777777778,0.0,0.0,0.0,1.0
TAO_TRAIN_GT_CONTROLLED_HELDOUT,representation_heldout,A1_GEOMETRY_1,B1_track_nearest,1028,main,4,1.0,0.4830917874396135,0.4375,0.45916693998032143,0.4798206278026906,0.0,0.8888888888888888,0.1111111111111111,0.0,0.0,1.0
TAO_TRAIN_GT_CONTROLLED_HELDOUT,representation_heldout,A1_GEOMETRY_1,B1_track_nearest,1028,main,8,1.0,0.48792270531400966,0.5,0.49388753056234724,0.48878923766816146,0.0,0.6666666666666666,0.1111111111111111,0.0,0.0,1.0
TAO_TRAIN_GT_CONTROLLED_HELDOUT,representation_heldout,A1_GEOMETRY_1,B1_track_nearest,1028,main,16,1.0,0.5410628019323671,0.5,0.5197215777262181,0.5381165919282511,0.2222222222222222,0.7777777777777778,0.0,0.0,0.0,1.0
TAO_TRAIN_GT_CONTROLLED_HELDOUT,representation_heldout,A1_GEOMETRY_1,B1_track_nearest,1028,seed1027,1,1.0,0.43478260869565216,0.5,0.46511627906976744,0.43946188340807174,0.0,0.8571428571428571,0.14285714285714285,0.0,0.0,1.0
TAO_TRAIN_GT_CONTROLLED_HELDOUT,representation_heldout,A1_GEOMETRY_1,B1_track_nearest,1028,seed1027,2,1.0,0.47342995169082125,0.4375,0.45475638051044087,0.47085201793721976,0.0,0.8571428571428571,0.14285714285714285,0.0,0.0,1.0
TAO_TRAIN_GT_CONTROLLED_HELDOUT,representation_heldout,A1_GEOMETRY_1,B1_track_nearest,1028,seed1027,4,1.0,0.5120772946859904,0.625,0.5629314922995221,0.5201793721973094,0.0,1.0,0.0,0.0,0.0,1.0
TAO_TRAIN_GT_CONTROLLED_HELDOUT,representation_heldout,A1_GEOMETRY_1,B1_track_nearest,1028,seed1027,8,1.0,0.48792270531400966,0.5,0.49388753056234724,0.48878923766816146,0.14285714285714285,0.5714285714285714,0.2857142857142857,0.0,0.0,1.0
TAO_TRAIN_GT_CONTROLLED_HELDOUT,representation_heldout,A1_GEOMETRY_1,B1_track_nearest,1028,seed1027,16,1.0,0.5217391304347826,0.75,0.6153846153846153,0.5381165919282511,0.0,0.5714285714285714,0.42857142857142855,0.0,0.0,1.0
TAO_TRAIN_GT_CONTROLLED_HELDOUT,representation_heldout,A1_GEOMETRY_1,B1_track_nearest,1028,seed1028,1,1.0,0.42995169082125606,0.5,0.4623376623376623,0.4349775784753363,0.0,0.8571428571428571,0.14285714285714285,0.0,0.0,1.0
TAO_TRAIN_GT_CONTROLLED_HELDOUT,representation_heldout,A1_GEOMETRY_1,B1_track_nearest,1028,seed1028,2,1.0,0.47342995169082125,0.5,0.48635235732009924,0.47533632286995514,0.0,0.8571428571428571,0.14285714285714285,0.0,0.0,1.0
TAO_TRAIN_GT_CONTROLLED_HELDOUT,representation_heldout,A1_GEOMETRY_1,B1_track_nearest,1028,seed1028,4,1.0,0.48792270531400966,0.5625,0.5225639551595286,0.49327354260089684,0.0,0.2857142857142857,0.42857142857142855,0.0,0.0,1.0
TAO_TRAIN_GT_CONTROLLED_HELDOUT,representation_heldout,A1_GEOMETRY_1,B1_track_nearest,1028,seed1028,8,1.0,0.5120772946859904,0.5,0.5059665871121719,0.5112107623318386,0.14285714285714285,0.8571428571428571,0.0,0.0,0.0,1.0
TAO_TRAIN_GT_CONTROLLED_HELDOUT,representation_heldout,A1_GEOMETRY_1,B1_track_nearest,1028,seed1028,16,1.0,0.5169082125603864,0.5625,0.5387412587412587,0.5201793721973094,0.14285714285714285,0.7142857142857143,0.14285714285714285,0.0,0.0,1.0
TAO_TRAIN_GT_CONTROLLED_HELDOUT,representation_heldout,A1_GEOMETRY_1,B1_track_nearest,1028,seed1029,1,1.0,0.43478260869565216,0.5,0.46511627906976744,0.43946188340807174,0.0,0.7777777777777778,0.2222222222222222,0.0,0.0,1.0
TAO_TRAIN_GT_CONTROLLED_HELDOUT,representation_heldout,A1_GEOMETRY_1,B1_track_nearest,1028,seed1029,2,1.0,0.4782608695652174,0.5,0.4888888888888889,0.4798206278026906,0.0,0.8888888888888888,0.1111111111111111,0.0,0.0,1.0
TAO_TRAIN_GT_CONTROLLED_HELDOUT,representation_heldout,A1_GEOMETRY_1,B1_track_nearest,1028,seed1029,4,1.0,0.4927536231884058,0.5,0.4963503649635037,0.49327354260089684,0.0,0.7777777777777778,0.2222222222222222,0.0,0.0,1.0
TAO_TRAIN_GT_CONTROLLED_HELDOUT,representation_heldout,A1_GEOMETRY_1,B1_track_nearest,1028,seed1029,8,1.0,0.5217391304347826,0.5,0.5106382978723404,0.5201793721973094,0.0,0.8888888888888888,0.1111111111111111,0.0,0.0,1.0
TAO_TRAIN_GT_CONTROLLED_HELDOUT,representation_heldout,A1_GEOMETRY_1,B1_track_nearest,1028,seed1029,16,1.0,0.5362318840579711,0.4375,0.48186046511627906,0.5291479820627802,0.0,0.8888888888888888,0.1111111111111111,0.0,0.0,1.0
TAO_TRAIN_GT_CONTROLLED_HELDOUT,representation_heldout,A1_GEOMETRY_1,B1_track_nearest,1029,main,1,1.0,0.48792270531400966,0.3125,0.3809883062995097,0.47533632286995514,0.1111111111111111,0.0,0.8888888888888888,0.0,0.0,1.0
TAO_TRAIN_GT_CONTROLLED_HELDOUT,representation_heldout,A1_GEOMETRY_1,B1_track_nearest,1029,main,2,1.0,0.5410628019323671,0.375,0.44297956493078444,0.5291479820627802,0.1111111111111111,0.1111111111111111,0.7777777777777778,0.0,0.0,1.0
TAO_TRAIN_GT_CONTROLLED_HELDOUT,representation_heldout,A1_GEOMETRY_1,B1_track_nearest,1029,main,4,1.0,0.6231884057971014,0.4375,0.5140905209222886,0.6098654708520179,0.1111111111111111,0.1111111111111111,0.7777777777777778,0.0,0.0,1.0
TAO_TRAIN_GT_CONTROLLED_HELDOUT,representation_heldout,A1_GEOMETRY_1,B1_track_nearest,1029,main,8,1.0,0.6280193236714976,0.3125,0.4173354735152488,0.6053811659192825,0.0,0.1111111111111111,0.5555555555555556,0.1111111111111111,0.0,1.0
TAO_TRAIN_GT_CONTROLLED_HELDOUT,representation_heldout,A1_GEOMETRY_1,B1_track_nearest,1029,main,16,1.0,0.642512077294686,0.5,0.5623678646934461,0.6322869955156951,0.2222222222222222,0.1111111111111111,0.5555555555555556,0.0,0.0,1.0
TAO_TRAIN_GT_CONTROLLED_HELDOUT,representation_heldout,A1_GEOMETRY_1,B1_track_nearest,1029,seed1027,1,1.0,0.4830917874396135,0.4375,0.45916693998032143,0.4798206278026906,0.42857142857142855,0.0,0.42857142857142855,0.14285714285714285,0.0,1.0
TAO_TRAIN_GT_CONTROLLED_HELDOUT,representation_heldout,A1_GEOMETRY_1,B1_track_nearest,1029,seed1027,2,1.0,0.5314009661835749,0.375,0.4397068620919387,0.5201793721973094,0.2857142857142857,0.0,0.5714285714285714,0.14285714285714285,0.0,1.0
TAO_TRAIN_GT_CONTROLLED_HELDOUT,representation_heldout,A1_GEOMETRY_1,B1_track_nearest,1029,seed1027,4,1.0,0.6038647342995169,0.375,0.46267735965453427,0.5874439461883408,0.0,0.0,0.7142857142857143,0.0,0.0,1.0
TAO_TRAIN_GT_CONTROLLED_HELDOUT,representation_heldout,A1_GEOMETRY_1,B1_track_nearest,1029,seed1027,8,1.0,0.5942028985507246,0.375,0.45981308411214955,0.57847533632287,0.2857142857142857,0.0,0.5714285714285714,0.14285714285714285,0.0,1.0
TAO_TRAIN_GT_CONTROLLED_HELDOUT,representation_heldout,A1_GEOMETRY_1,B1_track_nearest,1029,seed1027,16,1.0,0.6521739130434783,0.4375,0.5236907730673317,0.6367713004484304,0.2857142857142857,0.0,0.42857142857142855,0.2857142857142857,0.0,1.0
TAO_TRAIN_GT_CONTROLLED_HELDOUT,representation_heldout,A1_GEOMETRY_1,B1_track_nearest,1029,seed1028,1,1.0,0.4251207729468599,0.4375,0.43122156107805387,0.4260089686098655,0.42857142857142855,0.0,0.42857142857142855,0.14285714285714285,0.0,1.0
TAO_TRAIN_GT_CONTROLLED_HELDOUT,representation_heldout,A1_GEOMETRY_1,B1_track_nearest,1029,seed1028,2,1.0,0.4975845410628019,0.375,0.427681660899654,0.48878923766816146,0.2857142857142857,0.14285714285714285,0.5714285714285714,0.0,0.0,1.0
TAO_TRAIN_GT_CONTROLLED_HELDOUT,representation_heldout,A1_GEOMETRY_1,B1_track_nearest,1029,seed1028,4,1.0,0.6038647342995169,0.375,0.46267735965453427,0.5874439461883408,0.0,0.14285714285714285,0.5714285714285714,0.0,0.0,1.0
TAO_TRAIN_GT_CONTROLLED_HELDOUT,representation_heldout,A1_GEOMETRY_1,B1_track_nearest,1029,seed1028,8,1.0,0.5893719806763285,0.375,0.4583594239198497,0.5739910313901345,0.2857142857142857,0.14285714285714285,0.42857142857142855,0.14285714285714285,0.0,1.0
TAO_TRAIN_GT_CONTROLLED_HELDOUT,representation_heldout,A1_GEOMETRY_1,B1_track_nearest,1029,seed1028,16,1.0,0.6618357487922706,0.4375,0.5267783575940675,0.6457399103139013,0.2857142857142857,0.14285714285714285,0.42857142857142855,0.14285714285714285,0.0,1.0
TAO_TRAIN_GT_CONTROLLED_HELDOUT,representation_heldout,A1_GEOMETRY_1,B1_track_nearest,1029,seed1029,1,1.0,0.48792270531400966,0.3125,0.3809883062995097,0.47533632286995514,0.1111111111111111,0.0,0.8888888888888888,0.0,0.0,1.0
TAO_TRAIN_GT_CONTROLLED_HELDOUT,representation_heldout,A1_GEOMETRY_1,B1_track_nearest,1029,seed1029,2,1.0,0.5362318840579711,0.375,0.441351888667992,0.5246636771300448,0.1111111111111111,0.0,0.8888888888888888,0.0,0.0,1.0
TAO_TRAIN_GT_CONTROLLED_HELDOUT,representation_heldout,A1_GEOMETRY_1,B1_track_nearest,1029,seed1029,4,1.0,0.6183574879227053,0.4375,0.5124392336288246,0.6053811659192825,0.1111111111111111,0.0,0.8888888888888888,0.0,0.0,1.0
TAO_TRAIN_GT_CONTROLLED_HELDOUT,representation_heldout,A1_GEOMETRY_1,B1_track_nearest,1029,seed1029,8,1.0,0.6280193236714976,0.3125,0.4173354735152488,0.6053811659192825,0.0,0.0,0.6666666666666666,0.1111111111111111,0.0,1.0
TAO_TRAIN_GT_CONTROLLED_HELDOUT,representation_heldout,A1_GEOMETRY_1,B1_track_nearest,1029,seed1029,16,1.0,0.6570048309178744,0.5,0.5678496868475992,0.6457399103139013,0.2222222222222222,0.0,0.5555555555555556,0.1111111111111111,0.0,1.0
TAO_TRAIN_GT_CONTROLLED_HELDOUT,representation_heldout,A1_GEOMETRY_5,B1_track_nearest,1027,main,1,1.0,0.357487922705314,0.3125,0.3334835511491663,0.3542600896860987,0.1111111111111111,0.0,0.8888888888888888,0.0,0.0,1.0
TAO_TRAIN_GT_CONTROLLED_HELDOUT,representation_heldout,A1_GEOMETRY_5,B1_track_nearest,1027,main,2,1.0,0.42028985507246375,0.3125,0.3584672435105068,0.4125560538116592,0.0,0.0,0.8888888888888888,0.0,0.0,1.0
TAO_TRAIN_GT_CONTROLLED_HELDOUT,representation_heldout,A1_GEOMETRY_5,B1_track_nearest,1027,main,4,1.0,0.5169082125603864,0.375,0.4346648612051455,0.5067264573991032,0.0,0.1111111111111111,0.7777777777777778,0.0,0.0,1.0
TAO_TRAIN_GT_CONTROLLED_HELDOUT,representation_heldout,A1_GEOMETRY_5,B1_track_nearest,1027,main,8,1.0,0.5458937198067633,0.5,0.5219399538106235,0.5426008968609866,0.2222222222222222,0.1111111111111111,0.6666666666666666,0.0,0.0,1.0
TAO_TRAIN_GT_CONTROLLED_HELDOUT,representation_heldout,A1_GEOMETRY_5,B1_track_nearest,1027,main,16,1.0,0.5362318840579711,0.5,0.5174825174825175,0.5336322869955157,0.2222222222222222,0.0,0.6666666666666666,0.1111111111111111,0.0,1.0
TAO_TRAIN_GT_CONTROLLED_HELDOUT,representation_heldout,A1_GEOMETRY_5,B1_track_nearest,1027,seed1027,1,1.0,0.357487922705314,0.375,0.36603462489694966,0.35874439461883406,0.14285714285714285,0.0,0.7142857142857143,0.0,0.0,1.0
TAO_TRAIN_GT_CONTROLLED_HELDOUT,representation_heldout,A1_GEOMETRY_5,B1_track_nearest,1027,seed1027,2,1.0,0.391304347826087,0.3125,0.3474903474903475,0.38565022421524664,0.0,0.0,0.8571428571428571,0.0,0.0,1.0
TAO_TRAIN_GT_CONTROLLED_HELDOUT,representation_heldout,A1_GEOMETRY_5,B1_track_nearest,1027,seed1027,4,1.0,0.4975845410628019,0.375,0.427681660899654,0.48878923766816146,0.0,0.0,0.7142857142857143,0.0,0.0,1.0
TAO_TRAIN_GT_CONTROLLED_HELDOUT,representation_heldout,A1_GEOMETRY_5,B1_track_nearest,1027,seed1027,8,1.0,0.5120772946859904,0.375,0.4329475833900613,0.5022421524663677,0.0,0.0,0.7142857142857143,0.0,0.0,1.0
TAO_TRAIN_GT_CONTROLLED_HELDOUT,representation_heldout,A1_GEOMETRY_5,B1_track_nearest,1027,seed1027,16,1.0,0.5024154589371981,0.375,0.42945629731589813,0.49327354260089684,0.14285714285714285,0.14285714285714285,0.42857142857142855,0.14285714285714285,0.0,1.0
TAO_TRAIN_GT_CONTROLLED_HELDOUT,representation_heldout,A1_GEOMETRY_5,B1_track_nearest,1027,seed1028,1,1.0,0.357487922705314,0.375,0.36603462489694966,0.35874439461883406,0.14285714285714285,0.0,0.7142857142857143,0.0,0.0,1.0
TAO_TRAIN_GT_CONTROLLED_HELDOUT,representation_heldout,A1_GEOMETRY_5,B1_track_nearest,1027,seed1028,2,1.0,0.42028985507246375,0.3125,0.3584672435105068,0.4125560538116592,0.0,0.0,0.8571428571428571,0.0,0.0,1.0
TAO_TRAIN_GT_CONTROLLED_HELDOUT,representation_heldout,A1_GEOMETRY_5,B1_track_nearest,1027,seed1028,4,1.0,0.5217391304347826,0.375,0.43636363636363634,0.5112107623318386,0.0,0.14285714285714285,0.5714285714285714,0.0,0.0,1.0
TAO_TRAIN_GT_CONTROLLED_HELDOUT,representation_heldout,A1_GEOMETRY_5,B1_track_nearest,1027,seed1028,8,1.0,0.5507246376811594,0.375,0.4461839530332681,0.5381165919282511,0.0,0.14285714285714285,0.5714285714285714,0.0,0.0,1.0
TAO_TRAIN_GT_CONTROLLED_HELDOUT,representation_heldout,A1_GEOMETRY_5,B1_track_nearest,1027,seed1028,16,1.0,0.5314009661835749,0.3125,0.3935599284436494,0.515695067264574,0.14285714285714285,0.0,0.42857142857142855,0.2857142857142857,0.0,1.0
TAO_TRAIN_GT_CONTROLLED_HELDOUT,representation_heldout,A1_GEOMETRY_5,B1_track_nearest,1027,seed1029,1,1.0,0.357487922705314,0.3125,0.3334835511491663,0.3542600896860987,0.1111111111111111,0.0,0.8888888888888888,0.0,0.0,1.0
TAO_TRAIN_GT_CONTROLLED_HELDOUT,representation_heldout,A1_GEOMETRY_5,B1_track_nearest,1027,seed1029,2,1.0,0.41545893719806765,0.3125,0.35669846536706756,0.4080717488789238,0.0,0.0,0.8888888888888888,0.0,0.0,1.0
TAO_TRAIN_GT_CONTROLLED_HELDOUT,representation_heldout,A1_GEOMETRY_5,B1_track_nearest,1027,seed1029,4,1.0,0.5169082125603864,0.375,0.4346648612051455,0.5067264573991032,0.0,0.0,0.8888888888888888,0.0,0.0,1.0
TAO_TRAIN_GT_CONTROLLED_HELDOUT,representation_heldout,A1_GEOMETRY_5,B1_track_nearest,1027,seed1029,8,1.0,0.5410628019323671,0.5,0.5197215777262181,0.5381165919282511,0.2222222222222222,0.0,0.7777777777777778,0.0,0.0,1.0
TAO_TRAIN_GT_CONTROLLED_HELDOUT,representation_heldout,A1_GEOMETRY_5,B1_track_nearest,1027,seed1029,16,1.0,0.5265700483091788,0.4375,0.477920450986533,0.5201793721973094,0.2222222222222222,0.0,0.6666666666666666,0.1111111111111111,0.0,1.0
TAO_TRAIN_GT_CONTROLLED_HELDOUT,representation_heldout,A1_GEOMETRY_5,B1_track_nearest,1028,main,1,1.0,0.3719806763285024,0.5,0.4265927977839335,0.3811659192825112,0.0,0.7777777777777778,0.2222222222222222,0.0,0.0,1.0
TAO_TRAIN_GT_CONTROLLED_HELDOUT,representation_heldout,A1_GEOMETRY_5,B1_track_nearest,1028,main,2,1.0,0.4396135265700483,0.5,0.46786632390745503,0.4439461883408072,0.2222222222222222,0.5555555555555556,0.2222222222222222,0.0,0.0,1.0
TAO_TRAIN_GT_CONTROLLED_HELDOUT,representation_heldout,A1_GEOMETRY_5,B1_track_nearest,1028,main,4,1.0,0.42995169082125606,0.5,0.4623376623376623,0.4349775784753363,0.2222222222222222,0.4444444444444444,0.2222222222222222,0.0,0.0,1.0
TAO_TRAIN_GT_CONTROLLED_HELDOUT,representation_heldout,A1_GEOMETRY_5,B1_track_nearest,1028,main,8,1.0,0.4975845410628019,0.5,0.49878934624697335,0.4977578475336323,0.2222222222222222,0.5555555555555556,0.1111111111111111,0.0,0.0,1.0
TAO_TRAIN_GT_CONTROLLED_HELDOUT,representation_heldout,A1_GEOMETRY_5,B1_track_nearest,1028,main,16,1.0,0.48792270531400966,0.5625,0.5225639551595286,0.49327354260089684,0.2222222222222222,0.7777777777777778,0.0,0.0,0.0,1.0
TAO_TRAIN_GT_CONTROLLED_HELDOUT,representation_heldout,A1_GEOMETRY_5,B1_track_nearest,1028,seed1027,1,1.0,0.36231884057971014,0.5,0.4201680672268907,0.3721973094170404,0.0,0.7142857142857143,0.2857142857142857,0.0,0.0,1.0
TAO_TRAIN_GT_CONTROLLED_HELDOUT,representation_heldout,A1_GEOMETRY_5,B1_track_nearest,1028,seed1027,2,1.0,0.42995169082125606,0.375,0.4006001500375094,0.4260089686098655,0.0,0.8571428571428571,0.14285714285714285,0.0,0.0,1.0
TAO_TRAIN_GT_CONTROLLED_HELDOUT,representation_heldout,A1_GEOMETRY_5,B1_track_nearest,1028,seed1027,4,1.0,0.4057971014492754,0.625,0.492091388400703,0.42152466367713004,0.0,1.0,0.0,0.0,0.0,1.0
TAO_TRAIN_GT_CONTROLLED_HELDOUT,representation_heldout,A1_GEOMETRY_5,B1_track_nearest,1028,seed1027,8,1.0,0.5024154589371981,0.5,0.5012048192771085,0.5022421524663677,0.14285714285714285,0.7142857142857143,0.14285714285714285,0.0,0.0,1.0
TAO_TRAIN_GT_CONTROLLED_HELDOUT,representation_heldout,A1_GEOMETRY_5,B1_track_nearest,1028,seed1027,16,1.0,0.47342995169082125,0.625,0.5387575590984057,0.484304932735426,0.0,0.5714285714285714,0.42857142857142855,0.0,0.0,1.0
TAO_TRAIN_GT_CONTROLLED_HELDOUT,representation_heldout,A1_GEOMETRY_5,B1_track_nearest,1028,seed1028,1,1.0,0.3719806763285024,0.5,0.4265927977839335,0.3811659192825112,0.0,1.0,0.0,0.0,0.0,1.0
TAO_TRAIN_GT_CONTROLLED_HELDOUT,representation_heldout,A1_GEOMETRY_5,B1_track_nearest,1028,seed1028,2,1.0,0.4396135265700483,0.5,0.46786632390745503,0.4439461883408072,0.0,0.8571428571428571,0.14285714285714285,0.0,0.0,1.0
TAO_TRAIN_GT_CONTROLLED_HELDOUT,representation_heldout,A1_GEOMETRY_5,B1_track_nearest,1028,seed1028,4,1.0,0.42995169082125606,0.5,0.4623376623376623,0.4349775784753363,0.0,0.2857142857142857,0.42857142857142855,0.0,0.0,1.0
TAO_TRAIN_GT_CONTROLLED_HELDOUT,representation_heldout,A1_GEOMETRY_5,B1_track_nearest,1028,seed1028,8,1.0,0.4927536231884058,0.5,0.4963503649635037,0.49327354260089684,0.14285714285714285,0.8571428571428571,0.0,0.0,0.0,1.0
TAO_TRAIN_GT_CONTROLLED_HELDOUT,representation_heldout,A1_GEOMETRY_5,B1_track_nearest,1028,seed1028,16,1.0,0.5024154589371981,0.5,0.5012048192771085,0.5022421524663677,0.0,0.8571428571428571,0.14285714285714285,0.0,0.0,1.0
TAO_TRAIN_GT_CONTROLLED_HELDOUT,representation_heldout,A1_GEOMETRY_5,B1_track_nearest,1028,seed1029,1,1.0,0.34782608695652173,0.5,0.41025641025641024,0.35874439461883406,0.0,0.6666666666666666,0.3333333333333333,0.0,0.0,1.0
TAO_TRAIN_GT_CONTROLLED_HELDOUT,representation_heldout,A1_GEOMETRY_5,B1_track_nearest,1028,seed1029,2,1.0,0.4396135265700483,0.4375,0.43855421686746987,0.43946188340807174,0.0,0.6666666666666666,0.3333333333333333,0.0,0.0,1.0
TAO_TRAIN_GT_CONTROLLED_HELDOUT,representation_heldout,A1_GEOMETRY_5,B1_track_nearest,1028,seed1029,4,1.0,0.42995169082125606,0.5625,0.4873745056282325,0.43946188340807174,0.1111111111111111,0.8888888888888888,0.0,0.0,0.0,1.0
TAO_TRAIN_GT_CONTROLLED_HELDOUT,representation_heldout,A1_GEOMETRY_5,B1_track_nearest,1028,seed1029,8,1.0,0.48792270531400966,0.4375,0.4613376835236542,0.484304932735426,0.0,0.8888888888888888,0.1111111111111111,0.0,0.0,1.0
TAO_TRAIN_GT_CONTROLLED_HELDOUT,representation_heldout,A1_GEOMETRY_5,B1_track_nearest,1028,seed1029,16,1.0,0.4975845410628019,0.4375,0.46561188246690344,0.49327354260089684,0.0,0.8888888888888888,0.1111111111111111,0.0,0.0,1.0
TAO_TRAIN_GT_CONTROLLED_HELDOUT,representation_heldout,A1_GEOMETRY_5,B1_track_nearest,1029,main,1,1.0,0.3961352657004831,0.3125,0.3493821900298253,0.3901345291479821,0.0,0.0,1.0,0.0,0.0,1.0
TAO_TRAIN_GT_CONTROLLED_HELDOUT,representation_heldout,A1_GEOMETRY_5,B1_track_nearest,1029,main,2,1.0,0.4830917874396135,0.375,0.42223786066150604,0.47533632286995514,0.1111111111111111,0.1111111111111111,0.7777777777777778,0.0,0.0,1.0
TAO_TRAIN_GT_CONTROLLED_HELDOUT,representation_heldout,A1_GEOMETRY_5,B1_track_nearest,1029,main,4,1.0,0.5410628019323671,0.4375,0.4838012958963283,0.5336322869955157,0.1111111111111111,0.1111111111111111,0.7777777777777778,0.0,0.0,1.0
TAO_TRAIN_GT_CONTROLLED_HELDOUT,representation_heldout,A1_GEOMETRY_5,B1_track_nearest,1029,main,8,1.0,0.5942028985507246,0.3125,0.4095904095904096,0.5739910313901345,0.0,0.1111111111111111,0.6666666666666666,0.0,0.0,1.0
TAO_TRAIN_GT_CONTROLLED_HELDOUT,representation_heldout,A1_GEOMETRY_5,B1_track_nearest,1029,main,16,1.0,0.6231884057971014,0.5,0.5548387096774193,0.6143497757847534,0.2222222222222222,0.1111111111111111,0.5555555555555556,0.0,0.0,1.0
TAO_TRAIN_GT_CONTROLLED_HELDOUT,representation_heldout,A1_GEOMETRY_5,B1_track_nearest,1029,seed1027,1,1.0,0.3864734299516908,0.3125,0.3455723542116631,0.3811659192825112,0.0,0.0,0.8571428571428571,0.0,0.0,1.0
TAO_TRAIN_GT_CONTROLLED_HELDOUT,representation_heldout,A1_GEOMETRY_5,B1_track_nearest,1029,seed1027,2,1.0,0.45893719806763283,0.375,0.4127443881245474,0.452914798206278,0.2857142857142857,0.0,0.7142857142857143,0.0,0.0,1.0
TAO_TRAIN_GT_CONTROLLED_HELDOUT,representation_heldout,A1_GEOMETRY_5,B1_track_nearest,1029,seed1027,4,1.0,0.5314009661835749,0.375,0.4397068620919387,0.5201793721973094,0.0,0.0,0.7142857142857143,0.0,0.0,1.0
TAO_TRAIN_GT_CONTROLLED_HELDOUT,representation_heldout,A1_GEOMETRY_5,B1_track_nearest,1029,seed1027,8,1.0,0.5700483091787439,0.4375,0.49505543901708127,0.5605381165919282,0.2857142857142857,0.0,0.7142857142857143,0.0,0.0,1.0
TAO_TRAIN_GT_CONTROLLED_HELDOUT,representation_heldout,A1_GEOMETRY_5,B1_track_nearest,1029,seed1027,16,1.0,0.6086956521739131,0.4375,0.5090909090909091,0.5964125560538116,0.2857142857142857,0.0,0.42857142857142855,0.2857142857142857,0.0,1.0
TAO_TRAIN_GT_CONTROLLED_HELDOUT,representation_heldout,A1_GEOMETRY_5,B1_track_nearest,1029,seed1028,1,1.0,0.41545893719806765,0.3125,0.35669846536706756,0.4080717488789238,0.0,0.0,0.8571428571428571,0.0,0.0,1.0
TAO_TRAIN_GT_CONTROLLED_HELDOUT,representation_heldout,A1_GEOMETRY_5,B1_track_nearest,1029,seed1028,2,1.0,0.45893719806763283,0.375,0.4127443881245474,0.452914798206278,0.2857142857142857,0.14285714285714285,0.5714285714285714,0.0,0.0,1.0
TAO_TRAIN_GT_CONTROLLED_HELDOUT,representation_heldout,A1_GEOMETRY_5,B1_track_nearest,1029,seed1028,4,1.0,0.5265700483091788,0.375,0.4380442062960482,0.515695067264574,0.0,0.14285714285714285,0.5714285714285714,0.0,0.0,1.0
TAO_TRAIN_GT_CONTROLLED_HELDOUT,representation_heldout,A1_GEOMETRY_5,B1_track_nearest,1029,seed1028,8,1.0,0.5652173913043478,0.4375,0.49322493224932257,0.5560538116591929,0.2857142857142857,0.14285714285714285,0.5714285714285714,0.0,0.0,1.0
TAO_TRAIN_GT_CONTROLLED_HELDOUT,representation_heldout,A1_GEOMETRY_5,B1_track_nearest,1029,seed1028,16,1.0,0.5990338164251208,0.4375,0.5056801631226333,0.5874439461883408,0.2857142857142857,0.14285714285714285,0.42857142857142855,0.14285714285714285,0.0,1.0
TAO_TRAIN_GT_CONTROLLED_HELDOUT,representation_heldout,A1_GEOMETRY_5,B1_track_nearest,1029,seed1029,1,1.0,0.4251207729468599,0.3125,0.36021285304952927,0.4170403587443946,0.0,0.0,1.0,0.0,0.0,1.0
TAO_TRAIN_GT_CONTROLLED_HELDOUT,representation_heldout,A1_GEOMETRY_5,B1_track_nearest,1029,seed1029,2,1.0,0.48792270531400966,0.375,0.4240727781665501,0.4798206278026906,0.1111111111111111,0.0,0.8888888888888888,0.0,0.0,1.0
TAO_TRAIN_GT_CONTROLLED_HELDOUT,representation_heldout,A1_GEOMETRY_5,B1_track_nearest,1029,seed1029,4,1.0,0.5410628019323671,0.4375,0.4838012958963283,0.5336322869955157,0.1111111111111111,0.0,0.8888888888888888,0.0,0.0,1.0
TAO_TRAIN_GT_CONTROLLED_HELDOUT,representation_heldout,A1_GEOMETRY_5,B1_track_nearest,1029,seed1029,8,1.0,0.5893719806763285,0.3125,0.4084365584198192,0.5695067264573991,0.0,0.0,0.7777777777777778,0.0,0.0,1.0
TAO_TRAIN_GT_CONTROLLED_HELDOUT,representation_heldout,A1_GEOMETRY_5,B1_track_nearest,1029,seed1029,16,1.0,0.6280193236714976,0.5,0.556745182012848,0.6188340807174888,0.2222222222222222,0.0,0.5555555555555556,0.1111111111111111,0.0,1.0
TAO_TRAIN_GT_CONTROLLED_HELDOUT,representation_heldout,A1_SELECTED,B1_track_nearest,1027,main,1,1.0,0.4396135265700483,0.5,0.46786632390745503,0.4439461883408072,0.2222222222222222,0.3333333333333333,0.4444444444444444,0.0,0.0,1.0
TAO_TRAIN_GT_CONTROLLED_HELDOUT,representation_heldout,A1_SELECTED,B1_track_nearest,1027,main,2,1.0,0.5024154589371981,0.5,0.5012048192771085,0.5022421524663677,0.0,0.4444444444444444,0.5555555555555556,0.0,0.0,1.0
TAO_TRAIN_GT_CONTROLLED_HELDOUT,representation_heldout,A1_SELECTED,B1_track_nearest,1027,main,4,1.0,0.5169082125603864,0.3125,0.389515835456862,0.5022421524663677,0.0,0.2222222222222222,0.6666666666666666,0.0,0.0,1.0
TAO_TRAIN_GT_CONTROLLED_HELDOUT,representation_heldout,A1_SELECTED,B1_track_nearest,1027,main,8,1.0,0.5169082125603864,0.5,0.508313539192399,0.515695067264574,0.3333333333333333,0.3333333333333333,0.2222222222222222,0.0,0.0,1.0
TAO_TRAIN_GT_CONTROLLED_HELDOUT,representation_heldout,A1_SELECTED,B1_track_nearest,1027,main,16,1.0,0.5217391304347826,0.4375,0.4759206798866855,0.515695067264574,0.0,0.7777777777777778,0.1111111111111111,0.0,0.0,1.0
TAO_TRAIN_GT_CONTROLLED_HELDOUT,representation_heldout,A1_SELECTED,B1_track_nearest,1027,seed1027,1,1.0,0.42028985507246375,0.5,0.45669291338582674,0.4260089686098655,0.42857142857142855,0.0,0.5714285714285714,0.0,0.0,1.0
TAO_TRAIN_GT_CONTROLLED_HELDOUT,representation_heldout,A1_SELECTED,B1_track_nearest,1027,seed1027,2,1.0,0.4975845410628019,0.5,0.49878934624697335,0.4977578475336323,0.42857142857142855,0.14285714285714285,0.2857142857142857,0.14285714285714285,0.0,1.0
TAO_TRAIN_GT_CONTROLLED_HELDOUT,representation_heldout,A1_SELECTED,B1_track_nearest,1027,seed1027,4,1.0,0.5265700483091788,0.4375,0.477920450986533,0.5201793721973094,0.2857142857142857,0.2857142857142857,0.42857142857142855,0.0,0.0,1.0
TAO_TRAIN_GT_CONTROLLED_HELDOUT,representation_heldout,A1_SELECTED,B1_track_nearest,1027,seed1027,8,1.0,0.5072463768115942,0.4375,0.4697986577181208,0.5022421524663677,0.2857142857142857,0.42857142857142855,0.2857142857142857,0.0,0.0,1.0
TAO_TRAIN_GT_CONTROLLED_HELDOUT,representation_heldout,A1_SELECTED,B1_track_nearest,1027,seed1027,16,1.0,0.5314009661835749,0.4375,0.47990028046120287,0.5246636771300448,0.2857142857142857,0.2857142857142857,0.14285714285714285,0.2857142857142857,0.0,1.0
TAO_TRAIN_GT_CONTROLLED_HELDOUT,representation_heldout,A1_SELECTED,B1_track_nearest,1027,seed1028,1,1.0,0.4492753623188406,0.5625,0.4995523724261415,0.45739910313901344,0.42857142857142855,0.14285714285714285,0.42857142857142855,0.0,0.0,1.0
TAO_TRAIN_GT_CONTROLLED_HELDOUT,representation_heldout,A1_SELECTED,B1_track_nearest,1027,seed1028,2,1.0,0.4830917874396135,0.5625,0.519780537106555,0.48878923766816146,0.42857142857142855,0.2857142857142857,0.2857142857142857,0.0,0.0,1.0
TAO_TRAIN_GT_CONTROLLED_HELDOUT,representation_heldout,A1_SELECTED,B1_track_nearest,1027,seed1028,4,1.0,0.5217391304347826,0.5,0.5106382978723404,0.5201793721973094,0.42857142857142855,0.14285714285714285,0.42857142857142855,0.0,0.0,1.0
TAO_TRAIN_GT_CONTROLLED_HELDOUT,representation_heldout,A1_SELECTED,B1_track_nearest,1027,seed1028,8,1.0,0.5362318840579711,0.4375,0.48186046511627906,0.5291479820627802,0.2857142857142857,0.42857142857142855,0.2857142857142857,0.0,0.0,1.0
TAO_TRAIN_GT_CONTROLLED_HELDOUT,representation_heldout,A1_SELECTED,B1_track_nearest,1027,seed1028,16,1.0,0.5217391304347826,0.4375,0.4759206798866855,0.515695067264574,0.2857142857142857,0.42857142857142855,0.14285714285714285,0.14285714285714285,0.0,1.0
TAO_TRAIN_GT_CONTROLLED_HELDOUT,representation_heldout,A1_SELECTED,B1_track_nearest,1027,seed1029,1,1.0,0.4444444444444444,0.375,0.4067796610169491,0.43946188340807174,0.0,0.3333333333333333,0.6666666666666666,0.0,0.0,1.0
TAO_TRAIN_GT_CONTROLLED_HELDOUT,representation_heldout,A1_SELECTED,B1_track_nearest,1027,seed1029,2,1.0,0.4927536231884058,0.4375,0.46348588120740025,0.48878923766816146,0.0,0.4444444444444444,0.5555555555555556,0.0,0.0,1.0
TAO_TRAIN_GT_CONTROLLED_HELDOUT,representation_heldout,A1_SELECTED,B1_track_nearest,1027,seed1029,4,1.0,0.5314009661835749,0.375,0.4397068620919387,0.5201793721973094,0.0,0.1111111111111111,0.7777777777777778,0.0,0.0,1.0
TAO_TRAIN_GT_CONTROLLED_HELDOUT,representation_heldout,A1_SELECTED,B1_track_nearest,1027,seed1029,8,1.0,0.5072463768115942,0.5,0.5035971223021583,0.5067264573991032,0.2222222222222222,0.2222222222222222,0.4444444444444444,0.0,0.0,1.0
TAO_TRAIN_GT_CONTROLLED_HELDOUT,representation_heldout,A1_SELECTED,B1_track_nearest,1027,seed1029,16,1.0,0.5217391304347826,0.4375,0.4759206798866855,0.515695067264574,0.0,0.7777777777777778,0.2222222222222222,0.0,0.0,1.0
TAO_TRAIN_GT_CONTROLLED_HELDOUT,representation_heldout,A1_SELECTED,B1_track_nearest,1028,main,1,1.0,0.5893719806763285,0.5,0.541019955654102,0.5829596412556054,0.5555555555555556,0.1111111111111111,0.2222222222222222,0.1111111111111111,0.0,1.0
TAO_TRAIN_GT_CONTROLLED_HELDOUT,representation_heldout,A1_SELECTED,B1_track_nearest,1028,main,2,1.0,0.6473429951690821,0.5,0.5642105263157895,0.6367713004484304,0.2222222222222222,0.5555555555555556,0.0,0.2222222222222222,0.0,1.0
TAO_TRAIN_GT_CONTROLLED_HELDOUT,representation_heldout,A1_SELECTED,B1_track_nearest,1028,main,4,1.0,0.6618357487922706,0.5,0.5696465696465697,0.6502242152466368,0.6666666666666666,0.1111111111111111,0.0,0.2222222222222222,0.0,1.0
TAO_TRAIN_GT_CONTROLLED_HELDOUT,representation_heldout,A1_SELECTED,B1_track_nearest,1028,main,8,1.0,0.6473429951690821,0.4375,0.5221263568048984,0.6322869955156951,0.5555555555555556,0.1111111111111111,0.0,0.3333333333333333,0.0,1.0
TAO_TRAIN_GT_CONTROLLED_HELDOUT,representation_heldout,A1_SELECTED,B1_track_nearest,1028,main,16,1.0,0.6618357487922706,0.375,0.47874199184624344,0.6412556053811659,0.4444444444444444,0.2222222222222222,0.1111111111111111,0.2222222222222222,0.0,1.0
TAO_TRAIN_GT_CONTROLLED_HELDOUT,representation_heldout,A1_SELECTED,B1_track_nearest,1028,seed1027,1,1.0,0.5700483091787439,0.5,0.5327313769751694,0.5650224215246636,0.0,0.7142857142857143,0.2857142857142857,0.0,0.0,1.0
TAO_TRAIN_GT_CONTROLLED_HELDOUT,representation_heldout,A1_SELECTED,B1_track_nearest,1028,seed1027,2,1.0,0.6521739130434783,0.5625,0.6040268456375839,0.6457399103139013,0.14285714285714285,0.0,0.5714285714285714,0.0,0.0,1.0
TAO_TRAIN_GT_CONTROLLED_HELDOUT,representation_heldout,A1_SELECTED,B1_track_nearest,1028,seed1027,4,1.0,0.6570048309178744,0.625,0.6406029203956666,0.6547085201793722,0.0,0.5714285714285714,0.42857142857142855,0.0,0.0,1.0
TAO_TRAIN_GT_CONTROLLED_HELDOUT,representation_heldout,A1_SELECTED,B1_track_nearest,1028,seed1027,8,1.0,0.6521739130434783,0.4375,0.5236907730673317,0.6367713004484304,0.0,0.5714285714285714,0.2857142857142857,0.14285714285714285,0.0,1.0
TAO_TRAIN_GT_CONTROLLED_HELDOUT,representation_heldout,A1_SELECTED,B1_track_nearest,1028,seed1027,16,1.0,0.6618357487922706,0.5625,0.6081381011097411,0.6547085201793722,0.0,0.5714285714285714,0.0,0.42857142857142855,0.0,1.0
TAO_TRAIN_GT_CONTROLLED_HELDOUT,representation_heldout,A1_SELECTED,B1_track_nearest,1028,seed1028,1,1.0,0.5893719806763285,0.5,0.541019955654102,0.5829596412556054,0.14285714285714285,0.42857142857142855,0.2857142857142857,0.14285714285714285,0.0,1.0
TAO_TRAIN_GT_CONTROLLED_HELDOUT,representation_heldout,A1_SELECTED,B1_track_nearest,1028,seed1028,2,1.0,0.6473429951690821,0.5625,0.6019465934614425,0.6412556053811659,0.14285714285714285,0.14285714285714285,0.14285714285714285,0.2857142857142857,0.0,1.0
TAO_TRAIN_GT_CONTROLLED_HELDOUT,representation_heldout,A1_SELECTED,B1_track_nearest,1028,seed1028,4,1.0,0.6618357487922706,0.5625,0.6081381011097411,0.6547085201793722,0.0,0.14285714285714285,0.2857142857142857,0.2857142857142857,0.0,1.0
TAO_TRAIN_GT_CONTROLLED_HELDOUT,representation_heldout,A1_SELECTED,B1_track_nearest,1028,seed1028,8,1.0,0.6473429951690821,0.375,0.4748966331955109,0.6278026905829597,0.14285714285714285,0.0,0.14285714285714285,0.42857142857142855,0.0,1.0
TAO_TRAIN_GT_CONTROLLED_HELDOUT,representation_heldout,A1_SELECTED,B1_track_nearest,1028,seed1028,16,1.0,0.6570048309178744,0.375,0.47747220596840256,0.6367713004484304,0.0,0.0,0.2857142857142857,0.42857142857142855,0.0,1.0
TAO_TRAIN_GT_CONTROLLED_HELDOUT,representation_heldout,A1_SELECTED,B1_track_nearest,1028,seed1029,1,1.0,0.5797101449275363,0.5,0.5369127516778525,0.5739910313901345,0.2222222222222222,0.4444444444444444,0.3333333333333333,0.0,0.0,1.0
TAO_TRAIN_GT_CONTROLLED_HELDOUT,representation_heldout,A1_SELECTED,B1_track_nearest,1028,seed1029,2,1.0,0.6521739130434783,0.5,0.5660377358490566,0.6412556053811659,0.2222222222222222,0.5555555555555556,0.1111111111111111,0.1111111111111111,0.0,1.0
TAO_TRAIN_GT_CONTROLLED_HELDOUT,representation_heldout,A1_SELECTED,B1_track_nearest,1028,seed1029,4,1.0,0.6714975845410628,0.5,0.5731958762886599,0.6591928251121076,0.2222222222222222,0.5555555555555556,0.1111111111111111,0.1111111111111111,0.0,1.0
TAO_TRAIN_GT_CONTROLLED_HELDOUT,representation_heldout,A1_SELECTED,B1_track_nearest,1028,seed1029,8,1.0,0.6666666666666666,0.4375,0.5283018867924528,0.6502242152466368,0.6666666666666666,0.0,0.1111111111111111,0.2222222222222222,0.0,1.0
TAO_TRAIN_GT_CONTROLLED_HELDOUT,representation_heldout,A1_SELECTED,B1_track_nearest,1028,seed1029,16,1.0,0.6666666666666666,0.375,0.4800000000000001,0.6457399103139013,0.4444444444444444,0.0,0.2222222222222222,0.2222222222222222,0.0,1.0
TAO_TRAIN_GT_CONTROLLED_HELDOUT,representation_heldout,A1_SELECTED,B1_track_nearest,1029,main,1,1.0,0.5458937198067633,0.5,0.5219399538106235,0.5426008968609866,0.3333333333333333,0.5555555555555556,0.1111111111111111,0.0,0.0,1.0
TAO_TRAIN_GT_CONTROLLED_HELDOUT,representation_heldout,A1_SELECTED,B1_track_nearest,1029,main,2,1.0,0.6086956521739131,0.5,0.5490196078431373,0.600896860986547,0.2222222222222222,0.4444444444444444,0.2222222222222222,0.1111111111111111,0.0,1.0
TAO_TRAIN_GT_CONTROLLED_HELDOUT,representation_heldout,A1_SELECTED,B1_track_nearest,1029,main,4,1.0,0.6570048309178744,0.5,0.5678496868475992,0.6457399103139013,0.3333333333333333,0.4444444444444444,0.2222222222222222,0.0,0.0,1.0
TAO_TRAIN_GT_CONTROLLED_HELDOUT,representation_heldout,A1_SELECTED,B1_track_nearest,1029,main,8,1.0,0.7053140096618358,0.375,0.48965902738960315,0.6816143497757847,0.0,0.6666666666666666,0.1111111111111111,0.2222222222222222,0.0,1.0
TAO_TRAIN_GT_CONTROLLED_HELDOUT,representation_heldout,A1_SELECTED,B1_track_nearest,1029,main,16,1.0,0.7198067632850241,0.5625,0.6315045914763362,0.7085201793721974,0.0,0.6666666666666666,0.0,0.3333333333333333,0.0,1.0
TAO_TRAIN_GT_CONTROLLED_HELDOUT,representation_heldout,A1_SELECTED,B1_track_nearest,1029,seed1027,1,1.0,0.5458937198067633,0.5625,0.5540724598202125,0.547085201793722,0.0,0.7142857142857143,0.0,0.2857142857142857,0.0,1.0
TAO_TRAIN_GT_CONTROLLED_HELDOUT,representation_heldout,A1_SELECTED,B1_track_nearest,1029,seed1027,2,1.0,0.6086956521739131,0.5625,0.5846867749419954,0.6053811659192825,0.14285714285714285,0.5714285714285714,0.0,0.2857142857142857,0.0,1.0
TAO_TRAIN_GT_CONTROLLED_HELDOUT,representation_heldout,A1_SELECTED,B1_track_nearest,1029,seed1027,4,1.0,0.6570048309178744,0.4375,0.5252413793103448,0.6412556053811659,0.14285714285714285,0.42857142857142855,0.14285714285714285,0.2857142857142857,0.0,1.0
TAO_TRAIN_GT_CONTROLLED_HELDOUT,representation_heldout,A1_SELECTED,B1_track_nearest,1029,seed1027,8,1.0,0.7053140096618358,0.375,0.48965902738960315,0.6816143497757847,0.14285714285714285,0.5714285714285714,0.0,0.2857142857142857,0.0,1.0
TAO_TRAIN_GT_CONTROLLED_HELDOUT,representation_heldout,A1_SELECTED,B1_track_nearest,1029,seed1027,16,1.0,0.7198067632850241,0.375,0.4931053502482073,0.695067264573991,0.5714285714285714,0.0,0.0,0.42857142857142855,0.0,1.0
TAO_TRAIN_GT_CONTROLLED_HELDOUT,representation_heldout,A1_SELECTED,B1_track_nearest,1029,seed1028,1,1.0,0.5410628019323671,0.5,0.5197215777262181,0.5381165919282511,0.0,0.7142857142857143,0.14285714285714285,0.14285714285714285,0.0,1.0
TAO_TRAIN_GT_CONTROLLED_HELDOUT,representation_heldout,A1_SELECTED,B1_track_nearest,1029,seed1028,2,1.0,0.6086956521739131,0.5625,0.5846867749419954,0.6053811659192825,0.14285714285714285,0.5714285714285714,0.14285714285714285,0.14285714285714285,0.0,1.0
TAO_TRAIN_GT_CONTROLLED_HELDOUT,representation_heldout,A1_SELECTED,B1_track_nearest,1029,seed1028,4,1.0,0.6280193236714976,0.5,0.556745182012848,0.6188340807174888,0.42857142857142855,0.2857142857142857,0.14285714285714285,0.14285714285714285,0.0,1.0
TAO_TRAIN_GT_CONTROLLED_HELDOUT,representation_heldout,A1_SELECTED,B1_track_nearest,1029,seed1028,8,1.0,0.6859903381642513,0.4375,0.5342649825315776,0.6681614349775785,0.5714285714285714,0.0,0.14285714285714285,0.2857142857142857,0.0,1.0
TAO_TRAIN_GT_CONTROLLED_HELDOUT,representation_heldout,A1_SELECTED,B1_track_nearest,1029,seed1028,16,1.0,0.7053140096618358,0.625,0.6627326373127553,0.6995515695067265,0.0,0.42857142857142855,0.0,0.5714285714285714,0.0,1.0
TAO_TRAIN_GT_CONTROLLED_HELDOUT,representation_heldout,A1_SELECTED,B1_track_nearest,1029,seed1029,1,1.0,0.5507246376811594,0.5,0.5241379310344828,0.547085201793722,0.2222222222222222,0.5555555555555556,0.2222222222222222,0.0,0.0,1.0
TAO_TRAIN_GT_CONTROLLED_HELDOUT,representation_heldout,A1_SELECTED,B1_track_nearest,1029,seed1029,2,1.0,0.6086956521739131,0.5625,0.5846867749419954,0.6053811659192825,0.0,0.5555555555555556,0.3333333333333333,0.1111111111111111,0.0,1.0
TAO_TRAIN_GT_CONTROLLED_HELDOUT,representation_heldout,A1_SELECTED,B1_track_nearest,1029,seed1029,4,1.0,0.6618357487922706,0.5625,0.6081381011097411,0.6547085201793722,0.4444444444444444,0.2222222222222222,0.3333333333333333,0.0,0.0,1.0
TAO_TRAIN_GT_CONTROLLED_HELDOUT,representation_heldout,A1_SELECTED,B1_track_nearest,1029,seed1029,8,1.0,0.7053140096618358,0.4375,0.5400264200792603,0.6860986547085202,0.2222222222222222,0.4444444444444444,0.2222222222222222,0.1111111111111111,0.0,1.0
TAO_TRAIN_GT_CONTROLLED_HELDOUT,representation_heldout,A1_SELECTED,B1_track_nearest,1029,seed1029,16,1.0,0.7246376811594203,0.5,0.5917159763313609,0.7085201793721974,0.0,0.6666666666666666,0.0,0.3333333333333333,0.0,1.0
TAO_TRAIN_GT_CONTROLLED_HELDOUT,representation_heldout,A2_EVIDENCE,B1_track_nearest,1027,main,1,1.0,0.45893719806763283,0.4375,0.4479622768608959,0.45739910313901344,0.2222222222222222,0.7777777777777778,0.0,0.0,0.0,1.0
TAO_TRAIN_GT_CONTROLLED_HELDOUT,representation_heldout,A2_EVIDENCE,B1_track_nearest,1027,main,2,1.0,0.5120772946859904,0.4375,0.4718600953895072,0.5067264573991032,0.0,1.0,0.0,0.0,0.0,1.0
TAO_TRAIN_GT_CONTROLLED_HELDOUT,representation_heldout,A2_EVIDENCE,B1_track_nearest,1027,main,4,1.0,0.5217391304347826,0.5,0.5106382978723404,0.5201793721973094,0.0,0.8888888888888888,0.1111111111111111,0.0,0.0,1.0
TAO_TRAIN_GT_CONTROLLED_HELDOUT,representation_heldout,A2_EVIDENCE,B1_track_nearest,1027,main,8,1.0,0.5555555555555556,0.5,0.5263157894736842,0.5515695067264574,0.0,0.8888888888888888,0.1111111111111111,0.0,0.0,1.0
TAO_TRAIN_GT_CONTROLLED_HELDOUT,representation_heldout,A2_EVIDENCE,B1_track_nearest,1027,main,16,1.0,0.4975845410628019,0.4375,0.46561188246690344,0.49327354260089684,0.0,1.0,0.0,0.0,0.0,1.0
TAO_TRAIN_GT_CONTROLLED_HELDOUT,representation_heldout,A2_EVIDENCE,B1_track_nearest,1027,seed1027,1,1.0,0.45410628019323673,0.5,0.4759493670886076,0.45739910313901344,0.14285714285714285,0.5714285714285714,0.2857142857142857,0.0,0.0,1.0
TAO_TRAIN_GT_CONTROLLED_HELDOUT,representation_heldout,A2_EVIDENCE,B1_track_nearest,1027,seed1027,2,1.0,0.5169082125603864,0.5625,0.5387412587412587,0.5201793721973094,0.14285714285714285,0.7142857142857143,0.14285714285714285,0.0,0.0,1.0
TAO_TRAIN_GT_CONTROLLED_HELDOUT,representation_heldout,A2_EVIDENCE,B1_track_nearest,1027,seed1027,4,1.0,0.5120772946859904,0.5625,0.5361056476538354,0.515695067264574,0.0,0.8571428571428571,0.14285714285714285,0.0,0.0,1.0
TAO_TRAIN_GT_CONTROLLED_HELDOUT,representation_heldout,A2_EVIDENCE,B1_track_nearest,1027,seed1027,8,1.0,0.5603864734299517,0.625,0.5909322465613857,0.5650224215246636,0.0,0.8571428571428571,0.14285714285714285,0.0,0.0,1.0
TAO_TRAIN_GT_CONTROLLED_HELDOUT,representation_heldout,A2_EVIDENCE,B1_track_nearest,1027,seed1027,16,1.0,0.5555555555555556,0.625,0.5882352941176471,0.5605381165919282,0.0,0.7142857142857143,0.0,0.2857142857142857,0.0,1.0
TAO_TRAIN_GT_CONTROLLED_HELDOUT,representation_heldout,A2_EVIDENCE,B1_track_nearest,1027,seed1028,1,1.0,0.47342995169082125,0.625,0.5387575590984057,0.484304932735426,0.14285714285714285,0.7142857142857143,0.14285714285714285,0.0,0.0,1.0
TAO_TRAIN_GT_CONTROLLED_HELDOUT,representation_heldout,A2_EVIDENCE,B1_track_nearest,1027,seed1028,2,1.0,0.5120772946859904,0.5625,0.5361056476538354,0.515695067264574,0.14285714285714285,0.7142857142857143,0.14285714285714285,0.0,0.0,1.0
TAO_TRAIN_GT_CONTROLLED_HELDOUT,representation_heldout,A2_EVIDENCE,B1_track_nearest,1027,seed1028,4,1.0,0.5169082125603864,0.6875,0.5901228378039608,0.5291479820627802,0.0,0.7142857142857143,0.2857142857142857,0.0,0.0,1.0
TAO_TRAIN_GT_CONTROLLED_HELDOUT,representation_heldout,A2_EVIDENCE,B1_track_nearest,1027,seed1028,8,1.0,0.5652173913043478,0.5,0.5306122448979592,0.5605381165919282,0.0,0.7142857142857143,0.2857142857142857,0.0,0.0,1.0
TAO_TRAIN_GT_CONTROLLED_HELDOUT,representation_heldout,A2_EVIDENCE,B1_track_nearest,1027,seed1028,16,1.0,0.5362318840579711,0.4375,0.48186046511627906,0.5291479820627802,0.0,0.8571428571428571,0.0,0.14285714285714285,0.0,1.0
TAO_TRAIN_GT_CONTROLLED_HELDOUT,representation_heldout,A2_EVIDENCE,B1_track_nearest,1027,seed1029,1,1.0,0.4444444444444444,0.5,0.47058823529411764,0.4484304932735426,0.1111111111111111,0.7777777777777778,0.1111111111111111,0.0,0.0,1.0
TAO_TRAIN_GT_CONTROLLED_HELDOUT,representation_heldout,A2_EVIDENCE,B1_track_nearest,1027,seed1029,2,1.0,0.5024154589371981,0.4375,0.4677160295534854,0.4977578475336323,0.0,0.8888888888888888,0.1111111111111111,0.0,0.0,1.0
TAO_TRAIN_GT_CONTROLLED_HELDOUT,representation_heldout,A2_EVIDENCE,B1_track_nearest,1027,seed1029,4,1.0,0.5265700483091788,0.5,0.5129411764705882,0.5246636771300448,0.0,1.0,0.0,0.0,0.0,1.0
TAO_TRAIN_GT_CONTROLLED_HELDOUT,representation_heldout,A2_EVIDENCE,B1_track_nearest,1027,seed1029,8,1.0,0.5652173913043478,0.5,0.5306122448979592,0.5605381165919282,0.0,0.8888888888888888,0.1111111111111111,0.0,0.0,1.0
TAO_TRAIN_GT_CONTROLLED_HELDOUT,representation_heldout,A2_EVIDENCE,B1_track_nearest,1027,seed1029,16,1.0,0.5603864734299517,0.4375,0.4913767019667171,0.5515695067264574,0.0,0.8888888888888888,0.1111111111111111,0.0,0.0,1.0
TAO_TRAIN_GT_CONTROLLED_HELDOUT,representation_heldout,A2_EVIDENCE,B1_track_nearest,1028,main,1,1.0,0.41545893719806765,0.4375,0.4261946902654867,0.4170403587443946,0.0,0.7777777777777778,0.2222222222222222,0.0,0.0,1.0
TAO_TRAIN_GT_CONTROLLED_HELDOUT,representation_heldout,A2_EVIDENCE,B1_track_nearest,1028,main,2,1.0,0.45410628019323673,0.5,0.4759493670886076,0.45739910313901344,0.0,0.8888888888888888,0.1111111111111111,0.0,0.0,1.0
TAO_TRAIN_GT_CONTROLLED_HELDOUT,representation_heldout,A2_EVIDENCE,B1_track_nearest,1028,main,4,1.0,0.47342995169082125,0.5,0.48635235732009924,0.47533632286995514,0.2222222222222222,0.5555555555555556,0.2222222222222222,0.0,0.0,1.0
TAO_TRAIN_GT_CONTROLLED_HELDOUT,representation_heldout,A2_EVIDENCE,B1_track_nearest,1028,main,8,1.0,0.4830917874396135,0.5,0.4914004914004914,0.484304932735426,0.2222222222222222,0.5555555555555556,0.2222222222222222,0.0,0.0,1.0
TAO_TRAIN_GT_CONTROLLED_HELDOUT,representation_heldout,A2_EVIDENCE,B1_track_nearest,1028,main,16,1.0,0.4830917874396135,0.5,0.4914004914004914,0.484304932735426,0.2222222222222222,0.5555555555555556,0.2222222222222222,0.0,0.0,1.0
TAO_TRAIN_GT_CONTROLLED_HELDOUT,representation_heldout,A2_EVIDENCE,B1_track_nearest,1028,seed1027,1,1.0,0.3961352657004831,0.5,0.4420485175202156,0.40358744394618834,0.0,0.7142857142857143,0.2857142857142857,0.0,0.0,1.0
TAO_TRAIN_GT_CONTROLLED_HELDOUT,representation_heldout,A2_EVIDENCE,B1_track_nearest,1028,seed1027,2,1.0,0.45410628019323673,0.5,0.4759493670886076,0.45739910313901344,0.0,0.7142857142857143,0.2857142857142857,0.0,0.0,1.0
TAO_TRAIN_GT_CONTROLLED_HELDOUT,representation_heldout,A2_EVIDENCE,B1_track_nearest,1028,seed1027,4,1.0,0.463768115942029,0.625,0.5324459234608985,0.47533632286995514,0.0,0.8571428571428571,0.14285714285714285,0.0,0.0,1.0
TAO_TRAIN_GT_CONTROLLED_HELDOUT,representation_heldout,A2_EVIDENCE,B1_track_nearest,1028,seed1027,8,1.0,0.463768115942029,0.5,0.48120300751879697,0.4663677130044843,0.0,0.5714285714285714,0.42857142857142855,0.0,0.0,1.0
TAO_TRAIN_GT_CONTROLLED_HELDOUT,representation_heldout,A2_EVIDENCE,B1_track_nearest,1028,seed1027,16,1.0,0.47342995169082125,0.6875,0.5607282184655398,0.48878923766816146,0.0,0.5714285714285714,0.42857142857142855,0.0,0.0,1.0
TAO_TRAIN_GT_CONTROLLED_HELDOUT,representation_heldout,A2_EVIDENCE,B1_track_nearest,1028,seed1028,1,1.0,0.4057971014492754,0.5,0.448,0.4125560538116592,0.14285714285714285,0.7142857142857143,0.14285714285714285,0.0,0.0,1.0
TAO_TRAIN_GT_CONTROLLED_HELDOUT,representation_heldout,A2_EVIDENCE,B1_track_nearest,1028,seed1028,2,1.0,0.45410628019323673,0.5,0.4759493670886076,0.45739910313901344,0.0,0.8571428571428571,0.14285714285714285,0.0,0.0,1.0
TAO_TRAIN_GT_CONTROLLED_HELDOUT,representation_heldout,A2_EVIDENCE,B1_track_nearest,1028,seed1028,4,1.0,0.4492753623188406,0.5,0.4732824427480916,0.452914798206278,0.0,0.14285714285714285,0.5714285714285714,0.0,0.0,1.0
TAO_TRAIN_GT_CONTROLLED_HELDOUT,representation_heldout,A2_EVIDENCE,B1_track_nearest,1028,seed1028,8,1.0,0.463768115942029,0.5,0.48120300751879697,0.4663677130044843,0.0,0.7142857142857143,0.2857142857142857,0.0,0.0,1.0
TAO_TRAIN_GT_CONTROLLED_HELDOUT,representation_heldout,A2_EVIDENCE,B1_track_nearest,1028,seed1028,16,1.0,0.4927536231884058,0.5,0.4963503649635037,0.49327354260089684,0.0,0.2857142857142857,0.42857142857142855,0.0,0.0,1.0
TAO_TRAIN_GT_CONTROLLED_HELDOUT,representation_heldout,A2_EVIDENCE,B1_track_nearest,1028,seed1029,1,1.0,0.4106280193236715,0.4375,0.42363830544677816,0.4125560538116592,0.2222222222222222,0.5555555555555556,0.2222222222222222,0.0,0.0,1.0
TAO_TRAIN_GT_CONTROLLED_HELDOUT,representation_heldout,A2_EVIDENCE,B1_track_nearest,1028,seed1029,2,1.0,0.4396135265700483,0.5,0.46786632390745503,0.4439461883408072,0.0,0.7777777777777778,0.2222222222222222,0.0,0.0,1.0
TAO_TRAIN_GT_CONTROLLED_HELDOUT,representation_heldout,A2_EVIDENCE,B1_track_nearest,1028,seed1029,4,1.0,0.46859903381642515,0.5,0.4837905236907731,0.47085201793721976,0.0,0.7777777777777778,0.2222222222222222,0.0,0.0,1.0
TAO_TRAIN_GT_CONTROLLED_HELDOUT,representation_heldout,A2_EVIDENCE,B1_track_nearest,1028,seed1029,8,1.0,0.4782608695652174,0.5,0.4888888888888889,0.4798206278026906,0.0,0.6666666666666666,0.3333333333333333,0.0,0.0,1.0
TAO_TRAIN_GT_CONTROLLED_HELDOUT,representation_heldout,A2_EVIDENCE,B1_track_nearest,1028,seed1029,16,1.0,0.4927536231884058,0.5,0.4963503649635037,0.49327354260089684,0.0,0.6666666666666666,0.3333333333333333,0.0,0.0,1.0
TAO_TRAIN_GT_CONTROLLED_HELDOUT,representation_heldout,A2_EVIDENCE,B1_track_nearest,1029,main,1,1.0,0.41545893719806765,0.5,0.4538258575197889,0.42152466367713004,0.1111111111111111,0.8888888888888888,0.0,0.0,0.0,1.0
TAO_TRAIN_GT_CONTROLLED_HELDOUT,representation_heldout,A2_EVIDENCE,B1_track_nearest,1029,main,2,1.0,0.4492753623188406,0.5,0.4732824427480916,0.452914798206278,0.2222222222222222,0.7777777777777778,0.0,0.0,0.0,1.0
TAO_TRAIN_GT_CONTROLLED_HELDOUT,representation_heldout,A2_EVIDENCE,B1_track_nearest,1029,main,4,1.0,0.5314009661835749,0.375,0.4397068620919387,0.5201793721973094,0.2222222222222222,0.5555555555555556,0.1111111111111111,0.0,0.0,1.0
TAO_TRAIN_GT_CONTROLLED_HELDOUT,representation_heldout,A2_EVIDENCE,B1_track_nearest,1029,main,8,1.0,0.5507246376811594,0.5,0.5241379310344828,0.547085201793722,0.4444444444444444,0.4444444444444444,0.1111111111111111,0.0,0.0,1.0
TAO_TRAIN_GT_CONTROLLED_HELDOUT,representation_heldout,A2_EVIDENCE,B1_track_nearest,1029,main,16,1.0,0.5700483091787439,0.5,0.5327313769751694,0.5650224215246636,0.2222222222222222,0.5555555555555556,0.2222222222222222,0.0,0.0,1.0
TAO_TRAIN_GT_CONTROLLED_HELDOUT,representation_heldout,A2_EVIDENCE,B1_track_nearest,1029,seed1027,1,1.0,0.38164251207729466,0.5,0.4328767123287671,0.3901345291479821,0.42857142857142855,0.14285714285714285,0.42857142857142855,0.0,0.0,1.0
TAO_TRAIN_GT_CONTROLLED_HELDOUT,representation_heldout,A2_EVIDENCE,B1_track_nearest,1029,seed1027,2,1.0,0.4106280193236715,0.5625,0.4747130003102699,0.42152466367713004,0.5714285714285714,0.14285714285714285,0.2857142857142857,0.0,0.0,1.0
TAO_TRAIN_GT_CONTROLLED_HELDOUT,representation_heldout,A2_EVIDENCE,B1_track_nearest,1029,seed1027,4,1.0,0.5217391304347826,0.5,0.5106382978723404,0.5201793721973094,0.5714285714285714,0.0,0.42857142857142855,0.0,0.0,1.0
TAO_TRAIN_GT_CONTROLLED_HELDOUT,representation_heldout,A2_EVIDENCE,B1_track_nearest,1029,seed1027,8,1.0,0.5555555555555556,0.5,0.5263157894736842,0.5515695067264574,0.14285714285714285,0.5714285714285714,0.2857142857142857,0.0,0.0,1.0
TAO_TRAIN_GT_CONTROLLED_HELDOUT,representation_heldout,A2_EVIDENCE,B1_track_nearest,1029,seed1027,16,1.0,0.5555555555555556,0.5625,0.5590062111801242,0.5560538116591929,0.14285714285714285,0.5714285714285714,0.14285714285714285,0.14285714285714285,0.0,1.0
TAO_TRAIN_GT_CONTROLLED_HELDOUT,representation_heldout,A2_EVIDENCE,B1_track_nearest,1029,seed1028,1,1.0,0.4106280193236715,0.5625,0.4747130003102699,0.42152466367713004,0.42857142857142855,0.42857142857142855,0.14285714285714285,0.0,0.0,1.0
TAO_TRAIN_GT_CONTROLLED_HELDOUT,representation_heldout,A2_EVIDENCE,B1_track_nearest,1029,seed1028,2,1.0,0.391304347826087,0.625,0.4812834224598931,0.4080717488789238,0.5714285714285714,0.42857142857142855,0.0,0.0,0.0,1.0
TAO_TRAIN_GT_CONTROLLED_HELDOUT,representation_heldout,A2_EVIDENCE,B1_track_nearest,1029,seed1028,4,1.0,0.48792270531400966,0.5,0.49388753056234724,0.48878923766816146,0.5714285714285714,0.2857142857142857,0.14285714285714285,0.0,0.0,1.0
TAO_TRAIN_GT_CONTROLLED_HELDOUT,representation_heldout,A2_EVIDENCE,B1_track_nearest,1029,seed1028,8,1.0,0.5120772946859904,0.5,0.5059665871121719,0.5112107623318386,0.5714285714285714,0.2857142857142857,0.14285714285714285,0.0,0.0,1.0
TAO_TRAIN_GT_CONTROLLED_HELDOUT,representation_heldout,A2_EVIDENCE,B1_track_nearest,1029,seed1028,16,1.0,0.5700483091787439,0.4375,0.49505543901708127,0.5605381165919282,0.14285714285714285,0.14285714285714285,0.2857142857142857,0.14285714285714285,0.0,1.0
TAO_TRAIN_GT_CONTROLLED_HELDOUT,representation_heldout,A2_EVIDENCE,B1_track_nearest,1029,seed1029,1,1.0,0.42995169082125606,0.5,0.4623376623376623,0.4349775784753363,0.0,0.7777777777777778,0.2222222222222222,0.0,0.0,1.0
TAO_TRAIN_GT_CONTROLLED_HELDOUT,representation_heldout,A2_EVIDENCE,B1_track_nearest,1029,seed1029,2,1.0,0.42995169082125606,0.5,0.4623376623376623,0.4349775784753363,0.0,1.0,0.0,0.0,0.0,1.0
TAO_TRAIN_GT_CONTROLLED_HELDOUT,representation_heldout,A2_EVIDENCE,B1_track_nearest,1029,seed1029,4,1.0,0.5217391304347826,0.5625,0.5413533834586465,0.5246636771300448,0.5555555555555556,0.3333333333333333,0.1111111111111111,0.0,0.0,1.0
TAO_TRAIN_GT_CONTROLLED_HELDOUT,representation_heldout,A2_EVIDENCE,B1_track_nearest,1029,seed1029,8,1.0,0.5458937198067633,0.5625,0.5540724598202125,0.547085201793722,0.5555555555555556,0.3333333333333333,0.1111111111111111,0.0,0.0,1.0
TAO_TRAIN_GT_CONTROLLED_HELDOUT,representation_heldout,A2_EVIDENCE,B1_track_nearest,1029,seed1029,16,1.0,0.5942028985507246,0.4375,0.5039508340649692,0.5829596412556054,0.2222222222222222,0.5555555555555556,0.2222222222222222,0.0,0.0,1.0
TAO_TRAIN_GT_CONTROLLED_HELDOUT,representation_heldout,A2_CAPACITY_CONTROL,B1_track_nearest,1027,main,1,1.0,0.4106280193236715,0.4375,0.42363830544677816,0.4125560538116592,0.2222222222222222,0.7777777777777778,0.0,0.0,0.0,1.0
TAO_TRAIN_GT_CONTROLLED_HELDOUT,representation_heldout,A2_CAPACITY_CONTROL,B1_track_nearest,1027,main,2,1.0,0.5072463768115942,0.4375,0.4697986577181208,0.5022421524663677,0.0,1.0,0.0,0.0,0.0,1.0
TAO_TRAIN_GT_CONTROLLED_HELDOUT,representation_heldout,A2_CAPACITY_CONTROL,B1_track_nearest,1027,main,4,1.0,0.5217391304347826,0.5,0.5106382978723404,0.5201793721973094,0.0,0.8888888888888888,0.1111111111111111,0.0,0.0,1.0
TAO_TRAIN_GT_CONTROLLED_HELDOUT,representation_heldout,A2_CAPACITY_CONTROL,B1_track_nearest,1027,main,8,1.0,0.5120772946859904,0.5,0.5059665871121719,0.5112107623318386,0.1111111111111111,0.8888888888888888,0.0,0.0,0.0,1.0
TAO_TRAIN_GT_CONTROLLED_HELDOUT,representation_heldout,A2_CAPACITY_CONTROL,B1_track_nearest,1027,main,16,1.0,0.48792270531400966,0.4375,0.4613376835236542,0.484304932735426,0.0,1.0,0.0,0.0,0.0,1.0
TAO_TRAIN_GT_CONTROLLED_HELDOUT,representation_heldout,A2_CAPACITY_CONTROL,B1_track_nearest,1027,seed1027,1,1.0,0.391304347826087,0.5,0.4390243902439025,0.3991031390134529,0.14285714285714285,0.5714285714285714,0.2857142857142857,0.0,0.0,1.0
TAO_TRAIN_GT_CONTROLLED_HELDOUT,representation_heldout,A2_CAPACITY_CONTROL,B1_track_nearest,1027,seed1027,2,1.0,0.5072463768115942,0.5,0.5035971223021583,0.5067264573991032,0.14285714285714285,0.5714285714285714,0.14285714285714285,0.14285714285714285,0.0,1.0
TAO_TRAIN_GT_CONTROLLED_HELDOUT,representation_heldout,A2_CAPACITY_CONTROL,B1_track_nearest,1027,seed1027,4,1.0,0.5217391304347826,0.5625,0.5413533834586465,0.5246636771300448,0.0,0.8571428571428571,0.14285714285714285,0.0,0.0,1.0
TAO_TRAIN_GT_CONTROLLED_HELDOUT,representation_heldout,A2_CAPACITY_CONTROL,B1_track_nearest,1027,seed1027,8,1.0,0.5024154589371981,0.6875,0.5805633088048718,0.515695067264574,0.0,0.8571428571428571,0.14285714285714285,0.0,0.0,1.0
TAO_TRAIN_GT_CONTROLLED_HELDOUT,representation_heldout,A2_CAPACITY_CONTROL,B1_track_nearest,1027,seed1027,16,1.0,0.5458937198067633,0.625,0.5827746260959257,0.5515695067264574,0.0,0.7142857142857143,0.0,0.2857142857142857,0.0,1.0
TAO_TRAIN_GT_CONTROLLED_HELDOUT,representation_heldout,A2_CAPACITY_CONTROL,B1_track_nearest,1027,seed1028,1,1.0,0.42028985507246375,0.625,0.5025996533795494,0.4349775784753363,0.14285714285714285,0.7142857142857143,0.14285714285714285,0.0,0.0,1.0
TAO_TRAIN_GT_CONTROLLED_HELDOUT,representation_heldout,A2_CAPACITY_CONTROL,B1_track_nearest,1027,seed1028,2,1.0,0.4975845410628019,0.5625,0.5280546852748504,0.5022421524663677,0.0,0.8571428571428571,0.14285714285714285,0.0,0.0,1.0
TAO_TRAIN_GT_CONTROLLED_HELDOUT,representation_heldout,A2_CAPACITY_CONTROL,B1_track_nearest,1027,seed1028,4,1.0,0.5169082125603864,0.625,0.5658381808566896,0.5246636771300448,0.0,0.7142857142857143,0.2857142857142857,0.0,0.0,1.0
TAO_TRAIN_GT_CONTROLLED_HELDOUT,representation_heldout,A2_CAPACITY_CONTROL,B1_track_nearest,1027,seed1028,8,1.0,0.5265700483091788,0.5,0.5129411764705882,0.5246636771300448,0.0,0.7142857142857143,0.2857142857142857,0.0,0.0,1.0
TAO_TRAIN_GT_CONTROLLED_HELDOUT,representation_heldout,A2_CAPACITY_CONTROL,B1_track_nearest,1027,seed1028,16,1.0,0.5410628019323671,0.4375,0.4838012958963283,0.5336322869955157,0.2857142857142857,0.5714285714285714,0.0,0.14285714285714285,0.0,1.0
TAO_TRAIN_GT_CONTROLLED_HELDOUT,representation_heldout,A2_CAPACITY_CONTROL,B1_track_nearest,1027,seed1029,1,1.0,0.4106280193236715,0.5,0.45092838196286467,0.4170403587443946,0.4444444444444444,0.4444444444444444,0.1111111111111111,0.0,0.0,1.0
TAO_TRAIN_GT_CONTROLLED_HELDOUT,representation_heldout,A2_CAPACITY_CONTROL,B1_track_nearest,1027,seed1029,2,1.0,0.5024154589371981,0.4375,0.4677160295534854,0.4977578475336323,0.0,1.0,0.0,0.0,0.0,1.0
TAO_TRAIN_GT_CONTROLLED_HELDOUT,representation_heldout,A2_CAPACITY_CONTROL,B1_track_nearest,1027,seed1029,4,1.0,0.5362318840579711,0.4375,0.48186046511627906,0.5291479820627802,0.0,1.0,0.0,0.0,0.0,1.0
TAO_TRAIN_GT_CONTROLLED_HELDOUT,representation_heldout,A2_CAPACITY_CONTROL,B1_track_nearest,1027,seed1029,8,1.0,0.5314009661835749,0.5625,0.5465084184377587,0.5336322869955157,0.0,1.0,0.0,0.0,0.0,1.0
TAO_TRAIN_GT_CONTROLLED_HELDOUT,representation_heldout,A2_CAPACITY_CONTROL,B1_track_nearest,1027,seed1029,16,1.0,0.5458937198067633,0.4375,0.48572305802886095,0.5381165919282511,0.0,0.8888888888888888,0.1111111111111111,0.0,0.0,1.0
TAO_TRAIN_GT_CONTROLLED_HELDOUT,representation_heldout,A2_CAPACITY_CONTROL,B1_track_nearest,1028,main,1,1.0,0.4106280193236715,0.4375,0.42363830544677816,0.4125560538116592,0.0,0.6666666666666666,0.3333333333333333,0.0,0.0,1.0
TAO_TRAIN_GT_CONTROLLED_HELDOUT,representation_heldout,A2_CAPACITY_CONTROL,B1_track_nearest,1028,main,2,1.0,0.4444444444444444,0.5,0.47058823529411764,0.4484304932735426,0.0,0.8888888888888888,0.1111111111111111,0.0,0.0,1.0
TAO_TRAIN_GT_CONTROLLED_HELDOUT,representation_heldout,A2_CAPACITY_CONTROL,B1_track_nearest,1028,main,4,1.0,0.45410628019323673,0.5,0.4759493670886076,0.45739910313901344,0.2222222222222222,0.5555555555555556,0.2222222222222222,0.0,0.0,1.0
TAO_TRAIN_GT_CONTROLLED_HELDOUT,representation_heldout,A2_CAPACITY_CONTROL,B1_track_nearest,1028,main,8,1.0,0.48792270531400966,0.5,0.49388753056234724,0.48878923766816146,0.2222222222222222,0.4444444444444444,0.3333333333333333,0.0,0.0,1.0
TAO_TRAIN_GT_CONTROLLED_HELDOUT,representation_heldout,A2_CAPACITY_CONTROL,B1_track_nearest,1028,main,16,1.0,0.4975845410628019,0.4375,0.46561188246690344,0.49327354260089684,0.2222222222222222,0.5555555555555556,0.2222222222222222,0.0,0.0,1.0
TAO_TRAIN_GT_CONTROLLED_HELDOUT,representation_heldout,A2_CAPACITY_CONTROL,B1_track_nearest,1028,seed1027,1,1.0,0.4057971014492754,0.5,0.448,0.4125560538116592,0.0,0.7142857142857143,0.2857142857142857,0.0,0.0,1.0
TAO_TRAIN_GT_CONTROLLED_HELDOUT,representation_heldout,A2_CAPACITY_CONTROL,B1_track_nearest,1028,seed1027,2,1.0,0.4396135265700483,0.5,0.46786632390745503,0.4439461883408072,0.0,0.8571428571428571,0.14285714285714285,0.0,0.0,1.0
TAO_TRAIN_GT_CONTROLLED_HELDOUT,representation_heldout,A2_CAPACITY_CONTROL,B1_track_nearest,1028,seed1027,4,1.0,0.4396135265700483,0.625,0.5161656267725468,0.452914798206278,0.0,0.8571428571428571,0.14285714285714285,0.0,0.0,1.0
TAO_TRAIN_GT_CONTROLLED_HELDOUT,representation_heldout,A2_CAPACITY_CONTROL,B1_track_nearest,1028,seed1027,8,1.0,0.463768115942029,0.5,0.48120300751879697,0.4663677130044843,0.0,0.8571428571428571,0.14285714285714285,0.0,0.0,1.0
TAO_TRAIN_GT_CONTROLLED_HELDOUT,representation_heldout,A2_CAPACITY_CONTROL,B1_track_nearest,1028,seed1027,16,1.0,0.47342995169082125,0.75,0.5804540967423496,0.49327354260089684,0.0,0.5714285714285714,0.42857142857142855,0.0,0.0,1.0
TAO_TRAIN_GT_CONTROLLED_HELDOUT,representation_heldout,A2_CAPACITY_CONTROL,B1_track_nearest,1028,seed1028,1,1.0,0.3961352657004831,0.5,0.4420485175202156,0.40358744394618834,0.14285714285714285,0.7142857142857143,0.14285714285714285,0.0,0.0,1.0
TAO_TRAIN_GT_CONTROLLED_HELDOUT,representation_heldout,A2_CAPACITY_CONTROL,B1_track_nearest,1028,seed1028,2,1.0,0.46859903381642515,0.5,0.4837905236907731,0.47085201793721976,0.0,0.8571428571428571,0.14285714285714285,0.0,0.0,1.0
TAO_TRAIN_GT_CONTROLLED_HELDOUT,representation_heldout,A2_CAPACITY_CONTROL,B1_track_nearest,1028,seed1028,4,1.0,0.43478260869565216,0.5625,0.4904632152588556,0.4439461883408072,0.0,0.2857142857142857,0.42857142857142855,0.0,0.0,1.0
TAO_TRAIN_GT_CONTROLLED_HELDOUT,representation_heldout,A2_CAPACITY_CONTROL,B1_track_nearest,1028,seed1028,8,1.0,0.47342995169082125,0.5,0.48635235732009924,0.47533632286995514,0.0,0.7142857142857143,0.2857142857142857,0.0,0.0,1.0
TAO_TRAIN_GT_CONTROLLED_HELDOUT,representation_heldout,A2_CAPACITY_CONTROL,B1_track_nearest,1028,seed1028,16,1.0,0.48792270531400966,0.625,0.5480195333695063,0.4977578475336323,0.0,0.2857142857142857,0.42857142857142855,0.0,0.0,1.0
TAO_TRAIN_GT_CONTROLLED_HELDOUT,representation_heldout,A2_CAPACITY_CONTROL,B1_track_nearest,1028,seed1029,1,1.0,0.40096618357487923,0.5,0.4450402144772118,0.4080717488789238,0.0,0.7777777777777778,0.2222222222222222,0.0,0.0,1.0
TAO_TRAIN_GT_CONTROLLED_HELDOUT,representation_heldout,A2_CAPACITY_CONTROL,B1_track_nearest,1028,seed1029,2,1.0,0.43478260869565216,0.4375,0.43613707165109034,0.4349775784753363,0.0,0.7777777777777778,0.2222222222222222,0.0,0.0,1.0
TAO_TRAIN_GT_CONTROLLED_HELDOUT,representation_heldout,A2_CAPACITY_CONTROL,B1_track_nearest,1028,seed1029,4,1.0,0.463768115942029,0.5,0.48120300751879697,0.4663677130044843,0.0,0.7777777777777778,0.2222222222222222,0.0,0.0,1.0
TAO_TRAIN_GT_CONTROLLED_HELDOUT,representation_heldout,A2_CAPACITY_CONTROL,B1_track_nearest,1028,seed1029,8,1.0,0.4830917874396135,0.5,0.4914004914004914,0.484304932735426,0.0,0.6666666666666666,0.3333333333333333,0.0,0.0,1.0
TAO_TRAIN_GT_CONTROLLED_HELDOUT,representation_heldout,A2_CAPACITY_CONTROL,B1_track_nearest,1028,seed1029,16,1.0,0.48792270531400966,0.5,0.49388753056234724,0.48878923766816146,0.0,0.6666666666666666,0.3333333333333333,0.0,0.0,1.0
TAO_TRAIN_GT_CONTROLLED_HELDOUT,representation_heldout,A2_CAPACITY_CONTROL,B1_track_nearest,1029,main,1,1.0,0.5410628019323671,0.5,0.5197215777262181,0.5381165919282511,0.3333333333333333,0.5555555555555556,0.1111111111111111,0.0,0.0,1.0
TAO_TRAIN_GT_CONTROLLED_HELDOUT,representation_heldout,A2_CAPACITY_CONTROL,B1_track_nearest,1029,main,2,1.0,0.6086956521739131,0.5,0.5490196078431373,0.600896860986547,0.2222222222222222,0.4444444444444444,0.2222222222222222,0.1111111111111111,0.0,1.0
TAO_TRAIN_GT_CONTROLLED_HELDOUT,representation_heldout,A2_CAPACITY_CONTROL,B1_track_nearest,1029,main,4,1.0,0.6570048309178744,0.5,0.5678496868475992,0.6457399103139013,0.3333333333333333,0.4444444444444444,0.2222222222222222,0.0,0.0,1.0
TAO_TRAIN_GT_CONTROLLED_HELDOUT,representation_heldout,A2_CAPACITY_CONTROL,B1_track_nearest,1029,main,8,1.0,0.7101449275362319,0.375,0.4908180300500835,0.6860986547085202,0.0,0.6666666666666666,0.1111111111111111,0.2222222222222222,0.0,1.0
TAO_TRAIN_GT_CONTROLLED_HELDOUT,representation_heldout,A2_CAPACITY_CONTROL,B1_track_nearest,1029,main,16,1.0,0.7198067632850241,0.5625,0.6315045914763362,0.7085201793721974,0.0,0.6666666666666666,0.0,0.3333333333333333,0.0,1.0
TAO_TRAIN_GT_CONTROLLED_HELDOUT,representation_heldout,A2_CAPACITY_CONTROL,B1_track_nearest,1029,seed1027,1,1.0,0.5410628019323671,0.5625,0.5515731874145007,0.5426008968609866,0.0,0.7142857142857143,0.0,0.2857142857142857,0.0,1.0
TAO_TRAIN_GT_CONTROLLED_HELDOUT,representation_heldout,A2_CAPACITY_CONTROL,B1_track_nearest,1029,seed1027,2,1.0,0.6086956521739131,0.5625,0.5846867749419954,0.6053811659192825,0.14285714285714285,0.5714285714285714,0.0,0.2857142857142857,0.0,1.0
TAO_TRAIN_GT_CONTROLLED_HELDOUT,representation_heldout,A2_CAPACITY_CONTROL,B1_track_nearest,1029,seed1027,4,1.0,0.6570048309178744,0.5,0.5678496868475992,0.6457399103139013,0.0,0.7142857142857143,0.0,0.2857142857142857,0.0,1.0
TAO_TRAIN_GT_CONTROLLED_HELDOUT,representation_heldout,A2_CAPACITY_CONTROL,B1_track_nearest,1029,seed1027,8,1.0,0.7053140096618358,0.375,0.48965902738960315,0.6816143497757847,0.14285714285714285,0.42857142857142855,0.14285714285714285,0.2857142857142857,0.0,1.0
TAO_TRAIN_GT_CONTROLLED_HELDOUT,representation_heldout,A2_CAPACITY_CONTROL,B1_track_nearest,1029,seed1027,16,1.0,0.7246376811594203,0.375,0.49423393739703453,0.6995515695067265,0.5714285714285714,0.0,0.0,0.42857142857142855,0.0,1.0
TAO_TRAIN_GT_CONTROLLED_HELDOUT,representation_heldout,A2_CAPACITY_CONTROL,B1_track_nearest,1029,seed1028,1,1.0,0.5362318840579711,0.5625,0.5490519373454245,0.5381165919282511,0.0,0.7142857142857143,0.14285714285714285,0.14285714285714285,0.0,1.0
TAO_TRAIN_GT_CONTROLLED_HELDOUT,representation_heldout,A2_CAPACITY_CONTROL,B1_track_nearest,1029,seed1028,2,1.0,0.6086956521739131,0.5625,0.5846867749419954,0.6053811659192825,0.14285714285714285,0.5714285714285714,0.14285714285714285,0.14285714285714285,0.0,1.0
TAO_TRAIN_GT_CONTROLLED_HELDOUT,representation_heldout,A2_CAPACITY_CONTROL,B1_track_nearest,1029,seed1028,4,1.0,0.6280193236714976,0.5,0.556745182012848,0.6188340807174888,0.42857142857142855,0.2857142857142857,0.14285714285714285,0.14285714285714285,0.0,1.0
TAO_TRAIN_GT_CONTROLLED_HELDOUT,representation_heldout,A2_CAPACITY_CONTROL,B1_track_nearest,1029,seed1028,8,1.0,0.7053140096618358,0.4375,0.5400264200792603,0.6860986547085202,0.5714285714285714,0.0,0.14285714285714285,0.2857142857142857,0.0,1.0
TAO_TRAIN_GT_CONTROLLED_HELDOUT,representation_heldout,A2_CAPACITY_CONTROL,B1_track_nearest,1029,seed1028,16,1.0,0.7246376811594203,0.5625,0.6333567909922588,0.7130044843049327,0.0,0.42857142857142855,0.0,0.5714285714285714,0.0,1.0
TAO_TRAIN_GT_CONTROLLED_HELDOUT,representation_heldout,A2_CAPACITY_CONTROL,B1_track_nearest,1029,seed1029,1,1.0,0.5458937198067633,0.5,0.5219399538106235,0.5426008968609866,0.2222222222222222,0.6666666666666666,0.1111111111111111,0.0,0.0,1.0
TAO_TRAIN_GT_CONTROLLED_HELDOUT,representation_heldout,A2_CAPACITY_CONTROL,B1_track_nearest,1029,seed1029,2,1.0,0.6086956521739131,0.5625,0.5846867749419954,0.6053811659192825,0.0,0.5555555555555556,0.3333333333333333,0.1111111111111111,0.0,1.0
TAO_TRAIN_GT_CONTROLLED_HELDOUT,representation_heldout,A2_CAPACITY_CONTROL,B1_track_nearest,1029,seed1029,4,1.0,0.6618357487922706,0.5625,0.6081381011097411,0.6547085201793722,0.4444444444444444,0.2222222222222222,0.3333333333333333,0.0,0.0,1.0
TAO_TRAIN_GT_CONTROLLED_HELDOUT,representation_heldout,A2_CAPACITY_CONTROL,B1_track_nearest,1029,seed1029,8,1.0,0.7053140096618358,0.625,0.6627326373127553,0.6995515695067265,0.5555555555555556,0.1111111111111111,0.2222222222222222,0.1111111111111111,0.0,1.0
TAO_TRAIN_GT_CONTROLLED_HELDOUT,representation_heldout,A2_CAPACITY_CONTROL,B1_track_nearest,1029,seed1029,16,1.0,0.7294685990338164,0.5625,0.6351951390511801,0.7174887892376681,0.0,0.6666666666666666,0.0,0.3333333333333333,0.0,1.0
TAO_TRAIN_GT_CONTROLLED_HELDOUT,policy_heldout,D1_SIMPLE_MLP,frozen_MLP,1027,main,1,0.5,0.10628019323671498,0.0,0.0,0.09865470852017937,0.0,0.0,0.0,0.2222222222222222,0.7777777777777778,0.2222222222222222
TAO_TRAIN_GT_CONTROLLED_HELDOUT,policy_heldout,D1_SIMPLE_MLP,frozen_MLP,1027,main,2,0.5,0.34782608695652173,0.0,0.0,0.32286995515695066,0.0,0.0,0.0,0.8888888888888888,0.1111111111111111,0.8888888888888888
TAO_TRAIN_GT_CONTROLLED_HELDOUT,policy_heldout,D1_SIMPLE_MLP,frozen_MLP,1027,main,4,0.5,0.37681159420289856,0.0,0.0,0.34977578475336324,0.0,0.0,0.0,0.8888888888888888,0.1111111111111111,0.8888888888888888
TAO_TRAIN_GT_CONTROLLED_HELDOUT,policy_heldout,D1_SIMPLE_MLP,frozen_MLP,1027,main,8,0.5,0.40096618357487923,0.0625,0.10814332247557003,0.37668161434977576,0.0,0.0,0.1111111111111111,0.7777777777777778,0.1111111111111111,0.8888888888888888
TAO_TRAIN_GT_CONTROLLED_HELDOUT,policy_heldout,D1_SIMPLE_MLP,frozen_MLP,1027,main,16,0.5,0.4057971014492754,0.125,0.19112627986348124,0.38565022421524664,0.0,0.0,0.1111111111111111,0.7777777777777778,0.1111111111111111,0.8888888888888888
TAO_TRAIN_GT_CONTROLLED_HELDOUT,policy_heldout,D1_SIMPLE_MLP,frozen_MLP,1027,seed1027,1,0.5,0.10628019323671498,0.0,0.0,0.09865470852017937,0.0,0.0,0.0,0.42857142857142855,0.5714285714285714,0.42857142857142855
TAO_TRAIN_GT_CONTROLLED_HELDOUT,policy_heldout,D1_SIMPLE_MLP,frozen_MLP,1027,seed1027,2,0.5,0.28502415458937197,0.0,0.0,0.2645739910313901,0.0,0.0,0.0,0.42857142857142855,0.5714285714285714,0.42857142857142855
TAO_TRAIN_GT_CONTROLLED_HELDOUT,policy_heldout,D1_SIMPLE_MLP,frozen_MLP,1027,seed1027,4,0.5,0.37681159420289856,0.0,0.0,0.34977578475336324,0.0,0.0,0.0,1.0,0.0,1.0
TAO_TRAIN_GT_CONTROLLED_HELDOUT,policy_heldout,D1_SIMPLE_MLP,frozen_MLP,1027,seed1027,8,0.5,0.391304347826087,0.0625,0.10778443113772455,0.36771300448430494,0.0,0.0,0.0,1.0,0.0,1.0
TAO_TRAIN_GT_CONTROLLED_HELDOUT,policy_heldout,D1_SIMPLE_MLP,frozen_MLP,1027,seed1027,16,0.5,0.4057971014492754,0.125,0.19112627986348124,0.38565022421524664,0.0,0.0,0.14285714285714285,0.8571428571428571,0.0,1.0
TAO_TRAIN_GT_CONTROLLED_HELDOUT,policy_heldout,D1_SIMPLE_MLP,frozen_MLP,1027,seed1028,1,0.5,0.10628019323671498,0.0,0.0,0.09865470852017937,0.0,0.0,0.0,0.14285714285714285,0.8571428571428571,0.14285714285714285
TAO_TRAIN_GT_CONTROLLED_HELDOUT,policy_heldout,D1_SIMPLE_MLP,frozen_MLP,1027,seed1028,2,0.5,0.2995169082125604,0.0,0.0,0.27802690582959644,0.0,0.0,0.0,0.5714285714285714,0.42857142857142855,0.5714285714285714
TAO_TRAIN_GT_CONTROLLED_HELDOUT,policy_heldout,D1_SIMPLE_MLP,frozen_MLP,1027,seed1028,4,0.5,0.3961352657004831,0.0,0.0,0.36771300448430494,0.0,0.0,0.0,1.0,0.0,1.0
TAO_TRAIN_GT_CONTROLLED_HELDOUT,policy_heldout,D1_SIMPLE_MLP,frozen_MLP,1027,seed1028,8,0.5,0.40096618357487923,0.0625,0.10814332247557003,0.37668161434977576,0.0,0.0,0.0,1.0,0.0,1.0
TAO_TRAIN_GT_CONTROLLED_HELDOUT,policy_heldout,D1_SIMPLE_MLP,frozen_MLP,1027,seed1028,16,0.5,0.4251207729468599,0.125,0.19319429198682767,0.40358744394618834,0.0,0.0,0.14285714285714285,0.8571428571428571,0.0,1.0
TAO_TRAIN_GT_CONTROLLED_HELDOUT,policy_heldout,D1_SIMPLE_MLP,frozen_MLP,1027,seed1029,1,0.5,0.10628019323671498,0.0,0.0,0.09865470852017937,0.0,0.0,0.0,0.3333333333333333,0.6666666666666666,0.3333333333333333
TAO_TRAIN_GT_CONTROLLED_HELDOUT,policy_heldout,D1_SIMPLE_MLP,frozen_MLP,1027,seed1029,2,0.5,0.3333333333333333,0.0,0.0,0.3094170403587444,0.0,0.0,0.0,0.8888888888888888,0.1111111111111111,0.8888888888888888
TAO_TRAIN_GT_CONTROLLED_HELDOUT,policy_heldout,D1_SIMPLE_MLP,frozen_MLP,1027,seed1029,4,0.5,0.3719806763285024,0.0,0.0,0.3452914798206278,0.0,0.0,0.0,0.8888888888888888,0.1111111111111111,0.8888888888888888
TAO_TRAIN_GT_CONTROLLED_HELDOUT,policy_heldout,D1_SIMPLE_MLP,frozen_MLP,1027,seed1029,8,0.5,0.38164251207729466,0.0625,0.10740992522093813,0.35874439461883406,0.0,0.0,0.1111111111111111,0.7777777777777778,0.1111111111111111,0.8888888888888888
TAO_TRAIN_GT_CONTROLLED_HELDOUT,policy_heldout,D1_SIMPLE_MLP,frozen_MLP,1027,seed1029,16,0.5,0.4057971014492754,0.125,0.19112627986348124,0.38565022421524664,0.0,0.0,0.1111111111111111,0.7777777777777778,0.1111111111111111,0.8888888888888888
TAO_TRAIN_GT_CONTROLLED_HELDOUT,policy_heldout,D1_SIMPLE_MLP,frozen_MLP,1027,main,1,0.75,0.10628019323671498,0.0,0.0,0.09865470852017937,0.0,0.0,0.0,0.2222222222222222,0.7777777777777778,0.2222222222222222
TAO_TRAIN_GT_CONTROLLED_HELDOUT,policy_heldout,D1_SIMPLE_MLP,frozen_MLP,1027,main,2,0.75,0.34782608695652173,0.0,0.0,0.32286995515695066,0.0,0.0,0.0,0.8888888888888888,0.1111111111111111,0.8888888888888888
TAO_TRAIN_GT_CONTROLLED_HELDOUT,policy_heldout,D1_SIMPLE_MLP,frozen_MLP,1027,main,4,0.75,0.37681159420289856,0.0,0.0,0.34977578475336324,0.0,0.0,0.0,0.8888888888888888,0.1111111111111111,0.8888888888888888
TAO_TRAIN_GT_CONTROLLED_HELDOUT,policy_heldout,D1_SIMPLE_MLP,frozen_MLP,1027,main,8,0.75,0.40096618357487923,0.0625,0.10814332247557003,0.37668161434977576,0.0,0.0,0.1111111111111111,0.7777777777777778,0.1111111111111111,0.8888888888888888
TAO_TRAIN_GT_CONTROLLED_HELDOUT,policy_heldout,D1_SIMPLE_MLP,frozen_MLP,1027,main,16,0.75,0.4057971014492754,0.125,0.19112627986348124,0.38565022421524664,0.0,0.0,0.1111111111111111,0.7777777777777778,0.1111111111111111,0.8888888888888888
TAO_TRAIN_GT_CONTROLLED_HELDOUT,policy_heldout,D1_SIMPLE_MLP,frozen_MLP,1027,seed1027,1,0.75,0.10628019323671498,0.0,0.0,0.09865470852017937,0.0,0.0,0.0,0.42857142857142855,0.5714285714285714,0.42857142857142855
TAO_TRAIN_GT_CONTROLLED_HELDOUT,policy_heldout,D1_SIMPLE_MLP,frozen_MLP,1027,seed1027,2,0.75,0.28502415458937197,0.0,0.0,0.2645739910313901,0.0,0.0,0.0,0.42857142857142855,0.5714285714285714,0.42857142857142855
TAO_TRAIN_GT_CONTROLLED_HELDOUT,policy_heldout,D1_SIMPLE_MLP,frozen_MLP,1027,seed1027,4,0.75,0.37681159420289856,0.0,0.0,0.34977578475336324,0.0,0.0,0.0,1.0,0.0,1.0
TAO_TRAIN_GT_CONTROLLED_HELDOUT,policy_heldout,D1_SIMPLE_MLP,frozen_MLP,1027,seed1027,8,0.75,0.391304347826087,0.0625,0.10778443113772455,0.36771300448430494,0.0,0.0,0.0,1.0,0.0,1.0
TAO_TRAIN_GT_CONTROLLED_HELDOUT,policy_heldout,D1_SIMPLE_MLP,frozen_MLP,1027,seed1027,16,0.75,0.4057971014492754,0.125,0.19112627986348124,0.38565022421524664,0.0,0.0,0.14285714285714285,0.8571428571428571,0.0,1.0
TAO_TRAIN_GT_CONTROLLED_HELDOUT,policy_heldout,D1_SIMPLE_MLP,frozen_MLP,1027,seed1028,1,0.75,0.10628019323671498,0.0,0.0,0.09865470852017937,0.0,0.0,0.0,0.14285714285714285,0.8571428571428571,0.14285714285714285
TAO_TRAIN_GT_CONTROLLED_HELDOUT,policy_heldout,D1_SIMPLE_MLP,frozen_MLP,1027,seed1028,2,0.75,0.2995169082125604,0.0,0.0,0.27802690582959644,0.0,0.0,0.0,0.5714285714285714,0.42857142857142855,0.5714285714285714
TAO_TRAIN_GT_CONTROLLED_HELDOUT,policy_heldout,D1_SIMPLE_MLP,frozen_MLP,1027,seed1028,4,0.75,0.3961352657004831,0.0,0.0,0.36771300448430494,0.0,0.0,0.0,1.0,0.0,1.0
TAO_TRAIN_GT_CONTROLLED_HELDOUT,policy_heldout,D1_SIMPLE_MLP,frozen_MLP,1027,seed1028,8,0.75,0.40096618357487923,0.0625,0.10814332247557003,0.37668161434977576,0.0,0.0,0.0,1.0,0.0,1.0
TAO_TRAIN_GT_CONTROLLED_HELDOUT,policy_heldout,D1_SIMPLE_MLP,frozen_MLP,1027,seed1028,16,0.75,0.4251207729468599,0.125,0.19319429198682767,0.40358744394618834,0.0,0.0,0.14285714285714285,0.8571428571428571,0.0,1.0
TAO_TRAIN_GT_CONTROLLED_HELDOUT,policy_heldout,D1_SIMPLE_MLP,frozen_MLP,1027,seed1029,1,0.75,0.10628019323671498,0.0,0.0,0.09865470852017937,0.0,0.0,0.0,0.3333333333333333,0.6666666666666666,0.3333333333333333
TAO_TRAIN_GT_CONTROLLED_HELDOUT,policy_heldout,D1_SIMPLE_MLP,frozen_MLP,1027,seed1029,2,0.75,0.3333333333333333,0.0,0.0,0.3094170403587444,0.0,0.0,0.0,0.8888888888888888,0.1111111111111111,0.8888888888888888
TAO_TRAIN_GT_CONTROLLED_HELDOUT,policy_heldout,D1_SIMPLE_MLP,frozen_MLP,1027,seed1029,4,0.75,0.3719806763285024,0.0,0.0,0.3452914798206278,0.0,0.0,0.0,0.8888888888888888,0.1111111111111111,0.8888888888888888
TAO_TRAIN_GT_CONTROLLED_HELDOUT,policy_heldout,D1_SIMPLE_MLP,frozen_MLP,1027,seed1029,8,0.75,0.38164251207729466,0.0625,0.10740992522093813,0.35874439461883406,0.0,0.0,0.1111111111111111,0.7777777777777778,0.1111111111111111,0.8888888888888888
TAO_TRAIN_GT_CONTROLLED_HELDOUT,policy_heldout,D1_SIMPLE_MLP,frozen_MLP,1027,seed1029,16,0.75,0.4057971014492754,0.125,0.19112627986348124,0.38565022421524664,0.0,0.0,0.1111111111111111,0.7777777777777778,0.1111111111111111,0.8888888888888888
TAO_TRAIN_GT_CONTROLLED_HELDOUT,policy_heldout,D1_SIMPLE_MLP,frozen_MLP,1027,main,1,1.0,0.23671497584541062,0.125,0.1636060100166945,0.22869955156950672,0.0,0.0,0.2222222222222222,0.7777777777777778,0.0,1.0
TAO_TRAIN_GT_CONTROLLED_HELDOUT,policy_heldout,D1_SIMPLE_MLP,frozen_MLP,1027,main,2,1.0,0.3285024154589372,0.0,0.0,0.30493273542600896,0.0,0.0,0.0,1.0,0.0,1.0
TAO_TRAIN_GT_CONTROLLED_HELDOUT,policy_heldout,D1_SIMPLE_MLP,frozen_MLP,1027,main,4,1.0,0.37681159420289856,0.0,0.0,0.34977578475336324,0.0,0.0,0.0,1.0,0.0,1.0
TAO_TRAIN_GT_CONTROLLED_HELDOUT,policy_heldout,D1_SIMPLE_MLP,frozen_MLP,1027,main,8,1.0,0.40096618357487923,0.0625,0.10814332247557003,0.37668161434977576,0.0,0.0,0.1111111111111111,0.8888888888888888,0.0,1.0
TAO_TRAIN_GT_CONTROLLED_HELDOUT,policy_heldout,D1_SIMPLE_MLP,frozen_MLP,1027,main,16,1.0,0.4057971014492754,0.125,0.19112627986348124,0.38565022421524664,0.0,0.0,0.1111111111111111,0.8888888888888888,0.0,1.0
TAO_TRAIN_GT_CONTROLLED_HELDOUT,policy_heldout,D1_SIMPLE_MLP,frozen_MLP,1027,seed1027,1,1.0,0.23671497584541062,0.125,0.1636060100166945,0.22869955156950672,0.0,0.0,0.2857142857142857,0.7142857142857143,0.0,1.0
TAO_TRAIN_GT_CONTROLLED_HELDOUT,policy_heldout,D1_SIMPLE_MLP,frozen_MLP,1027,seed1027,2,1.0,0.32367149758454106,0.0,0.0,0.3004484304932735,0.0,0.0,0.0,1.0,0.0,1.0
TAO_TRAIN_GT_CONTROLLED_HELDOUT,policy_heldout,D1_SIMPLE_MLP,frozen_MLP,1027,seed1027,4,1.0,0.37681159420289856,0.0,0.0,0.34977578475336324,0.0,0.0,0.0,1.0,0.0,1.0
TAO_TRAIN_GT_CONTROLLED_HELDOUT,policy_heldout,D1_SIMPLE_MLP,frozen_MLP,1027,seed1027,8,1.0,0.391304347826087,0.0625,0.10778443113772455,0.36771300448430494,0.0,0.0,0.0,1.0,0.0,1.0
TAO_TRAIN_GT_CONTROLLED_HELDOUT,policy_heldout,D1_SIMPLE_MLP,frozen_MLP,1027,seed1027,16,1.0,0.4057971014492754,0.125,0.19112627986348124,0.38565022421524664,0.0,0.0,0.14285714285714285,0.8571428571428571,0.0,1.0
TAO_TRAIN_GT_CONTROLLED_HELDOUT,policy_heldout,D1_SIMPLE_MLP,frozen_MLP,1027,seed1028,1,1.0,0.2222222222222222,0.125,0.16,0.21524663677130046,0.0,0.0,0.42857142857142855,0.5714285714285714,0.0,1.0
TAO_TRAIN_GT_CONTROLLED_HELDOUT,policy_heldout,D1_SIMPLE_MLP,frozen_MLP,1027,seed1028,2,1.0,0.3285024154589372,0.0,0.0,0.30493273542600896,0.0,0.0,0.0,1.0,0.0,1.0
TAO_TRAIN_GT_CONTROLLED_HELDOUT,policy_heldout,D1_SIMPLE_MLP,frozen_MLP,1027,seed1028,4,1.0,0.3961352657004831,0.0,0.0,0.36771300448430494,0.0,0.0,0.0,1.0,0.0,1.0
TAO_TRAIN_GT_CONTROLLED_HELDOUT,policy_heldout,D1_SIMPLE_MLP,frozen_MLP,1027,seed1028,8,1.0,0.40096618357487923,0.0625,0.10814332247557003,0.37668161434977576,0.0,0.0,0.0,1.0,0.0,1.0
TAO_TRAIN_GT_CONTROLLED_HELDOUT,policy_heldout,D1_SIMPLE_MLP,frozen_MLP,1027,seed1028,16,1.0,0.4251207729468599,0.125,0.19319429198682767,0.40358744394618834,0.0,0.0,0.14285714285714285,0.8571428571428571,0.0,1.0
TAO_TRAIN_GT_CONTROLLED_HELDOUT,policy_heldout,D1_SIMPLE_MLP,frozen_MLP,1027,seed1029,1,1.0,0.2318840579710145,0.125,0.16243654822335024,0.2242152466367713,0.0,0.0,0.2222222222222222,0.7777777777777778,0.0,1.0
TAO_TRAIN_GT_CONTROLLED_HELDOUT,policy_heldout,D1_SIMPLE_MLP,frozen_MLP,1027,seed1029,2,1.0,0.3333333333333333,0.0,0.0,0.3094170403587444,0.0,0.0,0.0,1.0,0.0,1.0
TAO_TRAIN_GT_CONTROLLED_HELDOUT,policy_heldout,D1_SIMPLE_MLP,frozen_MLP,1027,seed1029,4,1.0,0.3719806763285024,0.0,0.0,0.3452914798206278,0.0,0.0,0.0,1.0,0.0,1.0
TAO_TRAIN_GT_CONTROLLED_HELDOUT,policy_heldout,D1_SIMPLE_MLP,frozen_MLP,1027,seed1029,8,1.0,0.38164251207729466,0.0625,0.10740992522093813,0.35874439461883406,0.0,0.0,0.1111111111111111,0.8888888888888888,0.0,1.0
TAO_TRAIN_GT_CONTROLLED_HELDOUT,policy_heldout,D1_SIMPLE_MLP,frozen_MLP,1027,seed1029,16,1.0,0.4057971014492754,0.125,0.19112627986348124,0.38565022421524664,0.0,0.0,0.1111111111111111,0.8888888888888888,0.0,1.0
TAO_TRAIN_GT_CONTROLLED_HELDOUT,policy_heldout,D2_RISK_AWARE,frozen_MLP,1027,main,1,0.5,0.0,0.625,0.0,0.04484304932735426,0.0,1.0,0.0,0.0,0.0,1.0
TAO_TRAIN_GT_CONTROLLED_HELDOUT,policy_heldout,D2_RISK_AWARE,frozen_MLP,1027,main,2,0.5,0.0,0.625,0.0,0.04484304932735426,0.0,1.0,0.0,0.0,0.0,1.0
TAO_TRAIN_GT_CONTROLLED_HELDOUT,policy_heldout,D2_RISK_AWARE,frozen_MLP,1027,main,4,0.5,0.0,0.625,0.0,0.04484304932735426,0.0,1.0,0.0,0.0,0.0,1.0
TAO_TRAIN_GT_CONTROLLED_HELDOUT,policy_heldout,D2_RISK_AWARE,frozen_MLP,1027,main,8,0.5,0.0,0.625,0.0,0.04484304932735426,0.0,1.0,0.0,0.0,0.0,1.0
TAO_TRAIN_GT_CONTROLLED_HELDOUT,policy_heldout,D2_RISK_AWARE,frozen_MLP,1027,main,16,0.5,0.0,0.625,0.0,0.04484304932735426,0.0,1.0,0.0,0.0,0.0,1.0
TAO_TRAIN_GT_CONTROLLED_HELDOUT,policy_heldout,D2_RISK_AWARE,frozen_MLP,1027,seed1027,1,0.5,0.0,0.625,0.0,0.04484304932735426,0.0,1.0,0.0,0.0,0.0,1.0
TAO_TRAIN_GT_CONTROLLED_HELDOUT,policy_heldout,D2_RISK_AWARE,frozen_MLP,1027,seed1027,2,0.5,0.0,0.625,0.0,0.04484304932735426,0.0,1.0,0.0,0.0,0.0,1.0
TAO_TRAIN_GT_CONTROLLED_HELDOUT,policy_heldout,D2_RISK_AWARE,frozen_MLP,1027,seed1027,4,0.5,0.0,0.625,0.0,0.04484304932735426,0.0,1.0,0.0,0.0,0.0,1.0
TAO_TRAIN_GT_CONTROLLED_HELDOUT,policy_heldout,D2_RISK_AWARE,frozen_MLP,1027,seed1027,8,0.5,0.0,0.625,0.0,0.04484304932735426,0.0,1.0,0.0,0.0,0.0,1.0
TAO_TRAIN_GT_CONTROLLED_HELDOUT,policy_heldout,D2_RISK_AWARE,frozen_MLP,1027,seed1027,16,0.5,0.0,0.625,0.0,0.04484304932735426,0.0,0.7142857142857143,0.0,0.0,0.2857142857142857,0.7142857142857143
TAO_TRAIN_GT_CONTROLLED_HELDOUT,policy_heldout,D2_RISK_AWARE,frozen_MLP,1027,seed1028,1,0.5,0.0,0.625,0.0,0.04484304932735426,0.0,1.0,0.0,0.0,0.0,1.0
TAO_TRAIN_GT_CONTROLLED_HELDOUT,policy_heldout,D2_RISK_AWARE,frozen_MLP,1027,seed1028,2,0.5,0.0,0.625,0.0,0.04484304932735426,0.0,1.0,0.0,0.0,0.0,1.0
TAO_TRAIN_GT_CONTROLLED_HELDOUT,policy_heldout,D2_RISK_AWARE,frozen_MLP,1027,seed1028,4,0.5,0.0,0.625,0.0,0.04484304932735426,0.0,1.0,0.0,0.0,0.0,1.0
TAO_TRAIN_GT_CONTROLLED_HELDOUT,policy_heldout,D2_RISK_AWARE,frozen_MLP,1027,seed1028,8,0.5,0.0,0.625,0.0,0.04484304932735426,0.0,1.0,0.0,0.0,0.0,1.0
TAO_TRAIN_GT_CONTROLLED_HELDOUT,policy_heldout,D2_RISK_AWARE,frozen_MLP,1027,seed1028,16,0.5,0.0,0.625,0.0,0.04484304932735426,0.0,1.0,0.0,0.0,0.0,1.0
TAO_TRAIN_GT_CONTROLLED_HELDOUT,policy_heldout,D2_RISK_AWARE,frozen_MLP,1027,seed1029,1,0.5,0.0,0.625,0.0,0.04484304932735426,0.0,1.0,0.0,0.0,0.0,1.0
TAO_TRAIN_GT_CONTROLLED_HELDOUT,policy_heldout,D2_RISK_AWARE,frozen_MLP,1027,seed1029,2,0.5,0.0,0.625,0.0,0.04484304932735426,0.0,1.0,0.0,0.0,0.0,1.0
TAO_TRAIN_GT_CONTROLLED_HELDOUT,policy_heldout,D2_RISK_AWARE,frozen_MLP,1027,seed1029,4,0.5,0.0,0.625,0.0,0.04484304932735426,0.0,1.0,0.0,0.0,0.0,1.0
TAO_TRAIN_GT_CONTROLLED_HELDOUT,policy_heldout,D2_RISK_AWARE,frozen_MLP,1027,seed1029,8,0.5,0.0,0.625,0.0,0.04484304932735426,0.0,1.0,0.0,0.0,0.0,1.0
TAO_TRAIN_GT_CONTROLLED_HELDOUT,policy_heldout,D2_RISK_AWARE,frozen_MLP,1027,seed1029,16,0.5,0.0,0.625,0.0,0.04484304932735426,0.0,1.0,0.0,0.0,0.0,1.0
TAO_TRAIN_GT_CONTROLLED_HELDOUT,policy_heldout,D2_RISK_AWARE,frozen_MLP,1027,main,1,0.75,0.0,0.625,0.0,0.04484304932735426,0.0,1.0,0.0,0.0,0.0,1.0
TAO_TRAIN_GT_CONTROLLED_HELDOUT,policy_heldout,D2_RISK_AWARE,frozen_MLP,1027,main,2,0.75,0.0,0.625,0.0,0.04484304932735426,0.0,1.0,0.0,0.0,0.0,1.0
TAO_TRAIN_GT_CONTROLLED_HELDOUT,policy_heldout,D2_RISK_AWARE,frozen_MLP,1027,main,4,0.75,0.0,0.625,0.0,0.04484304932735426,0.0,1.0,0.0,0.0,0.0,1.0
TAO_TRAIN_GT_CONTROLLED_HELDOUT,policy_heldout,D2_RISK_AWARE,frozen_MLP,1027,main,8,0.75,0.0,0.625,0.0,0.04484304932735426,0.0,1.0,0.0,0.0,0.0,1.0
TAO_TRAIN_GT_CONTROLLED_HELDOUT,policy_heldout,D2_RISK_AWARE,frozen_MLP,1027,main,16,0.75,0.0,0.625,0.0,0.04484304932735426,0.0,1.0,0.0,0.0,0.0,1.0
TAO_TRAIN_GT_CONTROLLED_HELDOUT,policy_heldout,D2_RISK_AWARE,frozen_MLP,1027,seed1027,1,0.75,0.0,0.625,0.0,0.04484304932735426,0.0,1.0,0.0,0.0,0.0,1.0
TAO_TRAIN_GT_CONTROLLED_HELDOUT,policy_heldout,D2_RISK_AWARE,frozen_MLP,1027,seed1027,2,0.75,0.0,0.625,0.0,0.04484304932735426,0.0,1.0,0.0,0.0,0.0,1.0
TAO_TRAIN_GT_CONTROLLED_HELDOUT,policy_heldout,D2_RISK_AWARE,frozen_MLP,1027,seed1027,4,0.75,0.0,0.625,0.0,0.04484304932735426,0.0,1.0,0.0,0.0,0.0,1.0
TAO_TRAIN_GT_CONTROLLED_HELDOUT,policy_heldout,D2_RISK_AWARE,frozen_MLP,1027,seed1027,8,0.75,0.0,0.625,0.0,0.04484304932735426,0.0,1.0,0.0,0.0,0.0,1.0
TAO_TRAIN_GT_CONTROLLED_HELDOUT,policy_heldout,D2_RISK_AWARE,frozen_MLP,1027,seed1027,16,0.75,0.0,0.625,0.0,0.04484304932735426,0.0,0.7142857142857143,0.0,0.0,0.2857142857142857,0.7142857142857143
TAO_TRAIN_GT_CONTROLLED_HELDOUT,policy_heldout,D2_RISK_AWARE,frozen_MLP,1027,seed1028,1,0.75,0.0,0.625,0.0,0.04484304932735426,0.0,1.0,0.0,0.0,0.0,1.0
TAO_TRAIN_GT_CONTROLLED_HELDOUT,policy_heldout,D2_RISK_AWARE,frozen_MLP,1027,seed1028,2,0.75,0.0,0.625,0.0,0.04484304932735426,0.0,1.0,0.0,0.0,0.0,1.0
TAO_TRAIN_GT_CONTROLLED_HELDOUT,policy_heldout,D2_RISK_AWARE,frozen_MLP,1027,seed1028,4,0.75,0.0,0.625,0.0,0.04484304932735426,0.0,1.0,0.0,0.0,0.0,1.0
TAO_TRAIN_GT_CONTROLLED_HELDOUT,policy_heldout,D2_RISK_AWARE,frozen_MLP,1027,seed1028,8,0.75,0.0,0.625,0.0,0.04484304932735426,0.0,1.0,0.0,0.0,0.0,1.0
TAO_TRAIN_GT_CONTROLLED_HELDOUT,policy_heldout,D2_RISK_AWARE,frozen_MLP,1027,seed1028,16,0.75,0.0,0.625,0.0,0.04484304932735426,0.0,1.0,0.0,0.0,0.0,1.0
TAO_TRAIN_GT_CONTROLLED_HELDOUT,policy_heldout,D2_RISK_AWARE,frozen_MLP,1027,seed1029,1,0.75,0.0,0.625,0.0,0.04484304932735426,0.0,1.0,0.0,0.0,0.0,1.0
TAO_TRAIN_GT_CONTROLLED_HELDOUT,policy_heldout,D2_RISK_AWARE,frozen_MLP,1027,seed1029,2,0.75,0.0,0.625,0.0,0.04484304932735426,0.0,1.0,0.0,0.0,0.0,1.0
TAO_TRAIN_GT_CONTROLLED_HELDOUT,policy_heldout,D2_RISK_AWARE,frozen_MLP,1027,seed1029,4,0.75,0.0,0.625,0.0,0.04484304932735426,0.0,1.0,0.0,0.0,0.0,1.0
TAO_TRAIN_GT_CONTROLLED_HELDOUT,policy_heldout,D2_RISK_AWARE,frozen_MLP,1027,seed1029,8,0.75,0.0,0.625,0.0,0.04484304932735426,0.0,1.0,0.0,0.0,0.0,1.0
TAO_TRAIN_GT_CONTROLLED_HELDOUT,policy_heldout,D2_RISK_AWARE,frozen_MLP,1027,seed1029,16,0.75,0.0,0.625,0.0,0.04484304932735426,0.0,1.0,0.0,0.0,0.0,1.0
TAO_TRAIN_GT_CONTROLLED_HELDOUT,policy_heldout,D2_RISK_AWARE,frozen_MLP,1027,main,1,1.0,0.0,0.625,0.0,0.04484304932735426,0.0,1.0,0.0,0.0,0.0,1.0
TAO_TRAIN_GT_CONTROLLED_HELDOUT,policy_heldout,D2_RISK_AWARE,frozen_MLP,1027,main,2,1.0,0.0,0.625,0.0,0.04484304932735426,0.0,1.0,0.0,0.0,0.0,1.0
TAO_TRAIN_GT_CONTROLLED_HELDOUT,policy_heldout,D2_RISK_AWARE,frozen_MLP,1027,main,4,1.0,0.0,0.625,0.0,0.04484304932735426,0.0,1.0,0.0,0.0,0.0,1.0
TAO_TRAIN_GT_CONTROLLED_HELDOUT,policy_heldout,D2_RISK_AWARE,frozen_MLP,1027,main,8,1.0,0.0,0.625,0.0,0.04484304932735426,0.0,1.0,0.0,0.0,0.0,1.0
TAO_TRAIN_GT_CONTROLLED_HELDOUT,policy_heldout,D2_RISK_AWARE,frozen_MLP,1027,main,16,1.0,0.0,0.625,0.0,0.04484304932735426,0.0,1.0,0.0,0.0,0.0,1.0
TAO_TRAIN_GT_CONTROLLED_HELDOUT,policy_heldout,D2_RISK_AWARE,frozen_MLP,1027,seed1027,1,1.0,0.0,0.625,0.0,0.04484304932735426,0.0,1.0,0.0,0.0,0.0,1.0
TAO_TRAIN_GT_CONTROLLED_HELDOUT,policy_heldout,D2_RISK_AWARE,frozen_MLP,1027,seed1027,2,1.0,0.0,0.625,0.0,0.04484304932735426,0.0,1.0,0.0,0.0,0.0,1.0
TAO_TRAIN_GT_CONTROLLED_HELDOUT,policy_heldout,D2_RISK_AWARE,frozen_MLP,1027,seed1027,4,1.0,0.0,0.625,0.0,0.04484304932735426,0.0,1.0,0.0,0.0,0.0,1.0
TAO_TRAIN_GT_CONTROLLED_HELDOUT,policy_heldout,D2_RISK_AWARE,frozen_MLP,1027,seed1027,8,1.0,0.0,0.625,0.0,0.04484304932735426,0.0,1.0,0.0,0.0,0.0,1.0
TAO_TRAIN_GT_CONTROLLED_HELDOUT,policy_heldout,D2_RISK_AWARE,frozen_MLP,1027,seed1027,16,1.0,0.0,0.625,0.0,0.04484304932735426,0.0,0.7142857142857143,0.0,0.0,0.2857142857142857,0.7142857142857143
TAO_TRAIN_GT_CONTROLLED_HELDOUT,policy_heldout,D2_RISK_AWARE,frozen_MLP,1027,seed1028,1,1.0,0.0,0.625,0.0,0.04484304932735426,0.0,1.0,0.0,0.0,0.0,1.0
TAO_TRAIN_GT_CONTROLLED_HELDOUT,policy_heldout,D2_RISK_AWARE,frozen_MLP,1027,seed1028,2,1.0,0.0,0.625,0.0,0.04484304932735426,0.0,1.0,0.0,0.0,0.0,1.0
TAO_TRAIN_GT_CONTROLLED_HELDOUT,policy_heldout,D2_RISK_AWARE,frozen_MLP,1027,seed1028,4,1.0,0.0,0.625,0.0,0.04484304932735426,0.0,1.0,0.0,0.0,0.0,1.0
TAO_TRAIN_GT_CONTROLLED_HELDOUT,policy_heldout,D2_RISK_AWARE,frozen_MLP,1027,seed1028,8,1.0,0.0,0.625,0.0,0.04484304932735426,0.0,1.0,0.0,0.0,0.0,1.0
TAO_TRAIN_GT_CONTROLLED_HELDOUT,policy_heldout,D2_RISK_AWARE,frozen_MLP,1027,seed1028,16,1.0,0.0,0.625,0.0,0.04484304932735426,0.0,1.0,0.0,0.0,0.0,1.0
TAO_TRAIN_GT_CONTROLLED_HELDOUT,policy_heldout,D2_RISK_AWARE,frozen_MLP,1027,seed1029,1,1.0,0.0,0.625,0.0,0.04484304932735426,0.0,1.0,0.0,0.0,0.0,1.0
TAO_TRAIN_GT_CONTROLLED_HELDOUT,policy_heldout,D2_RISK_AWARE,frozen_MLP,1027,seed1029,2,1.0,0.0,0.625,0.0,0.04484304932735426,0.0,1.0,0.0,0.0,0.0,1.0
TAO_TRAIN_GT_CONTROLLED_HELDOUT,policy_heldout,D2_RISK_AWARE,frozen_MLP,1027,seed1029,4,1.0,0.0,0.625,0.0,0.04484304932735426,0.0,1.0,0.0,0.0,0.0,1.0
TAO_TRAIN_GT_CONTROLLED_HELDOUT,policy_heldout,D2_RISK_AWARE,frozen_MLP,1027,seed1029,8,1.0,0.0,0.625,0.0,0.04484304932735426,0.0,1.0,0.0,0.0,0.0,1.0
TAO_TRAIN_GT_CONTROLLED_HELDOUT,policy_heldout,D2_RISK_AWARE,frozen_MLP,1027,seed1029,16,1.0,0.0,0.625,0.0,0.04484304932735426,0.0,1.0,0.0,0.0,0.0,1.0
TAO_TRAIN_GT_CONTROLLED_HELDOUT,policy_heldout,WITHOUT_ADAPTER,frozen_MLP,1027,main,1,0.5,0.0,0.625,0.0,0.04484304932735426,0.0,1.0,0.0,0.0,0.0,1.0
TAO_TRAIN_GT_CONTROLLED_HELDOUT,policy_heldout,WITHOUT_ADAPTER,frozen_MLP,1027,main,2,0.5,0.0,0.625,0.0,0.04484304932735426,0.0,1.0,0.0,0.0,0.0,1.0
TAO_TRAIN_GT_CONTROLLED_HELDOUT,policy_heldout,WITHOUT_ADAPTER,frozen_MLP,1027,main,4,0.5,0.0,0.625,0.0,0.04484304932735426,0.0,1.0,0.0,0.0,0.0,1.0
TAO_TRAIN_GT_CONTROLLED_HELDOUT,policy_heldout,WITHOUT_ADAPTER,frozen_MLP,1027,main,8,0.5,0.0,0.625,0.0,0.04484304932735426,0.0,1.0,0.0,0.0,0.0,1.0
TAO_TRAIN_GT_CONTROLLED_HELDOUT,policy_heldout,WITHOUT_ADAPTER,frozen_MLP,1027,main,16,0.5,0.0,0.625,0.0,0.04484304932735426,0.0,1.0,0.0,0.0,0.0,1.0
TAO_TRAIN_GT_CONTROLLED_HELDOUT,policy_heldout,WITHOUT_ADAPTER,frozen_MLP,1027,seed1027,1,0.5,0.0,0.625,0.0,0.04484304932735426,0.0,1.0,0.0,0.0,0.0,1.0
TAO_TRAIN_GT_CONTROLLED_HELDOUT,policy_heldout,WITHOUT_ADAPTER,frozen_MLP,1027,seed1027,2,0.5,0.0,0.625,0.0,0.04484304932735426,0.0,1.0,0.0,0.0,0.0,1.0
TAO_TRAIN_GT_CONTROLLED_HELDOUT,policy_heldout,WITHOUT_ADAPTER,frozen_MLP,1027,seed1027,4,0.5,0.0,0.625,0.0,0.04484304932735426,0.0,1.0,0.0,0.0,0.0,1.0
TAO_TRAIN_GT_CONTROLLED_HELDOUT,policy_heldout,WITHOUT_ADAPTER,frozen_MLP,1027,seed1027,8,0.5,0.0,0.625,0.0,0.04484304932735426,0.0,1.0,0.0,0.0,0.0,1.0
TAO_TRAIN_GT_CONTROLLED_HELDOUT,policy_heldout,WITHOUT_ADAPTER,frozen_MLP,1027,seed1027,16,0.5,0.0,0.625,0.0,0.04484304932735426,0.0,1.0,0.0,0.0,0.0,1.0
TAO_TRAIN_GT_CONTROLLED_HELDOUT,policy_heldout,WITHOUT_ADAPTER,frozen_MLP,1027,seed1028,1,0.5,0.0,0.625,0.0,0.04484304932735426,0.0,1.0,0.0,0.0,0.0,1.0
TAO_TRAIN_GT_CONTROLLED_HELDOUT,policy_heldout,WITHOUT_ADAPTER,frozen_MLP,1027,seed1028,2,0.5,0.0,0.625,0.0,0.04484304932735426,0.0,1.0,0.0,0.0,0.0,1.0
TAO_TRAIN_GT_CONTROLLED_HELDOUT,policy_heldout,WITHOUT_ADAPTER,frozen_MLP,1027,seed1028,4,0.5,0.0,0.625,0.0,0.04484304932735426,0.0,1.0,0.0,0.0,0.0,1.0
TAO_TRAIN_GT_CONTROLLED_HELDOUT,policy_heldout,WITHOUT_ADAPTER,frozen_MLP,1027,seed1028,8,0.5,0.0,0.625,0.0,0.04484304932735426,0.0,1.0,0.0,0.0,0.0,1.0
TAO_TRAIN_GT_CONTROLLED_HELDOUT,policy_heldout,WITHOUT_ADAPTER,frozen_MLP,1027,seed1028,16,0.5,0.0,0.625,0.0,0.04484304932735426,0.0,1.0,0.0,0.0,0.0,1.0
TAO_TRAIN_GT_CONTROLLED_HELDOUT,policy_heldout,WITHOUT_ADAPTER,frozen_MLP,1027,seed1029,1,0.5,0.0,0.625,0.0,0.04484304932735426,0.0,1.0,0.0,0.0,0.0,1.0
TAO_TRAIN_GT_CONTROLLED_HELDOUT,policy_heldout,WITHOUT_ADAPTER,frozen_MLP,1027,seed1029,2,0.5,0.0,0.625,0.0,0.04484304932735426,0.0,1.0,0.0,0.0,0.0,1.0
TAO_TRAIN_GT_CONTROLLED_HELDOUT,policy_heldout,WITHOUT_ADAPTER,frozen_MLP,1027,seed1029,4,0.5,0.0,0.625,0.0,0.04484304932735426,0.0,1.0,0.0,0.0,0.0,1.0
TAO_TRAIN_GT_CONTROLLED_HELDOUT,policy_heldout,WITHOUT_ADAPTER,frozen_MLP,1027,seed1029,8,0.5,0.0,0.625,0.0,0.04484304932735426,0.0,1.0,0.0,0.0,0.0,1.0
TAO_TRAIN_GT_CONTROLLED_HELDOUT,policy_heldout,WITHOUT_ADAPTER,frozen_MLP,1027,seed1029,16,0.5,0.0,0.625,0.0,0.04484304932735426,0.0,1.0,0.0,0.0,0.0,1.0
TAO_TRAIN_GT_CONTROLLED_HELDOUT,policy_heldout,WITHOUT_ADAPTER,frozen_MLP,1027,main,1,0.75,0.0,0.625,0.0,0.04484304932735426,0.0,1.0,0.0,0.0,0.0,1.0
TAO_TRAIN_GT_CONTROLLED_HELDOUT,policy_heldout,WITHOUT_ADAPTER,frozen_MLP,1027,main,2,0.75,0.0,0.625,0.0,0.04484304932735426,0.0,1.0,0.0,0.0,0.0,1.0
TAO_TRAIN_GT_CONTROLLED_HELDOUT,policy_heldout,WITHOUT_ADAPTER,frozen_MLP,1027,main,4,0.75,0.0,0.625,0.0,0.04484304932735426,0.0,1.0,0.0,0.0,0.0,1.0
TAO_TRAIN_GT_CONTROLLED_HELDOUT,policy_heldout,WITHOUT_ADAPTER,frozen_MLP,1027,main,8,0.75,0.0,0.625,0.0,0.04484304932735426,0.0,1.0,0.0,0.0,0.0,1.0
TAO_TRAIN_GT_CONTROLLED_HELDOUT,policy_heldout,WITHOUT_ADAPTER,frozen_MLP,1027,main,16,0.75,0.0,0.625,0.0,0.04484304932735426,0.0,1.0,0.0,0.0,0.0,1.0
TAO_TRAIN_GT_CONTROLLED_HELDOUT,policy_heldout,WITHOUT_ADAPTER,frozen_MLP,1027,seed1027,1,0.75,0.0,0.625,0.0,0.04484304932735426,0.0,1.0,0.0,0.0,0.0,1.0
TAO_TRAIN_GT_CONTROLLED_HELDOUT,policy_heldout,WITHOUT_ADAPTER,frozen_MLP,1027,seed1027,2,0.75,0.0,0.625,0.0,0.04484304932735426,0.0,1.0,0.0,0.0,0.0,1.0
TAO_TRAIN_GT_CONTROLLED_HELDOUT,policy_heldout,WITHOUT_ADAPTER,frozen_MLP,1027,seed1027,4,0.75,0.0,0.625,0.0,0.04484304932735426,0.0,1.0,0.0,0.0,0.0,1.0
TAO_TRAIN_GT_CONTROLLED_HELDOUT,policy_heldout,WITHOUT_ADAPTER,frozen_MLP,1027,seed1027,8,0.75,0.0,0.625,0.0,0.04484304932735426,0.0,1.0,0.0,0.0,0.0,1.0
TAO_TRAIN_GT_CONTROLLED_HELDOUT,policy_heldout,WITHOUT_ADAPTER,frozen_MLP,1027,seed1027,16,0.75,0.0,0.625,0.0,0.04484304932735426,0.0,1.0,0.0,0.0,0.0,1.0
TAO_TRAIN_GT_CONTROLLED_HELDOUT,policy_heldout,WITHOUT_ADAPTER,frozen_MLP,1027,seed1028,1,0.75,0.0,0.625,0.0,0.04484304932735426,0.0,1.0,0.0,0.0,0.0,1.0
TAO_TRAIN_GT_CONTROLLED_HELDOUT,policy_heldout,WITHOUT_ADAPTER,frozen_MLP,1027,seed1028,2,0.75,0.0,0.625,0.0,0.04484304932735426,0.0,1.0,0.0,0.0,0.0,1.0
TAO_TRAIN_GT_CONTROLLED_HELDOUT,policy_heldout,WITHOUT_ADAPTER,frozen_MLP,1027,seed1028,4,0.75,0.0,0.625,0.0,0.04484304932735426,0.0,1.0,0.0,0.0,0.0,1.0
TAO_TRAIN_GT_CONTROLLED_HELDOUT,policy_heldout,WITHOUT_ADAPTER,frozen_MLP,1027,seed1028,8,0.75,0.0,0.625,0.0,0.04484304932735426,0.0,1.0,0.0,0.0,0.0,1.0
TAO_TRAIN_GT_CONTROLLED_HELDOUT,policy_heldout,WITHOUT_ADAPTER,frozen_MLP,1027,seed1028,16,0.75,0.0,0.625,0.0,0.04484304932735426,0.0,1.0,0.0,0.0,0.0,1.0
TAO_TRAIN_GT_CONTROLLED_HELDOUT,policy_heldout,WITHOUT_ADAPTER,frozen_MLP,1027,seed1029,1,0.75,0.0,0.625,0.0,0.04484304932735426,0.0,1.0,0.0,0.0,0.0,1.0
TAO_TRAIN_GT_CONTROLLED_HELDOUT,policy_heldout,WITHOUT_ADAPTER,frozen_MLP,1027,seed1029,2,0.75,0.0,0.625,0.0,0.04484304932735426,0.0,1.0,0.0,0.0,0.0,1.0
TAO_TRAIN_GT_CONTROLLED_HELDOUT,policy_heldout,WITHOUT_ADAPTER,frozen_MLP,1027,seed1029,4,0.75,0.0,0.625,0.0,0.04484304932735426,0.0,1.0,0.0,0.0,0.0,1.0
TAO_TRAIN_GT_CONTROLLED_HELDOUT,policy_heldout,WITHOUT_ADAPTER,frozen_MLP,1027,seed1029,8,0.75,0.0,0.625,0.0,0.04484304932735426,0.0,1.0,0.0,0.0,0.0,1.0
TAO_TRAIN_GT_CONTROLLED_HELDOUT,policy_heldout,WITHOUT_ADAPTER,frozen_MLP,1027,seed1029,16,0.75,0.0,0.625,0.0,0.04484304932735426,0.0,1.0,0.0,0.0,0.0,1.0
TAO_TRAIN_GT_CONTROLLED_HELDOUT,policy_heldout,WITHOUT_ADAPTER,frozen_MLP,1027,main,1,1.0,0.0,0.625,0.0,0.04484304932735426,0.0,1.0,0.0,0.0,0.0,1.0
TAO_TRAIN_GT_CONTROLLED_HELDOUT,policy_heldout,WITHOUT_ADAPTER,frozen_MLP,1027,main,2,1.0,0.0,0.625,0.0,0.04484304932735426,0.0,1.0,0.0,0.0,0.0,1.0
TAO_TRAIN_GT_CONTROLLED_HELDOUT,policy_heldout,WITHOUT_ADAPTER,frozen_MLP,1027,main,4,1.0,0.0,0.625,0.0,0.04484304932735426,0.0,1.0,0.0,0.0,0.0,1.0
TAO_TRAIN_GT_CONTROLLED_HELDOUT,policy_heldout,WITHOUT_ADAPTER,frozen_MLP,1027,main,8,1.0,0.0,0.625,0.0,0.04484304932735426,0.0,1.0,0.0,0.0,0.0,1.0
TAO_TRAIN_GT_CONTROLLED_HELDOUT,policy_heldout,WITHOUT_ADAPTER,frozen_MLP,1027,main,16,1.0,0.0,0.625,0.0,0.04484304932735426,0.0,1.0,0.0,0.0,0.0,1.0
TAO_TRAIN_GT_CONTROLLED_HELDOUT,policy_heldout,WITHOUT_ADAPTER,frozen_MLP,1027,seed1027,1,1.0,0.0,0.625,0.0,0.04484304932735426,0.0,1.0,0.0,0.0,0.0,1.0
TAO_TRAIN_GT_CONTROLLED_HELDOUT,policy_heldout,WITHOUT_ADAPTER,frozen_MLP,1027,seed1027,2,1.0,0.0,0.625,0.0,0.04484304932735426,0.0,1.0,0.0,0.0,0.0,1.0
TAO_TRAIN_GT_CONTROLLED_HELDOUT,policy_heldout,WITHOUT_ADAPTER,frozen_MLP,1027,seed1027,4,1.0,0.0,0.625,0.0,0.04484304932735426,0.0,1.0,0.0,0.0,0.0,1.0
TAO_TRAIN_GT_CONTROLLED_HELDOUT,policy_heldout,WITHOUT_ADAPTER,frozen_MLP,1027,seed1027,8,1.0,0.0,0.625,0.0,0.04484304932735426,0.0,1.0,0.0,0.0,0.0,1.0
TAO_TRAIN_GT_CONTROLLED_HELDOUT,policy_heldout,WITHOUT_ADAPTER,frozen_MLP,1027,seed1027,16,1.0,0.0,0.625,0.0,0.04484304932735426,0.0,1.0,0.0,0.0,0.0,1.0
TAO_TRAIN_GT_CONTROLLED_HELDOUT,policy_heldout,WITHOUT_ADAPTER,frozen_MLP,1027,seed1028,1,1.0,0.0,0.625,0.0,0.04484304932735426,0.0,1.0,0.0,0.0,0.0,1.0
TAO_TRAIN_GT_CONTROLLED_HELDOUT,policy_heldout,WITHOUT_ADAPTER,frozen_MLP,1027,seed1028,2,1.0,0.0,0.625,0.0,0.04484304932735426,0.0,1.0,0.0,0.0,0.0,1.0
TAO_TRAIN_GT_CONTROLLED_HELDOUT,policy_heldout,WITHOUT_ADAPTER,frozen_MLP,1027,seed1028,4,1.0,0.0,0.625,0.0,0.04484304932735426,0.0,1.0,0.0,0.0,0.0,1.0
TAO_TRAIN_GT_CONTROLLED_HELDOUT,policy_heldout,WITHOUT_ADAPTER,frozen_MLP,1027,seed1028,8,1.0,0.0,0.625,0.0,0.04484304932735426,0.0,1.0,0.0,0.0,0.0,1.0
TAO_TRAIN_GT_CONTROLLED_HELDOUT,policy_heldout,WITHOUT_ADAPTER,frozen_MLP,1027,seed1028,16,1.0,0.0,0.625,0.0,0.04484304932735426,0.0,1.0,0.0,0.0,0.0,1.0
TAO_TRAIN_GT_CONTROLLED_HELDOUT,policy_heldout,WITHOUT_ADAPTER,frozen_MLP,1027,seed1029,1,1.0,0.0,0.625,0.0,0.04484304932735426,0.0,1.0,0.0,0.0,0.0,1.0
TAO_TRAIN_GT_CONTROLLED_HELDOUT,policy_heldout,WITHOUT_ADAPTER,frozen_MLP,1027,seed1029,2,1.0,0.0,0.625,0.0,0.04484304932735426,0.0,1.0,0.0,0.0,0.0,1.0
TAO_TRAIN_GT_CONTROLLED_HELDOUT,policy_heldout,WITHOUT_ADAPTER,frozen_MLP,1027,seed1029,4,1.0,0.0,0.625,0.0,0.04484304932735426,0.0,1.0,0.0,0.0,0.0,1.0
TAO_TRAIN_GT_CONTROLLED_HELDOUT,policy_heldout,WITHOUT_ADAPTER,frozen_MLP,1027,seed1029,8,1.0,0.0,0.625,0.0,0.04484304932735426,0.0,1.0,0.0,0.0,0.0,1.0
TAO_TRAIN_GT_CONTROLLED_HELDOUT,policy_heldout,WITHOUT_ADAPTER,frozen_MLP,1027,seed1029,16,1.0,0.0,0.625,0.0,0.04484304932735426,0.0,1.0,0.0,0.0,0.0,1.0
TAO_TRAIN_GT_CONTROLLED_HELDOUT,policy_heldout,WITHOUT_TEMPORAL,frozen_MLP,1027,main,1,0.5,0.0,0.625,0.0,0.04484304932735426,0.0,1.0,0.0,0.0,0.0,1.0
TAO_TRAIN_GT_CONTROLLED_HELDOUT,policy_heldout,WITHOUT_TEMPORAL,frozen_MLP,1027,main,2,0.5,0.0,0.625,0.0,0.04484304932735426,0.0,1.0,0.0,0.0,0.0,1.0
TAO_TRAIN_GT_CONTROLLED_HELDOUT,policy_heldout,WITHOUT_TEMPORAL,frozen_MLP,1027,main,4,0.5,0.0,0.625,0.0,0.04484304932735426,0.0,1.0,0.0,0.0,0.0,1.0
TAO_TRAIN_GT_CONTROLLED_HELDOUT,policy_heldout,WITHOUT_TEMPORAL,frozen_MLP,1027,main,8,0.5,0.0,0.625,0.0,0.04484304932735426,0.0,1.0,0.0,0.0,0.0,1.0
TAO_TRAIN_GT_CONTROLLED_HELDOUT,policy_heldout,WITHOUT_TEMPORAL,frozen_MLP,1027,main,16,0.5,0.0,0.625,0.0,0.04484304932735426,0.0,1.0,0.0,0.0,0.0,1.0
TAO_TRAIN_GT_CONTROLLED_HELDOUT,policy_heldout,WITHOUT_TEMPORAL,frozen_MLP,1027,seed1027,1,0.5,0.0,0.625,0.0,0.04484304932735426,0.0,1.0,0.0,0.0,0.0,1.0
TAO_TRAIN_GT_CONTROLLED_HELDOUT,policy_heldout,WITHOUT_TEMPORAL,frozen_MLP,1027,seed1027,2,0.5,0.0,0.625,0.0,0.04484304932735426,0.0,1.0,0.0,0.0,0.0,1.0
TAO_TRAIN_GT_CONTROLLED_HELDOUT,policy_heldout,WITHOUT_TEMPORAL,frozen_MLP,1027,seed1027,4,0.5,0.0,0.625,0.0,0.04484304932735426,0.0,1.0,0.0,0.0,0.0,1.0
TAO_TRAIN_GT_CONTROLLED_HELDOUT,policy_heldout,WITHOUT_TEMPORAL,frozen_MLP,1027,seed1027,8,0.5,0.0,0.625,0.0,0.04484304932735426,0.0,1.0,0.0,0.0,0.0,1.0
TAO_TRAIN_GT_CONTROLLED_HELDOUT,policy_heldout,WITHOUT_TEMPORAL,frozen_MLP,1027,seed1027,16,0.5,0.0,0.625,0.0,0.04484304932735426,0.0,0.7142857142857143,0.0,0.0,0.2857142857142857,0.7142857142857143
TAO_TRAIN_GT_CONTROLLED_HELDOUT,policy_heldout,WITHOUT_TEMPORAL,frozen_MLP,1027,seed1028,1,0.5,0.0,0.625,0.0,0.04484304932735426,0.0,1.0,0.0,0.0,0.0,1.0
TAO_TRAIN_GT_CONTROLLED_HELDOUT,policy_heldout,WITHOUT_TEMPORAL,frozen_MLP,1027,seed1028,2,0.5,0.0,0.625,0.0,0.04484304932735426,0.0,1.0,0.0,0.0,0.0,1.0
TAO_TRAIN_GT_CONTROLLED_HELDOUT,policy_heldout,WITHOUT_TEMPORAL,frozen_MLP,1027,seed1028,4,0.5,0.0,0.625,0.0,0.04484304932735426,0.0,1.0,0.0,0.0,0.0,1.0
TAO_TRAIN_GT_CONTROLLED_HELDOUT,policy_heldout,WITHOUT_TEMPORAL,frozen_MLP,1027,seed1028,8,0.5,0.0,0.625,0.0,0.04484304932735426,0.0,1.0,0.0,0.0,0.0,1.0
TAO_TRAIN_GT_CONTROLLED_HELDOUT,policy_heldout,WITHOUT_TEMPORAL,frozen_MLP,1027,seed1028,16,0.5,0.0,0.625,0.0,0.04484304932735426,0.0,1.0,0.0,0.0,0.0,1.0
TAO_TRAIN_GT_CONTROLLED_HELDOUT,policy_heldout,WITHOUT_TEMPORAL,frozen_MLP,1027,seed1029,1,0.5,0.0,0.625,0.0,0.04484304932735426,0.0,1.0,0.0,0.0,0.0,1.0
TAO_TRAIN_GT_CONTROLLED_HELDOUT,policy_heldout,WITHOUT_TEMPORAL,frozen_MLP,1027,seed1029,2,0.5,0.0,0.625,0.0,0.04484304932735426,0.0,1.0,0.0,0.0,0.0,1.0
TAO_TRAIN_GT_CONTROLLED_HELDOUT,policy_heldout,WITHOUT_TEMPORAL,frozen_MLP,1027,seed1029,4,0.5,0.0,0.625,0.0,0.04484304932735426,0.0,1.0,0.0,0.0,0.0,1.0
TAO_TRAIN_GT_CONTROLLED_HELDOUT,policy_heldout,WITHOUT_TEMPORAL,frozen_MLP,1027,seed1029,8,0.5,0.0,0.625,0.0,0.04484304932735426,0.0,1.0,0.0,0.0,0.0,1.0
TAO_TRAIN_GT_CONTROLLED_HELDOUT,policy_heldout,WITHOUT_TEMPORAL,frozen_MLP,1027,seed1029,16,0.5,0.0,0.625,0.0,0.04484304932735426,0.0,1.0,0.0,0.0,0.0,1.0
TAO_TRAIN_GT_CONTROLLED_HELDOUT,policy_heldout,WITHOUT_TEMPORAL,frozen_MLP,1027,main,1,0.75,0.0,0.625,0.0,0.04484304932735426,0.0,1.0,0.0,0.0,0.0,1.0
TAO_TRAIN_GT_CONTROLLED_HELDOUT,policy_heldout,WITHOUT_TEMPORAL,frozen_MLP,1027,main,2,0.75,0.0,0.625,0.0,0.04484304932735426,0.0,1.0,0.0,0.0,0.0,1.0
TAO_TRAIN_GT_CONTROLLED_HELDOUT,policy_heldout,WITHOUT_TEMPORAL,frozen_MLP,1027,main,4,0.75,0.0,0.625,0.0,0.04484304932735426,0.0,1.0,0.0,0.0,0.0,1.0
TAO_TRAIN_GT_CONTROLLED_HELDOUT,policy_heldout,WITHOUT_TEMPORAL,frozen_MLP,1027,main,8,0.75,0.0,0.625,0.0,0.04484304932735426,0.0,1.0,0.0,0.0,0.0,1.0
TAO_TRAIN_GT_CONTROLLED_HELDOUT,policy_heldout,WITHOUT_TEMPORAL,frozen_MLP,1027,main,16,0.75,0.0,0.625,0.0,0.04484304932735426,0.0,1.0,0.0,0.0,0.0,1.0
TAO_TRAIN_GT_CONTROLLED_HELDOUT,policy_heldout,WITHOUT_TEMPORAL,frozen_MLP,1027,seed1027,1,0.75,0.0,0.625,0.0,0.04484304932735426,0.0,1.0,0.0,0.0,0.0,1.0
TAO_TRAIN_GT_CONTROLLED_HELDOUT,policy_heldout,WITHOUT_TEMPORAL,frozen_MLP,1027,seed1027,2,0.75,0.0,0.625,0.0,0.04484304932735426,0.0,1.0,0.0,0.0,0.0,1.0
TAO_TRAIN_GT_CONTROLLED_HELDOUT,policy_heldout,WITHOUT_TEMPORAL,frozen_MLP,1027,seed1027,4,0.75,0.0,0.625,0.0,0.04484304932735426,0.0,1.0,0.0,0.0,0.0,1.0
TAO_TRAIN_GT_CONTROLLED_HELDOUT,policy_heldout,WITHOUT_TEMPORAL,frozen_MLP,1027,seed1027,8,0.75,0.0,0.625,0.0,0.04484304932735426,0.0,1.0,0.0,0.0,0.0,1.0
TAO_TRAIN_GT_CONTROLLED_HELDOUT,policy_heldout,WITHOUT_TEMPORAL,frozen_MLP,1027,seed1027,16,0.75,0.0,0.625,0.0,0.04484304932735426,0.0,0.7142857142857143,0.0,0.0,0.2857142857142857,0.7142857142857143
TAO_TRAIN_GT_CONTROLLED_HELDOUT,policy_heldout,WITHOUT_TEMPORAL,frozen_MLP,1027,seed1028,1,0.75,0.0,0.625,0.0,0.04484304932735426,0.0,1.0,0.0,0.0,0.0,1.0
TAO_TRAIN_GT_CONTROLLED_HELDOUT,policy_heldout,WITHOUT_TEMPORAL,frozen_MLP,1027,seed1028,2,0.75,0.0,0.625,0.0,0.04484304932735426,0.0,1.0,0.0,0.0,0.0,1.0
TAO_TRAIN_GT_CONTROLLED_HELDOUT,policy_heldout,WITHOUT_TEMPORAL,frozen_MLP,1027,seed1028,4,0.75,0.0,0.625,0.0,0.04484304932735426,0.0,1.0,0.0,0.0,0.0,1.0
TAO_TRAIN_GT_CONTROLLED_HELDOUT,policy_heldout,WITHOUT_TEMPORAL,frozen_MLP,1027,seed1028,8,0.75,0.0,0.625,0.0,0.04484304932735426,0.0,1.0,0.0,0.0,0.0,1.0
TAO_TRAIN_GT_CONTROLLED_HELDOUT,policy_heldout,WITHOUT_TEMPORAL,frozen_MLP,1027,seed1028,16,0.75,0.0,0.625,0.0,0.04484304932735426,0.0,1.0,0.0,0.0,0.0,1.0
TAO_TRAIN_GT_CONTROLLED_HELDOUT,policy_heldout,WITHOUT_TEMPORAL,frozen_MLP,1027,seed1029,1,0.75,0.0,0.625,0.0,0.04484304932735426,0.0,1.0,0.0,0.0,0.0,1.0
TAO_TRAIN_GT_CONTROLLED_HELDOUT,policy_heldout,WITHOUT_TEMPORAL,frozen_MLP,1027,seed1029,2,0.75,0.0,0.625,0.0,0.04484304932735426,0.0,1.0,0.0,0.0,0.0,1.0
TAO_TRAIN_GT_CONTROLLED_HELDOUT,policy_heldout,WITHOUT_TEMPORAL,frozen_MLP,1027,seed1029,4,0.75,0.0,0.625,0.0,0.04484304932735426,0.0,1.0,0.0,0.0,0.0,1.0
TAO_TRAIN_GT_CONTROLLED_HELDOUT,policy_heldout,WITHOUT_TEMPORAL,frozen_MLP,1027,seed1029,8,0.75,0.0,0.625,0.0,0.04484304932735426,0.0,1.0,0.0,0.0,0.0,1.0
TAO_TRAIN_GT_CONTROLLED_HELDOUT,policy_heldout,WITHOUT_TEMPORAL,frozen_MLP,1027,seed1029,16,0.75,0.0,0.625,0.0,0.04484304932735426,0.0,1.0,0.0,0.0,0.0,1.0
TAO_TRAIN_GT_CONTROLLED_HELDOUT,policy_heldout,WITHOUT_TEMPORAL,frozen_MLP,1027,main,1,1.0,0.0,0.625,0.0,0.04484304932735426,0.0,1.0,0.0,0.0,0.0,1.0
TAO_TRAIN_GT_CONTROLLED_HELDOUT,policy_heldout,WITHOUT_TEMPORAL,frozen_MLP,1027,main,2,1.0,0.0,0.625,0.0,0.04484304932735426,0.0,1.0,0.0,0.0,0.0,1.0
TAO_TRAIN_GT_CONTROLLED_HELDOUT,policy_heldout,WITHOUT_TEMPORAL,frozen_MLP,1027,main,4,1.0,0.0,0.625,0.0,0.04484304932735426,0.0,1.0,0.0,0.0,0.0,1.0
TAO_TRAIN_GT_CONTROLLED_HELDOUT,policy_heldout,WITHOUT_TEMPORAL,frozen_MLP,1027,main,8,1.0,0.0,0.625,0.0,0.04484304932735426,0.0,1.0,0.0,0.0,0.0,1.0
TAO_TRAIN_GT_CONTROLLED_HELDOUT,policy_heldout,WITHOUT_TEMPORAL,frozen_MLP,1027,main,16,1.0,0.0,0.625,0.0,0.04484304932735426,0.0,1.0,0.0,0.0,0.0,1.0
TAO_TRAIN_GT_CONTROLLED_HELDOUT,policy_heldout,WITHOUT_TEMPORAL,frozen_MLP,1027,seed1027,1,1.0,0.0,0.625,0.0,0.04484304932735426,0.0,1.0,0.0,0.0,0.0,1.0
TAO_TRAIN_GT_CONTROLLED_HELDOUT,policy_heldout,WITHOUT_TEMPORAL,frozen_MLP,1027,seed1027,2,1.0,0.0,0.625,0.0,0.04484304932735426,0.0,1.0,0.0,0.0,0.0,1.0
TAO_TRAIN_GT_CONTROLLED_HELDOUT,policy_heldout,WITHOUT_TEMPORAL,frozen_MLP,1027,seed1027,4,1.0,0.0,0.625,0.0,0.04484304932735426,0.0,1.0,0.0,0.0,0.0,1.0
TAO_TRAIN_GT_CONTROLLED_HELDOUT,policy_heldout,WITHOUT_TEMPORAL,frozen_MLP,1027,seed1027,8,1.0,0.0,0.625,0.0,0.04484304932735426,0.0,1.0,0.0,0.0,0.0,1.0
TAO_TRAIN_GT_CONTROLLED_HELDOUT,policy_heldout,WITHOUT_TEMPORAL,frozen_MLP,1027,seed1027,16,1.0,0.0,0.625,0.0,0.04484304932735426,0.0,0.7142857142857143,0.0,0.0,0.2857142857142857,0.7142857142857143
TAO_TRAIN_GT_CONTROLLED_HELDOUT,policy_heldout,WITHOUT_TEMPORAL,frozen_MLP,1027,seed1028,1,1.0,0.0,0.625,0.0,0.04484304932735426,0.0,1.0,0.0,0.0,0.0,1.0
TAO_TRAIN_GT_CONTROLLED_HELDOUT,policy_heldout,WITHOUT_TEMPORAL,frozen_MLP,1027,seed1028,2,1.0,0.0,0.625,0.0,0.04484304932735426,0.0,1.0,0.0,0.0,0.0,1.0
TAO_TRAIN_GT_CONTROLLED_HELDOUT,policy_heldout,WITHOUT_TEMPORAL,frozen_MLP,1027,seed1028,4,1.0,0.0,0.625,0.0,0.04484304932735426,0.0,1.0,0.0,0.0,0.0,1.0
TAO_TRAIN_GT_CONTROLLED_HELDOUT,policy_heldout,WITHOUT_TEMPORAL,frozen_MLP,1027,seed1028,8,1.0,0.0,0.625,0.0,0.04484304932735426,0.0,1.0,0.0,0.0,0.0,1.0
TAO_TRAIN_GT_CONTROLLED_HELDOUT,policy_heldout,WITHOUT_TEMPORAL,frozen_MLP,1027,seed1028,16,1.0,0.0,0.625,0.0,0.04484304932735426,0.0,1.0,0.0,0.0,0.0,1.0
TAO_TRAIN_GT_CONTROLLED_HELDOUT,policy_heldout,WITHOUT_TEMPORAL,frozen_MLP,1027,seed1029,1,1.0,0.0,0.625,0.0,0.04484304932735426,0.0,1.0,0.0,0.0,0.0,1.0
TAO_TRAIN_GT_CONTROLLED_HELDOUT,policy_heldout,WITHOUT_TEMPORAL,frozen_MLP,1027,seed1029,2,1.0,0.0,0.625,0.0,0.04484304932735426,0.0,1.0,0.0,0.0,0.0,1.0
TAO_TRAIN_GT_CONTROLLED_HELDOUT,policy_heldout,WITHOUT_TEMPORAL,frozen_MLP,1027,seed1029,4,1.0,0.0,0.625,0.0,0.04484304932735426,0.0,1.0,0.0,0.0,0.0,1.0
TAO_TRAIN_GT_CONTROLLED_HELDOUT,policy_heldout,WITHOUT_TEMPORAL,frozen_MLP,1027,seed1029,8,1.0,0.0,0.625,0.0,0.04484304932735426,0.0,1.0,0.0,0.0,0.0,1.0
TAO_TRAIN_GT_CONTROLLED_HELDOUT,policy_heldout,WITHOUT_TEMPORAL,frozen_MLP,1027,seed1029,16,1.0,0.0,0.625,0.0,0.04484304932735426,0.0,1.0,0.0,0.0,0.0,1.0
TAO_TRAIN_GT_CONTROLLED_HELDOUT,policy_heldout,WITHOUT_RELIABILITY,frozen_MLP,1027,main,1,0.5,0.0,0.625,0.0,0.04484304932735426,0.0,1.0,0.0,0.0,0.0,1.0
TAO_TRAIN_GT_CONTROLLED_HELDOUT,policy_heldout,WITHOUT_RELIABILITY,frozen_MLP,1027,main,2,0.5,0.0,0.625,0.0,0.04484304932735426,0.0,1.0,0.0,0.0,0.0,1.0
TAO_TRAIN_GT_CONTROLLED_HELDOUT,policy_heldout,WITHOUT_RELIABILITY,frozen_MLP,1027,main,4,0.5,0.0,0.625,0.0,0.04484304932735426,0.0,1.0,0.0,0.0,0.0,1.0
TAO_TRAIN_GT_CONTROLLED_HELDOUT,policy_heldout,WITHOUT_RELIABILITY,frozen_MLP,1027,main,8,0.5,0.0,0.625,0.0,0.04484304932735426,0.0,1.0,0.0,0.0,0.0,1.0
TAO_TRAIN_GT_CONTROLLED_HELDOUT,policy_heldout,WITHOUT_RELIABILITY,frozen_MLP,1027,main,16,0.5,0.0,0.625,0.0,0.04484304932735426,0.0,1.0,0.0,0.0,0.0,1.0
TAO_TRAIN_GT_CONTROLLED_HELDOUT,policy_heldout,WITHOUT_RELIABILITY,frozen_MLP,1027,seed1027,1,0.5,0.0,0.625,0.0,0.04484304932735426,0.0,1.0,0.0,0.0,0.0,1.0
TAO_TRAIN_GT_CONTROLLED_HELDOUT,policy_heldout,WITHOUT_RELIABILITY,frozen_MLP,1027,seed1027,2,0.5,0.0,0.625,0.0,0.04484304932735426,0.0,1.0,0.0,0.0,0.0,1.0
TAO_TRAIN_GT_CONTROLLED_HELDOUT,policy_heldout,WITHOUT_RELIABILITY,frozen_MLP,1027,seed1027,4,0.5,0.0,0.625,0.0,0.04484304932735426,0.0,1.0,0.0,0.0,0.0,1.0
TAO_TRAIN_GT_CONTROLLED_HELDOUT,policy_heldout,WITHOUT_RELIABILITY,frozen_MLP,1027,seed1027,8,0.5,0.0,0.625,0.0,0.04484304932735426,0.0,0.7142857142857143,0.0,0.0,0.2857142857142857,0.7142857142857143
TAO_TRAIN_GT_CONTROLLED_HELDOUT,policy_heldout,WITHOUT_RELIABILITY,frozen_MLP,1027,seed1027,16,0.5,0.0,0.625,0.0,0.04484304932735426,0.0,0.7142857142857143,0.0,0.0,0.2857142857142857,0.7142857142857143
TAO_TRAIN_GT_CONTROLLED_HELDOUT,policy_heldout,WITHOUT_RELIABILITY,frozen_MLP,1027,seed1028,1,0.5,0.0,0.625,0.0,0.04484304932735426,0.0,1.0,0.0,0.0,0.0,1.0
TAO_TRAIN_GT_CONTROLLED_HELDOUT,policy_heldout,WITHOUT_RELIABILITY,frozen_MLP,1027,seed1028,2,0.5,0.0,0.625,0.0,0.04484304932735426,0.0,1.0,0.0,0.0,0.0,1.0
TAO_TRAIN_GT_CONTROLLED_HELDOUT,policy_heldout,WITHOUT_RELIABILITY,frozen_MLP,1027,seed1028,4,0.5,0.0,0.625,0.0,0.04484304932735426,0.0,1.0,0.0,0.0,0.0,1.0
TAO_TRAIN_GT_CONTROLLED_HELDOUT,policy_heldout,WITHOUT_RELIABILITY,frozen_MLP,1027,seed1028,8,0.5,0.0,0.625,0.0,0.04484304932735426,0.0,1.0,0.0,0.0,0.0,1.0
TAO_TRAIN_GT_CONTROLLED_HELDOUT,policy_heldout,WITHOUT_RELIABILITY,frozen_MLP,1027,seed1028,16,0.5,0.0,0.625,0.0,0.04484304932735426,0.0,1.0,0.0,0.0,0.0,1.0
TAO_TRAIN_GT_CONTROLLED_HELDOUT,policy_heldout,WITHOUT_RELIABILITY,frozen_MLP,1027,seed1029,1,0.5,0.0,0.625,0.0,0.04484304932735426,0.0,1.0,0.0,0.0,0.0,1.0
TAO_TRAIN_GT_CONTROLLED_HELDOUT,policy_heldout,WITHOUT_RELIABILITY,frozen_MLP,1027,seed1029,2,0.5,0.0,0.625,0.0,0.04484304932735426,0.0,1.0,0.0,0.0,0.0,1.0
TAO_TRAIN_GT_CONTROLLED_HELDOUT,policy_heldout,WITHOUT_RELIABILITY,frozen_MLP,1027,seed1029,4,0.5,0.0,0.625,0.0,0.04484304932735426,0.0,1.0,0.0,0.0,0.0,1.0
TAO_TRAIN_GT_CONTROLLED_HELDOUT,policy_heldout,WITHOUT_RELIABILITY,frozen_MLP,1027,seed1029,8,0.5,0.0,0.625,0.0,0.04484304932735426,0.0,1.0,0.0,0.0,0.0,1.0
TAO_TRAIN_GT_CONTROLLED_HELDOUT,policy_heldout,WITHOUT_RELIABILITY,frozen_MLP,1027,seed1029,16,0.5,0.0,0.625,0.0,0.04484304932735426,0.0,0.8888888888888888,0.0,0.0,0.1111111111111111,0.8888888888888888
TAO_TRAIN_GT_CONTROLLED_HELDOUT,policy_heldout,WITHOUT_RELIABILITY,frozen_MLP,1027,main,1,0.75,0.0,0.625,0.0,0.04484304932735426,0.0,1.0,0.0,0.0,0.0,1.0
TAO_TRAIN_GT_CONTROLLED_HELDOUT,policy_heldout,WITHOUT_RELIABILITY,frozen_MLP,1027,main,2,0.75,0.0,0.625,0.0,0.04484304932735426,0.0,1.0,0.0,0.0,0.0,1.0
TAO_TRAIN_GT_CONTROLLED_HELDOUT,policy_heldout,WITHOUT_RELIABILITY,frozen_MLP,1027,main,4,0.75,0.0,0.625,0.0,0.04484304932735426,0.0,1.0,0.0,0.0,0.0,1.0
TAO_TRAIN_GT_CONTROLLED_HELDOUT,policy_heldout,WITHOUT_RELIABILITY,frozen_MLP,1027,main,8,0.75,0.0,0.625,0.0,0.04484304932735426,0.0,1.0,0.0,0.0,0.0,1.0
TAO_TRAIN_GT_CONTROLLED_HELDOUT,policy_heldout,WITHOUT_RELIABILITY,frozen_MLP,1027,main,16,0.75,0.0,0.625,0.0,0.04484304932735426,0.0,1.0,0.0,0.0,0.0,1.0
TAO_TRAIN_GT_CONTROLLED_HELDOUT,policy_heldout,WITHOUT_RELIABILITY,frozen_MLP,1027,seed1027,1,0.75,0.0,0.625,0.0,0.04484304932735426,0.0,1.0,0.0,0.0,0.0,1.0
TAO_TRAIN_GT_CONTROLLED_HELDOUT,policy_heldout,WITHOUT_RELIABILITY,frozen_MLP,1027,seed1027,2,0.75,0.0,0.625,0.0,0.04484304932735426,0.0,1.0,0.0,0.0,0.0,1.0
TAO_TRAIN_GT_CONTROLLED_HELDOUT,policy_heldout,WITHOUT_RELIABILITY,frozen_MLP,1027,seed1027,4,0.75,0.0,0.625,0.0,0.04484304932735426,0.0,1.0,0.0,0.0,0.0,1.0
TAO_TRAIN_GT_CONTROLLED_HELDOUT,policy_heldout,WITHOUT_RELIABILITY,frozen_MLP,1027,seed1027,8,0.75,0.0,0.625,0.0,0.04484304932735426,0.0,0.7142857142857143,0.0,0.0,0.2857142857142857,0.7142857142857143
TAO_TRAIN_GT_CONTROLLED_HELDOUT,policy_heldout,WITHOUT_RELIABILITY,frozen_MLP,1027,seed1027,16,0.75,0.0,0.625,0.0,0.04484304932735426,0.0,0.7142857142857143,0.0,0.0,0.2857142857142857,0.7142857142857143
TAO_TRAIN_GT_CONTROLLED_HELDOUT,policy_heldout,WITHOUT_RELIABILITY,frozen_MLP,1027,seed1028,1,0.75,0.0,0.625,0.0,0.04484304932735426,0.0,1.0,0.0,0.0,0.0,1.0
TAO_TRAIN_GT_CONTROLLED_HELDOUT,policy_heldout,WITHOUT_RELIABILITY,frozen_MLP,1027,seed1028,2,0.75,0.0,0.625,0.0,0.04484304932735426,0.0,1.0,0.0,0.0,0.0,1.0
TAO_TRAIN_GT_CONTROLLED_HELDOUT,policy_heldout,WITHOUT_RELIABILITY,frozen_MLP,1027,seed1028,4,0.75,0.0,0.625,0.0,0.04484304932735426,0.0,1.0,0.0,0.0,0.0,1.0
TAO_TRAIN_GT_CONTROLLED_HELDOUT,policy_heldout,WITHOUT_RELIABILITY,frozen_MLP,1027,seed1028,8,0.75,0.0,0.625,0.0,0.04484304932735426,0.0,1.0,0.0,0.0,0.0,1.0
TAO_TRAIN_GT_CONTROLLED_HELDOUT,policy_heldout,WITHOUT_RELIABILITY,frozen_MLP,1027,seed1028,16,0.75,0.0,0.625,0.0,0.04484304932735426,0.0,1.0,0.0,0.0,0.0,1.0
TAO_TRAIN_GT_CONTROLLED_HELDOUT,policy_heldout,WITHOUT_RELIABILITY,frozen_MLP,1027,seed1029,1,0.75,0.0,0.625,0.0,0.04484304932735426,0.0,1.0,0.0,0.0,0.0,1.0
TAO_TRAIN_GT_CONTROLLED_HELDOUT,policy_heldout,WITHOUT_RELIABILITY,frozen_MLP,1027,seed1029,2,0.75,0.0,0.625,0.0,0.04484304932735426,0.0,1.0,0.0,0.0,0.0,1.0
TAO_TRAIN_GT_CONTROLLED_HELDOUT,policy_heldout,WITHOUT_RELIABILITY,frozen_MLP,1027,seed1029,4,0.75,0.0,0.625,0.0,0.04484304932735426,0.0,1.0,0.0,0.0,0.0,1.0
TAO_TRAIN_GT_CONTROLLED_HELDOUT,policy_heldout,WITHOUT_RELIABILITY,frozen_MLP,1027,seed1029,8,0.75,0.0,0.625,0.0,0.04484304932735426,0.0,1.0,0.0,0.0,0.0,1.0
TAO_TRAIN_GT_CONTROLLED_HELDOUT,policy_heldout,WITHOUT_RELIABILITY,frozen_MLP,1027,seed1029,16,0.75,0.0,0.625,0.0,0.04484304932735426,0.0,0.8888888888888888,0.0,0.0,0.1111111111111111,0.8888888888888888
TAO_TRAIN_GT_CONTROLLED_HELDOUT,policy_heldout,WITHOUT_RELIABILITY,frozen_MLP,1027,main,1,1.0,0.0,0.625,0.0,0.04484304932735426,0.0,1.0,0.0,0.0,0.0,1.0
TAO_TRAIN_GT_CONTROLLED_HELDOUT,policy_heldout,WITHOUT_RELIABILITY,frozen_MLP,1027,main,2,1.0,0.0,0.625,0.0,0.04484304932735426,0.0,1.0,0.0,0.0,0.0,1.0
TAO_TRAIN_GT_CONTROLLED_HELDOUT,policy_heldout,WITHOUT_RELIABILITY,frozen_MLP,1027,main,4,1.0,0.0,0.625,0.0,0.04484304932735426,0.0,1.0,0.0,0.0,0.0,1.0
TAO_TRAIN_GT_CONTROLLED_HELDOUT,policy_heldout,WITHOUT_RELIABILITY,frozen_MLP,1027,main,8,1.0,0.0,0.625,0.0,0.04484304932735426,0.0,1.0,0.0,0.0,0.0,1.0
TAO_TRAIN_GT_CONTROLLED_HELDOUT,policy_heldout,WITHOUT_RELIABILITY,frozen_MLP,1027,main,16,1.0,0.0,0.625,0.0,0.04484304932735426,0.0,1.0,0.0,0.0,0.0,1.0
TAO_TRAIN_GT_CONTROLLED_HELDOUT,policy_heldout,WITHOUT_RELIABILITY,frozen_MLP,1027,seed1027,1,1.0,0.0,0.625,0.0,0.04484304932735426,0.0,1.0,0.0,0.0,0.0,1.0
TAO_TRAIN_GT_CONTROLLED_HELDOUT,policy_heldout,WITHOUT_RELIABILITY,frozen_MLP,1027,seed1027,2,1.0,0.0,0.625,0.0,0.04484304932735426,0.0,1.0,0.0,0.0,0.0,1.0
TAO_TRAIN_GT_CONTROLLED_HELDOUT,policy_heldout,WITHOUT_RELIABILITY,frozen_MLP,1027,seed1027,4,1.0,0.0,0.625,0.0,0.04484304932735426,0.0,1.0,0.0,0.0,0.0,1.0
TAO_TRAIN_GT_CONTROLLED_HELDOUT,policy_heldout,WITHOUT_RELIABILITY,frozen_MLP,1027,seed1027,8,1.0,0.0,0.625,0.0,0.04484304932735426,0.0,0.7142857142857143,0.0,0.0,0.2857142857142857,0.7142857142857143
TAO_TRAIN_GT_CONTROLLED_HELDOUT,policy_heldout,WITHOUT_RELIABILITY,frozen_MLP,1027,seed1027,16,1.0,0.0,0.625,0.0,0.04484304932735426,0.0,0.7142857142857143,0.0,0.0,0.2857142857142857,0.7142857142857143
TAO_TRAIN_GT_CONTROLLED_HELDOUT,policy_heldout,WITHOUT_RELIABILITY,frozen_MLP,1027,seed1028,1,1.0,0.0,0.625,0.0,0.04484304932735426,0.0,1.0,0.0,0.0,0.0,1.0
TAO_TRAIN_GT_CONTROLLED_HELDOUT,policy_heldout,WITHOUT_RELIABILITY,frozen_MLP,1027,seed1028,2,1.0,0.0,0.625,0.0,0.04484304932735426,0.0,1.0,0.0,0.0,0.0,1.0
TAO_TRAIN_GT_CONTROLLED_HELDOUT,policy_heldout,WITHOUT_RELIABILITY,frozen_MLP,1027,seed1028,4,1.0,0.0,0.625,0.0,0.04484304932735426,0.0,1.0,0.0,0.0,0.0,1.0
TAO_TRAIN_GT_CONTROLLED_HELDOUT,policy_heldout,WITHOUT_RELIABILITY,frozen_MLP,1027,seed1028,8,1.0,0.0,0.625,0.0,0.04484304932735426,0.0,1.0,0.0,0.0,0.0,1.0
TAO_TRAIN_GT_CONTROLLED_HELDOUT,policy_heldout,WITHOUT_RELIABILITY,frozen_MLP,1027,seed1028,16,1.0,0.0,0.625,0.0,0.04484304932735426,0.0,1.0,0.0,0.0,0.0,1.0
TAO_TRAIN_GT_CONTROLLED_HELDOUT,policy_heldout,WITHOUT_RELIABILITY,frozen_MLP,1027,seed1029,1,1.0,0.0,0.625,0.0,0.04484304932735426,0.0,1.0,0.0,0.0,0.0,1.0
TAO_TRAIN_GT_CONTROLLED_HELDOUT,policy_heldout,WITHOUT_RELIABILITY,frozen_MLP,1027,seed1029,2,1.0,0.0,0.625,0.0,0.04484304932735426,0.0,1.0,0.0,0.0,0.0,1.0
TAO_TRAIN_GT_CONTROLLED_HELDOUT,policy_heldout,WITHOUT_RELIABILITY,frozen_MLP,1027,seed1029,4,1.0,0.0,0.625,0.0,0.04484304932735426,0.0,1.0,0.0,0.0,0.0,1.0
TAO_TRAIN_GT_CONTROLLED_HELDOUT,policy_heldout,WITHOUT_RELIABILITY,frozen_MLP,1027,seed1029,8,1.0,0.0,0.625,0.0,0.04484304932735426,0.0,1.0,0.0,0.0,0.0,1.0
TAO_TRAIN_GT_CONTROLLED_HELDOUT,policy_heldout,WITHOUT_RELIABILITY,frozen_MLP,1027,seed1029,16,1.0,0.0,0.625,0.0,0.04484304932735426,0.0,0.8888888888888888,0.0,0.0,0.1111111111111111,0.8888888888888888
TAO_TRAIN_GT_CONTROLLED_HELDOUT,policy_heldout,WITHOUT_WAIT,frozen_MLP,1027,main,1,0.5,0.0,0.625,0.0,0.04484304932735426,0.0,1.0,0.0,0.0,0.0,1.0
TAO_TRAIN_GT_CONTROLLED_HELDOUT,policy_heldout,WITHOUT_WAIT,frozen_MLP,1027,main,2,0.5,0.0,0.625,0.0,0.04484304932735426,0.0,1.0,0.0,0.0,0.0,1.0
TAO_TRAIN_GT_CONTROLLED_HELDOUT,policy_heldout,WITHOUT_WAIT,frozen_MLP,1027,main,4,0.5,0.0,0.625,0.0,0.04484304932735426,0.0,1.0,0.0,0.0,0.0,1.0
TAO_TRAIN_GT_CONTROLLED_HELDOUT,policy_heldout,WITHOUT_WAIT,frozen_MLP,1027,main,8,0.5,0.0,0.625,0.0,0.04484304932735426,0.0,1.0,0.0,0.0,0.0,1.0
TAO_TRAIN_GT_CONTROLLED_HELDOUT,policy_heldout,WITHOUT_WAIT,frozen_MLP,1027,main,16,0.5,0.0,0.625,0.0,0.04484304932735426,0.0,1.0,0.0,0.0,0.0,1.0
TAO_TRAIN_GT_CONTROLLED_HELDOUT,policy_heldout,WITHOUT_WAIT,frozen_MLP,1027,seed1027,1,0.5,0.0,0.625,0.0,0.04484304932735426,0.0,1.0,0.0,0.0,0.0,1.0
TAO_TRAIN_GT_CONTROLLED_HELDOUT,policy_heldout,WITHOUT_WAIT,frozen_MLP,1027,seed1027,2,0.5,0.0,0.625,0.0,0.04484304932735426,0.0,1.0,0.0,0.0,0.0,1.0
TAO_TRAIN_GT_CONTROLLED_HELDOUT,policy_heldout,WITHOUT_WAIT,frozen_MLP,1027,seed1027,4,0.5,0.0,0.625,0.0,0.04484304932735426,0.0,1.0,0.0,0.0,0.0,1.0
TAO_TRAIN_GT_CONTROLLED_HELDOUT,policy_heldout,WITHOUT_WAIT,frozen_MLP,1027,seed1027,8,0.5,0.0,0.625,0.0,0.04484304932735426,0.0,1.0,0.0,0.0,0.0,1.0
TAO_TRAIN_GT_CONTROLLED_HELDOUT,policy_heldout,WITHOUT_WAIT,frozen_MLP,1027,seed1027,16,0.5,0.0,0.625,0.0,0.04484304932735426,0.0,1.0,0.0,0.0,0.0,1.0
TAO_TRAIN_GT_CONTROLLED_HELDOUT,policy_heldout,WITHOUT_WAIT,frozen_MLP,1027,seed1028,1,0.5,0.0,0.625,0.0,0.04484304932735426,0.0,1.0,0.0,0.0,0.0,1.0
TAO_TRAIN_GT_CONTROLLED_HELDOUT,policy_heldout,WITHOUT_WAIT,frozen_MLP,1027,seed1028,2,0.5,0.0,0.625,0.0,0.04484304932735426,0.0,1.0,0.0,0.0,0.0,1.0
TAO_TRAIN_GT_CONTROLLED_HELDOUT,policy_heldout,WITHOUT_WAIT,frozen_MLP,1027,seed1028,4,0.5,0.0,0.625,0.0,0.04484304932735426,0.0,1.0,0.0,0.0,0.0,1.0
TAO_TRAIN_GT_CONTROLLED_HELDOUT,policy_heldout,WITHOUT_WAIT,frozen_MLP,1027,seed1028,8,0.5,0.0,0.625,0.0,0.04484304932735426,0.0,1.0,0.0,0.0,0.0,1.0
TAO_TRAIN_GT_CONTROLLED_HELDOUT,policy_heldout,WITHOUT_WAIT,frozen_MLP,1027,seed1028,16,0.5,0.0,0.625,0.0,0.04484304932735426,0.0,1.0,0.0,0.0,0.0,1.0
TAO_TRAIN_GT_CONTROLLED_HELDOUT,policy_heldout,WITHOUT_WAIT,frozen_MLP,1027,seed1029,1,0.5,0.0,0.625,0.0,0.04484304932735426,0.0,1.0,0.0,0.0,0.0,1.0
TAO_TRAIN_GT_CONTROLLED_HELDOUT,policy_heldout,WITHOUT_WAIT,frozen_MLP,1027,seed1029,2,0.5,0.0,0.625,0.0,0.04484304932735426,0.0,1.0,0.0,0.0,0.0,1.0
TAO_TRAIN_GT_CONTROLLED_HELDOUT,policy_heldout,WITHOUT_WAIT,frozen_MLP,1027,seed1029,4,0.5,0.0,0.625,0.0,0.04484304932735426,0.0,1.0,0.0,0.0,0.0,1.0
TAO_TRAIN_GT_CONTROLLED_HELDOUT,policy_heldout,WITHOUT_WAIT,frozen_MLP,1027,seed1029,8,0.5,0.0,0.625,0.0,0.04484304932735426,0.0,1.0,0.0,0.0,0.0,1.0
TAO_TRAIN_GT_CONTROLLED_HELDOUT,policy_heldout,WITHOUT_WAIT,frozen_MLP,1027,seed1029,16,0.5,0.0,0.625,0.0,0.04484304932735426,0.0,1.0,0.0,0.0,0.0,1.0
TAO_TRAIN_GT_CONTROLLED_HELDOUT,policy_heldout,WITHOUT_WAIT,frozen_MLP,1027,main,1,0.75,0.0,0.625,0.0,0.04484304932735426,0.0,1.0,0.0,0.0,0.0,1.0
TAO_TRAIN_GT_CONTROLLED_HELDOUT,policy_heldout,WITHOUT_WAIT,frozen_MLP,1027,main,2,0.75,0.0,0.625,0.0,0.04484304932735426,0.0,1.0,0.0,0.0,0.0,1.0
TAO_TRAIN_GT_CONTROLLED_HELDOUT,policy_heldout,WITHOUT_WAIT,frozen_MLP,1027,main,4,0.75,0.0,0.625,0.0,0.04484304932735426,0.0,1.0,0.0,0.0,0.0,1.0
TAO_TRAIN_GT_CONTROLLED_HELDOUT,policy_heldout,WITHOUT_WAIT,frozen_MLP,1027,main,8,0.75,0.0,0.625,0.0,0.04484304932735426,0.0,1.0,0.0,0.0,0.0,1.0
TAO_TRAIN_GT_CONTROLLED_HELDOUT,policy_heldout,WITHOUT_WAIT,frozen_MLP,1027,main,16,0.75,0.0,0.625,0.0,0.04484304932735426,0.0,1.0,0.0,0.0,0.0,1.0
TAO_TRAIN_GT_CONTROLLED_HELDOUT,policy_heldout,WITHOUT_WAIT,frozen_MLP,1027,seed1027,1,0.75,0.0,0.625,0.0,0.04484304932735426,0.0,1.0,0.0,0.0,0.0,1.0
TAO_TRAIN_GT_CONTROLLED_HELDOUT,policy_heldout,WITHOUT_WAIT,frozen_MLP,1027,seed1027,2,0.75,0.0,0.625,0.0,0.04484304932735426,0.0,1.0,0.0,0.0,0.0,1.0
TAO_TRAIN_GT_CONTROLLED_HELDOUT,policy_heldout,WITHOUT_WAIT,frozen_MLP,1027,seed1027,4,0.75,0.0,0.625,0.0,0.04484304932735426,0.0,1.0,0.0,0.0,0.0,1.0
TAO_TRAIN_GT_CONTROLLED_HELDOUT,policy_heldout,WITHOUT_WAIT,frozen_MLP,1027,seed1027,8,0.75,0.0,0.625,0.0,0.04484304932735426,0.0,1.0,0.0,0.0,0.0,1.0
TAO_TRAIN_GT_CONTROLLED_HELDOUT,policy_heldout,WITHOUT_WAIT,frozen_MLP,1027,seed1027,16,0.75,0.0,0.625,0.0,0.04484304932735426,0.0,1.0,0.0,0.0,0.0,1.0
TAO_TRAIN_GT_CONTROLLED_HELDOUT,policy_heldout,WITHOUT_WAIT,frozen_MLP,1027,seed1028,1,0.75,0.0,0.625,0.0,0.04484304932735426,0.0,1.0,0.0,0.0,0.0,1.0
TAO_TRAIN_GT_CONTROLLED_HELDOUT,policy_heldout,WITHOUT_WAIT,frozen_MLP,1027,seed1028,2,0.75,0.0,0.625,0.0,0.04484304932735426,0.0,1.0,0.0,0.0,0.0,1.0
TAO_TRAIN_GT_CONTROLLED_HELDOUT,policy_heldout,WITHOUT_WAIT,frozen_MLP,1027,seed1028,4,0.75,0.0,0.625,0.0,0.04484304932735426,0.0,1.0,0.0,0.0,0.0,1.0
TAO_TRAIN_GT_CONTROLLED_HELDOUT,policy_heldout,WITHOUT_WAIT,frozen_MLP,1027,seed1028,8,0.75,0.0,0.625,0.0,0.04484304932735426,0.0,1.0,0.0,0.0,0.0,1.0
TAO_TRAIN_GT_CONTROLLED_HELDOUT,policy_heldout,WITHOUT_WAIT,frozen_MLP,1027,seed1028,16,0.75,0.0,0.625,0.0,0.04484304932735426,0.0,1.0,0.0,0.0,0.0,1.0
TAO_TRAIN_GT_CONTROLLED_HELDOUT,policy_heldout,WITHOUT_WAIT,frozen_MLP,1027,seed1029,1,0.75,0.0,0.625,0.0,0.04484304932735426,0.0,1.0,0.0,0.0,0.0,1.0
TAO_TRAIN_GT_CONTROLLED_HELDOUT,policy_heldout,WITHOUT_WAIT,frozen_MLP,1027,seed1029,2,0.75,0.0,0.625,0.0,0.04484304932735426,0.0,1.0,0.0,0.0,0.0,1.0
TAO_TRAIN_GT_CONTROLLED_HELDOUT,policy_heldout,WITHOUT_WAIT,frozen_MLP,1027,seed1029,4,0.75,0.0,0.625,0.0,0.04484304932735426,0.0,1.0,0.0,0.0,0.0,1.0
TAO_TRAIN_GT_CONTROLLED_HELDOUT,policy_heldout,WITHOUT_WAIT,frozen_MLP,1027,seed1029,8,0.75,0.0,0.625,0.0,0.04484304932735426,0.0,1.0,0.0,0.0,0.0,1.0
TAO_TRAIN_GT_CONTROLLED_HELDOUT,policy_heldout,WITHOUT_WAIT,frozen_MLP,1027,seed1029,16,0.75,0.0,0.625,0.0,0.04484304932735426,0.0,1.0,0.0,0.0,0.0,1.0
TAO_TRAIN_GT_CONTROLLED_HELDOUT,policy_heldout,WITHOUT_WAIT,frozen_MLP,1027,main,1,1.0,0.0,0.625,0.0,0.04484304932735426,0.0,1.0,0.0,0.0,0.0,1.0
TAO_TRAIN_GT_CONTROLLED_HELDOUT,policy_heldout,WITHOUT_WAIT,frozen_MLP,1027,main,2,1.0,0.0,0.625,0.0,0.04484304932735426,0.0,1.0,0.0,0.0,0.0,1.0
TAO_TRAIN_GT_CONTROLLED_HELDOUT,policy_heldout,WITHOUT_WAIT,frozen_MLP,1027,main,4,1.0,0.0,0.625,0.0,0.04484304932735426,0.0,1.0,0.0,0.0,0.0,1.0
TAO_TRAIN_GT_CONTROLLED_HELDOUT,policy_heldout,WITHOUT_WAIT,frozen_MLP,1027,main,8,1.0,0.0,0.625,0.0,0.04484304932735426,0.0,1.0,0.0,0.0,0.0,1.0
TAO_TRAIN_GT_CONTROLLED_HELDOUT,policy_heldout,WITHOUT_WAIT,frozen_MLP,1027,main,16,1.0,0.0,0.625,0.0,0.04484304932735426,0.0,1.0,0.0,0.0,0.0,1.0
TAO_TRAIN_GT_CONTROLLED_HELDOUT,policy_heldout,WITHOUT_WAIT,frozen_MLP,1027,seed1027,1,1.0,0.0,0.625,0.0,0.04484304932735426,0.0,1.0,0.0,0.0,0.0,1.0
TAO_TRAIN_GT_CONTROLLED_HELDOUT,policy_heldout,WITHOUT_WAIT,frozen_MLP,1027,seed1027,2,1.0,0.0,0.625,0.0,0.04484304932735426,0.0,1.0,0.0,0.0,0.0,1.0
TAO_TRAIN_GT_CONTROLLED_HELDOUT,policy_heldout,WITHOUT_WAIT,frozen_MLP,1027,seed1027,4,1.0,0.0,0.625,0.0,0.04484304932735426,0.0,1.0,0.0,0.0,0.0,1.0
TAO_TRAIN_GT_CONTROLLED_HELDOUT,policy_heldout,WITHOUT_WAIT,frozen_MLP,1027,seed1027,8,1.0,0.0,0.625,0.0,0.04484304932735426,0.0,1.0,0.0,0.0,0.0,1.0
TAO_TRAIN_GT_CONTROLLED_HELDOUT,policy_heldout,WITHOUT_WAIT,frozen_MLP,1027,seed1027,16,1.0,0.0,0.625,0.0,0.04484304932735426,0.0,1.0,0.0,0.0,0.0,1.0
TAO_TRAIN_GT_CONTROLLED_HELDOUT,policy_heldout,WITHOUT_WAIT,frozen_MLP,1027,seed1028,1,1.0,0.0,0.625,0.0,0.04484304932735426,0.0,1.0,0.0,0.0,0.0,1.0
TAO_TRAIN_GT_CONTROLLED_HELDOUT,policy_heldout,WITHOUT_WAIT,frozen_MLP,1027,seed1028,2,1.0,0.0,0.625,0.0,0.04484304932735426,0.0,1.0,0.0,0.0,0.0,1.0
TAO_TRAIN_GT_CONTROLLED_HELDOUT,policy_heldout,WITHOUT_WAIT,frozen_MLP,1027,seed1028,4,1.0,0.0,0.625,0.0,0.04484304932735426,0.0,1.0,0.0,0.0,0.0,1.0
TAO_TRAIN_GT_CONTROLLED_HELDOUT,policy_heldout,WITHOUT_WAIT,frozen_MLP,1027,seed1028,8,1.0,0.0,0.625,0.0,0.04484304932735426,0.0,1.0,0.0,0.0,0.0,1.0
TAO_TRAIN_GT_CONTROLLED_HELDOUT,policy_heldout,WITHOUT_WAIT,frozen_MLP,1027,seed1028,16,1.0,0.0,0.625,0.0,0.04484304932735426,0.0,1.0,0.0,0.0,0.0,1.0
TAO_TRAIN_GT_CONTROLLED_HELDOUT,policy_heldout,WITHOUT_WAIT,frozen_MLP,1027,seed1029,1,1.0,0.0,0.625,0.0,0.04484304932735426,0.0,1.0,0.0,0.0,0.0,1.0
TAO_TRAIN_GT_CONTROLLED_HELDOUT,policy_heldout,WITHOUT_WAIT,frozen_MLP,1027,seed1029,2,1.0,0.0,0.625,0.0,0.04484304932735426,0.0,1.0,0.0,0.0,0.0,1.0
TAO_TRAIN_GT_CONTROLLED_HELDOUT,policy_heldout,WITHOUT_WAIT,frozen_MLP,1027,seed1029,4,1.0,0.0,0.625,0.0,0.04484304932735426,0.0,1.0,0.0,0.0,0.0,1.0
TAO_TRAIN_GT_CONTROLLED_HELDOUT,policy_heldout,WITHOUT_WAIT,frozen_MLP,1027,seed1029,8,1.0,0.0,0.625,0.0,0.04484304932735426,0.0,1.0,0.0,0.0,0.0,1.0
TAO_TRAIN_GT_CONTROLLED_HELDOUT,policy_heldout,WITHOUT_WAIT,frozen_MLP,1027,seed1029,16,1.0,0.0,0.625,0.0,0.04484304932735426,0.0,1.0,0.0,0.0,0.0,1.0
TAO_TRAIN_GT_CONTROLLED_HELDOUT,policy_heldout,WITHOUT_MEMORY,frozen_MLP,1027,main,1,0.5,0.0,0.25,0.0,0.017937219730941704,0.0,0.0,1.0,0.0,0.0,1.0
TAO_TRAIN_GT_CONTROLLED_HELDOUT,policy_heldout,WITHOUT_MEMORY,frozen_MLP,1027,main,2,0.5,0.0,0.1875,0.0,0.013452914798206279,0.0,0.0,0.5555555555555556,0.0,0.4444444444444444,0.5555555555555556
TAO_TRAIN_GT_CONTROLLED_HELDOUT,policy_heldout,WITHOUT_MEMORY,frozen_MLP,1027,main,4,0.5,0.0,0.125,0.0,0.008968609865470852,0.0,0.0,0.4444444444444444,0.0,0.5555555555555556,0.4444444444444444
TAO_TRAIN_GT_CONTROLLED_HELDOUT,policy_heldout,WITHOUT_MEMORY,frozen_MLP,1027,main,8,0.5,0.0,0.0625,0.0,0.004484304932735426,0.0,0.0,0.2222222222222222,0.0,0.7777777777777778,0.2222222222222222
TAO_TRAIN_GT_CONTROLLED_HELDOUT,policy_heldout,WITHOUT_MEMORY,frozen_MLP,1027,main,16,0.5,0.0,0.0625,0.0,0.004484304932735426,0.0,0.0,0.2222222222222222,0.0,0.7777777777777778,0.2222222222222222
TAO_TRAIN_GT_CONTROLLED_HELDOUT,policy_heldout,WITHOUT_MEMORY,frozen_MLP,1027,seed1027,1,0.5,0.0,0.25,0.0,0.017937219730941704,0.0,0.0,0.5714285714285714,0.0,0.42857142857142855,0.5714285714285714
TAO_TRAIN_GT_CONTROLLED_HELDOUT,policy_heldout,WITHOUT_MEMORY,frozen_MLP,1027,seed1027,2,0.5,0.0,0.1875,0.0,0.013452914798206279,0.0,0.0,0.2857142857142857,0.0,0.7142857142857143,0.2857142857142857
TAO_TRAIN_GT_CONTROLLED_HELDOUT,policy_heldout,WITHOUT_MEMORY,frozen_MLP,1027,seed1027,4,0.5,0.0,0.125,0.0,0.008968609865470852,0.0,0.0,0.2857142857142857,0.0,0.7142857142857143,0.2857142857142857
TAO_TRAIN_GT_CONTROLLED_HELDOUT,policy_heldout,WITHOUT_MEMORY,frozen_MLP,1027,seed1027,8,0.5,0.0,0.0625,0.0,0.004484304932735426,0.0,0.0,0.14285714285714285,0.0,0.8571428571428571,0.14285714285714285
TAO_TRAIN_GT_CONTROLLED_HELDOUT,policy_heldout,WITHOUT_MEMORY,frozen_MLP,1027,seed1027,16,0.5,0.0,0.0625,0.0,0.004484304932735426,0.0,0.0,0.14285714285714285,0.0,0.8571428571428571,0.14285714285714285
TAO_TRAIN_GT_CONTROLLED_HELDOUT,policy_heldout,WITHOUT_MEMORY,frozen_MLP,1027,seed1028,1,0.5,0.0,0.25,0.0,0.017937219730941704,0.0,0.0,0.7142857142857143,0.0,0.2857142857142857,0.7142857142857143
TAO_TRAIN_GT_CONTROLLED_HELDOUT,policy_heldout,WITHOUT_MEMORY,frozen_MLP,1027,seed1028,2,0.5,0.0,0.1875,0.0,0.013452914798206279,0.0,0.0,0.14285714285714285,0.0,0.8571428571428571,0.14285714285714285
TAO_TRAIN_GT_CONTROLLED_HELDOUT,policy_heldout,WITHOUT_MEMORY,frozen_MLP,1027,seed1028,4,0.5,0.0,0.125,0.0,0.008968609865470852,0.0,0.0,0.14285714285714285,0.0,0.8571428571428571,0.14285714285714285
TAO_TRAIN_GT_CONTROLLED_HELDOUT,policy_heldout,WITHOUT_MEMORY,frozen_MLP,1027,seed1028,8,0.5,0.0,0.0625,0.0,0.004484304932735426,0.0,0.0,0.14285714285714285,0.0,0.8571428571428571,0.14285714285714285
TAO_TRAIN_GT_CONTROLLED_HELDOUT,policy_heldout,WITHOUT_MEMORY,frozen_MLP,1027,seed1028,16,0.5,0.0,0.0625,0.0,0.004484304932735426,0.0,0.0,0.14285714285714285,0.0,0.8571428571428571,0.14285714285714285
TAO_TRAIN_GT_CONTROLLED_HELDOUT,policy_heldout,WITHOUT_MEMORY,frozen_MLP,1027,seed1029,1,0.5,0.0,0.25,0.0,0.017937219730941704,0.0,0.0,1.0,0.0,0.0,1.0
TAO_TRAIN_GT_CONTROLLED_HELDOUT,policy_heldout,WITHOUT_MEMORY,frozen_MLP,1027,seed1029,2,0.5,0.0,0.1875,0.0,0.013452914798206279,0.0,0.0,0.6666666666666666,0.0,0.3333333333333333,0.6666666666666666
TAO_TRAIN_GT_CONTROLLED_HELDOUT,policy_heldout,WITHOUT_MEMORY,frozen_MLP,1027,seed1029,4,0.5,0.0,0.125,0.0,0.008968609865470852,0.0,0.0,0.5555555555555556,0.0,0.4444444444444444,0.5555555555555556
TAO_TRAIN_GT_CONTROLLED_HELDOUT,policy_heldout,WITHOUT_MEMORY,frozen_MLP,1027,seed1029,8,0.5,0.0,0.0625,0.0,0.004484304932735426,0.0,0.0,0.2222222222222222,0.0,0.7777777777777778,0.2222222222222222
TAO_TRAIN_GT_CONTROLLED_HELDOUT,policy_heldout,WITHOUT_MEMORY,frozen_MLP,1027,seed1029,16,0.5,0.0,0.0625,0.0,0.004484304932735426,0.0,0.0,0.2222222222222222,0.0,0.7777777777777778,0.2222222222222222
TAO_TRAIN_GT_CONTROLLED_HELDOUT,policy_heldout,WITHOUT_MEMORY,frozen_MLP,1027,main,1,0.75,0.0,0.25,0.0,0.017937219730941704,0.0,0.0,1.0,0.0,0.0,1.0
TAO_TRAIN_GT_CONTROLLED_HELDOUT,policy_heldout,WITHOUT_MEMORY,frozen_MLP,1027,main,2,0.75,0.0,0.1875,0.0,0.013452914798206279,0.0,0.0,0.5555555555555556,0.0,0.4444444444444444,0.5555555555555556
TAO_TRAIN_GT_CONTROLLED_HELDOUT,policy_heldout,WITHOUT_MEMORY,frozen_MLP,1027,main,4,0.75,0.0,0.125,0.0,0.008968609865470852,0.0,0.0,0.4444444444444444,0.0,0.5555555555555556,0.4444444444444444
TAO_TRAIN_GT_CONTROLLED_HELDOUT,policy_heldout,WITHOUT_MEMORY,frozen_MLP,1027,main,8,0.75,0.0,0.0625,0.0,0.004484304932735426,0.0,0.0,0.2222222222222222,0.0,0.7777777777777778,0.2222222222222222
TAO_TRAIN_GT_CONTROLLED_HELDOUT,policy_heldout,WITHOUT_MEMORY,frozen_MLP,1027,main,16,0.75,0.0,0.0625,0.0,0.004484304932735426,0.0,0.0,0.2222222222222222,0.0,0.7777777777777778,0.2222222222222222
TAO_TRAIN_GT_CONTROLLED_HELDOUT,policy_heldout,WITHOUT_MEMORY,frozen_MLP,1027,seed1027,1,0.75,0.0,0.25,0.0,0.017937219730941704,0.0,0.0,0.5714285714285714,0.0,0.42857142857142855,0.5714285714285714
TAO_TRAIN_GT_CONTROLLED_HELDOUT,policy_heldout,WITHOUT_MEMORY,frozen_MLP,1027,seed1027,2,0.75,0.0,0.1875,0.0,0.013452914798206279,0.0,0.0,0.2857142857142857,0.0,0.7142857142857143,0.2857142857142857
TAO_TRAIN_GT_CONTROLLED_HELDOUT,policy_heldout,WITHOUT_MEMORY,frozen_MLP,1027,seed1027,4,0.75,0.0,0.125,0.0,0.008968609865470852,0.0,0.0,0.2857142857142857,0.0,0.7142857142857143,0.2857142857142857
TAO_TRAIN_GT_CONTROLLED_HELDOUT,policy_heldout,WITHOUT_MEMORY,frozen_MLP,1027,seed1027,8,0.75,0.0,0.0625,0.0,0.004484304932735426,0.0,0.0,0.14285714285714285,0.0,0.8571428571428571,0.14285714285714285
TAO_TRAIN_GT_CONTROLLED_HELDOUT,policy_heldout,WITHOUT_MEMORY,frozen_MLP,1027,seed1027,16,0.75,0.0,0.0625,0.0,0.004484304932735426,0.0,0.0,0.14285714285714285,0.0,0.8571428571428571,0.14285714285714285
TAO_TRAIN_GT_CONTROLLED_HELDOUT,policy_heldout,WITHOUT_MEMORY,frozen_MLP,1027,seed1028,1,0.75,0.0,0.25,0.0,0.017937219730941704,0.0,0.0,0.7142857142857143,0.0,0.2857142857142857,0.7142857142857143
TAO_TRAIN_GT_CONTROLLED_HELDOUT,policy_heldout,WITHOUT_MEMORY,frozen_MLP,1027,seed1028,2,0.75,0.0,0.1875,0.0,0.013452914798206279,0.0,0.0,0.14285714285714285,0.0,0.8571428571428571,0.14285714285714285
TAO_TRAIN_GT_CONTROLLED_HELDOUT,policy_heldout,WITHOUT_MEMORY,frozen_MLP,1027,seed1028,4,0.75,0.0,0.125,0.0,0.008968609865470852,0.0,0.0,0.14285714285714285,0.0,0.8571428571428571,0.14285714285714285
TAO_TRAIN_GT_CONTROLLED_HELDOUT,policy_heldout,WITHOUT_MEMORY,frozen_MLP,1027,seed1028,8,0.75,0.0,0.0625,0.0,0.004484304932735426,0.0,0.0,0.14285714285714285,0.0,0.8571428571428571,0.14285714285714285
TAO_TRAIN_GT_CONTROLLED_HELDOUT,policy_heldout,WITHOUT_MEMORY,frozen_MLP,1027,seed1028,16,0.75,0.0,0.0625,0.0,0.004484304932735426,0.0,0.0,0.14285714285714285,0.0,0.8571428571428571,0.14285714285714285
TAO_TRAIN_GT_CONTROLLED_HELDOUT,policy_heldout,WITHOUT_MEMORY,frozen_MLP,1027,seed1029,1,0.75,0.0,0.25,0.0,0.017937219730941704,0.0,0.0,1.0,0.0,0.0,1.0
TAO_TRAIN_GT_CONTROLLED_HELDOUT,policy_heldout,WITHOUT_MEMORY,frozen_MLP,1027,seed1029,2,0.75,0.0,0.1875,0.0,0.013452914798206279,0.0,0.0,0.6666666666666666,0.0,0.3333333333333333,0.6666666666666666
TAO_TRAIN_GT_CONTROLLED_HELDOUT,policy_heldout,WITHOUT_MEMORY,frozen_MLP,1027,seed1029,4,0.75,0.0,0.125,0.0,0.008968609865470852,0.0,0.0,0.5555555555555556,0.0,0.4444444444444444,0.5555555555555556
TAO_TRAIN_GT_CONTROLLED_HELDOUT,policy_heldout,WITHOUT_MEMORY,frozen_MLP,1027,seed1029,8,0.75,0.0,0.0625,0.0,0.004484304932735426,0.0,0.0,0.2222222222222222,0.0,0.7777777777777778,0.2222222222222222
TAO_TRAIN_GT_CONTROLLED_HELDOUT,policy_heldout,WITHOUT_MEMORY,frozen_MLP,1027,seed1029,16,0.75,0.0,0.0625,0.0,0.004484304932735426,0.0,0.0,0.2222222222222222,0.0,0.7777777777777778,0.2222222222222222
TAO_TRAIN_GT_CONTROLLED_HELDOUT,policy_heldout,WITHOUT_MEMORY,frozen_MLP,1027,main,1,1.0,0.0,0.25,0.0,0.017937219730941704,0.0,0.0,1.0,0.0,0.0,1.0
TAO_TRAIN_GT_CONTROLLED_HELDOUT,policy_heldout,WITHOUT_MEMORY,frozen_MLP,1027,main,2,1.0,0.0,0.1875,0.0,0.013452914798206279,0.0,0.0,0.5555555555555556,0.0,0.4444444444444444,0.5555555555555556
TAO_TRAIN_GT_CONTROLLED_HELDOUT,policy_heldout,WITHOUT_MEMORY,frozen_MLP,1027,main,4,1.0,0.0,0.125,0.0,0.008968609865470852,0.0,0.0,0.4444444444444444,0.0,0.5555555555555556,0.4444444444444444
TAO_TRAIN_GT_CONTROLLED_HELDOUT,policy_heldout,WITHOUT_MEMORY,frozen_MLP,1027,main,8,1.0,0.0,0.0625,0.0,0.004484304932735426,0.0,0.0,0.2222222222222222,0.0,0.7777777777777778,0.2222222222222222
TAO_TRAIN_GT_CONTROLLED_HELDOUT,policy_heldout,WITHOUT_MEMORY,frozen_MLP,1027,main,16,1.0,0.0,0.0625,0.0,0.004484304932735426,0.0,0.0,0.2222222222222222,0.0,0.7777777777777778,0.2222222222222222
TAO_TRAIN_GT_CONTROLLED_HELDOUT,policy_heldout,WITHOUT_MEMORY,frozen_MLP,1027,seed1027,1,1.0,0.0,0.25,0.0,0.017937219730941704,0.0,0.0,0.5714285714285714,0.0,0.42857142857142855,0.5714285714285714
TAO_TRAIN_GT_CONTROLLED_HELDOUT,policy_heldout,WITHOUT_MEMORY,frozen_MLP,1027,seed1027,2,1.0,0.0,0.1875,0.0,0.013452914798206279,0.0,0.0,0.2857142857142857,0.0,0.7142857142857143,0.2857142857142857
TAO_TRAIN_GT_CONTROLLED_HELDOUT,policy_heldout,WITHOUT_MEMORY,frozen_MLP,1027,seed1027,4,1.0,0.0,0.125,0.0,0.008968609865470852,0.0,0.0,0.2857142857142857,0.0,0.7142857142857143,0.2857142857142857
TAO_TRAIN_GT_CONTROLLED_HELDOUT,policy_heldout,WITHOUT_MEMORY,frozen_MLP,1027,seed1027,8,1.0,0.0,0.0625,0.0,0.004484304932735426,0.0,0.0,0.14285714285714285,0.0,0.8571428571428571,0.14285714285714285
TAO_TRAIN_GT_CONTROLLED_HELDOUT,policy_heldout,WITHOUT_MEMORY,frozen_MLP,1027,seed1027,16,1.0,0.0,0.0625,0.0,0.004484304932735426,0.0,0.0,0.14285714285714285,0.0,0.8571428571428571,0.14285714285714285
TAO_TRAIN_GT_CONTROLLED_HELDOUT,policy_heldout,WITHOUT_MEMORY,frozen_MLP,1027,seed1028,1,1.0,0.0,0.25,0.0,0.017937219730941704,0.0,0.0,0.7142857142857143,0.0,0.2857142857142857,0.7142857142857143
TAO_TRAIN_GT_CONTROLLED_HELDOUT,policy_heldout,WITHOUT_MEMORY,frozen_MLP,1027,seed1028,2,1.0,0.0,0.1875,0.0,0.013452914798206279,0.0,0.0,0.14285714285714285,0.0,0.8571428571428571,0.14285714285714285
TAO_TRAIN_GT_CONTROLLED_HELDOUT,policy_heldout,WITHOUT_MEMORY,frozen_MLP,1027,seed1028,4,1.0,0.0,0.125,0.0,0.008968609865470852,0.0,0.0,0.14285714285714285,0.0,0.8571428571428571,0.14285714285714285
TAO_TRAIN_GT_CONTROLLED_HELDOUT,policy_heldout,WITHOUT_MEMORY,frozen_MLP,1027,seed1028,8,1.0,0.0,0.0625,0.0,0.004484304932735426,0.0,0.0,0.14285714285714285,0.0,0.8571428571428571,0.14285714285714285
TAO_TRAIN_GT_CONTROLLED_HELDOUT,policy_heldout,WITHOUT_MEMORY,frozen_MLP,1027,seed1028,16,1.0,0.0,0.0625,0.0,0.004484304932735426,0.0,0.0,0.14285714285714285,0.0,0.8571428571428571,0.14285714285714285
TAO_TRAIN_GT_CONTROLLED_HELDOUT,policy_heldout,WITHOUT_MEMORY,frozen_MLP,1027,seed1029,1,1.0,0.0,0.25,0.0,0.017937219730941704,0.0,0.0,1.0,0.0,0.0,1.0
TAO_TRAIN_GT_CONTROLLED_HELDOUT,policy_heldout,WITHOUT_MEMORY,frozen_MLP,1027,seed1029,2,1.0,0.0,0.1875,0.0,0.013452914798206279,0.0,0.0,0.6666666666666666,0.0,0.3333333333333333,0.6666666666666666
TAO_TRAIN_GT_CONTROLLED_HELDOUT,policy_heldout,WITHOUT_MEMORY,frozen_MLP,1027,seed1029,4,1.0,0.0,0.125,0.0,0.008968609865470852,0.0,0.0,0.5555555555555556,0.0,0.4444444444444444,0.5555555555555556
TAO_TRAIN_GT_CONTROLLED_HELDOUT,policy_heldout,WITHOUT_MEMORY,frozen_MLP,1027,seed1029,8,1.0,0.0,0.0625,0.0,0.004484304932735426,0.0,0.0,0.2222222222222222,0.0,0.7777777777777778,0.2222222222222222
TAO_TRAIN_GT_CONTROLLED_HELDOUT,policy_heldout,WITHOUT_MEMORY,frozen_MLP,1027,seed1029,16,1.0,0.0,0.0625,0.0,0.004484304932735426,0.0,0.0,0.2222222222222222,0.0,0.7777777777777778,0.2222222222222222
TAO_TRAIN_GT_CONTROLLED_HELDOUT,policy_heldout,WITHOUT_RISK,frozen_MLP,1027,main,1,0.5,0.6570048309178744,0.0,0.0,0.6098654708520179,0.0,0.0,0.0,1.0,0.0,1.0
TAO_TRAIN_GT_CONTROLLED_HELDOUT,policy_heldout,WITHOUT_RISK,frozen_MLP,1027,main,2,0.5,0.7053140096618358,0.0,0.0,0.6547085201793722,0.0,0.0,0.0,1.0,0.0,1.0
TAO_TRAIN_GT_CONTROLLED_HELDOUT,policy_heldout,WITHOUT_RISK,frozen_MLP,1027,main,4,0.5,0.7198067632850241,0.0,0.0,0.6681614349775785,0.0,0.0,0.0,1.0,0.0,1.0
TAO_TRAIN_GT_CONTROLLED_HELDOUT,policy_heldout,WITHOUT_RISK,frozen_MLP,1027,main,8,0.5,0.7632850241545893,0.0,0.0,0.7085201793721974,0.0,0.0,0.0,1.0,0.0,1.0
TAO_TRAIN_GT_CONTROLLED_HELDOUT,policy_heldout,WITHOUT_RISK,frozen_MLP,1027,main,16,0.5,0.7584541062801933,0.0,0.0,0.7040358744394619,0.0,0.0,0.0,1.0,0.0,1.0
TAO_TRAIN_GT_CONTROLLED_HELDOUT,policy_heldout,WITHOUT_RISK,frozen_MLP,1027,seed1027,1,0.5,0.6570048309178744,0.0,0.0,0.6098654708520179,0.0,0.0,0.0,1.0,0.0,1.0
TAO_TRAIN_GT_CONTROLLED_HELDOUT,policy_heldout,WITHOUT_RISK,frozen_MLP,1027,seed1027,2,0.5,0.7053140096618358,0.0,0.0,0.6547085201793722,0.0,0.0,0.0,1.0,0.0,1.0
TAO_TRAIN_GT_CONTROLLED_HELDOUT,policy_heldout,WITHOUT_RISK,frozen_MLP,1027,seed1027,4,0.5,0.7198067632850241,0.0,0.0,0.6681614349775785,0.0,0.0,0.0,1.0,0.0,1.0
TAO_TRAIN_GT_CONTROLLED_HELDOUT,policy_heldout,WITHOUT_RISK,frozen_MLP,1027,seed1027,8,0.5,0.7632850241545893,0.0,0.0,0.7085201793721974,0.0,0.0,0.0,1.0,0.0,1.0
TAO_TRAIN_GT_CONTROLLED_HELDOUT,policy_heldout,WITHOUT_RISK,frozen_MLP,1027,seed1027,16,0.5,0.7584541062801933,0.0,0.0,0.7040358744394619,0.0,0.0,0.0,1.0,0.0,1.0
TAO_TRAIN_GT_CONTROLLED_HELDOUT,policy_heldout,WITHOUT_RISK,frozen_MLP,1027,seed1028,1,0.5,0.6570048309178744,0.0,0.0,0.6098654708520179,0.0,0.0,0.0,1.0,0.0,1.0
TAO_TRAIN_GT_CONTROLLED_HELDOUT,policy_heldout,WITHOUT_RISK,frozen_MLP,1027,seed1028,2,0.5,0.7053140096618358,0.0,0.0,0.6547085201793722,0.0,0.0,0.0,1.0,0.0,1.0
TAO_TRAIN_GT_CONTROLLED_HELDOUT,policy_heldout,WITHOUT_RISK,frozen_MLP,1027,seed1028,4,0.5,0.7198067632850241,0.0,0.0,0.6681614349775785,0.0,0.0,0.0,1.0,0.0,1.0
TAO_TRAIN_GT_CONTROLLED_HELDOUT,policy_heldout,WITHOUT_RISK,frozen_MLP,1027,seed1028,8,0.5,0.7632850241545893,0.0,0.0,0.7085201793721974,0.0,0.0,0.0,1.0,0.0,1.0
TAO_TRAIN_GT_CONTROLLED_HELDOUT,policy_heldout,WITHOUT_RISK,frozen_MLP,1027,seed1028,16,0.5,0.7584541062801933,0.0,0.0,0.7040358744394619,0.0,0.0,0.0,1.0,0.0,1.0
TAO_TRAIN_GT_CONTROLLED_HELDOUT,policy_heldout,WITHOUT_RISK,frozen_MLP,1027,seed1029,1,0.5,0.6570048309178744,0.0,0.0,0.6098654708520179,0.0,0.0,0.0,1.0,0.0,1.0
TAO_TRAIN_GT_CONTROLLED_HELDOUT,policy_heldout,WITHOUT_RISK,frozen_MLP,1027,seed1029,2,0.5,0.7053140096618358,0.0,0.0,0.6547085201793722,0.0,0.0,0.0,1.0,0.0,1.0
TAO_TRAIN_GT_CONTROLLED_HELDOUT,policy_heldout,WITHOUT_RISK,frozen_MLP,1027,seed1029,4,0.5,0.7198067632850241,0.0,0.0,0.6681614349775785,0.0,0.0,0.0,1.0,0.0,1.0
TAO_TRAIN_GT_CONTROLLED_HELDOUT,policy_heldout,WITHOUT_RISK,frozen_MLP,1027,seed1029,8,0.5,0.7632850241545893,0.0,0.0,0.7085201793721974,0.0,0.0,0.0,1.0,0.0,1.0
TAO_TRAIN_GT_CONTROLLED_HELDOUT,policy_heldout,WITHOUT_RISK,frozen_MLP,1027,seed1029,16,0.5,0.7584541062801933,0.0,0.0,0.7040358744394619,0.0,0.0,0.0,1.0,0.0,1.0
TAO_TRAIN_GT_CONTROLLED_HELDOUT,policy_heldout,WITHOUT_RISK,frozen_MLP,1027,main,1,0.75,0.6570048309178744,0.0,0.0,0.6098654708520179,0.0,0.0,0.0,1.0,0.0,1.0
TAO_TRAIN_GT_CONTROLLED_HELDOUT,policy_heldout,WITHOUT_RISK,frozen_MLP,1027,main,2,0.75,0.7053140096618358,0.0,0.0,0.6547085201793722,0.0,0.0,0.0,1.0,0.0,1.0
TAO_TRAIN_GT_CONTROLLED_HELDOUT,policy_heldout,WITHOUT_RISK,frozen_MLP,1027,main,4,0.75,0.7198067632850241,0.0,0.0,0.6681614349775785,0.0,0.0,0.0,1.0,0.0,1.0
TAO_TRAIN_GT_CONTROLLED_HELDOUT,policy_heldout,WITHOUT_RISK,frozen_MLP,1027,main,8,0.75,0.7632850241545893,0.0,0.0,0.7085201793721974,0.0,0.0,0.0,1.0,0.0,1.0
TAO_TRAIN_GT_CONTROLLED_HELDOUT,policy_heldout,WITHOUT_RISK,frozen_MLP,1027,main,16,0.75,0.7584541062801933,0.0,0.0,0.7040358744394619,0.0,0.0,0.0,1.0,0.0,1.0
TAO_TRAIN_GT_CONTROLLED_HELDOUT,policy_heldout,WITHOUT_RISK,frozen_MLP,1027,seed1027,1,0.75,0.6570048309178744,0.0,0.0,0.6098654708520179,0.0,0.0,0.0,1.0,0.0,1.0
TAO_TRAIN_GT_CONTROLLED_HELDOUT,policy_heldout,WITHOUT_RISK,frozen_MLP,1027,seed1027,2,0.75,0.7053140096618358,0.0,0.0,0.6547085201793722,0.0,0.0,0.0,1.0,0.0,1.0
TAO_TRAIN_GT_CONTROLLED_HELDOUT,policy_heldout,WITHOUT_RISK,frozen_MLP,1027,seed1027,4,0.75,0.7198067632850241,0.0,0.0,0.6681614349775785,0.0,0.0,0.0,1.0,0.0,1.0
TAO_TRAIN_GT_CONTROLLED_HELDOUT,policy_heldout,WITHOUT_RISK,frozen_MLP,1027,seed1027,8,0.75,0.7632850241545893,0.0,0.0,0.7085201793721974,0.0,0.0,0.0,1.0,0.0,1.0
TAO_TRAIN_GT_CONTROLLED_HELDOUT,policy_heldout,WITHOUT_RISK,frozen_MLP,1027,seed1027,16,0.75,0.7584541062801933,0.0,0.0,0.7040358744394619,0.0,0.0,0.0,1.0,0.0,1.0
TAO_TRAIN_GT_CONTROLLED_HELDOUT,policy_heldout,WITHOUT_RISK,frozen_MLP,1027,seed1028,1,0.75,0.6570048309178744,0.0,0.0,0.6098654708520179,0.0,0.0,0.0,1.0,0.0,1.0
TAO_TRAIN_GT_CONTROLLED_HELDOUT,policy_heldout,WITHOUT_RISK,frozen_MLP,1027,seed1028,2,0.75,0.7053140096618358,0.0,0.0,0.6547085201793722,0.0,0.0,0.0,1.0,0.0,1.0
TAO_TRAIN_GT_CONTROLLED_HELDOUT,policy_heldout,WITHOUT_RISK,frozen_MLP,1027,seed1028,4,0.75,0.7198067632850241,0.0,0.0,0.6681614349775785,0.0,0.0,0.0,1.0,0.0,1.0
TAO_TRAIN_GT_CONTROLLED_HELDOUT,policy_heldout,WITHOUT_RISK,frozen_MLP,1027,seed1028,8,0.75,0.7632850241545893,0.0,0.0,0.7085201793721974,0.0,0.0,0.0,1.0,0.0,1.0
TAO_TRAIN_GT_CONTROLLED_HELDOUT,policy_heldout,WITHOUT_RISK,frozen_MLP,1027,seed1028,16,0.75,0.7584541062801933,0.0,0.0,0.7040358744394619,0.0,0.0,0.0,1.0,0.0,1.0
TAO_TRAIN_GT_CONTROLLED_HELDOUT,policy_heldout,WITHOUT_RISK,frozen_MLP,1027,seed1029,1,0.75,0.6570048309178744,0.0,0.0,0.6098654708520179,0.0,0.0,0.0,1.0,0.0,1.0
TAO_TRAIN_GT_CONTROLLED_HELDOUT,policy_heldout,WITHOUT_RISK,frozen_MLP,1027,seed1029,2,0.75,0.7053140096618358,0.0,0.0,0.6547085201793722,0.0,0.0,0.0,1.0,0.0,1.0
TAO_TRAIN_GT_CONTROLLED_HELDOUT,policy_heldout,WITHOUT_RISK,frozen_MLP,1027,seed1029,4,0.75,0.7198067632850241,0.0,0.0,0.6681614349775785,0.0,0.0,0.0,1.0,0.0,1.0
TAO_TRAIN_GT_CONTROLLED_HELDOUT,policy_heldout,WITHOUT_RISK,frozen_MLP,1027,seed1029,8,0.75,0.7632850241545893,0.0,0.0,0.7085201793721974,0.0,0.0,0.0,1.0,0.0,1.0
TAO_TRAIN_GT_CONTROLLED_HELDOUT,policy_heldout,WITHOUT_RISK,frozen_MLP,1027,seed1029,16,0.75,0.7584541062801933,0.0,0.0,0.7040358744394619,0.0,0.0,0.0,1.0,0.0,1.0
TAO_TRAIN_GT_CONTROLLED_HELDOUT,policy_heldout,WITHOUT_RISK,frozen_MLP,1027,main,1,1.0,0.6570048309178744,0.0,0.0,0.6098654708520179,0.0,0.0,0.0,1.0,0.0,1.0
TAO_TRAIN_GT_CONTROLLED_HELDOUT,policy_heldout,WITHOUT_RISK,frozen_MLP,1027,main,2,1.0,0.7053140096618358,0.0,0.0,0.6547085201793722,0.0,0.0,0.0,1.0,0.0,1.0
TAO_TRAIN_GT_CONTROLLED_HELDOUT,policy_heldout,WITHOUT_RISK,frozen_MLP,1027,main,4,1.0,0.7198067632850241,0.0,0.0,0.6681614349775785,0.0,0.0,0.0,1.0,0.0,1.0
TAO_TRAIN_GT_CONTROLLED_HELDOUT,policy_heldout,WITHOUT_RISK,frozen_MLP,1027,main,8,1.0,0.7632850241545893,0.0,0.0,0.7085201793721974,0.0,0.0,0.0,1.0,0.0,1.0
TAO_TRAIN_GT_CONTROLLED_HELDOUT,policy_heldout,WITHOUT_RISK,frozen_MLP,1027,main,16,1.0,0.7584541062801933,0.0,0.0,0.7040358744394619,0.0,0.0,0.0,1.0,0.0,1.0
TAO_TRAIN_GT_CONTROLLED_HELDOUT,policy_heldout,WITHOUT_RISK,frozen_MLP,1027,seed1027,1,1.0,0.6570048309178744,0.0,0.0,0.6098654708520179,0.0,0.0,0.0,1.0,0.0,1.0
TAO_TRAIN_GT_CONTROLLED_HELDOUT,policy_heldout,WITHOUT_RISK,frozen_MLP,1027,seed1027,2,1.0,0.7053140096618358,0.0,0.0,0.6547085201793722,0.0,0.0,0.0,1.0,0.0,1.0
TAO_TRAIN_GT_CONTROLLED_HELDOUT,policy_heldout,WITHOUT_RISK,frozen_MLP,1027,seed1027,4,1.0,0.7198067632850241,0.0,0.0,0.6681614349775785,0.0,0.0,0.0,1.0,0.0,1.0
TAO_TRAIN_GT_CONTROLLED_HELDOUT,policy_heldout,WITHOUT_RISK,frozen_MLP,1027,seed1027,8,1.0,0.7632850241545893,0.0,0.0,0.7085201793721974,0.0,0.0,0.0,1.0,0.0,1.0
TAO_TRAIN_GT_CONTROLLED_HELDOUT,policy_heldout,WITHOUT_RISK,frozen_MLP,1027,seed1027,16,1.0,0.7584541062801933,0.0,0.0,0.7040358744394619,0.0,0.0,0.0,1.0,0.0,1.0
TAO_TRAIN_GT_CONTROLLED_HELDOUT,policy_heldout,WITHOUT_RISK,frozen_MLP,1027,seed1028,1,1.0,0.6570048309178744,0.0,0.0,0.6098654708520179,0.0,0.0,0.0,1.0,0.0,1.0
TAO_TRAIN_GT_CONTROLLED_HELDOUT,policy_heldout,WITHOUT_RISK,frozen_MLP,1027,seed1028,2,1.0,0.7053140096618358,0.0,0.0,0.6547085201793722,0.0,0.0,0.0,1.0,0.0,1.0
TAO_TRAIN_GT_CONTROLLED_HELDOUT,policy_heldout,WITHOUT_RISK,frozen_MLP,1027,seed1028,4,1.0,0.7198067632850241,0.0,0.0,0.6681614349775785,0.0,0.0,0.0,1.0,0.0,1.0
TAO_TRAIN_GT_CONTROLLED_HELDOUT,policy_heldout,WITHOUT_RISK,frozen_MLP,1027,seed1028,8,1.0,0.7632850241545893,0.0,0.0,0.7085201793721974,0.0,0.0,0.0,1.0,0.0,1.0
TAO_TRAIN_GT_CONTROLLED_HELDOUT,policy_heldout,WITHOUT_RISK,frozen_MLP,1027,seed1028,16,1.0,0.7584541062801933,0.0,0.0,0.7040358744394619,0.0,0.0,0.0,1.0,0.0,1.0
TAO_TRAIN_GT_CONTROLLED_HELDOUT,policy_heldout,WITHOUT_RISK,frozen_MLP,1027,seed1029,1,1.0,0.6570048309178744,0.0,0.0,0.6098654708520179,0.0,0.0,0.0,1.0,0.0,1.0
TAO_TRAIN_GT_CONTROLLED_HELDOUT,policy_heldout,WITHOUT_RISK,frozen_MLP,1027,seed1029,2,1.0,0.7053140096618358,0.0,0.0,0.6547085201793722,0.0,0.0,0.0,1.0,0.0,1.0
TAO_TRAIN_GT_CONTROLLED_HELDOUT,policy_heldout,WITHOUT_RISK,frozen_MLP,1027,seed1029,4,1.0,0.7198067632850241,0.0,0.0,0.6681614349775785,0.0,0.0,0.0,1.0,0.0,1.0
TAO_TRAIN_GT_CONTROLLED_HELDOUT,policy_heldout,WITHOUT_RISK,frozen_MLP,1027,seed1029,8,1.0,0.7632850241545893,0.0,0.0,0.7085201793721974,0.0,0.0,0.0,1.0,0.0,1.0
TAO_TRAIN_GT_CONTROLLED_HELDOUT,policy_heldout,WITHOUT_RISK,frozen_MLP,1027,seed1029,16,1.0,0.7584541062801933,0.0,0.0,0.7040358744394619,0.0,0.0,0.0,1.0,0.0,1.0
TAO_TRAIN_GT_CONTROLLED_HELDOUT,policy_heldout,RESET_PER_VIDEO,frozen_MLP,1027,main,1,0.5,0.0,0.5625,0.0,0.04035874439461883,0.0,0.1111111111111111,0.3333333333333333,0.0,0.0,1.0
TAO_TRAIN_GT_CONTROLLED_HELDOUT,policy_heldout,RESET_PER_VIDEO,frozen_MLP,1027,main,2,0.5,0.0,0.5,0.0,0.03587443946188341,0.0,0.1111111111111111,0.2222222222222222,0.0,0.1111111111111111,0.8888888888888888
TAO_TRAIN_GT_CONTROLLED_HELDOUT,policy_heldout,RESET_PER_VIDEO,frozen_MLP,1027,main,4,0.5,0.0,0.4375,0.0,0.03139013452914798,0.0,0.1111111111111111,0.1111111111111111,0.0,0.2222222222222222,0.7777777777777778
TAO_TRAIN_GT_CONTROLLED_HELDOUT,policy_heldout,RESET_PER_VIDEO,frozen_MLP,1027,main,8,0.5,0.0,0.25,0.0,0.017937219730941704,0.0,0.0,0.1111111111111111,0.0,0.5555555555555556,0.4444444444444444
TAO_TRAIN_GT_CONTROLLED_HELDOUT,policy_heldout,RESET_PER_VIDEO,frozen_MLP,1027,main,16,0.5,0.0,0.375,0.0,0.026905829596412557,0.0,0.0,0.1111111111111111,0.0,0.3333333333333333,0.6666666666666666
TAO_TRAIN_GT_CONTROLLED_HELDOUT,policy_heldout,RESET_PER_VIDEO,frozen_MLP,1027,seed1027,1,0.5,0.0,0.5625,0.0,0.04035874439461883,0.0,0.0,0.42857142857142855,0.0,0.14285714285714285,0.8571428571428571
TAO_TRAIN_GT_CONTROLLED_HELDOUT,policy_heldout,RESET_PER_VIDEO,frozen_MLP,1027,seed1027,2,0.5,0.0,0.5,0.0,0.03587443946188341,0.0,0.0,0.2857142857142857,0.0,0.7142857142857143,0.2857142857142857
TAO_TRAIN_GT_CONTROLLED_HELDOUT,policy_heldout,RESET_PER_VIDEO,frozen_MLP,1027,seed1027,4,0.5,0.0,0.4375,0.0,0.03139013452914798,0.0,0.0,0.2857142857142857,0.0,0.7142857142857143,0.2857142857142857
TAO_TRAIN_GT_CONTROLLED_HELDOUT,policy_heldout,RESET_PER_VIDEO,frozen_MLP,1027,seed1027,8,0.5,0.0,0.25,0.0,0.017937219730941704,0.0,0.0,0.14285714285714285,0.0,0.8571428571428571,0.14285714285714285
TAO_TRAIN_GT_CONTROLLED_HELDOUT,policy_heldout,RESET_PER_VIDEO,frozen_MLP,1027,seed1027,16,0.5,0.0,0.375,0.0,0.026905829596412557,0.0,0.0,0.14285714285714285,0.0,0.8571428571428571,0.14285714285714285
TAO_TRAIN_GT_CONTROLLED_HELDOUT,policy_heldout,RESET_PER_VIDEO,frozen_MLP,1027,seed1028,1,0.5,0.0,0.5625,0.0,0.04035874439461883,0.0,0.14285714285714285,0.42857142857142855,0.0,0.0,1.0
TAO_TRAIN_GT_CONTROLLED_HELDOUT,policy_heldout,RESET_PER_VIDEO,frozen_MLP,1027,seed1028,2,0.5,0.0,0.5,0.0,0.03587443946188341,0.0,0.14285714285714285,0.14285714285714285,0.0,0.7142857142857143,0.2857142857142857
TAO_TRAIN_GT_CONTROLLED_HELDOUT,policy_heldout,RESET_PER_VIDEO,frozen_MLP,1027,seed1028,4,0.5,0.0,0.4375,0.0,0.03139013452914798,0.0,0.14285714285714285,0.14285714285714285,0.0,0.7142857142857143,0.2857142857142857
TAO_TRAIN_GT_CONTROLLED_HELDOUT,policy_heldout,RESET_PER_VIDEO,frozen_MLP,1027,seed1028,8,0.5,0.0,0.25,0.0,0.017937219730941704,0.0,0.0,0.14285714285714285,0.0,0.8571428571428571,0.14285714285714285
TAO_TRAIN_GT_CONTROLLED_HELDOUT,policy_heldout,RESET_PER_VIDEO,frozen_MLP,1027,seed1028,16,0.5,0.0,0.375,0.0,0.026905829596412557,0.0,0.0,0.14285714285714285,0.0,0.8571428571428571,0.14285714285714285
TAO_TRAIN_GT_CONTROLLED_HELDOUT,policy_heldout,RESET_PER_VIDEO,frozen_MLP,1027,seed1029,1,0.5,0.0,0.5625,0.0,0.04035874439461883,0.0,0.0,0.4444444444444444,0.0,0.0,1.0
TAO_TRAIN_GT_CONTROLLED_HELDOUT,policy_heldout,RESET_PER_VIDEO,frozen_MLP,1027,seed1029,2,0.5,0.0,0.5,0.0,0.03587443946188341,0.0,0.0,0.3333333333333333,0.0,0.1111111111111111,0.8888888888888888
TAO_TRAIN_GT_CONTROLLED_HELDOUT,policy_heldout,RESET_PER_VIDEO,frozen_MLP,1027,seed1029,4,0.5,0.0,0.4375,0.0,0.03139013452914798,0.0,0.0,0.2222222222222222,0.0,0.2222222222222222,0.7777777777777778
TAO_TRAIN_GT_CONTROLLED_HELDOUT,policy_heldout,RESET_PER_VIDEO,frozen_MLP,1027,seed1029,8,0.5,0.0,0.25,0.0,0.017937219730941704,0.0,0.0,0.1111111111111111,0.0,0.5555555555555556,0.4444444444444444
TAO_TRAIN_GT_CONTROLLED_HELDOUT,policy_heldout,RESET_PER_VIDEO,frozen_MLP,1027,seed1029,16,0.5,0.0,0.375,0.0,0.026905829596412557,0.0,0.0,0.1111111111111111,0.0,0.3333333333333333,0.6666666666666666
TAO_TRAIN_GT_CONTROLLED_HELDOUT,policy_heldout,RESET_PER_VIDEO,frozen_MLP,1027,main,1,0.75,0.0,0.5625,0.0,0.04035874439461883,0.0,0.1111111111111111,0.3333333333333333,0.0,0.0,1.0
TAO_TRAIN_GT_CONTROLLED_HELDOUT,policy_heldout,RESET_PER_VIDEO,frozen_MLP,1027,main,2,0.75,0.0,0.5,0.0,0.03587443946188341,0.0,0.1111111111111111,0.2222222222222222,0.0,0.1111111111111111,0.8888888888888888
TAO_TRAIN_GT_CONTROLLED_HELDOUT,policy_heldout,RESET_PER_VIDEO,frozen_MLP,1027,main,4,0.75,0.0,0.4375,0.0,0.03139013452914798,0.0,0.1111111111111111,0.1111111111111111,0.0,0.2222222222222222,0.7777777777777778
TAO_TRAIN_GT_CONTROLLED_HELDOUT,policy_heldout,RESET_PER_VIDEO,frozen_MLP,1027,main,8,0.75,0.0,0.25,0.0,0.017937219730941704,0.0,0.0,0.1111111111111111,0.0,0.5555555555555556,0.4444444444444444
TAO_TRAIN_GT_CONTROLLED_HELDOUT,policy_heldout,RESET_PER_VIDEO,frozen_MLP,1027,main,16,0.75,0.0,0.375,0.0,0.026905829596412557,0.0,0.0,0.1111111111111111,0.0,0.3333333333333333,0.6666666666666666
TAO_TRAIN_GT_CONTROLLED_HELDOUT,policy_heldout,RESET_PER_VIDEO,frozen_MLP,1027,seed1027,1,0.75,0.0,0.5625,0.0,0.04035874439461883,0.0,0.0,0.42857142857142855,0.0,0.14285714285714285,0.8571428571428571
TAO_TRAIN_GT_CONTROLLED_HELDOUT,policy_heldout,RESET_PER_VIDEO,frozen_MLP,1027,seed1027,2,0.75,0.0,0.5,0.0,0.03587443946188341,0.0,0.0,0.2857142857142857,0.0,0.7142857142857143,0.2857142857142857
TAO_TRAIN_GT_CONTROLLED_HELDOUT,policy_heldout,RESET_PER_VIDEO,frozen_MLP,1027,seed1027,4,0.75,0.0,0.4375,0.0,0.03139013452914798,0.0,0.0,0.2857142857142857,0.0,0.7142857142857143,0.2857142857142857
TAO_TRAIN_GT_CONTROLLED_HELDOUT,policy_heldout,RESET_PER_VIDEO,frozen_MLP,1027,seed1027,8,0.75,0.0,0.25,0.0,0.017937219730941704,0.0,0.0,0.14285714285714285,0.0,0.8571428571428571,0.14285714285714285
TAO_TRAIN_GT_CONTROLLED_HELDOUT,policy_heldout,RESET_PER_VIDEO,frozen_MLP,1027,seed1027,16,0.75,0.0,0.375,0.0,0.026905829596412557,0.0,0.0,0.14285714285714285,0.0,0.8571428571428571,0.14285714285714285
TAO_TRAIN_GT_CONTROLLED_HELDOUT,policy_heldout,RESET_PER_VIDEO,frozen_MLP,1027,seed1028,1,0.75,0.0,0.5625,0.0,0.04035874439461883,0.0,0.14285714285714285,0.42857142857142855,0.0,0.0,1.0
TAO_TRAIN_GT_CONTROLLED_HELDOUT,policy_heldout,RESET_PER_VIDEO,frozen_MLP,1027,seed1028,2,0.75,0.0,0.5,0.0,0.03587443946188341,0.0,0.14285714285714285,0.14285714285714285,0.0,0.7142857142857143,0.2857142857142857
TAO_TRAIN_GT_CONTROLLED_HELDOUT,policy_heldout,RESET_PER_VIDEO,frozen_MLP,1027,seed1028,4,0.75,0.0,0.4375,0.0,0.03139013452914798,0.0,0.14285714285714285,0.14285714285714285,0.0,0.7142857142857143,0.2857142857142857
TAO_TRAIN_GT_CONTROLLED_HELDOUT,policy_heldout,RESET_PER_VIDEO,frozen_MLP,1027,seed1028,8,0.75,0.0,0.25,0.0,0.017937219730941704,0.0,0.0,0.14285714285714285,0.0,0.8571428571428571,0.14285714285714285
TAO_TRAIN_GT_CONTROLLED_HELDOUT,policy_heldout,RESET_PER_VIDEO,frozen_MLP,1027,seed1028,16,0.75,0.0,0.375,0.0,0.026905829596412557,0.0,0.0,0.14285714285714285,0.0,0.8571428571428571,0.14285714285714285
TAO_TRAIN_GT_CONTROLLED_HELDOUT,policy_heldout,RESET_PER_VIDEO,frozen_MLP,1027,seed1029,1,0.75,0.0,0.5625,0.0,0.04035874439461883,0.0,0.0,0.4444444444444444,0.0,0.0,1.0
TAO_TRAIN_GT_CONTROLLED_HELDOUT,policy_heldout,RESET_PER_VIDEO,frozen_MLP,1027,seed1029,2,0.75,0.0,0.5,0.0,0.03587443946188341,0.0,0.0,0.3333333333333333,0.0,0.1111111111111111,0.8888888888888888
TAO_TRAIN_GT_CONTROLLED_HELDOUT,policy_heldout,RESET_PER_VIDEO,frozen_MLP,1027,seed1029,4,0.75,0.0,0.4375,0.0,0.03139013452914798,0.0,0.0,0.2222222222222222,0.0,0.2222222222222222,0.7777777777777778
TAO_TRAIN_GT_CONTROLLED_HELDOUT,policy_heldout,RESET_PER_VIDEO,frozen_MLP,1027,seed1029,8,0.75,0.0,0.25,0.0,0.017937219730941704,0.0,0.0,0.1111111111111111,0.0,0.5555555555555556,0.4444444444444444
TAO_TRAIN_GT_CONTROLLED_HELDOUT,policy_heldout,RESET_PER_VIDEO,frozen_MLP,1027,seed1029,16,0.75,0.0,0.375,0.0,0.026905829596412557,0.0,0.0,0.1111111111111111,0.0,0.3333333333333333,0.6666666666666666
TAO_TRAIN_GT_CONTROLLED_HELDOUT,policy_heldout,RESET_PER_VIDEO,frozen_MLP,1027,main,1,1.0,0.0,0.5625,0.0,0.04035874439461883,0.0,0.1111111111111111,0.3333333333333333,0.0,0.0,1.0
TAO_TRAIN_GT_CONTROLLED_HELDOUT,policy_heldout,RESET_PER_VIDEO,frozen_MLP,1027,main,2,1.0,0.0,0.5,0.0,0.03587443946188341,0.0,0.1111111111111111,0.2222222222222222,0.0,0.1111111111111111,0.8888888888888888
TAO_TRAIN_GT_CONTROLLED_HELDOUT,policy_heldout,RESET_PER_VIDEO,frozen_MLP,1027,main,4,1.0,0.0,0.4375,0.0,0.03139013452914798,0.0,0.1111111111111111,0.1111111111111111,0.0,0.2222222222222222,0.7777777777777778
TAO_TRAIN_GT_CONTROLLED_HELDOUT,policy_heldout,RESET_PER_VIDEO,frozen_MLP,1027,main,8,1.0,0.0,0.25,0.0,0.017937219730941704,0.0,0.0,0.1111111111111111,0.0,0.5555555555555556,0.4444444444444444
TAO_TRAIN_GT_CONTROLLED_HELDOUT,policy_heldout,RESET_PER_VIDEO,frozen_MLP,1027,main,16,1.0,0.0,0.375,0.0,0.026905829596412557,0.0,0.0,0.1111111111111111,0.0,0.3333333333333333,0.6666666666666666
TAO_TRAIN_GT_CONTROLLED_HELDOUT,policy_heldout,RESET_PER_VIDEO,frozen_MLP,1027,seed1027,1,1.0,0.0,0.5625,0.0,0.04035874439461883,0.0,0.0,0.42857142857142855,0.0,0.14285714285714285,0.8571428571428571
TAO_TRAIN_GT_CONTROLLED_HELDOUT,policy_heldout,RESET_PER_VIDEO,frozen_MLP,1027,seed1027,2,1.0,0.0,0.5,0.0,0.03587443946188341,0.0,0.0,0.2857142857142857,0.0,0.7142857142857143,0.2857142857142857
TAO_TRAIN_GT_CONTROLLED_HELDOUT,policy_heldout,RESET_PER_VIDEO,frozen_MLP,1027,seed1027,4,1.0,0.0,0.4375,0.0,0.03139013452914798,0.0,0.0,0.2857142857142857,0.0,0.7142857142857143,0.2857142857142857
TAO_TRAIN_GT_CONTROLLED_HELDOUT,policy_heldout,RESET_PER_VIDEO,frozen_MLP,1027,seed1027,8,1.0,0.0,0.25,0.0,0.017937219730941704,0.0,0.0,0.14285714285714285,0.0,0.8571428571428571,0.14285714285714285
TAO_TRAIN_GT_CONTROLLED_HELDOUT,policy_heldout,RESET_PER_VIDEO,frozen_MLP,1027,seed1027,16,1.0,0.0,0.375,0.0,0.026905829596412557,0.0,0.0,0.14285714285714285,0.0,0.8571428571428571,0.14285714285714285
TAO_TRAIN_GT_CONTROLLED_HELDOUT,policy_heldout,RESET_PER_VIDEO,frozen_MLP,1027,seed1028,1,1.0,0.0,0.5625,0.0,0.04035874439461883,0.0,0.14285714285714285,0.42857142857142855,0.0,0.0,1.0
TAO_TRAIN_GT_CONTROLLED_HELDOUT,policy_heldout,RESET_PER_VIDEO,frozen_MLP,1027,seed1028,2,1.0,0.0,0.5,0.0,0.03587443946188341,0.0,0.14285714285714285,0.14285714285714285,0.0,0.7142857142857143,0.2857142857142857
TAO_TRAIN_GT_CONTROLLED_HELDOUT,policy_heldout,RESET_PER_VIDEO,frozen_MLP,1027,seed1028,4,1.0,0.0,0.4375,0.0,0.03139013452914798,0.0,0.14285714285714285,0.14285714285714285,0.0,0.7142857142857143,0.2857142857142857
TAO_TRAIN_GT_CONTROLLED_HELDOUT,policy_heldout,RESET_PER_VIDEO,frozen_MLP,1027,seed1028,8,1.0,0.0,0.25,0.0,0.017937219730941704,0.0,0.0,0.14285714285714285,0.0,0.8571428571428571,0.14285714285714285
TAO_TRAIN_GT_CONTROLLED_HELDOUT,policy_heldout,RESET_PER_VIDEO,frozen_MLP,1027,seed1028,16,1.0,0.0,0.375,0.0,0.026905829596412557,0.0,0.0,0.14285714285714285,0.0,0.8571428571428571,0.14285714285714285
TAO_TRAIN_GT_CONTROLLED_HELDOUT,policy_heldout,RESET_PER_VIDEO,frozen_MLP,1027,seed1029,1,1.0,0.0,0.5625,0.0,0.04035874439461883,0.0,0.0,0.4444444444444444,0.0,0.0,1.0
TAO_TRAIN_GT_CONTROLLED_HELDOUT,policy_heldout,RESET_PER_VIDEO,frozen_MLP,1027,seed1029,2,1.0,0.0,0.5,0.0,0.03587443946188341,0.0,0.0,0.3333333333333333,0.0,0.1111111111111111,0.8888888888888888
TAO_TRAIN_GT_CONTROLLED_HELDOUT,policy_heldout,RESET_PER_VIDEO,frozen_MLP,1027,seed1029,4,1.0,0.0,0.4375,0.0,0.03139013452914798,0.0,0.0,0.2222222222222222,0.0,0.2222222222222222,0.7777777777777778
TAO_TRAIN_GT_CONTROLLED_HELDOUT,policy_heldout,RESET_PER_VIDEO,frozen_MLP,1027,seed1029,8,1.0,0.0,0.25,0.0,0.017937219730941704,0.0,0.0,0.1111111111111111,0.0,0.5555555555555556,0.4444444444444444
TAO_TRAIN_GT_CONTROLLED_HELDOUT,policy_heldout,RESET_PER_VIDEO,frozen_MLP,1027,seed1029,16,1.0,0.0,0.375,0.0,0.026905829596412557,0.0,0.0,0.1111111111111111,0.0,0.3333333333333333,0.6666666666666666
TAO_TRAIN_GT_CONTROLLED_HELDOUT,policy_heldout,FULL,frozen_MLP,1027,main,1,0.5,0.0,0.625,0.0,0.04484304932735426,0.0,1.0,0.0,0.0,0.0,1.0
TAO_TRAIN_GT_CONTROLLED_HELDOUT,policy_heldout,FULL,frozen_MLP,1027,main,2,0.5,0.0,0.625,0.0,0.04484304932735426,0.0,1.0,0.0,0.0,0.0,1.0
TAO_TRAIN_GT_CONTROLLED_HELDOUT,policy_heldout,FULL,frozen_MLP,1027,main,4,0.5,0.0,0.625,0.0,0.04484304932735426,0.0,1.0,0.0,0.0,0.0,1.0
TAO_TRAIN_GT_CONTROLLED_HELDOUT,policy_heldout,FULL,frozen_MLP,1027,main,8,0.5,0.0,0.625,0.0,0.04484304932735426,0.0,1.0,0.0,0.0,0.0,1.0
TAO_TRAIN_GT_CONTROLLED_HELDOUT,policy_heldout,FULL,frozen_MLP,1027,main,16,0.5,0.0,0.625,0.0,0.04484304932735426,0.0,1.0,0.0,0.0,0.0,1.0
TAO_TRAIN_GT_CONTROLLED_HELDOUT,policy_heldout,FULL,frozen_MLP,1027,seed1027,1,0.5,0.0,0.625,0.0,0.04484304932735426,0.0,1.0,0.0,0.0,0.0,1.0
TAO_TRAIN_GT_CONTROLLED_HELDOUT,policy_heldout,FULL,frozen_MLP,1027,seed1027,2,0.5,0.0,0.625,0.0,0.04484304932735426,0.0,1.0,0.0,0.0,0.0,1.0
TAO_TRAIN_GT_CONTROLLED_HELDOUT,policy_heldout,FULL,frozen_MLP,1027,seed1027,4,0.5,0.0,0.625,0.0,0.04484304932735426,0.0,1.0,0.0,0.0,0.0,1.0
TAO_TRAIN_GT_CONTROLLED_HELDOUT,policy_heldout,FULL,frozen_MLP,1027,seed1027,8,0.5,0.0,0.625,0.0,0.04484304932735426,0.0,1.0,0.0,0.0,0.0,1.0
TAO_TRAIN_GT_CONTROLLED_HELDOUT,policy_heldout,FULL,frozen_MLP,1027,seed1027,16,0.5,0.0,0.625,0.0,0.04484304932735426,0.0,0.7142857142857143,0.0,0.0,0.2857142857142857,0.7142857142857143
TAO_TRAIN_GT_CONTROLLED_HELDOUT,policy_heldout,FULL,frozen_MLP,1027,seed1028,1,0.5,0.0,0.625,0.0,0.04484304932735426,0.0,1.0,0.0,0.0,0.0,1.0
TAO_TRAIN_GT_CONTROLLED_HELDOUT,policy_heldout,FULL,frozen_MLP,1027,seed1028,2,0.5,0.0,0.625,0.0,0.04484304932735426,0.0,1.0,0.0,0.0,0.0,1.0
TAO_TRAIN_GT_CONTROLLED_HELDOUT,policy_heldout,FULL,frozen_MLP,1027,seed1028,4,0.5,0.0,0.625,0.0,0.04484304932735426,0.0,1.0,0.0,0.0,0.0,1.0
TAO_TRAIN_GT_CONTROLLED_HELDOUT,policy_heldout,FULL,frozen_MLP,1027,seed1028,8,0.5,0.0,0.625,0.0,0.04484304932735426,0.0,1.0,0.0,0.0,0.0,1.0
TAO_TRAIN_GT_CONTROLLED_HELDOUT,policy_heldout,FULL,frozen_MLP,1027,seed1028,16,0.5,0.0,0.625,0.0,0.04484304932735426,0.0,1.0,0.0,0.0,0.0,1.0
TAO_TRAIN_GT_CONTROLLED_HELDOUT,policy_heldout,FULL,frozen_MLP,1027,seed1029,1,0.5,0.0,0.625,0.0,0.04484304932735426,0.0,1.0,0.0,0.0,0.0,1.0
TAO_TRAIN_GT_CONTROLLED_HELDOUT,policy_heldout,FULL,frozen_MLP,1027,seed1029,2,0.5,0.0,0.625,0.0,0.04484304932735426,0.0,1.0,0.0,0.0,0.0,1.0
TAO_TRAIN_GT_CONTROLLED_HELDOUT,policy_heldout,FULL,frozen_MLP,1027,seed1029,4,0.5,0.0,0.625,0.0,0.04484304932735426,0.0,1.0,0.0,0.0,0.0,1.0
TAO_TRAIN_GT_CONTROLLED_HELDOUT,policy_heldout,FULL,frozen_MLP,1027,seed1029,8,0.5,0.0,0.625,0.0,0.04484304932735426,0.0,1.0,0.0,0.0,0.0,1.0
TAO_TRAIN_GT_CONTROLLED_HELDOUT,policy_heldout,FULL,frozen_MLP,1027,seed1029,16,0.5,0.0,0.625,0.0,0.04484304932735426,0.0,0.8888888888888888,0.0,0.0,0.1111111111111111,0.8888888888888888
TAO_TRAIN_GT_CONTROLLED_HELDOUT,policy_heldout,FULL,frozen_MLP,1027,main,1,0.75,0.0,0.625,0.0,0.04484304932735426,0.0,1.0,0.0,0.0,0.0,1.0
TAO_TRAIN_GT_CONTROLLED_HELDOUT,policy_heldout,FULL,frozen_MLP,1027,main,2,0.75,0.0,0.625,0.0,0.04484304932735426,0.0,1.0,0.0,0.0,0.0,1.0
TAO_TRAIN_GT_CONTROLLED_HELDOUT,policy_heldout,FULL,frozen_MLP,1027,main,4,0.75,0.0,0.625,0.0,0.04484304932735426,0.0,1.0,0.0,0.0,0.0,1.0
TAO_TRAIN_GT_CONTROLLED_HELDOUT,policy_heldout,FULL,frozen_MLP,1027,main,8,0.75,0.0,0.625,0.0,0.04484304932735426,0.0,1.0,0.0,0.0,0.0,1.0
TAO_TRAIN_GT_CONTROLLED_HELDOUT,policy_heldout,FULL,frozen_MLP,1027,main,16,0.75,0.0,0.625,0.0,0.04484304932735426,0.0,1.0,0.0,0.0,0.0,1.0
TAO_TRAIN_GT_CONTROLLED_HELDOUT,policy_heldout,FULL,frozen_MLP,1027,seed1027,1,0.75,0.0,0.625,0.0,0.04484304932735426,0.0,1.0,0.0,0.0,0.0,1.0
TAO_TRAIN_GT_CONTROLLED_HELDOUT,policy_heldout,FULL,frozen_MLP,1027,seed1027,2,0.75,0.0,0.625,0.0,0.04484304932735426,0.0,1.0,0.0,0.0,0.0,1.0
TAO_TRAIN_GT_CONTROLLED_HELDOUT,policy_heldout,FULL,frozen_MLP,1027,seed1027,4,0.75,0.0,0.625,0.0,0.04484304932735426,0.0,1.0,0.0,0.0,0.0,1.0
TAO_TRAIN_GT_CONTROLLED_HELDOUT,policy_heldout,FULL,frozen_MLP,1027,seed1027,8,0.75,0.0,0.625,0.0,0.04484304932735426,0.0,1.0,0.0,0.0,0.0,1.0
TAO_TRAIN_GT_CONTROLLED_HELDOUT,policy_heldout,FULL,frozen_MLP,1027,seed1027,16,0.75,0.0,0.625,0.0,0.04484304932735426,0.0,0.7142857142857143,0.0,0.0,0.2857142857142857,0.7142857142857143
TAO_TRAIN_GT_CONTROLLED_HELDOUT,policy_heldout,FULL,frozen_MLP,1027,seed1028,1,0.75,0.0,0.625,0.0,0.04484304932735426,0.0,1.0,0.0,0.0,0.0,1.0
TAO_TRAIN_GT_CONTROLLED_HELDOUT,policy_heldout,FULL,frozen_MLP,1027,seed1028,2,0.75,0.0,0.625,0.0,0.04484304932735426,0.0,1.0,0.0,0.0,0.0,1.0
TAO_TRAIN_GT_CONTROLLED_HELDOUT,policy_heldout,FULL,frozen_MLP,1027,seed1028,4,0.75,0.0,0.625,0.0,0.04484304932735426,0.0,1.0,0.0,0.0,0.0,1.0
TAO_TRAIN_GT_CONTROLLED_HELDOUT,policy_heldout,FULL,frozen_MLP,1027,seed1028,8,0.75,0.0,0.625,0.0,0.04484304932735426,0.0,1.0,0.0,0.0,0.0,1.0
TAO_TRAIN_GT_CONTROLLED_HELDOUT,policy_heldout,FULL,frozen_MLP,1027,seed1028,16,0.75,0.0,0.625,0.0,0.04484304932735426,0.0,1.0,0.0,0.0,0.0,1.0
TAO_TRAIN_GT_CONTROLLED_HELDOUT,policy_heldout,FULL,frozen_MLP,1027,seed1029,1,0.75,0.0,0.625,0.0,0.04484304932735426,0.0,1.0,0.0,0.0,0.0,1.0
TAO_TRAIN_GT_CONTROLLED_HELDOUT,policy_heldout,FULL,frozen_MLP,1027,seed1029,2,0.75,0.0,0.625,0.0,0.04484304932735426,0.0,1.0,0.0,0.0,0.0,1.0
TAO_TRAIN_GT_CONTROLLED_HELDOUT,policy_heldout,FULL,frozen_MLP,1027,seed1029,4,0.75,0.0,0.625,0.0,0.04484304932735426,0.0,1.0,0.0,0.0,0.0,1.0
TAO_TRAIN_GT_CONTROLLED_HELDOUT,policy_heldout,FULL,frozen_MLP,1027,seed1029,8,0.75,0.0,0.625,0.0,0.04484304932735426,0.0,1.0,0.0,0.0,0.0,1.0
TAO_TRAIN_GT_CONTROLLED_HELDOUT,policy_heldout,FULL,frozen_MLP,1027,seed1029,16,0.75,0.0,0.625,0.0,0.04484304932735426,0.0,0.8888888888888888,0.0,0.0,0.1111111111111111,0.8888888888888888
TAO_TRAIN_GT_CONTROLLED_HELDOUT,policy_heldout,FULL,frozen_MLP,1027,main,1,1.0,0.0,0.625,0.0,0.04484304932735426,0.0,1.0,0.0,0.0,0.0,1.0
TAO_TRAIN_GT_CONTROLLED_HELDOUT,policy_heldout,FULL,frozen_MLP,1027,main,2,1.0,0.0,0.625,0.0,0.04484304932735426,0.0,1.0,0.0,0.0,0.0,1.0
TAO_TRAIN_GT_CONTROLLED_HELDOUT,policy_heldout,FULL,frozen_MLP,1027,main,4,1.0,0.0,0.625,0.0,0.04484304932735426,0.0,1.0,0.0,0.0,0.0,1.0
TAO_TRAIN_GT_CONTROLLED_HELDOUT,policy_heldout,FULL,frozen_MLP,1027,main,8,1.0,0.0,0.625,0.0,0.04484304932735426,0.0,1.0,0.0,0.0,0.0,1.0
TAO_TRAIN_GT_CONTROLLED_HELDOUT,policy_heldout,FULL,frozen_MLP,1027,main,16,1.0,0.0,0.625,0.0,0.04484304932735426,0.0,1.0,0.0,0.0,0.0,1.0
TAO_TRAIN_GT_CONTROLLED_HELDOUT,policy_heldout,FULL,frozen_MLP,1027,seed1027,1,1.0,0.0,0.625,0.0,0.04484304932735426,0.0,1.0,0.0,0.0,0.0,1.0
TAO_TRAIN_GT_CONTROLLED_HELDOUT,policy_heldout,FULL,frozen_MLP,1027,seed1027,2,1.0,0.0,0.625,0.0,0.04484304932735426,0.0,1.0,0.0,0.0,0.0,1.0
TAO_TRAIN_GT_CONTROLLED_HELDOUT,policy_heldout,FULL,frozen_MLP,1027,seed1027,4,1.0,0.0,0.625,0.0,0.04484304932735426,0.0,1.0,0.0,0.0,0.0,1.0
TAO_TRAIN_GT_CONTROLLED_HELDOUT,policy_heldout,FULL,frozen_MLP,1027,seed1027,8,1.0,0.0,0.625,0.0,0.04484304932735426,0.0,1.0,0.0,0.0,0.0,1.0
TAO_TRAIN_GT_CONTROLLED_HELDOUT,policy_heldout,FULL,frozen_MLP,1027,seed1027,16,1.0,0.0,0.625,0.0,0.04484304932735426,0.0,0.7142857142857143,0.0,0.0,0.2857142857142857,0.7142857142857143
TAO_TRAIN_GT_CONTROLLED_HELDOUT,policy_heldout,FULL,frozen_MLP,1027,seed1028,1,1.0,0.0,0.625,0.0,0.04484304932735426,0.0,1.0,0.0,0.0,0.0,1.0
TAO_TRAIN_GT_CONTROLLED_HELDOUT,policy_heldout,FULL,frozen_MLP,1027,seed1028,2,1.0,0.0,0.625,0.0,0.04484304932735426,0.0,1.0,0.0,0.0,0.0,1.0
TAO_TRAIN_GT_CONTROLLED_HELDOUT,policy_heldout,FULL,frozen_MLP,1027,seed1028,4,1.0,0.0,0.625,0.0,0.04484304932735426,0.0,1.0,0.0,0.0,0.0,1.0
TAO_TRAIN_GT_CONTROLLED_HELDOUT,policy_heldout,FULL,frozen_MLP,1027,seed1028,8,1.0,0.0,0.625,0.0,0.04484304932735426,0.0,1.0,0.0,0.0,0.0,1.0
TAO_TRAIN_GT_CONTROLLED_HELDOUT,policy_heldout,FULL,frozen_MLP,1027,seed1028,16,1.0,0.0,0.625,0.0,0.04484304932735426,0.0,1.0,0.0,0.0,0.0,1.0
TAO_TRAIN_GT_CONTROLLED_HELDOUT,policy_heldout,FULL,frozen_MLP,1027,seed1029,1,1.0,0.0,0.625,0.0,0.04484304932735426,0.0,1.0,0.0,0.0,0.0,1.0
TAO_TRAIN_GT_CONTROLLED_HELDOUT,policy_heldout,FULL,frozen_MLP,1027,seed1029,2,1.0,0.0,0.625,0.0,0.04484304932735426,0.0,1.0,0.0,0.0,0.0,1.0
TAO_TRAIN_GT_CONTROLLED_HELDOUT,policy_heldout,FULL,frozen_MLP,1027,seed1029,4,1.0,0.0,0.625,0.0,0.04484304932735426,0.0,1.0,0.0,0.0,0.0,1.0
TAO_TRAIN_GT_CONTROLLED_HELDOUT,policy_heldout,FULL,frozen_MLP,1027,seed1029,8,1.0,0.0,0.625,0.0,0.04484304932735426,0.0,1.0,0.0,0.0,0.0,1.0
TAO_TRAIN_GT_CONTROLLED_HELDOUT,policy_heldout,FULL,frozen_MLP,1027,seed1029,16,1.0,0.0,0.625,0.0,0.04484304932735426,0.0,0.8888888888888888,0.0,0.0,0.1111111111111111,0.8888888888888888
TAO_TRAIN_GT_CONTROLLED_HELDOUT,policy_heldout,D1_SIMPLE_MLP,frozen_MLP,1028,main,1,0.5,0.12077294685990338,0.0,0.0,0.11210762331838565,0.0,0.0,0.0,0.1111111111111111,0.8888888888888888,0.1111111111111111
TAO_TRAIN_GT_CONTROLLED_HELDOUT,policy_heldout,D1_SIMPLE_MLP,frozen_MLP,1028,main,2,0.5,0.22705314009661837,0.0,0.0,0.21076233183856502,0.0,0.0,0.0,0.1111111111111111,0.8888888888888888,0.1111111111111111
TAO_TRAIN_GT_CONTROLLED_HELDOUT,policy_heldout,D1_SIMPLE_MLP,frozen_MLP,1028,main,4,0.5,0.28019323671497587,0.0,0.0,0.2600896860986547,0.0,0.0,0.0,0.2222222222222222,0.7777777777777778,0.2222222222222222
TAO_TRAIN_GT_CONTROLLED_HELDOUT,policy_heldout,D1_SIMPLE_MLP,frozen_MLP,1028,main,8,0.5,0.2560386473429952,0.0625,0.1004739336492891,0.242152466367713,0.0,0.0,0.1111111111111111,0.2222222222222222,0.6666666666666666,0.3333333333333333
TAO_TRAIN_GT_CONTROLLED_HELDOUT,policy_heldout,D1_SIMPLE_MLP,frozen_MLP,1028,main,16,0.5,0.2753623188405797,0.125,0.17194570135746606,0.2645739910313901,0.0,0.0,0.1111111111111111,0.2222222222222222,0.6666666666666666,0.3333333333333333
TAO_TRAIN_GT_CONTROLLED_HELDOUT,policy_heldout,D1_SIMPLE_MLP,frozen_MLP,1028,seed1027,1,0.5,0.13526570048309178,0.0,0.0,0.12556053811659193,0.0,0.0,0.0,0.0,1.0,0.0
TAO_TRAIN_GT_CONTROLLED_HELDOUT,policy_heldout,D1_SIMPLE_MLP,frozen_MLP,1028,seed1027,2,0.5,0.26570048309178745,0.0,0.0,0.24663677130044842,0.0,0.0,0.0,0.0,1.0,0.0
TAO_TRAIN_GT_CONTROLLED_HELDOUT,policy_heldout,D1_SIMPLE_MLP,frozen_MLP,1028,seed1027,4,0.5,0.2946859903381642,0.0,0.0,0.273542600896861,0.0,0.0,0.0,0.14285714285714285,0.8571428571428571,0.14285714285714285
TAO_TRAIN_GT_CONTROLLED_HELDOUT,policy_heldout,D1_SIMPLE_MLP,frozen_MLP,1028,seed1027,8,0.5,0.2946859903381642,0.0625,0.10312764158918004,0.27802690582959644,0.0,0.0,0.0,0.2857142857142857,0.7142857142857143,0.2857142857142857
TAO_TRAIN_GT_CONTROLLED_HELDOUT,policy_heldout,D1_SIMPLE_MLP,frozen_MLP,1028,seed1027,16,0.5,0.27053140096618356,0.125,0.17099236641221374,0.2600896860986547,0.0,0.0,0.2857142857142857,0.2857142857142857,0.42857142857142855,0.5714285714285714
TAO_TRAIN_GT_CONTROLLED_HELDOUT,policy_heldout,D1_SIMPLE_MLP,frozen_MLP,1028,seed1028,1,0.5,0.12077294685990338,0.0,0.0,0.11210762331838565,0.0,0.0,0.0,0.14285714285714285,0.8571428571428571,0.14285714285714285
TAO_TRAIN_GT_CONTROLLED_HELDOUT,policy_heldout,D1_SIMPLE_MLP,frozen_MLP,1028,seed1028,2,0.5,0.37681159420289856,0.0,0.0,0.34977578475336324,0.0,0.0,0.0,0.14285714285714285,0.8571428571428571,0.14285714285714285
TAO_TRAIN_GT_CONTROLLED_HELDOUT,policy_heldout,D1_SIMPLE_MLP,frozen_MLP,1028,seed1028,4,0.5,0.2995169082125604,0.0,0.0,0.27802690582959644,0.0,0.0,0.0,0.2857142857142857,0.7142857142857143,0.2857142857142857
TAO_TRAIN_GT_CONTROLLED_HELDOUT,policy_heldout,D1_SIMPLE_MLP,frozen_MLP,1028,seed1028,8,0.5,0.2946859903381642,0.0625,0.10312764158918004,0.27802690582959644,0.0,0.0,0.14285714285714285,0.2857142857142857,0.5714285714285714,0.42857142857142855
TAO_TRAIN_GT_CONTROLLED_HELDOUT,policy_heldout,D1_SIMPLE_MLP,frozen_MLP,1028,seed1028,16,0.5,0.2946859903381642,0.125,0.17553956834532375,0.2825112107623318,0.0,0.0,0.2857142857142857,0.2857142857142857,0.42857142857142855,0.5714285714285714
TAO_TRAIN_GT_CONTROLLED_HELDOUT,policy_heldout,D1_SIMPLE_MLP,frozen_MLP,1028,seed1029,1,0.5,0.12560386473429952,0.0,0.0,0.11659192825112108,0.0,0.0,0.0,0.0,1.0,0.0
TAO_TRAIN_GT_CONTROLLED_HELDOUT,policy_heldout,D1_SIMPLE_MLP,frozen_MLP,1028,seed1029,2,0.5,0.2318840579710145,0.0,0.0,0.21524663677130046,0.0,0.0,0.0,0.0,1.0,0.0
TAO_TRAIN_GT_CONTROLLED_HELDOUT,policy_heldout,D1_SIMPLE_MLP,frozen_MLP,1028,seed1029,4,0.5,0.26570048309178745,0.0,0.0,0.24663677130044842,0.0,0.0,0.0,0.1111111111111111,0.8888888888888888,0.1111111111111111
TAO_TRAIN_GT_CONTROLLED_HELDOUT,policy_heldout,D1_SIMPLE_MLP,frozen_MLP,1028,seed1029,8,0.5,0.2608695652173913,0.0625,0.10084033613445378,0.24663677130044842,0.0,0.0,0.1111111111111111,0.2222222222222222,0.6666666666666666,0.3333333333333333
TAO_TRAIN_GT_CONTROLLED_HELDOUT,policy_heldout,D1_SIMPLE_MLP,frozen_MLP,1028,seed1029,16,0.5,0.26570048309178745,0.0625,0.10119595216191353,0.25112107623318386,0.0,0.0,0.1111111111111111,0.2222222222222222,0.6666666666666666,0.3333333333333333
TAO_TRAIN_GT_CONTROLLED_HELDOUT,policy_heldout,D1_SIMPLE_MLP,frozen_MLP,1028,main,1,0.75,0.12077294685990338,0.0,0.0,0.11210762331838565,0.0,0.0,0.0,0.1111111111111111,0.8888888888888888,0.1111111111111111
TAO_TRAIN_GT_CONTROLLED_HELDOUT,policy_heldout,D1_SIMPLE_MLP,frozen_MLP,1028,main,2,0.75,0.22705314009661837,0.0,0.0,0.21076233183856502,0.0,0.0,0.0,0.1111111111111111,0.8888888888888888,0.1111111111111111
TAO_TRAIN_GT_CONTROLLED_HELDOUT,policy_heldout,D1_SIMPLE_MLP,frozen_MLP,1028,main,4,0.75,0.28019323671497587,0.0,0.0,0.2600896860986547,0.0,0.0,0.0,0.2222222222222222,0.7777777777777778,0.2222222222222222
TAO_TRAIN_GT_CONTROLLED_HELDOUT,policy_heldout,D1_SIMPLE_MLP,frozen_MLP,1028,main,8,0.75,0.2560386473429952,0.0625,0.1004739336492891,0.242152466367713,0.0,0.0,0.1111111111111111,0.2222222222222222,0.6666666666666666,0.3333333333333333
TAO_TRAIN_GT_CONTROLLED_HELDOUT,policy_heldout,D1_SIMPLE_MLP,frozen_MLP,1028,main,16,0.75,0.2753623188405797,0.125,0.17194570135746606,0.2645739910313901,0.0,0.0,0.1111111111111111,0.2222222222222222,0.6666666666666666,0.3333333333333333
TAO_TRAIN_GT_CONTROLLED_HELDOUT,policy_heldout,D1_SIMPLE_MLP,frozen_MLP,1028,seed1027,1,0.75,0.13526570048309178,0.0,0.0,0.12556053811659193,0.0,0.0,0.0,0.0,1.0,0.0
TAO_TRAIN_GT_CONTROLLED_HELDOUT,policy_heldout,D1_SIMPLE_MLP,frozen_MLP,1028,seed1027,2,0.75,0.26570048309178745,0.0,0.0,0.24663677130044842,0.0,0.0,0.0,0.0,1.0,0.0
TAO_TRAIN_GT_CONTROLLED_HELDOUT,policy_heldout,D1_SIMPLE_MLP,frozen_MLP,1028,seed1027,4,0.75,0.2946859903381642,0.0,0.0,0.273542600896861,0.0,0.0,0.0,0.14285714285714285,0.8571428571428571,0.14285714285714285
TAO_TRAIN_GT_CONTROLLED_HELDOUT,policy_heldout,D1_SIMPLE_MLP,frozen_MLP,1028,seed1027,8,0.75,0.2946859903381642,0.0625,0.10312764158918004,0.27802690582959644,0.0,0.0,0.0,0.2857142857142857,0.7142857142857143,0.2857142857142857
TAO_TRAIN_GT_CONTROLLED_HELDOUT,policy_heldout,D1_SIMPLE_MLP,frozen_MLP,1028,seed1027,16,0.75,0.27053140096618356,0.125,0.17099236641221374,0.2600896860986547,0.0,0.0,0.2857142857142857,0.2857142857142857,0.42857142857142855,0.5714285714285714
TAO_TRAIN_GT_CONTROLLED_HELDOUT,policy_heldout,D1_SIMPLE_MLP,frozen_MLP,1028,seed1028,1,0.75,0.12077294685990338,0.0,0.0,0.11210762331838565,0.0,0.0,0.0,0.14285714285714285,0.8571428571428571,0.14285714285714285
TAO_TRAIN_GT_CONTROLLED_HELDOUT,policy_heldout,D1_SIMPLE_MLP,frozen_MLP,1028,seed1028,2,0.75,0.37681159420289856,0.0,0.0,0.34977578475336324,0.0,0.0,0.0,0.14285714285714285,0.8571428571428571,0.14285714285714285
TAO_TRAIN_GT_CONTROLLED_HELDOUT,policy_heldout,D1_SIMPLE_MLP,frozen_MLP,1028,seed1028,4,0.75,0.2995169082125604,0.0,0.0,0.27802690582959644,0.0,0.0,0.0,0.2857142857142857,0.7142857142857143,0.2857142857142857
TAO_TRAIN_GT_CONTROLLED_HELDOUT,policy_heldout,D1_SIMPLE_MLP,frozen_MLP,1028,seed1028,8,0.75,0.2946859903381642,0.0625,0.10312764158918004,0.27802690582959644,0.0,0.0,0.14285714285714285,0.2857142857142857,0.5714285714285714,0.42857142857142855
TAO_TRAIN_GT_CONTROLLED_HELDOUT,policy_heldout,D1_SIMPLE_MLP,frozen_MLP,1028,seed1028,16,0.75,0.2946859903381642,0.125,0.17553956834532375,0.2825112107623318,0.0,0.0,0.2857142857142857,0.2857142857142857,0.42857142857142855,0.5714285714285714
TAO_TRAIN_GT_CONTROLLED_HELDOUT,policy_heldout,D1_SIMPLE_MLP,frozen_MLP,1028,seed1029,1,0.75,0.12560386473429952,0.0,0.0,0.11659192825112108,0.0,0.0,0.0,0.0,1.0,0.0
TAO_TRAIN_GT_CONTROLLED_HELDOUT,policy_heldout,D1_SIMPLE_MLP,frozen_MLP,1028,seed1029,2,0.75,0.2318840579710145,0.0,0.0,0.21524663677130046,0.0,0.0,0.0,0.0,1.0,0.0
TAO_TRAIN_GT_CONTROLLED_HELDOUT,policy_heldout,D1_SIMPLE_MLP,frozen_MLP,1028,seed1029,4,0.75,0.26570048309178745,0.0,0.0,0.24663677130044842,0.0,0.0,0.0,0.1111111111111111,0.8888888888888888,0.1111111111111111
TAO_TRAIN_GT_CONTROLLED_HELDOUT,policy_heldout,D1_SIMPLE_MLP,frozen_MLP,1028,seed1029,8,0.75,0.2608695652173913,0.0625,0.10084033613445378,0.24663677130044842,0.0,0.0,0.1111111111111111,0.2222222222222222,0.6666666666666666,0.3333333333333333
TAO_TRAIN_GT_CONTROLLED_HELDOUT,policy_heldout,D1_SIMPLE_MLP,frozen_MLP,1028,seed1029,16,0.75,0.26570048309178745,0.0625,0.10119595216191353,0.25112107623318386,0.0,0.0,0.1111111111111111,0.2222222222222222,0.6666666666666666,0.3333333333333333
TAO_TRAIN_GT_CONTROLLED_HELDOUT,policy_heldout,D1_SIMPLE_MLP,frozen_MLP,1028,main,1,1.0,0.2753623188405797,0.0625,0.10187667560321716,0.2600896860986547,0.0,0.0,0.1111111111111111,0.8888888888888888,0.0,1.0
TAO_TRAIN_GT_CONTROLLED_HELDOUT,policy_heldout,D1_SIMPLE_MLP,frozen_MLP,1028,main,2,1.0,0.34782608695652173,0.0625,0.10596026490066225,0.3273542600896861,0.0,0.0,0.1111111111111111,0.8888888888888888,0.0,1.0
TAO_TRAIN_GT_CONTROLLED_HELDOUT,policy_heldout,D1_SIMPLE_MLP,frozen_MLP,1028,main,4,1.0,0.34299516908212563,0.0625,0.10573343261355175,0.32286995515695066,0.0,0.0,0.1111111111111111,0.8888888888888888,0.0,1.0
TAO_TRAIN_GT_CONTROLLED_HELDOUT,policy_heldout,D1_SIMPLE_MLP,frozen_MLP,1028,main,8,1.0,0.32367149758454106,0.0625,0.10476935105551212,0.30493273542600896,0.0,0.0,0.1111111111111111,0.8888888888888888,0.0,1.0
TAO_TRAIN_GT_CONTROLLED_HELDOUT,policy_heldout,D1_SIMPLE_MLP,frozen_MLP,1028,main,16,1.0,0.3285024154589372,0.125,0.1810918774966711,0.31390134529147984,0.0,0.0,0.1111111111111111,0.8888888888888888,0.0,1.0
TAO_TRAIN_GT_CONTROLLED_HELDOUT,policy_heldout,D1_SIMPLE_MLP,frozen_MLP,1028,seed1027,1,1.0,0.30434782608695654,0.0625,0.1037037037037037,0.28699551569506726,0.0,0.0,0.0,1.0,0.0,1.0
TAO_TRAIN_GT_CONTROLLED_HELDOUT,policy_heldout,D1_SIMPLE_MLP,frozen_MLP,1028,seed1027,2,1.0,0.3671497584541063,0.0625,0.10681658468025299,0.3452914798206278,0.0,0.0,0.0,1.0,0.0,1.0
TAO_TRAIN_GT_CONTROLLED_HELDOUT,policy_heldout,D1_SIMPLE_MLP,frozen_MLP,1028,seed1027,4,1.0,0.357487922705314,0.0625,0.10639827462257369,0.336322869955157,0.0,0.0,0.0,1.0,0.0,1.0
TAO_TRAIN_GT_CONTROLLED_HELDOUT,policy_heldout,D1_SIMPLE_MLP,frozen_MLP,1028,seed1027,8,1.0,0.3526570048309179,0.0625,0.10618181818181818,0.33183856502242154,0.0,0.0,0.0,1.0,0.0,1.0
TAO_TRAIN_GT_CONTROLLED_HELDOUT,policy_heldout,D1_SIMPLE_MLP,frozen_MLP,1028,seed1027,16,1.0,0.3285024154589372,0.125,0.1810918774966711,0.31390134529147984,0.0,0.0,0.2857142857142857,0.7142857142857143,0.0,1.0
TAO_TRAIN_GT_CONTROLLED_HELDOUT,policy_heldout,D1_SIMPLE_MLP,frozen_MLP,1028,seed1028,1,1.0,0.28019323671497587,0.0625,0.10220264317180616,0.2645739910313901,0.0,0.0,0.14285714285714285,0.8571428571428571,0.0,1.0
TAO_TRAIN_GT_CONTROLLED_HELDOUT,policy_heldout,D1_SIMPLE_MLP,frozen_MLP,1028,seed1028,2,1.0,0.4396135265700483,0.0625,0.10944076969332533,0.4125560538116592,0.0,0.0,0.14285714285714285,0.8571428571428571,0.0,1.0
TAO_TRAIN_GT_CONTROLLED_HELDOUT,policy_heldout,D1_SIMPLE_MLP,frozen_MLP,1028,seed1028,4,1.0,0.3719806763285024,0.0625,0.10701876302988186,0.34977578475336324,0.0,0.0,0.14285714285714285,0.8571428571428571,0.0,1.0
TAO_TRAIN_GT_CONTROLLED_HELDOUT,policy_heldout,D1_SIMPLE_MLP,frozen_MLP,1028,seed1028,8,1.0,0.36231884057971014,0.0625,0.10660980810234541,0.34080717488789236,0.0,0.0,0.14285714285714285,0.8571428571428571,0.0,1.0
TAO_TRAIN_GT_CONTROLLED_HELDOUT,policy_heldout,D1_SIMPLE_MLP,frozen_MLP,1028,seed1028,16,1.0,0.3526570048309179,0.125,0.1845764854614412,0.336322869955157,0.0,0.0,0.2857142857142857,0.7142857142857143,0.0,1.0
TAO_TRAIN_GT_CONTROLLED_HELDOUT,policy_heldout,D1_SIMPLE_MLP,frozen_MLP,1028,seed1029,1,1.0,0.2753623188405797,0.0625,0.10187667560321716,0.2600896860986547,0.0,0.0,0.1111111111111111,0.8888888888888888,0.0,1.0
TAO_TRAIN_GT_CONTROLLED_HELDOUT,policy_heldout,D1_SIMPLE_MLP,frozen_MLP,1028,seed1029,2,1.0,0.34782608695652173,0.0625,0.10596026490066225,0.3273542600896861,0.0,0.0,0.1111111111111111,0.8888888888888888,0.0,1.0
TAO_TRAIN_GT_CONTROLLED_HELDOUT,policy_heldout,D1_SIMPLE_MLP,frozen_MLP,1028,seed1029,4,1.0,0.3333333333333333,0.0625,0.10526315789473684,0.31390134529147984,0.0,0.0,0.1111111111111111,0.8888888888888888,0.0,1.0
TAO_TRAIN_GT_CONTROLLED_HELDOUT,policy_heldout,D1_SIMPLE_MLP,frozen_MLP,1028,seed1029,8,1.0,0.3285024154589372,0.0625,0.10501930501930502,0.3094170403587444,0.0,0.0,0.1111111111111111,0.8888888888888888,0.0,1.0
TAO_TRAIN_GT_CONTROLLED_HELDOUT,policy_heldout,D1_SIMPLE_MLP,frozen_MLP,1028,seed1029,16,1.0,0.32367149758454106,0.0625,0.10476935105551212,0.30493273542600896,0.0,0.0,0.1111111111111111,0.8888888888888888,0.0,1.0
TAO_TRAIN_GT_CONTROLLED_HELDOUT,policy_heldout,D2_RISK_AWARE,frozen_MLP,1028,main,1,0.5,0.7053140096618358,0.0,0.0,0.6547085201793722,0.0,0.0,0.0,1.0,0.0,1.0
TAO_TRAIN_GT_CONTROLLED_HELDOUT,policy_heldout,D2_RISK_AWARE,frozen_MLP,1028,main,2,0.5,0.7246376811594203,0.0,0.0,0.672645739910314,0.0,0.0,0.0,1.0,0.0,1.0
TAO_TRAIN_GT_CONTROLLED_HELDOUT,policy_heldout,D2_RISK_AWARE,frozen_MLP,1028,main,4,0.5,0.7584541062801933,0.0,0.0,0.7040358744394619,0.0,0.0,0.0,1.0,0.0,1.0
TAO_TRAIN_GT_CONTROLLED_HELDOUT,policy_heldout,D2_RISK_AWARE,frozen_MLP,1028,main,8,0.5,0.7681159420289855,0.0,0.0,0.7130044843049327,0.0,0.0,0.0,1.0,0.0,1.0
TAO_TRAIN_GT_CONTROLLED_HELDOUT,policy_heldout,D2_RISK_AWARE,frozen_MLP,1028,main,16,0.5,0.7632850241545893,0.0,0.0,0.7085201793721974,0.0,0.0,0.0,1.0,0.0,1.0
TAO_TRAIN_GT_CONTROLLED_HELDOUT,policy_heldout,D2_RISK_AWARE,frozen_MLP,1028,seed1027,1,0.5,0.7053140096618358,0.0,0.0,0.6547085201793722,0.0,0.0,0.0,1.0,0.0,1.0
TAO_TRAIN_GT_CONTROLLED_HELDOUT,policy_heldout,D2_RISK_AWARE,frozen_MLP,1028,seed1027,2,0.5,0.7246376811594203,0.0,0.0,0.672645739910314,0.0,0.0,0.0,1.0,0.0,1.0
TAO_TRAIN_GT_CONTROLLED_HELDOUT,policy_heldout,D2_RISK_AWARE,frozen_MLP,1028,seed1027,4,0.5,0.7584541062801933,0.0,0.0,0.7040358744394619,0.0,0.0,0.0,1.0,0.0,1.0
TAO_TRAIN_GT_CONTROLLED_HELDOUT,policy_heldout,D2_RISK_AWARE,frozen_MLP,1028,seed1027,8,0.5,0.7681159420289855,0.0,0.0,0.7130044843049327,0.0,0.0,0.0,1.0,0.0,1.0
TAO_TRAIN_GT_CONTROLLED_HELDOUT,policy_heldout,D2_RISK_AWARE,frozen_MLP,1028,seed1027,16,0.5,0.7632850241545893,0.0,0.0,0.7085201793721974,0.0,0.0,0.0,1.0,0.0,1.0
TAO_TRAIN_GT_CONTROLLED_HELDOUT,policy_heldout,D2_RISK_AWARE,frozen_MLP,1028,seed1028,1,0.5,0.7053140096618358,0.0,0.0,0.6547085201793722,0.0,0.0,0.0,1.0,0.0,1.0
TAO_TRAIN_GT_CONTROLLED_HELDOUT,policy_heldout,D2_RISK_AWARE,frozen_MLP,1028,seed1028,2,0.5,0.7246376811594203,0.0,0.0,0.672645739910314,0.0,0.0,0.0,1.0,0.0,1.0
TAO_TRAIN_GT_CONTROLLED_HELDOUT,policy_heldout,D2_RISK_AWARE,frozen_MLP,1028,seed1028,4,0.5,0.7584541062801933,0.0,0.0,0.7040358744394619,0.0,0.0,0.0,1.0,0.0,1.0
TAO_TRAIN_GT_CONTROLLED_HELDOUT,policy_heldout,D2_RISK_AWARE,frozen_MLP,1028,seed1028,8,0.5,0.7681159420289855,0.0,0.0,0.7130044843049327,0.0,0.0,0.0,1.0,0.0,1.0
TAO_TRAIN_GT_CONTROLLED_HELDOUT,policy_heldout,D2_RISK_AWARE,frozen_MLP,1028,seed1028,16,0.5,0.7632850241545893,0.0,0.0,0.7085201793721974,0.0,0.0,0.0,1.0,0.0,1.0
TAO_TRAIN_GT_CONTROLLED_HELDOUT,policy_heldout,D2_RISK_AWARE,frozen_MLP,1028,seed1029,1,0.5,0.7053140096618358,0.0,0.0,0.6547085201793722,0.0,0.0,0.0,1.0,0.0,1.0
TAO_TRAIN_GT_CONTROLLED_HELDOUT,policy_heldout,D2_RISK_AWARE,frozen_MLP,1028,seed1029,2,0.5,0.7246376811594203,0.0,0.0,0.672645739910314,0.0,0.0,0.0,1.0,0.0,1.0
TAO_TRAIN_GT_CONTROLLED_HELDOUT,policy_heldout,D2_RISK_AWARE,frozen_MLP,1028,seed1029,4,0.5,0.7584541062801933,0.0,0.0,0.7040358744394619,0.0,0.0,0.0,1.0,0.0,1.0
TAO_TRAIN_GT_CONTROLLED_HELDOUT,policy_heldout,D2_RISK_AWARE,frozen_MLP,1028,seed1029,8,0.5,0.7681159420289855,0.0,0.0,0.7130044843049327,0.0,0.0,0.0,1.0,0.0,1.0
TAO_TRAIN_GT_CONTROLLED_HELDOUT,policy_heldout,D2_RISK_AWARE,frozen_MLP,1028,seed1029,16,0.5,0.7632850241545893,0.0,0.0,0.7085201793721974,0.0,0.0,0.0,1.0,0.0,1.0
TAO_TRAIN_GT_CONTROLLED_HELDOUT,policy_heldout,D2_RISK_AWARE,frozen_MLP,1028,main,1,0.75,0.7053140096618358,0.0,0.0,0.6547085201793722,0.0,0.0,0.0,1.0,0.0,1.0
TAO_TRAIN_GT_CONTROLLED_HELDOUT,policy_heldout,D2_RISK_AWARE,frozen_MLP,1028,main,2,0.75,0.7246376811594203,0.0,0.0,0.672645739910314,0.0,0.0,0.0,1.0,0.0,1.0
TAO_TRAIN_GT_CONTROLLED_HELDOUT,policy_heldout,D2_RISK_AWARE,frozen_MLP,1028,main,4,0.75,0.7584541062801933,0.0,0.0,0.7040358744394619,0.0,0.0,0.0,1.0,0.0,1.0
TAO_TRAIN_GT_CONTROLLED_HELDOUT,policy_heldout,D2_RISK_AWARE,frozen_MLP,1028,main,8,0.75,0.7681159420289855,0.0,0.0,0.7130044843049327,0.0,0.0,0.0,1.0,0.0,1.0
TAO_TRAIN_GT_CONTROLLED_HELDOUT,policy_heldout,D2_RISK_AWARE,frozen_MLP,1028,main,16,0.75,0.7632850241545893,0.0,0.0,0.7085201793721974,0.0,0.0,0.0,1.0,0.0,1.0
TAO_TRAIN_GT_CONTROLLED_HELDOUT,policy_heldout,D2_RISK_AWARE,frozen_MLP,1028,seed1027,1,0.75,0.7053140096618358,0.0,0.0,0.6547085201793722,0.0,0.0,0.0,1.0,0.0,1.0
TAO_TRAIN_GT_CONTROLLED_HELDOUT,policy_heldout,D2_RISK_AWARE,frozen_MLP,1028,seed1027,2,0.75,0.7246376811594203,0.0,0.0,0.672645739910314,0.0,0.0,0.0,1.0,0.0,1.0
TAO_TRAIN_GT_CONTROLLED_HELDOUT,policy_heldout,D2_RISK_AWARE,frozen_MLP,1028,seed1027,4,0.75,0.7584541062801933,0.0,0.0,0.7040358744394619,0.0,0.0,0.0,1.0,0.0,1.0
TAO_TRAIN_GT_CONTROLLED_HELDOUT,policy_heldout,D2_RISK_AWARE,frozen_MLP,1028,seed1027,8,0.75,0.7681159420289855,0.0,0.0,0.7130044843049327,0.0,0.0,0.0,1.0,0.0,1.0
TAO_TRAIN_GT_CONTROLLED_HELDOUT,policy_heldout,D2_RISK_AWARE,frozen_MLP,1028,seed1027,16,0.75,0.7632850241545893,0.0,0.0,0.7085201793721974,0.0,0.0,0.0,1.0,0.0,1.0
TAO_TRAIN_GT_CONTROLLED_HELDOUT,policy_heldout,D2_RISK_AWARE,frozen_MLP,1028,seed1028,1,0.75,0.7053140096618358,0.0,0.0,0.6547085201793722,0.0,0.0,0.0,1.0,0.0,1.0
TAO_TRAIN_GT_CONTROLLED_HELDOUT,policy_heldout,D2_RISK_AWARE,frozen_MLP,1028,seed1028,2,0.75,0.7246376811594203,0.0,0.0,0.672645739910314,0.0,0.0,0.0,1.0,0.0,1.0
TAO_TRAIN_GT_CONTROLLED_HELDOUT,policy_heldout,D2_RISK_AWARE,frozen_MLP,1028,seed1028,4,0.75,0.7584541062801933,0.0,0.0,0.7040358744394619,0.0,0.0,0.0,1.0,0.0,1.0
TAO_TRAIN_GT_CONTROLLED_HELDOUT,policy_heldout,D2_RISK_AWARE,frozen_MLP,1028,seed1028,8,0.75,0.7681159420289855,0.0,0.0,0.7130044843049327,0.0,0.0,0.0,1.0,0.0,1.0
TAO_TRAIN_GT_CONTROLLED_HELDOUT,policy_heldout,D2_RISK_AWARE,frozen_MLP,1028,seed1028,16,0.75,0.7632850241545893,0.0,0.0,0.7085201793721974,0.0,0.0,0.0,1.0,0.0,1.0
TAO_TRAIN_GT_CONTROLLED_HELDOUT,policy_heldout,D2_RISK_AWARE,frozen_MLP,1028,seed1029,1,0.75,0.7053140096618358,0.0,0.0,0.6547085201793722,0.0,0.0,0.0,1.0,0.0,1.0
TAO_TRAIN_GT_CONTROLLED_HELDOUT,policy_heldout,D2_RISK_AWARE,frozen_MLP,1028,seed1029,2,0.75,0.7246376811594203,0.0,0.0,0.672645739910314,0.0,0.0,0.0,1.0,0.0,1.0
TAO_TRAIN_GT_CONTROLLED_HELDOUT,policy_heldout,D2_RISK_AWARE,frozen_MLP,1028,seed1029,4,0.75,0.7584541062801933,0.0,0.0,0.7040358744394619,0.0,0.0,0.0,1.0,0.0,1.0
TAO_TRAIN_GT_CONTROLLED_HELDOUT,policy_heldout,D2_RISK_AWARE,frozen_MLP,1028,seed1029,8,0.75,0.7681159420289855,0.0,0.0,0.7130044843049327,0.0,0.0,0.0,1.0,0.0,1.0
TAO_TRAIN_GT_CONTROLLED_HELDOUT,policy_heldout,D2_RISK_AWARE,frozen_MLP,1028,seed1029,16,0.75,0.7632850241545893,0.0,0.0,0.7085201793721974,0.0,0.0,0.0,1.0,0.0,1.0
TAO_TRAIN_GT_CONTROLLED_HELDOUT,policy_heldout,D2_RISK_AWARE,frozen_MLP,1028,main,1,1.0,0.7053140096618358,0.0,0.0,0.6547085201793722,0.0,0.0,0.0,1.0,0.0,1.0
TAO_TRAIN_GT_CONTROLLED_HELDOUT,policy_heldout,D2_RISK_AWARE,frozen_MLP,1028,main,2,1.0,0.7246376811594203,0.0,0.0,0.672645739910314,0.0,0.0,0.0,1.0,0.0,1.0
TAO_TRAIN_GT_CONTROLLED_HELDOUT,policy_heldout,D2_RISK_AWARE,frozen_MLP,1028,main,4,1.0,0.7584541062801933,0.0,0.0,0.7040358744394619,0.0,0.0,0.0,1.0,0.0,1.0
TAO_TRAIN_GT_CONTROLLED_HELDOUT,policy_heldout,D2_RISK_AWARE,frozen_MLP,1028,main,8,1.0,0.7681159420289855,0.0,0.0,0.7130044843049327,0.0,0.0,0.0,1.0,0.0,1.0
TAO_TRAIN_GT_CONTROLLED_HELDOUT,policy_heldout,D2_RISK_AWARE,frozen_MLP,1028,main,16,1.0,0.7632850241545893,0.0,0.0,0.7085201793721974,0.0,0.0,0.0,1.0,0.0,1.0
TAO_TRAIN_GT_CONTROLLED_HELDOUT,policy_heldout,D2_RISK_AWARE,frozen_MLP,1028,seed1027,1,1.0,0.7053140096618358,0.0,0.0,0.6547085201793722,0.0,0.0,0.0,1.0,0.0,1.0
TAO_TRAIN_GT_CONTROLLED_HELDOUT,policy_heldout,D2_RISK_AWARE,frozen_MLP,1028,seed1027,2,1.0,0.7246376811594203,0.0,0.0,0.672645739910314,0.0,0.0,0.0,1.0,0.0,1.0
TAO_TRAIN_GT_CONTROLLED_HELDOUT,policy_heldout,D2_RISK_AWARE,frozen_MLP,1028,seed1027,4,1.0,0.7584541062801933,0.0,0.0,0.7040358744394619,0.0,0.0,0.0,1.0,0.0,1.0
TAO_TRAIN_GT_CONTROLLED_HELDOUT,policy_heldout,D2_RISK_AWARE,frozen_MLP,1028,seed1027,8,1.0,0.7681159420289855,0.0,0.0,0.7130044843049327,0.0,0.0,0.0,1.0,0.0,1.0
TAO_TRAIN_GT_CONTROLLED_HELDOUT,policy_heldout,D2_RISK_AWARE,frozen_MLP,1028,seed1027,16,1.0,0.7632850241545893,0.0,0.0,0.7085201793721974,0.0,0.0,0.0,1.0,0.0,1.0
TAO_TRAIN_GT_CONTROLLED_HELDOUT,policy_heldout,D2_RISK_AWARE,frozen_MLP,1028,seed1028,1,1.0,0.7053140096618358,0.0,0.0,0.6547085201793722,0.0,0.0,0.0,1.0,0.0,1.0
TAO_TRAIN_GT_CONTROLLED_HELDOUT,policy_heldout,D2_RISK_AWARE,frozen_MLP,1028,seed1028,2,1.0,0.7246376811594203,0.0,0.0,0.672645739910314,0.0,0.0,0.0,1.0,0.0,1.0
TAO_TRAIN_GT_CONTROLLED_HELDOUT,policy_heldout,D2_RISK_AWARE,frozen_MLP,1028,seed1028,4,1.0,0.7584541062801933,0.0,0.0,0.7040358744394619,0.0,0.0,0.0,1.0,0.0,1.0
TAO_TRAIN_GT_CONTROLLED_HELDOUT,policy_heldout,D2_RISK_AWARE,frozen_MLP,1028,seed1028,8,1.0,0.7681159420289855,0.0,0.0,0.7130044843049327,0.0,0.0,0.0,1.0,0.0,1.0
TAO_TRAIN_GT_CONTROLLED_HELDOUT,policy_heldout,D2_RISK_AWARE,frozen_MLP,1028,seed1028,16,1.0,0.7632850241545893,0.0,0.0,0.7085201793721974,0.0,0.0,0.0,1.0,0.0,1.0
TAO_TRAIN_GT_CONTROLLED_HELDOUT,policy_heldout,D2_RISK_AWARE,frozen_MLP,1028,seed1029,1,1.0,0.7053140096618358,0.0,0.0,0.6547085201793722,0.0,0.0,0.0,1.0,0.0,1.0
TAO_TRAIN_GT_CONTROLLED_HELDOUT,policy_heldout,D2_RISK_AWARE,frozen_MLP,1028,seed1029,2,1.0,0.7246376811594203,0.0,0.0,0.672645739910314,0.0,0.0,0.0,1.0,0.0,1.0
TAO_TRAIN_GT_CONTROLLED_HELDOUT,policy_heldout,D2_RISK_AWARE,frozen_MLP,1028,seed1029,4,1.0,0.7584541062801933,0.0,0.0,0.7040358744394619,0.0,0.0,0.0,1.0,0.0,1.0
TAO_TRAIN_GT_CONTROLLED_HELDOUT,policy_heldout,D2_RISK_AWARE,frozen_MLP,1028,seed1029,8,1.0,0.7681159420289855,0.0,0.0,0.7130044843049327,0.0,0.0,0.0,1.0,0.0,1.0
TAO_TRAIN_GT_CONTROLLED_HELDOUT,policy_heldout,D2_RISK_AWARE,frozen_MLP,1028,seed1029,16,1.0,0.7632850241545893,0.0,0.0,0.7085201793721974,0.0,0.0,0.0,1.0,0.0,1.0
TAO_TRAIN_GT_CONTROLLED_HELDOUT,policy_heldout,WITHOUT_ADAPTER,frozen_MLP,1028,main,1,0.5,0.6038647342995169,0.0,0.0,0.5605381165919282,0.0,0.0,0.0,1.0,0.0,1.0
TAO_TRAIN_GT_CONTROLLED_HELDOUT,policy_heldout,WITHOUT_ADAPTER,frozen_MLP,1028,main,2,0.5,0.6135265700483091,0.0,0.0,0.5695067264573991,0.0,0.0,0.0,1.0,0.0,1.0
TAO_TRAIN_GT_CONTROLLED_HELDOUT,policy_heldout,WITHOUT_ADAPTER,frozen_MLP,1028,main,4,0.5,0.6280193236714976,0.0,0.0,0.5829596412556054,0.0,0.0,0.0,1.0,0.0,1.0
TAO_TRAIN_GT_CONTROLLED_HELDOUT,policy_heldout,WITHOUT_ADAPTER,frozen_MLP,1028,main,8,0.5,0.6328502415458938,0.0,0.0,0.5874439461883408,0.0,0.0,0.0,1.0,0.0,1.0
TAO_TRAIN_GT_CONTROLLED_HELDOUT,policy_heldout,WITHOUT_ADAPTER,frozen_MLP,1028,main,16,0.5,0.6376811594202898,0.0,0.0,0.5919282511210763,0.0,0.0,0.0,1.0,0.0,1.0
TAO_TRAIN_GT_CONTROLLED_HELDOUT,policy_heldout,WITHOUT_ADAPTER,frozen_MLP,1028,seed1027,1,0.5,0.6038647342995169,0.0,0.0,0.5605381165919282,0.0,0.0,0.0,1.0,0.0,1.0
TAO_TRAIN_GT_CONTROLLED_HELDOUT,policy_heldout,WITHOUT_ADAPTER,frozen_MLP,1028,seed1027,2,0.5,0.6135265700483091,0.0,0.0,0.5695067264573991,0.0,0.0,0.0,1.0,0.0,1.0
TAO_TRAIN_GT_CONTROLLED_HELDOUT,policy_heldout,WITHOUT_ADAPTER,frozen_MLP,1028,seed1027,4,0.5,0.6280193236714976,0.0,0.0,0.5829596412556054,0.0,0.0,0.0,1.0,0.0,1.0
TAO_TRAIN_GT_CONTROLLED_HELDOUT,policy_heldout,WITHOUT_ADAPTER,frozen_MLP,1028,seed1027,8,0.5,0.6328502415458938,0.0,0.0,0.5874439461883408,0.0,0.0,0.0,1.0,0.0,1.0
TAO_TRAIN_GT_CONTROLLED_HELDOUT,policy_heldout,WITHOUT_ADAPTER,frozen_MLP,1028,seed1027,16,0.5,0.6376811594202898,0.0,0.0,0.5919282511210763,0.0,0.0,0.0,1.0,0.0,1.0
TAO_TRAIN_GT_CONTROLLED_HELDOUT,policy_heldout,WITHOUT_ADAPTER,frozen_MLP,1028,seed1028,1,0.5,0.6038647342995169,0.0,0.0,0.5605381165919282,0.0,0.0,0.0,1.0,0.0,1.0
TAO_TRAIN_GT_CONTROLLED_HELDOUT,policy_heldout,WITHOUT_ADAPTER,frozen_MLP,1028,seed1028,2,0.5,0.6135265700483091,0.0,0.0,0.5695067264573991,0.0,0.0,0.0,1.0,0.0,1.0
TAO_TRAIN_GT_CONTROLLED_HELDOUT,policy_heldout,WITHOUT_ADAPTER,frozen_MLP,1028,seed1028,4,0.5,0.6280193236714976,0.0,0.0,0.5829596412556054,0.0,0.0,0.0,1.0,0.0,1.0
TAO_TRAIN_GT_CONTROLLED_HELDOUT,policy_heldout,WITHOUT_ADAPTER,frozen_MLP,1028,seed1028,8,0.5,0.6328502415458938,0.0,0.0,0.5874439461883408,0.0,0.0,0.0,1.0,0.0,1.0
TAO_TRAIN_GT_CONTROLLED_HELDOUT,policy_heldout,WITHOUT_ADAPTER,frozen_MLP,1028,seed1028,16,0.5,0.6376811594202898,0.0,0.0,0.5919282511210763,0.0,0.0,0.0,1.0,0.0,1.0
TAO_TRAIN_GT_CONTROLLED_HELDOUT,policy_heldout,WITHOUT_ADAPTER,frozen_MLP,1028,seed1029,1,0.5,0.6038647342995169,0.0,0.0,0.5605381165919282,0.0,0.0,0.0,1.0,0.0,1.0
TAO_TRAIN_GT_CONTROLLED_HELDOUT,policy_heldout,WITHOUT_ADAPTER,frozen_MLP,1028,seed1029,2,0.5,0.6135265700483091,0.0,0.0,0.5695067264573991,0.0,0.0,0.0,1.0,0.0,1.0
TAO_TRAIN_GT_CONTROLLED_HELDOUT,policy_heldout,WITHOUT_ADAPTER,frozen_MLP,1028,seed1029,4,0.5,0.6280193236714976,0.0,0.0,0.5829596412556054,0.0,0.0,0.0,1.0,0.0,1.0
TAO_TRAIN_GT_CONTROLLED_HELDOUT,policy_heldout,WITHOUT_ADAPTER,frozen_MLP,1028,seed1029,8,0.5,0.6328502415458938,0.0,0.0,0.5874439461883408,0.0,0.0,0.0,1.0,0.0,1.0
TAO_TRAIN_GT_CONTROLLED_HELDOUT,policy_heldout,WITHOUT_ADAPTER,frozen_MLP,1028,seed1029,16,0.5,0.6376811594202898,0.0,0.0,0.5919282511210763,0.0,0.0,0.0,1.0,0.0,1.0
TAO_TRAIN_GT_CONTROLLED_HELDOUT,policy_heldout,WITHOUT_ADAPTER,frozen_MLP,1028,main,1,0.75,0.6038647342995169,0.0,0.0,0.5605381165919282,0.0,0.0,0.0,1.0,0.0,1.0
TAO_TRAIN_GT_CONTROLLED_HELDOUT,policy_heldout,WITHOUT_ADAPTER,frozen_MLP,1028,main,2,0.75,0.6135265700483091,0.0,0.0,0.5695067264573991,0.0,0.0,0.0,1.0,0.0,1.0
TAO_TRAIN_GT_CONTROLLED_HELDOUT,policy_heldout,WITHOUT_ADAPTER,frozen_MLP,1028,main,4,0.75,0.6280193236714976,0.0,0.0,0.5829596412556054,0.0,0.0,0.0,1.0,0.0,1.0
TAO_TRAIN_GT_CONTROLLED_HELDOUT,policy_heldout,WITHOUT_ADAPTER,frozen_MLP,1028,main,8,0.75,0.6328502415458938,0.0,0.0,0.5874439461883408,0.0,0.0,0.0,1.0,0.0,1.0
TAO_TRAIN_GT_CONTROLLED_HELDOUT,policy_heldout,WITHOUT_ADAPTER,frozen_MLP,1028,main,16,0.75,0.6376811594202898,0.0,0.0,0.5919282511210763,0.0,0.0,0.0,1.0,0.0,1.0
TAO_TRAIN_GT_CONTROLLED_HELDOUT,policy_heldout,WITHOUT_ADAPTER,frozen_MLP,1028,seed1027,1,0.75,0.6038647342995169,0.0,0.0,0.5605381165919282,0.0,0.0,0.0,1.0,0.0,1.0
TAO_TRAIN_GT_CONTROLLED_HELDOUT,policy_heldout,WITHOUT_ADAPTER,frozen_MLP,1028,seed1027,2,0.75,0.6135265700483091,0.0,0.0,0.5695067264573991,0.0,0.0,0.0,1.0,0.0,1.0
TAO_TRAIN_GT_CONTROLLED_HELDOUT,policy_heldout,WITHOUT_ADAPTER,frozen_MLP,1028,seed1027,4,0.75,0.6280193236714976,0.0,0.0,0.5829596412556054,0.0,0.0,0.0,1.0,0.0,1.0
TAO_TRAIN_GT_CONTROLLED_HELDOUT,policy_heldout,WITHOUT_ADAPTER,frozen_MLP,1028,seed1027,8,0.75,0.6328502415458938,0.0,0.0,0.5874439461883408,0.0,0.0,0.0,1.0,0.0,1.0
TAO_TRAIN_GT_CONTROLLED_HELDOUT,policy_heldout,WITHOUT_ADAPTER,frozen_MLP,1028,seed1027,16,0.75,0.6376811594202898,0.0,0.0,0.5919282511210763,0.0,0.0,0.0,1.0,0.0,1.0
TAO_TRAIN_GT_CONTROLLED_HELDOUT,policy_heldout,WITHOUT_ADAPTER,frozen_MLP,1028,seed1028,1,0.75,0.6038647342995169,0.0,0.0,0.5605381165919282,0.0,0.0,0.0,1.0,0.0,1.0
TAO_TRAIN_GT_CONTROLLED_HELDOUT,policy_heldout,WITHOUT_ADAPTER,frozen_MLP,1028,seed1028,2,0.75,0.6135265700483091,0.0,0.0,0.5695067264573991,0.0,0.0,0.0,1.0,0.0,1.0
TAO_TRAIN_GT_CONTROLLED_HELDOUT,policy_heldout,WITHOUT_ADAPTER,frozen_MLP,1028,seed1028,4,0.75,0.6280193236714976,0.0,0.0,0.5829596412556054,0.0,0.0,0.0,1.0,0.0,1.0
TAO_TRAIN_GT_CONTROLLED_HELDOUT,policy_heldout,WITHOUT_ADAPTER,frozen_MLP,1028,seed1028,8,0.75,0.6328502415458938,0.0,0.0,0.5874439461883408,0.0,0.0,0.0,1.0,0.0,1.0
TAO_TRAIN_GT_CONTROLLED_HELDOUT,policy_heldout,WITHOUT_ADAPTER,frozen_MLP,1028,seed1028,16,0.75,0.6376811594202898,0.0,0.0,0.5919282511210763,0.0,0.0,0.0,1.0,0.0,1.0
TAO_TRAIN_GT_CONTROLLED_HELDOUT,policy_heldout,WITHOUT_ADAPTER,frozen_MLP,1028,seed1029,1,0.75,0.6038647342995169,0.0,0.0,0.5605381165919282,0.0,0.0,0.0,1.0,0.0,1.0
TAO_TRAIN_GT_CONTROLLED_HELDOUT,policy_heldout,WITHOUT_ADAPTER,frozen_MLP,1028,seed1029,2,0.75,0.6135265700483091,0.0,0.0,0.5695067264573991,0.0,0.0,0.0,1.0,0.0,1.0
TAO_TRAIN_GT_CONTROLLED_HELDOUT,policy_heldout,WITHOUT_ADAPTER,frozen_MLP,1028,seed1029,4,0.75,0.6280193236714976,0.0,0.0,0.5829596412556054,0.0,0.0,0.0,1.0,0.0,1.0
TAO_TRAIN_GT_CONTROLLED_HELDOUT,policy_heldout,WITHOUT_ADAPTER,frozen_MLP,1028,seed1029,8,0.75,0.6328502415458938,0.0,0.0,0.5874439461883408,0.0,0.0,0.0,1.0,0.0,1.0
TAO_TRAIN_GT_CONTROLLED_HELDOUT,policy_heldout,WITHOUT_ADAPTER,frozen_MLP,1028,seed1029,16,0.75,0.6376811594202898,0.0,0.0,0.5919282511210763,0.0,0.0,0.0,1.0,0.0,1.0
TAO_TRAIN_GT_CONTROLLED_HELDOUT,policy_heldout,WITHOUT_ADAPTER,frozen_MLP,1028,main,1,1.0,0.6038647342995169,0.0,0.0,0.5605381165919282,0.0,0.0,0.0,1.0,0.0,1.0
TAO_TRAIN_GT_CONTROLLED_HELDOUT,policy_heldout,WITHOUT_ADAPTER,frozen_MLP,1028,main,2,1.0,0.6135265700483091,0.0,0.0,0.5695067264573991,0.0,0.0,0.0,1.0,0.0,1.0
TAO_TRAIN_GT_CONTROLLED_HELDOUT,policy_heldout,WITHOUT_ADAPTER,frozen_MLP,1028,main,4,1.0,0.6280193236714976,0.0,0.0,0.5829596412556054,0.0,0.0,0.0,1.0,0.0,1.0
TAO_TRAIN_GT_CONTROLLED_HELDOUT,policy_heldout,WITHOUT_ADAPTER,frozen_MLP,1028,main,8,1.0,0.6328502415458938,0.0,0.0,0.5874439461883408,0.0,0.0,0.0,1.0,0.0,1.0
TAO_TRAIN_GT_CONTROLLED_HELDOUT,policy_heldout,WITHOUT_ADAPTER,frozen_MLP,1028,main,16,1.0,0.6376811594202898,0.0,0.0,0.5919282511210763,0.0,0.0,0.0,1.0,0.0,1.0
TAO_TRAIN_GT_CONTROLLED_HELDOUT,policy_heldout,WITHOUT_ADAPTER,frozen_MLP,1028,seed1027,1,1.0,0.6038647342995169,0.0,0.0,0.5605381165919282,0.0,0.0,0.0,1.0,0.0,1.0
TAO_TRAIN_GT_CONTROLLED_HELDOUT,policy_heldout,WITHOUT_ADAPTER,frozen_MLP,1028,seed1027,2,1.0,0.6135265700483091,0.0,0.0,0.5695067264573991,0.0,0.0,0.0,1.0,0.0,1.0
TAO_TRAIN_GT_CONTROLLED_HELDOUT,policy_heldout,WITHOUT_ADAPTER,frozen_MLP,1028,seed1027,4,1.0,0.6280193236714976,0.0,0.0,0.5829596412556054,0.0,0.0,0.0,1.0,0.0,1.0
TAO_TRAIN_GT_CONTROLLED_HELDOUT,policy_heldout,WITHOUT_ADAPTER,frozen_MLP,1028,seed1027,8,1.0,0.6328502415458938,0.0,0.0,0.5874439461883408,0.0,0.0,0.0,1.0,0.0,1.0
TAO_TRAIN_GT_CONTROLLED_HELDOUT,policy_heldout,WITHOUT_ADAPTER,frozen_MLP,1028,seed1027,16,1.0,0.6376811594202898,0.0,0.0,0.5919282511210763,0.0,0.0,0.0,1.0,0.0,1.0
TAO_TRAIN_GT_CONTROLLED_HELDOUT,policy_heldout,WITHOUT_ADAPTER,frozen_MLP,1028,seed1028,1,1.0,0.6038647342995169,0.0,0.0,0.5605381165919282,0.0,0.0,0.0,1.0,0.0,1.0
TAO_TRAIN_GT_CONTROLLED_HELDOUT,policy_heldout,WITHOUT_ADAPTER,frozen_MLP,1028,seed1028,2,1.0,0.6135265700483091,0.0,0.0,0.5695067264573991,0.0,0.0,0.0,1.0,0.0,1.0
TAO_TRAIN_GT_CONTROLLED_HELDOUT,policy_heldout,WITHOUT_ADAPTER,frozen_MLP,1028,seed1028,4,1.0,0.6280193236714976,0.0,0.0,0.5829596412556054,0.0,0.0,0.0,1.0,0.0,1.0
TAO_TRAIN_GT_CONTROLLED_HELDOUT,policy_heldout,WITHOUT_ADAPTER,frozen_MLP,1028,seed1028,8,1.0,0.6328502415458938,0.0,0.0,0.5874439461883408,0.0,0.0,0.0,1.0,0.0,1.0
TAO_TRAIN_GT_CONTROLLED_HELDOUT,policy_heldout,WITHOUT_ADAPTER,frozen_MLP,1028,seed1028,16,1.0,0.6376811594202898,0.0,0.0,0.5919282511210763,0.0,0.0,0.0,1.0,0.0,1.0
TAO_TRAIN_GT_CONTROLLED_HELDOUT,policy_heldout,WITHOUT_ADAPTER,frozen_MLP,1028,seed1029,1,1.0,0.6038647342995169,0.0,0.0,0.5605381165919282,0.0,0.0,0.0,1.0,0.0,1.0
TAO_TRAIN_GT_CONTROLLED_HELDOUT,policy_heldout,WITHOUT_ADAPTER,frozen_MLP,1028,seed1029,2,1.0,0.6135265700483091,0.0,0.0,0.5695067264573991,0.0,0.0,0.0,1.0,0.0,1.0
TAO_TRAIN_GT_CONTROLLED_HELDOUT,policy_heldout,WITHOUT_ADAPTER,frozen_MLP,1028,seed1029,4,1.0,0.6280193236714976,0.0,0.0,0.5829596412556054,0.0,0.0,0.0,1.0,0.0,1.0
TAO_TRAIN_GT_CONTROLLED_HELDOUT,policy_heldout,WITHOUT_ADAPTER,frozen_MLP,1028,seed1029,8,1.0,0.6328502415458938,0.0,0.0,0.5874439461883408,0.0,0.0,0.0,1.0,0.0,1.0
TAO_TRAIN_GT_CONTROLLED_HELDOUT,policy_heldout,WITHOUT_ADAPTER,frozen_MLP,1028,seed1029,16,1.0,0.6376811594202898,0.0,0.0,0.5919282511210763,0.0,0.0,0.0,1.0,0.0,1.0
TAO_TRAIN_GT_CONTROLLED_HELDOUT,policy_heldout,WITHOUT_TEMPORAL,frozen_MLP,1028,main,1,0.5,0.7053140096618358,0.0,0.0,0.6547085201793722,0.0,0.0,0.0,1.0,0.0,1.0
TAO_TRAIN_GT_CONTROLLED_HELDOUT,policy_heldout,WITHOUT_TEMPORAL,frozen_MLP,1028,main,2,0.5,0.7246376811594203,0.0,0.0,0.672645739910314,0.0,0.0,0.0,1.0,0.0,1.0
TAO_TRAIN_GT_CONTROLLED_HELDOUT,policy_heldout,WITHOUT_TEMPORAL,frozen_MLP,1028,main,4,0.5,0.7584541062801933,0.0,0.0,0.7040358744394619,0.0,0.0,0.0,1.0,0.0,1.0
TAO_TRAIN_GT_CONTROLLED_HELDOUT,policy_heldout,WITHOUT_TEMPORAL,frozen_MLP,1028,main,8,0.5,0.7681159420289855,0.0,0.0,0.7130044843049327,0.0,0.0,0.0,1.0,0.0,1.0
TAO_TRAIN_GT_CONTROLLED_HELDOUT,policy_heldout,WITHOUT_TEMPORAL,frozen_MLP,1028,main,16,0.5,0.7632850241545893,0.0,0.0,0.7085201793721974,0.0,0.0,0.0,1.0,0.0,1.0
TAO_TRAIN_GT_CONTROLLED_HELDOUT,policy_heldout,WITHOUT_TEMPORAL,frozen_MLP,1028,seed1027,1,0.5,0.7053140096618358,0.0,0.0,0.6547085201793722,0.0,0.0,0.0,1.0,0.0,1.0
TAO_TRAIN_GT_CONTROLLED_HELDOUT,policy_heldout,WITHOUT_TEMPORAL,frozen_MLP,1028,seed1027,2,0.5,0.7246376811594203,0.0,0.0,0.672645739910314,0.0,0.0,0.0,1.0,0.0,1.0
TAO_TRAIN_GT_CONTROLLED_HELDOUT,policy_heldout,WITHOUT_TEMPORAL,frozen_MLP,1028,seed1027,4,0.5,0.7584541062801933,0.0,0.0,0.7040358744394619,0.0,0.0,0.0,1.0,0.0,1.0
TAO_TRAIN_GT_CONTROLLED_HELDOUT,policy_heldout,WITHOUT_TEMPORAL,frozen_MLP,1028,seed1027,8,0.5,0.7681159420289855,0.0,0.0,0.7130044843049327,0.0,0.0,0.0,1.0,0.0,1.0
TAO_TRAIN_GT_CONTROLLED_HELDOUT,policy_heldout,WITHOUT_TEMPORAL,frozen_MLP,1028,seed1027,16,0.5,0.7632850241545893,0.0,0.0,0.7085201793721974,0.0,0.0,0.0,1.0,0.0,1.0
TAO_TRAIN_GT_CONTROLLED_HELDOUT,policy_heldout,WITHOUT_TEMPORAL,frozen_MLP,1028,seed1028,1,0.5,0.7053140096618358,0.0,0.0,0.6547085201793722,0.0,0.0,0.0,1.0,0.0,1.0
TAO_TRAIN_GT_CONTROLLED_HELDOUT,policy_heldout,WITHOUT_TEMPORAL,frozen_MLP,1028,seed1028,2,0.5,0.7246376811594203,0.0,0.0,0.672645739910314,0.0,0.0,0.0,1.0,0.0,1.0
TAO_TRAIN_GT_CONTROLLED_HELDOUT,policy_heldout,WITHOUT_TEMPORAL,frozen_MLP,1028,seed1028,4,0.5,0.7584541062801933,0.0,0.0,0.7040358744394619,0.0,0.0,0.0,1.0,0.0,1.0
TAO_TRAIN_GT_CONTROLLED_HELDOUT,policy_heldout,WITHOUT_TEMPORAL,frozen_MLP,1028,seed1028,8,0.5,0.7681159420289855,0.0,0.0,0.7130044843049327,0.0,0.0,0.0,1.0,0.0,1.0
TAO_TRAIN_GT_CONTROLLED_HELDOUT,policy_heldout,WITHOUT_TEMPORAL,frozen_MLP,1028,seed1028,16,0.5,0.7632850241545893,0.0,0.0,0.7085201793721974,0.0,0.0,0.0,1.0,0.0,1.0
TAO_TRAIN_GT_CONTROLLED_HELDOUT,policy_heldout,WITHOUT_TEMPORAL,frozen_MLP,1028,seed1029,1,0.5,0.7053140096618358,0.0,0.0,0.6547085201793722,0.0,0.0,0.0,1.0,0.0,1.0
TAO_TRAIN_GT_CONTROLLED_HELDOUT,policy_heldout,WITHOUT_TEMPORAL,frozen_MLP,1028,seed1029,2,0.5,0.7246376811594203,0.0,0.0,0.672645739910314,0.0,0.0,0.0,1.0,0.0,1.0
TAO_TRAIN_GT_CONTROLLED_HELDOUT,policy_heldout,WITHOUT_TEMPORAL,frozen_MLP,1028,seed1029,4,0.5,0.7584541062801933,0.0,0.0,0.7040358744394619,0.0,0.0,0.0,1.0,0.0,1.0
TAO_TRAIN_GT_CONTROLLED_HELDOUT,policy_heldout,WITHOUT_TEMPORAL,frozen_MLP,1028,seed1029,8,0.5,0.7681159420289855,0.0,0.0,0.7130044843049327,0.0,0.0,0.0,1.0,0.0,1.0
TAO_TRAIN_GT_CONTROLLED_HELDOUT,policy_heldout,WITHOUT_TEMPORAL,frozen_MLP,1028,seed1029,16,0.5,0.7632850241545893,0.0,0.0,0.7085201793721974,0.0,0.0,0.0,1.0,0.0,1.0
TAO_TRAIN_GT_CONTROLLED_HELDOUT,policy_heldout,WITHOUT_TEMPORAL,frozen_MLP,1028,main,1,0.75,0.7053140096618358,0.0,0.0,0.6547085201793722,0.0,0.0,0.0,1.0,0.0,1.0
TAO_TRAIN_GT_CONTROLLED_HELDOUT,policy_heldout,WITHOUT_TEMPORAL,frozen_MLP,1028,main,2,0.75,0.7246376811594203,0.0,0.0,0.672645739910314,0.0,0.0,0.0,1.0,0.0,1.0
TAO_TRAIN_GT_CONTROLLED_HELDOUT,policy_heldout,WITHOUT_TEMPORAL,frozen_MLP,1028,main,4,0.75,0.7584541062801933,0.0,0.0,0.7040358744394619,0.0,0.0,0.0,1.0,0.0,1.0
TAO_TRAIN_GT_CONTROLLED_HELDOUT,policy_heldout,WITHOUT_TEMPORAL,frozen_MLP,1028,main,8,0.75,0.7681159420289855,0.0,0.0,0.7130044843049327,0.0,0.0,0.0,1.0,0.0,1.0
TAO_TRAIN_GT_CONTROLLED_HELDOUT,policy_heldout,WITHOUT_TEMPORAL,frozen_MLP,1028,main,16,0.75,0.7632850241545893,0.0,0.0,0.7085201793721974,0.0,0.0,0.0,1.0,0.0,1.0
TAO_TRAIN_GT_CONTROLLED_HELDOUT,policy_heldout,WITHOUT_TEMPORAL,frozen_MLP,1028,seed1027,1,0.75,0.7053140096618358,0.0,0.0,0.6547085201793722,0.0,0.0,0.0,1.0,0.0,1.0
TAO_TRAIN_GT_CONTROLLED_HELDOUT,policy_heldout,WITHOUT_TEMPORAL,frozen_MLP,1028,seed1027,2,0.75,0.7246376811594203,0.0,0.0,0.672645739910314,0.0,0.0,0.0,1.0,0.0,1.0
TAO_TRAIN_GT_CONTROLLED_HELDOUT,policy_heldout,WITHOUT_TEMPORAL,frozen_MLP,1028,seed1027,4,0.75,0.7584541062801933,0.0,0.0,0.7040358744394619,0.0,0.0,0.0,1.0,0.0,1.0
TAO_TRAIN_GT_CONTROLLED_HELDOUT,policy_heldout,WITHOUT_TEMPORAL,frozen_MLP,1028,seed1027,8,0.75,0.7681159420289855,0.0,0.0,0.7130044843049327,0.0,0.0,0.0,1.0,0.0,1.0
TAO_TRAIN_GT_CONTROLLED_HELDOUT,policy_heldout,WITHOUT_TEMPORAL,frozen_MLP,1028,seed1027,16,0.75,0.7632850241545893,0.0,0.0,0.7085201793721974,0.0,0.0,0.0,1.0,0.0,1.0
TAO_TRAIN_GT_CONTROLLED_HELDOUT,policy_heldout,WITHOUT_TEMPORAL,frozen_MLP,1028,seed1028,1,0.75,0.7053140096618358,0.0,0.0,0.6547085201793722,0.0,0.0,0.0,1.0,0.0,1.0
TAO_TRAIN_GT_CONTROLLED_HELDOUT,policy_heldout,WITHOUT_TEMPORAL,frozen_MLP,1028,seed1028,2,0.75,0.7246376811594203,0.0,0.0,0.672645739910314,0.0,0.0,0.0,1.0,0.0,1.0
TAO_TRAIN_GT_CONTROLLED_HELDOUT,policy_heldout,WITHOUT_TEMPORAL,frozen_MLP,1028,seed1028,4,0.75,0.7584541062801933,0.0,0.0,0.7040358744394619,0.0,0.0,0.0,1.0,0.0,1.0
TAO_TRAIN_GT_CONTROLLED_HELDOUT,policy_heldout,WITHOUT_TEMPORAL,frozen_MLP,1028,seed1028,8,0.75,0.7681159420289855,0.0,0.0,0.7130044843049327,0.0,0.0,0.0,1.0,0.0,1.0
TAO_TRAIN_GT_CONTROLLED_HELDOUT,policy_heldout,WITHOUT_TEMPORAL,frozen_MLP,1028,seed1028,16,0.75,0.7632850241545893,0.0,0.0,0.7085201793721974,0.0,0.0,0.0,1.0,0.0,1.0
TAO_TRAIN_GT_CONTROLLED_HELDOUT,policy_heldout,WITHOUT_TEMPORAL,frozen_MLP,1028,seed1029,1,0.75,0.7053140096618358,0.0,0.0,0.6547085201793722,0.0,0.0,0.0,1.0,0.0,1.0
TAO_TRAIN_GT_CONTROLLED_HELDOUT,policy_heldout,WITHOUT_TEMPORAL,frozen_MLP,1028,seed1029,2,0.75,0.7246376811594203,0.0,0.0,0.672645739910314,0.0,0.0,0.0,1.0,0.0,1.0
TAO_TRAIN_GT_CONTROLLED_HELDOUT,policy_heldout,WITHOUT_TEMPORAL,frozen_MLP,1028,seed1029,4,0.75,0.7584541062801933,0.0,0.0,0.7040358744394619,0.0,0.0,0.0,1.0,0.0,1.0
TAO_TRAIN_GT_CONTROLLED_HELDOUT,policy_heldout,WITHOUT_TEMPORAL,frozen_MLP,1028,seed1029,8,0.75,0.7681159420289855,0.0,0.0,0.7130044843049327,0.0,0.0,0.0,1.0,0.0,1.0
TAO_TRAIN_GT_CONTROLLED_HELDOUT,policy_heldout,WITHOUT_TEMPORAL,frozen_MLP,1028,seed1029,16,0.75,0.7632850241545893,0.0,0.0,0.7085201793721974,0.0,0.0,0.0,1.0,0.0,1.0
TAO_TRAIN_GT_CONTROLLED_HELDOUT,policy_heldout,WITHOUT_TEMPORAL,frozen_MLP,1028,main,1,1.0,0.7053140096618358,0.0,0.0,0.6547085201793722,0.0,0.0,0.0,1.0,0.0,1.0
TAO_TRAIN_GT_CONTROLLED_HELDOUT,policy_heldout,WITHOUT_TEMPORAL,frozen_MLP,1028,main,2,1.0,0.7246376811594203,0.0,0.0,0.672645739910314,0.0,0.0,0.0,1.0,0.0,1.0
TAO_TRAIN_GT_CONTROLLED_HELDOUT,policy_heldout,WITHOUT_TEMPORAL,frozen_MLP,1028,main,4,1.0,0.7584541062801933,0.0,0.0,0.7040358744394619,0.0,0.0,0.0,1.0,0.0,1.0
TAO_TRAIN_GT_CONTROLLED_HELDOUT,policy_heldout,WITHOUT_TEMPORAL,frozen_MLP,1028,main,8,1.0,0.7681159420289855,0.0,0.0,0.7130044843049327,0.0,0.0,0.0,1.0,0.0,1.0
TAO_TRAIN_GT_CONTROLLED_HELDOUT,policy_heldout,WITHOUT_TEMPORAL,frozen_MLP,1028,main,16,1.0,0.7632850241545893,0.0,0.0,0.7085201793721974,0.0,0.0,0.0,1.0,0.0,1.0
TAO_TRAIN_GT_CONTROLLED_HELDOUT,policy_heldout,WITHOUT_TEMPORAL,frozen_MLP,1028,seed1027,1,1.0,0.7053140096618358,0.0,0.0,0.6547085201793722,0.0,0.0,0.0,1.0,0.0,1.0
TAO_TRAIN_GT_CONTROLLED_HELDOUT,policy_heldout,WITHOUT_TEMPORAL,frozen_MLP,1028,seed1027,2,1.0,0.7246376811594203,0.0,0.0,0.672645739910314,0.0,0.0,0.0,1.0,0.0,1.0
TAO_TRAIN_GT_CONTROLLED_HELDOUT,policy_heldout,WITHOUT_TEMPORAL,frozen_MLP,1028,seed1027,4,1.0,0.7584541062801933,0.0,0.0,0.7040358744394619,0.0,0.0,0.0,1.0,0.0,1.0
TAO_TRAIN_GT_CONTROLLED_HELDOUT,policy_heldout,WITHOUT_TEMPORAL,frozen_MLP,1028,seed1027,8,1.0,0.7681159420289855,0.0,0.0,0.7130044843049327,0.0,0.0,0.0,1.0,0.0,1.0
TAO_TRAIN_GT_CONTROLLED_HELDOUT,policy_heldout,WITHOUT_TEMPORAL,frozen_MLP,1028,seed1027,16,1.0,0.7632850241545893,0.0,0.0,0.7085201793721974,0.0,0.0,0.0,1.0,0.0,1.0
TAO_TRAIN_GT_CONTROLLED_HELDOUT,policy_heldout,WITHOUT_TEMPORAL,frozen_MLP,1028,seed1028,1,1.0,0.7053140096618358,0.0,0.0,0.6547085201793722,0.0,0.0,0.0,1.0,0.0,1.0
TAO_TRAIN_GT_CONTROLLED_HELDOUT,policy_heldout,WITHOUT_TEMPORAL,frozen_MLP,1028,seed1028,2,1.0,0.7246376811594203,0.0,0.0,0.672645739910314,0.0,0.0,0.0,1.0,0.0,1.0
TAO_TRAIN_GT_CONTROLLED_HELDOUT,policy_heldout,WITHOUT_TEMPORAL,frozen_MLP,1028,seed1028,4,1.0,0.7584541062801933,0.0,0.0,0.7040358744394619,0.0,0.0,0.0,1.0,0.0,1.0
TAO_TRAIN_GT_CONTROLLED_HELDOUT,policy_heldout,WITHOUT_TEMPORAL,frozen_MLP,1028,seed1028,8,1.0,0.7681159420289855,0.0,0.0,0.7130044843049327,0.0,0.0,0.0,1.0,0.0,1.0
TAO_TRAIN_GT_CONTROLLED_HELDOUT,policy_heldout,WITHOUT_TEMPORAL,frozen_MLP,1028,seed1028,16,1.0,0.7632850241545893,0.0,0.0,0.7085201793721974,0.0,0.0,0.0,1.0,0.0,1.0
TAO_TRAIN_GT_CONTROLLED_HELDOUT,policy_heldout,WITHOUT_TEMPORAL,frozen_MLP,1028,seed1029,1,1.0,0.7053140096618358,0.0,0.0,0.6547085201793722,0.0,0.0,0.0,1.0,0.0,1.0
TAO_TRAIN_GT_CONTROLLED_HELDOUT,policy_heldout,WITHOUT_TEMPORAL,frozen_MLP,1028,seed1029,2,1.0,0.7246376811594203,0.0,0.0,0.672645739910314,0.0,0.0,0.0,1.0,0.0,1.0
TAO_TRAIN_GT_CONTROLLED_HELDOUT,policy_heldout,WITHOUT_TEMPORAL,frozen_MLP,1028,seed1029,4,1.0,0.7584541062801933,0.0,0.0,0.7040358744394619,0.0,0.0,0.0,1.0,0.0,1.0
TAO_TRAIN_GT_CONTROLLED_HELDOUT,policy_heldout,WITHOUT_TEMPORAL,frozen_MLP,1028,seed1029,8,1.0,0.7681159420289855,0.0,0.0,0.7130044843049327,0.0,0.0,0.0,1.0,0.0,1.0
TAO_TRAIN_GT_CONTROLLED_HELDOUT,policy_heldout,WITHOUT_TEMPORAL,frozen_MLP,1028,seed1029,16,1.0,0.7632850241545893,0.0,0.0,0.7085201793721974,0.0,0.0,0.0,1.0,0.0,1.0
TAO_TRAIN_GT_CONTROLLED_HELDOUT,policy_heldout,WITHOUT_RELIABILITY,frozen_MLP,1028,main,1,0.5,0.7198067632850241,0.0,0.0,0.6681614349775785,0.0,0.0,0.0,1.0,0.0,1.0
TAO_TRAIN_GT_CONTROLLED_HELDOUT,policy_heldout,WITHOUT_RELIABILITY,frozen_MLP,1028,main,2,0.5,0.7294685990338164,0.0,0.0,0.6771300448430493,0.0,0.0,0.0,1.0,0.0,1.0
TAO_TRAIN_GT_CONTROLLED_HELDOUT,policy_heldout,WITHOUT_RELIABILITY,frozen_MLP,1028,main,4,0.5,0.748792270531401,0.0,0.0,0.695067264573991,0.0,0.0,0.0,1.0,0.0,1.0
TAO_TRAIN_GT_CONTROLLED_HELDOUT,policy_heldout,WITHOUT_RELIABILITY,frozen_MLP,1028,main,8,0.5,0.7729468599033816,0.0,0.0,0.7174887892376681,0.0,0.0,0.0,1.0,0.0,1.0
TAO_TRAIN_GT_CONTROLLED_HELDOUT,policy_heldout,WITHOUT_RELIABILITY,frozen_MLP,1028,main,16,0.5,0.7632850241545893,0.0,0.0,0.7085201793721974,0.0,0.0,0.0,1.0,0.0,1.0
TAO_TRAIN_GT_CONTROLLED_HELDOUT,policy_heldout,WITHOUT_RELIABILITY,frozen_MLP,1028,seed1027,1,0.5,0.7198067632850241,0.0,0.0,0.6681614349775785,0.0,0.0,0.0,1.0,0.0,1.0
TAO_TRAIN_GT_CONTROLLED_HELDOUT,policy_heldout,WITHOUT_RELIABILITY,frozen_MLP,1028,seed1027,2,0.5,0.7294685990338164,0.0,0.0,0.6771300448430493,0.0,0.0,0.0,1.0,0.0,1.0
TAO_TRAIN_GT_CONTROLLED_HELDOUT,policy_heldout,WITHOUT_RELIABILITY,frozen_MLP,1028,seed1027,4,0.5,0.748792270531401,0.0,0.0,0.695067264573991,0.0,0.0,0.0,1.0,0.0,1.0
TAO_TRAIN_GT_CONTROLLED_HELDOUT,policy_heldout,WITHOUT_RELIABILITY,frozen_MLP,1028,seed1027,8,0.5,0.7729468599033816,0.0,0.0,0.7174887892376681,0.0,0.0,0.0,1.0,0.0,1.0
TAO_TRAIN_GT_CONTROLLED_HELDOUT,policy_heldout,WITHOUT_RELIABILITY,frozen_MLP,1028,seed1027,16,0.5,0.7632850241545893,0.0,0.0,0.7085201793721974,0.0,0.0,0.0,1.0,0.0,1.0
TAO_TRAIN_GT_CONTROLLED_HELDOUT,policy_heldout,WITHOUT_RELIABILITY,frozen_MLP,1028,seed1028,1,0.5,0.7198067632850241,0.0,0.0,0.6681614349775785,0.0,0.0,0.0,1.0,0.0,1.0
TAO_TRAIN_GT_CONTROLLED_HELDOUT,policy_heldout,WITHOUT_RELIABILITY,frozen_MLP,1028,seed1028,2,0.5,0.7294685990338164,0.0,0.0,0.6771300448430493,0.0,0.0,0.0,1.0,0.0,1.0
TAO_TRAIN_GT_CONTROLLED_HELDOUT,policy_heldout,WITHOUT_RELIABILITY,frozen_MLP,1028,seed1028,4,0.5,0.748792270531401,0.0,0.0,0.695067264573991,0.0,0.0,0.0,1.0,0.0,1.0
TAO_TRAIN_GT_CONTROLLED_HELDOUT,policy_heldout,WITHOUT_RELIABILITY,frozen_MLP,1028,seed1028,8,0.5,0.7729468599033816,0.0,0.0,0.7174887892376681,0.0,0.0,0.0,1.0,0.0,1.0
TAO_TRAIN_GT_CONTROLLED_HELDOUT,policy_heldout,WITHOUT_RELIABILITY,frozen_MLP,1028,seed1028,16,0.5,0.7632850241545893,0.0,0.0,0.7085201793721974,0.0,0.0,0.0,1.0,0.0,1.0
TAO_TRAIN_GT_CONTROLLED_HELDOUT,policy_heldout,WITHOUT_RELIABILITY,frozen_MLP,1028,seed1029,1,0.5,0.7198067632850241,0.0,0.0,0.6681614349775785,0.0,0.0,0.0,1.0,0.0,1.0
TAO_TRAIN_GT_CONTROLLED_HELDOUT,policy_heldout,WITHOUT_RELIABILITY,frozen_MLP,1028,seed1029,2,0.5,0.7294685990338164,0.0,0.0,0.6771300448430493,0.0,0.0,0.0,1.0,0.0,1.0
TAO_TRAIN_GT_CONTROLLED_HELDOUT,policy_heldout,WITHOUT_RELIABILITY,frozen_MLP,1028,seed1029,4,0.5,0.748792270531401,0.0,0.0,0.695067264573991,0.0,0.0,0.0,1.0,0.0,1.0
TAO_TRAIN_GT_CONTROLLED_HELDOUT,policy_heldout,WITHOUT_RELIABILITY,frozen_MLP,1028,seed1029,8,0.5,0.7729468599033816,0.0,0.0,0.7174887892376681,0.0,0.0,0.0,1.0,0.0,1.0
TAO_TRAIN_GT_CONTROLLED_HELDOUT,policy_heldout,WITHOUT_RELIABILITY,frozen_MLP,1028,seed1029,16,0.5,0.7632850241545893,0.0,0.0,0.7085201793721974,0.0,0.0,0.0,1.0,0.0,1.0
TAO_TRAIN_GT_CONTROLLED_HELDOUT,policy_heldout,WITHOUT_RELIABILITY,frozen_MLP,1028,main,1,0.75,0.7198067632850241,0.0,0.0,0.6681614349775785,0.0,0.0,0.0,1.0,0.0,1.0
TAO_TRAIN_GT_CONTROLLED_HELDOUT,policy_heldout,WITHOUT_RELIABILITY,frozen_MLP,1028,main,2,0.75,0.7294685990338164,0.0,0.0,0.6771300448430493,0.0,0.0,0.0,1.0,0.0,1.0
TAO_TRAIN_GT_CONTROLLED_HELDOUT,policy_heldout,WITHOUT_RELIABILITY,frozen_MLP,1028,main,4,0.75,0.748792270531401,0.0,0.0,0.695067264573991,0.0,0.0,0.0,1.0,0.0,1.0
TAO_TRAIN_GT_CONTROLLED_HELDOUT,policy_heldout,WITHOUT_RELIABILITY,frozen_MLP,1028,main,8,0.75,0.7729468599033816,0.0,0.0,0.7174887892376681,0.0,0.0,0.0,1.0,0.0,1.0
TAO_TRAIN_GT_CONTROLLED_HELDOUT,policy_heldout,WITHOUT_RELIABILITY,frozen_MLP,1028,main,16,0.75,0.7632850241545893,0.0,0.0,0.7085201793721974,0.0,0.0,0.0,1.0,0.0,1.0
TAO_TRAIN_GT_CONTROLLED_HELDOUT,policy_heldout,WITHOUT_RELIABILITY,frozen_MLP,1028,seed1027,1,0.75,0.7198067632850241,0.0,0.0,0.6681614349775785,0.0,0.0,0.0,1.0,0.0,1.0
TAO_TRAIN_GT_CONTROLLED_HELDOUT,policy_heldout,WITHOUT_RELIABILITY,frozen_MLP,1028,seed1027,2,0.75,0.7294685990338164,0.0,0.0,0.6771300448430493,0.0,0.0,0.0,1.0,0.0,1.0
TAO_TRAIN_GT_CONTROLLED_HELDOUT,policy_heldout,WITHOUT_RELIABILITY,frozen_MLP,1028,seed1027,4,0.75,0.748792270531401,0.0,0.0,0.695067264573991,0.0,0.0,0.0,1.0,0.0,1.0
TAO_TRAIN_GT_CONTROLLED_HELDOUT,policy_heldout,WITHOUT_RELIABILITY,frozen_MLP,1028,seed1027,8,0.75,0.7729468599033816,0.0,0.0,0.7174887892376681,0.0,0.0,0.0,1.0,0.0,1.0
TAO_TRAIN_GT_CONTROLLED_HELDOUT,policy_heldout,WITHOUT_RELIABILITY,frozen_MLP,1028,seed1027,16,0.75,0.7632850241545893,0.0,0.0,0.7085201793721974,0.0,0.0,0.0,1.0,0.0,1.0
TAO_TRAIN_GT_CONTROLLED_HELDOUT,policy_heldout,WITHOUT_RELIABILITY,frozen_MLP,1028,seed1028,1,0.75,0.7198067632850241,0.0,0.0,0.6681614349775785,0.0,0.0,0.0,1.0,0.0,1.0
TAO_TRAIN_GT_CONTROLLED_HELDOUT,policy_heldout,WITHOUT_RELIABILITY,frozen_MLP,1028,seed1028,2,0.75,0.7294685990338164,0.0,0.0,0.6771300448430493,0.0,0.0,0.0,1.0,0.0,1.0
TAO_TRAIN_GT_CONTROLLED_HELDOUT,policy_heldout,WITHOUT_RELIABILITY,frozen_MLP,1028,seed1028,4,0.75,0.748792270531401,0.0,0.0,0.695067264573991,0.0,0.0,0.0,1.0,0.0,1.0
TAO_TRAIN_GT_CONTROLLED_HELDOUT,policy_heldout,WITHOUT_RELIABILITY,frozen_MLP,1028,seed1028,8,0.75,0.7729468599033816,0.0,0.0,0.7174887892376681,0.0,0.0,0.0,1.0,0.0,1.0
TAO_TRAIN_GT_CONTROLLED_HELDOUT,policy_heldout,WITHOUT_RELIABILITY,frozen_MLP,1028,seed1028,16,0.75,0.7632850241545893,0.0,0.0,0.7085201793721974,0.0,0.0,0.0,1.0,0.0,1.0
TAO_TRAIN_GT_CONTROLLED_HELDOUT,policy_heldout,WITHOUT_RELIABILITY,frozen_MLP,1028,seed1029,1,0.75,0.7198067632850241,0.0,0.0,0.6681614349775785,0.0,0.0,0.0,1.0,0.0,1.0
TAO_TRAIN_GT_CONTROLLED_HELDOUT,policy_heldout,WITHOUT_RELIABILITY,frozen_MLP,1028,seed1029,2,0.75,0.7294685990338164,0.0,0.0,0.6771300448430493,0.0,0.0,0.0,1.0,0.0,1.0
TAO_TRAIN_GT_CONTROLLED_HELDOUT,policy_heldout,WITHOUT_RELIABILITY,frozen_MLP,1028,seed1029,4,0.75,0.748792270531401,0.0,0.0,0.695067264573991,0.0,0.0,0.0,1.0,0.0,1.0
TAO_TRAIN_GT_CONTROLLED_HELDOUT,policy_heldout,WITHOUT_RELIABILITY,frozen_MLP,1028,seed1029,8,0.75,0.7729468599033816,0.0,0.0,0.7174887892376681,0.0,0.0,0.0,1.0,0.0,1.0
TAO_TRAIN_GT_CONTROLLED_HELDOUT,policy_heldout,WITHOUT_RELIABILITY,frozen_MLP,1028,seed1029,16,0.75,0.7632850241545893,0.0,0.0,0.7085201793721974,0.0,0.0,0.0,1.0,0.0,1.0
TAO_TRAIN_GT_CONTROLLED_HELDOUT,policy_heldout,WITHOUT_RELIABILITY,frozen_MLP,1028,main,1,1.0,0.7198067632850241,0.0,0.0,0.6681614349775785,0.0,0.0,0.0,1.0,0.0,1.0
TAO_TRAIN_GT_CONTROLLED_HELDOUT,policy_heldout,WITHOUT_RELIABILITY,frozen_MLP,1028,main,2,1.0,0.7294685990338164,0.0,0.0,0.6771300448430493,0.0,0.0,0.0,1.0,0.0,1.0
TAO_TRAIN_GT_CONTROLLED_HELDOUT,policy_heldout,WITHOUT_RELIABILITY,frozen_MLP,1028,main,4,1.0,0.748792270531401,0.0,0.0,0.695067264573991,0.0,0.0,0.0,1.0,0.0,1.0
TAO_TRAIN_GT_CONTROLLED_HELDOUT,policy_heldout,WITHOUT_RELIABILITY,frozen_MLP,1028,main,8,1.0,0.7729468599033816,0.0,0.0,0.7174887892376681,0.0,0.0,0.0,1.0,0.0,1.0
TAO_TRAIN_GT_CONTROLLED_HELDOUT,policy_heldout,WITHOUT_RELIABILITY,frozen_MLP,1028,main,16,1.0,0.7632850241545893,0.0,0.0,0.7085201793721974,0.0,0.0,0.0,1.0,0.0,1.0
TAO_TRAIN_GT_CONTROLLED_HELDOUT,policy_heldout,WITHOUT_RELIABILITY,frozen_MLP,1028,seed1027,1,1.0,0.7198067632850241,0.0,0.0,0.6681614349775785,0.0,0.0,0.0,1.0,0.0,1.0
TAO_TRAIN_GT_CONTROLLED_HELDOUT,policy_heldout,WITHOUT_RELIABILITY,frozen_MLP,1028,seed1027,2,1.0,0.7294685990338164,0.0,0.0,0.6771300448430493,0.0,0.0,0.0,1.0,0.0,1.0
TAO_TRAIN_GT_CONTROLLED_HELDOUT,policy_heldout,WITHOUT_RELIABILITY,frozen_MLP,1028,seed1027,4,1.0,0.748792270531401,0.0,0.0,0.695067264573991,0.0,0.0,0.0,1.0,0.0,1.0
TAO_TRAIN_GT_CONTROLLED_HELDOUT,policy_heldout,WITHOUT_RELIABILITY,frozen_MLP,1028,seed1027,8,1.0,0.7729468599033816,0.0,0.0,0.7174887892376681,0.0,0.0,0.0,1.0,0.0,1.0
TAO_TRAIN_GT_CONTROLLED_HELDOUT,policy_heldout,WITHOUT_RELIABILITY,frozen_MLP,1028,seed1027,16,1.0,0.7632850241545893,0.0,0.0,0.7085201793721974,0.0,0.0,0.0,1.0,0.0,1.0
TAO_TRAIN_GT_CONTROLLED_HELDOUT,policy_heldout,WITHOUT_RELIABILITY,frozen_MLP,1028,seed1028,1,1.0,0.7198067632850241,0.0,0.0,0.6681614349775785,0.0,0.0,0.0,1.0,0.0,1.0
TAO_TRAIN_GT_CONTROLLED_HELDOUT,policy_heldout,WITHOUT_RELIABILITY,frozen_MLP,1028,seed1028,2,1.0,0.7294685990338164,0.0,0.0,0.6771300448430493,0.0,0.0,0.0,1.0,0.0,1.0
TAO_TRAIN_GT_CONTROLLED_HELDOUT,policy_heldout,WITHOUT_RELIABILITY,frozen_MLP,1028,seed1028,4,1.0,0.748792270531401,0.0,0.0,0.695067264573991,0.0,0.0,0.0,1.0,0.0,1.0
TAO_TRAIN_GT_CONTROLLED_HELDOUT,policy_heldout,WITHOUT_RELIABILITY,frozen_MLP,1028,seed1028,8,1.0,0.7729468599033816,0.0,0.0,0.7174887892376681,0.0,0.0,0.0,1.0,0.0,1.0
TAO_TRAIN_GT_CONTROLLED_HELDOUT,policy_heldout,WITHOUT_RELIABILITY,frozen_MLP,1028,seed1028,16,1.0,0.7632850241545893,0.0,0.0,0.7085201793721974,0.0,0.0,0.0,1.0,0.0,1.0
TAO_TRAIN_GT_CONTROLLED_HELDOUT,policy_heldout,WITHOUT_RELIABILITY,frozen_MLP,1028,seed1029,1,1.0,0.7198067632850241,0.0,0.0,0.6681614349775785,0.0,0.0,0.0,1.0,0.0,1.0
TAO_TRAIN_GT_CONTROLLED_HELDOUT,policy_heldout,WITHOUT_RELIABILITY,frozen_MLP,1028,seed1029,2,1.0,0.7294685990338164,0.0,0.0,0.6771300448430493,0.0,0.0,0.0,1.0,0.0,1.0
TAO_TRAIN_GT_CONTROLLED_HELDOUT,policy_heldout,WITHOUT_RELIABILITY,frozen_MLP,1028,seed1029,4,1.0,0.748792270531401,0.0,0.0,0.695067264573991,0.0,0.0,0.0,1.0,0.0,1.0
TAO_TRAIN_GT_CONTROLLED_HELDOUT,policy_heldout,WITHOUT_RELIABILITY,frozen_MLP,1028,seed1029,8,1.0,0.7729468599033816,0.0,0.0,0.7174887892376681,0.0,0.0,0.0,1.0,0.0,1.0
TAO_TRAIN_GT_CONTROLLED_HELDOUT,policy_heldout,WITHOUT_RELIABILITY,frozen_MLP,1028,seed1029,16,1.0,0.7632850241545893,0.0,0.0,0.7085201793721974,0.0,0.0,0.0,1.0,0.0,1.0
TAO_TRAIN_GT_CONTROLLED_HELDOUT,policy_heldout,WITHOUT_WAIT,frozen_MLP,1028,main,1,0.5,0.714975845410628,0.0,0.0,0.6636771300448431,0.0,0.0,0.0,1.0,0.0,1.0
TAO_TRAIN_GT_CONTROLLED_HELDOUT,policy_heldout,WITHOUT_WAIT,frozen_MLP,1028,main,2,0.5,0.7294685990338164,0.0,0.0,0.6771300448430493,0.0,0.0,0.0,1.0,0.0,1.0
TAO_TRAIN_GT_CONTROLLED_HELDOUT,policy_heldout,WITHOUT_WAIT,frozen_MLP,1028,main,4,0.5,0.748792270531401,0.0,0.0,0.695067264573991,0.0,0.0,0.0,1.0,0.0,1.0
TAO_TRAIN_GT_CONTROLLED_HELDOUT,policy_heldout,WITHOUT_WAIT,frozen_MLP,1028,main,8,0.5,0.7632850241545893,0.0,0.0,0.7085201793721974,0.0,0.0,0.0,1.0,0.0,1.0
TAO_TRAIN_GT_CONTROLLED_HELDOUT,policy_heldout,WITHOUT_WAIT,frozen_MLP,1028,main,16,0.5,0.7536231884057971,0.0,0.0,0.6995515695067265,0.0,0.0,0.0,1.0,0.0,1.0
TAO_TRAIN_GT_CONTROLLED_HELDOUT,policy_heldout,WITHOUT_WAIT,frozen_MLP,1028,seed1027,1,0.5,0.714975845410628,0.0,0.0,0.6636771300448431,0.0,0.0,0.0,1.0,0.0,1.0
TAO_TRAIN_GT_CONTROLLED_HELDOUT,policy_heldout,WITHOUT_WAIT,frozen_MLP,1028,seed1027,2,0.5,0.7294685990338164,0.0,0.0,0.6771300448430493,0.0,0.0,0.0,1.0,0.0,1.0
TAO_TRAIN_GT_CONTROLLED_HELDOUT,policy_heldout,WITHOUT_WAIT,frozen_MLP,1028,seed1027,4,0.5,0.748792270531401,0.0,0.0,0.695067264573991,0.0,0.0,0.0,1.0,0.0,1.0
TAO_TRAIN_GT_CONTROLLED_HELDOUT,policy_heldout,WITHOUT_WAIT,frozen_MLP,1028,seed1027,8,0.5,0.7632850241545893,0.0,0.0,0.7085201793721974,0.0,0.0,0.0,1.0,0.0,1.0
TAO_TRAIN_GT_CONTROLLED_HELDOUT,policy_heldout,WITHOUT_WAIT,frozen_MLP,1028,seed1027,16,0.5,0.7536231884057971,0.0,0.0,0.6995515695067265,0.0,0.0,0.0,1.0,0.0,1.0
TAO_TRAIN_GT_CONTROLLED_HELDOUT,policy_heldout,WITHOUT_WAIT,frozen_MLP,1028,seed1028,1,0.5,0.714975845410628,0.0,0.0,0.6636771300448431,0.0,0.0,0.0,1.0,0.0,1.0
TAO_TRAIN_GT_CONTROLLED_HELDOUT,policy_heldout,WITHOUT_WAIT,frozen_MLP,1028,seed1028,2,0.5,0.7294685990338164,0.0,0.0,0.6771300448430493,0.0,0.0,0.0,1.0,0.0,1.0
TAO_TRAIN_GT_CONTROLLED_HELDOUT,policy_heldout,WITHOUT_WAIT,frozen_MLP,1028,seed1028,4,0.5,0.748792270531401,0.0,0.0,0.695067264573991,0.0,0.0,0.0,1.0,0.0,1.0
TAO_TRAIN_GT_CONTROLLED_HELDOUT,policy_heldout,WITHOUT_WAIT,frozen_MLP,1028,seed1028,8,0.5,0.7632850241545893,0.0,0.0,0.7085201793721974,0.0,0.0,0.0,1.0,0.0,1.0
TAO_TRAIN_GT_CONTROLLED_HELDOUT,policy_heldout,WITHOUT_WAIT,frozen_MLP,1028,seed1028,16,0.5,0.7536231884057971,0.0,0.0,0.6995515695067265,0.0,0.0,0.0,1.0,0.0,1.0
TAO_TRAIN_GT_CONTROLLED_HELDOUT,policy_heldout,WITHOUT_WAIT,frozen_MLP,1028,seed1029,1,0.5,0.714975845410628,0.0,0.0,0.6636771300448431,0.0,0.0,0.0,1.0,0.0,1.0
TAO_TRAIN_GT_CONTROLLED_HELDOUT,policy_heldout,WITHOUT_WAIT,frozen_MLP,1028,seed1029,2,0.5,0.7294685990338164,0.0,0.0,0.6771300448430493,0.0,0.0,0.0,1.0,0.0,1.0
TAO_TRAIN_GT_CONTROLLED_HELDOUT,policy_heldout,WITHOUT_WAIT,frozen_MLP,1028,seed1029,4,0.5,0.748792270531401,0.0,0.0,0.695067264573991,0.0,0.0,0.0,1.0,0.0,1.0
TAO_TRAIN_GT_CONTROLLED_HELDOUT,policy_heldout,WITHOUT_WAIT,frozen_MLP,1028,seed1029,8,0.5,0.7632850241545893,0.0,0.0,0.7085201793721974,0.0,0.0,0.0,1.0,0.0,1.0
TAO_TRAIN_GT_CONTROLLED_HELDOUT,policy_heldout,WITHOUT_WAIT,frozen_MLP,1028,seed1029,16,0.5,0.7536231884057971,0.0,0.0,0.6995515695067265,0.0,0.0,0.0,1.0,0.0,1.0
TAO_TRAIN_GT_CONTROLLED_HELDOUT,policy_heldout,WITHOUT_WAIT,frozen_MLP,1028,main,1,0.75,0.714975845410628,0.0,0.0,0.6636771300448431,0.0,0.0,0.0,1.0,0.0,1.0
TAO_TRAIN_GT_CONTROLLED_HELDOUT,policy_heldout,WITHOUT_WAIT,frozen_MLP,1028,main,2,0.75,0.7294685990338164,0.0,0.0,0.6771300448430493,0.0,0.0,0.0,1.0,0.0,1.0
TAO_TRAIN_GT_CONTROLLED_HELDOUT,policy_heldout,WITHOUT_WAIT,frozen_MLP,1028,main,4,0.75,0.748792270531401,0.0,0.0,0.695067264573991,0.0,0.0,0.0,1.0,0.0,1.0
TAO_TRAIN_GT_CONTROLLED_HELDOUT,policy_heldout,WITHOUT_WAIT,frozen_MLP,1028,main,8,0.75,0.7632850241545893,0.0,0.0,0.7085201793721974,0.0,0.0,0.0,1.0,0.0,1.0
TAO_TRAIN_GT_CONTROLLED_HELDOUT,policy_heldout,WITHOUT_WAIT,frozen_MLP,1028,main,16,0.75,0.7536231884057971,0.0,0.0,0.6995515695067265,0.0,0.0,0.0,1.0,0.0,1.0
TAO_TRAIN_GT_CONTROLLED_HELDOUT,policy_heldout,WITHOUT_WAIT,frozen_MLP,1028,seed1027,1,0.75,0.714975845410628,0.0,0.0,0.6636771300448431,0.0,0.0,0.0,1.0,0.0,1.0
TAO_TRAIN_GT_CONTROLLED_HELDOUT,policy_heldout,WITHOUT_WAIT,frozen_MLP,1028,seed1027,2,0.75,0.7294685990338164,0.0,0.0,0.6771300448430493,0.0,0.0,0.0,1.0,0.0,1.0
TAO_TRAIN_GT_CONTROLLED_HELDOUT,policy_heldout,WITHOUT_WAIT,frozen_MLP,1028,seed1027,4,0.75,0.748792270531401,0.0,0.0,0.695067264573991,0.0,0.0,0.0,1.0,0.0,1.0
TAO_TRAIN_GT_CONTROLLED_HELDOUT,policy_heldout,WITHOUT_WAIT,frozen_MLP,1028,seed1027,8,0.75,0.7632850241545893,0.0,0.0,0.7085201793721974,0.0,0.0,0.0,1.0,0.0,1.0
TAO_TRAIN_GT_CONTROLLED_HELDOUT,policy_heldout,WITHOUT_WAIT,frozen_MLP,1028,seed1027,16,0.75,0.7536231884057971,0.0,0.0,0.6995515695067265,0.0,0.0,0.0,1.0,0.0,1.0
TAO_TRAIN_GT_CONTROLLED_HELDOUT,policy_heldout,WITHOUT_WAIT,frozen_MLP,1028,seed1028,1,0.75,0.714975845410628,0.0,0.0,0.6636771300448431,0.0,0.0,0.0,1.0,0.0,1.0
TAO_TRAIN_GT_CONTROLLED_HELDOUT,policy_heldout,WITHOUT_WAIT,frozen_MLP,1028,seed1028,2,0.75,0.7294685990338164,0.0,0.0,0.6771300448430493,0.0,0.0,0.0,1.0,0.0,1.0
TAO_TRAIN_GT_CONTROLLED_HELDOUT,policy_heldout,WITHOUT_WAIT,frozen_MLP,1028,seed1028,4,0.75,0.748792270531401,0.0,0.0,0.695067264573991,0.0,0.0,0.0,1.0,0.0,1.0
TAO_TRAIN_GT_CONTROLLED_HELDOUT,policy_heldout,WITHOUT_WAIT,frozen_MLP,1028,seed1028,8,0.75,0.7632850241545893,0.0,0.0,0.7085201793721974,0.0,0.0,0.0,1.0,0.0,1.0
TAO_TRAIN_GT_CONTROLLED_HELDOUT,policy_heldout,WITHOUT_WAIT,frozen_MLP,1028,seed1028,16,0.75,0.7536231884057971,0.0,0.0,0.6995515695067265,0.0,0.0,0.0,1.0,0.0,1.0
TAO_TRAIN_GT_CONTROLLED_HELDOUT,policy_heldout,WITHOUT_WAIT,frozen_MLP,1028,seed1029,1,0.75,0.714975845410628,0.0,0.0,0.6636771300448431,0.0,0.0,0.0,1.0,0.0,1.0
TAO_TRAIN_GT_CONTROLLED_HELDOUT,policy_heldout,WITHOUT_WAIT,frozen_MLP,1028,seed1029,2,0.75,0.7294685990338164,0.0,0.0,0.6771300448430493,0.0,0.0,0.0,1.0,0.0,1.0
TAO_TRAIN_GT_CONTROLLED_HELDOUT,policy_heldout,WITHOUT_WAIT,frozen_MLP,1028,seed1029,4,0.75,0.748792270531401,0.0,0.0,0.695067264573991,0.0,0.0,0.0,1.0,0.0,1.0
TAO_TRAIN_GT_CONTROLLED_HELDOUT,policy_heldout,WITHOUT_WAIT,frozen_MLP,1028,seed1029,8,0.75,0.7632850241545893,0.0,0.0,0.7085201793721974,0.0,0.0,0.0,1.0,0.0,1.0
TAO_TRAIN_GT_CONTROLLED_HELDOUT,policy_heldout,WITHOUT_WAIT,frozen_MLP,1028,seed1029,16,0.75,0.7536231884057971,0.0,0.0,0.6995515695067265,0.0,0.0,0.0,1.0,0.0,1.0
TAO_TRAIN_GT_CONTROLLED_HELDOUT,policy_heldout,WITHOUT_WAIT,frozen_MLP,1028,main,1,1.0,0.714975845410628,0.0,0.0,0.6636771300448431,0.0,0.0,0.0,1.0,0.0,1.0
TAO_TRAIN_GT_CONTROLLED_HELDOUT,policy_heldout,WITHOUT_WAIT,frozen_MLP,1028,main,2,1.0,0.7294685990338164,0.0,0.0,0.6771300448430493,0.0,0.0,0.0,1.0,0.0,1.0
TAO_TRAIN_GT_CONTROLLED_HELDOUT,policy_heldout,WITHOUT_WAIT,frozen_MLP,1028,main,4,1.0,0.748792270531401,0.0,0.0,0.695067264573991,0.0,0.0,0.0,1.0,0.0,1.0
TAO_TRAIN_GT_CONTROLLED_HELDOUT,policy_heldout,WITHOUT_WAIT,frozen_MLP,1028,main,8,1.0,0.7632850241545893,0.0,0.0,0.7085201793721974,0.0,0.0,0.0,1.0,0.0,1.0
TAO_TRAIN_GT_CONTROLLED_HELDOUT,policy_heldout,WITHOUT_WAIT,frozen_MLP,1028,main,16,1.0,0.7536231884057971,0.0,0.0,0.6995515695067265,0.0,0.0,0.0,1.0,0.0,1.0
TAO_TRAIN_GT_CONTROLLED_HELDOUT,policy_heldout,WITHOUT_WAIT,frozen_MLP,1028,seed1027,1,1.0,0.714975845410628,0.0,0.0,0.6636771300448431,0.0,0.0,0.0,1.0,0.0,1.0
TAO_TRAIN_GT_CONTROLLED_HELDOUT,policy_heldout,WITHOUT_WAIT,frozen_MLP,1028,seed1027,2,1.0,0.7294685990338164,0.0,0.0,0.6771300448430493,0.0,0.0,0.0,1.0,0.0,1.0
TAO_TRAIN_GT_CONTROLLED_HELDOUT,policy_heldout,WITHOUT_WAIT,frozen_MLP,1028,seed1027,4,1.0,0.748792270531401,0.0,0.0,0.695067264573991,0.0,0.0,0.0,1.0,0.0,1.0
TAO_TRAIN_GT_CONTROLLED_HELDOUT,policy_heldout,WITHOUT_WAIT,frozen_MLP,1028,seed1027,8,1.0,0.7632850241545893,0.0,0.0,0.7085201793721974,0.0,0.0,0.0,1.0,0.0,1.0
TAO_TRAIN_GT_CONTROLLED_HELDOUT,policy_heldout,WITHOUT_WAIT,frozen_MLP,1028,seed1027,16,1.0,0.7536231884057971,0.0,0.0,0.6995515695067265,0.0,0.0,0.0,1.0,0.0,1.0
TAO_TRAIN_GT_CONTROLLED_HELDOUT,policy_heldout,WITHOUT_WAIT,frozen_MLP,1028,seed1028,1,1.0,0.714975845410628,0.0,0.0,0.6636771300448431,0.0,0.0,0.0,1.0,0.0,1.0
TAO_TRAIN_GT_CONTROLLED_HELDOUT,policy_heldout,WITHOUT_WAIT,frozen_MLP,1028,seed1028,2,1.0,0.7294685990338164,0.0,0.0,0.6771300448430493,0.0,0.0,0.0,1.0,0.0,1.0
TAO_TRAIN_GT_CONTROLLED_HELDOUT,policy_heldout,WITHOUT_WAIT,frozen_MLP,1028,seed1028,4,1.0,0.748792270531401,0.0,0.0,0.695067264573991,0.0,0.0,0.0,1.0,0.0,1.0
TAO_TRAIN_GT_CONTROLLED_HELDOUT,policy_heldout,WITHOUT_WAIT,frozen_MLP,1028,seed1028,8,1.0,0.7632850241545893,0.0,0.0,0.7085201793721974,0.0,0.0,0.0,1.0,0.0,1.0
TAO_TRAIN_GT_CONTROLLED_HELDOUT,policy_heldout,WITHOUT_WAIT,frozen_MLP,1028,seed1028,16,1.0,0.7536231884057971,0.0,0.0,0.6995515695067265,0.0,0.0,0.0,1.0,0.0,1.0
TAO_TRAIN_GT_CONTROLLED_HELDOUT,policy_heldout,WITHOUT_WAIT,frozen_MLP,1028,seed1029,1,1.0,0.714975845410628,0.0,0.0,0.6636771300448431,0.0,0.0,0.0,1.0,0.0,1.0
TAO_TRAIN_GT_CONTROLLED_HELDOUT,policy_heldout,WITHOUT_WAIT,frozen_MLP,1028,seed1029,2,1.0,0.7294685990338164,0.0,0.0,0.6771300448430493,0.0,0.0,0.0,1.0,0.0,1.0
TAO_TRAIN_GT_CONTROLLED_HELDOUT,policy_heldout,WITHOUT_WAIT,frozen_MLP,1028,seed1029,4,1.0,0.748792270531401,0.0,0.0,0.695067264573991,0.0,0.0,0.0,1.0,0.0,1.0
TAO_TRAIN_GT_CONTROLLED_HELDOUT,policy_heldout,WITHOUT_WAIT,frozen_MLP,1028,seed1029,8,1.0,0.7632850241545893,0.0,0.0,0.7085201793721974,0.0,0.0,0.0,1.0,0.0,1.0
TAO_TRAIN_GT_CONTROLLED_HELDOUT,policy_heldout,WITHOUT_WAIT,frozen_MLP,1028,seed1029,16,1.0,0.7536231884057971,0.0,0.0,0.6995515695067265,0.0,0.0,0.0,1.0,0.0,1.0
TAO_TRAIN_GT_CONTROLLED_HELDOUT,policy_heldout,WITHOUT_MEMORY,frozen_MLP,1028,main,1,0.5,0.714975845410628,0.0,0.0,0.6636771300448431,0.0,0.0,0.0,1.0,0.0,1.0
TAO_TRAIN_GT_CONTROLLED_HELDOUT,policy_heldout,WITHOUT_MEMORY,frozen_MLP,1028,main,2,0.5,0.7294685990338164,0.0,0.0,0.6771300448430493,0.0,0.0,0.0,1.0,0.0,1.0
TAO_TRAIN_GT_CONTROLLED_HELDOUT,policy_heldout,WITHOUT_MEMORY,frozen_MLP,1028,main,4,0.5,0.748792270531401,0.0,0.0,0.695067264573991,0.0,0.0,0.0,1.0,0.0,1.0
TAO_TRAIN_GT_CONTROLLED_HELDOUT,policy_heldout,WITHOUT_MEMORY,frozen_MLP,1028,main,8,0.5,0.7632850241545893,0.0,0.0,0.7085201793721974,0.0,0.0,0.0,1.0,0.0,1.0
TAO_TRAIN_GT_CONTROLLED_HELDOUT,policy_heldout,WITHOUT_MEMORY,frozen_MLP,1028,main,16,0.5,0.7536231884057971,0.0,0.0,0.6995515695067265,0.0,0.0,0.0,1.0,0.0,1.0
TAO_TRAIN_GT_CONTROLLED_HELDOUT,policy_heldout,WITHOUT_MEMORY,frozen_MLP,1028,seed1027,1,0.5,0.714975845410628,0.0,0.0,0.6636771300448431,0.0,0.0,0.0,1.0,0.0,1.0
TAO_TRAIN_GT_CONTROLLED_HELDOUT,policy_heldout,WITHOUT_MEMORY,frozen_MLP,1028,seed1027,2,0.5,0.7294685990338164,0.0,0.0,0.6771300448430493,0.0,0.0,0.0,1.0,0.0,1.0
TAO_TRAIN_GT_CONTROLLED_HELDOUT,policy_heldout,WITHOUT_MEMORY,frozen_MLP,1028,seed1027,4,0.5,0.748792270531401,0.0,0.0,0.695067264573991,0.0,0.0,0.0,1.0,0.0,1.0
TAO_TRAIN_GT_CONTROLLED_HELDOUT,policy_heldout,WITHOUT_MEMORY,frozen_MLP,1028,seed1027,8,0.5,0.7632850241545893,0.0,0.0,0.7085201793721974,0.0,0.0,0.0,1.0,0.0,1.0
TAO_TRAIN_GT_CONTROLLED_HELDOUT,policy_heldout,WITHOUT_MEMORY,frozen_MLP,1028,seed1027,16,0.5,0.7536231884057971,0.0,0.0,0.6995515695067265,0.0,0.0,0.0,1.0,0.0,1.0
TAO_TRAIN_GT_CONTROLLED_HELDOUT,policy_heldout,WITHOUT_MEMORY,frozen_MLP,1028,seed1028,1,0.5,0.714975845410628,0.0,0.0,0.6636771300448431,0.0,0.0,0.0,1.0,0.0,1.0
TAO_TRAIN_GT_CONTROLLED_HELDOUT,policy_heldout,WITHOUT_MEMORY,frozen_MLP,1028,seed1028,2,0.5,0.7294685990338164,0.0,0.0,0.6771300448430493,0.0,0.0,0.0,1.0,0.0,1.0
TAO_TRAIN_GT_CONTROLLED_HELDOUT,policy_heldout,WITHOUT_MEMORY,frozen_MLP,1028,seed1028,4,0.5,0.748792270531401,0.0,0.0,0.695067264573991,0.0,0.0,0.0,1.0,0.0,1.0
TAO_TRAIN_GT_CONTROLLED_HELDOUT,policy_heldout,WITHOUT_MEMORY,frozen_MLP,1028,seed1028,8,0.5,0.7632850241545893,0.0,0.0,0.7085201793721974,0.0,0.0,0.0,1.0,0.0,1.0
TAO_TRAIN_GT_CONTROLLED_HELDOUT,policy_heldout,WITHOUT_MEMORY,frozen_MLP,1028,seed1028,16,0.5,0.7536231884057971,0.0,0.0,0.6995515695067265,0.0,0.0,0.0,1.0,0.0,1.0
TAO_TRAIN_GT_CONTROLLED_HELDOUT,policy_heldout,WITHOUT_MEMORY,frozen_MLP,1028,seed1029,1,0.5,0.714975845410628,0.0,0.0,0.6636771300448431,0.0,0.0,0.0,1.0,0.0,1.0
TAO_TRAIN_GT_CONTROLLED_HELDOUT,policy_heldout,WITHOUT_MEMORY,frozen_MLP,1028,seed1029,2,0.5,0.7294685990338164,0.0,0.0,0.6771300448430493,0.0,0.0,0.0,1.0,0.0,1.0
TAO_TRAIN_GT_CONTROLLED_HELDOUT,policy_heldout,WITHOUT_MEMORY,frozen_MLP,1028,seed1029,4,0.5,0.748792270531401,0.0,0.0,0.695067264573991,0.0,0.0,0.0,1.0,0.0,1.0
TAO_TRAIN_GT_CONTROLLED_HELDOUT,policy_heldout,WITHOUT_MEMORY,frozen_MLP,1028,seed1029,8,0.5,0.7632850241545893,0.0,0.0,0.7085201793721974,0.0,0.0,0.0,1.0,0.0,1.0
TAO_TRAIN_GT_CONTROLLED_HELDOUT,policy_heldout,WITHOUT_MEMORY,frozen_MLP,1028,seed1029,16,0.5,0.7536231884057971,0.0,0.0,0.6995515695067265,0.0,0.0,0.0,1.0,0.0,1.0
TAO_TRAIN_GT_CONTROLLED_HELDOUT,policy_heldout,WITHOUT_MEMORY,frozen_MLP,1028,main,1,0.75,0.714975845410628,0.0,0.0,0.6636771300448431,0.0,0.0,0.0,1.0,0.0,1.0
TAO_TRAIN_GT_CONTROLLED_HELDOUT,policy_heldout,WITHOUT_MEMORY,frozen_MLP,1028,main,2,0.75,0.7294685990338164,0.0,0.0,0.6771300448430493,0.0,0.0,0.0,1.0,0.0,1.0
TAO_TRAIN_GT_CONTROLLED_HELDOUT,policy_heldout,WITHOUT_MEMORY,frozen_MLP,1028,main,4,0.75,0.748792270531401,0.0,0.0,0.695067264573991,0.0,0.0,0.0,1.0,0.0,1.0
TAO_TRAIN_GT_CONTROLLED_HELDOUT,policy_heldout,WITHOUT_MEMORY,frozen_MLP,1028,main,8,0.75,0.7632850241545893,0.0,0.0,0.7085201793721974,0.0,0.0,0.0,1.0,0.0,1.0
TAO_TRAIN_GT_CONTROLLED_HELDOUT,policy_heldout,WITHOUT_MEMORY,frozen_MLP,1028,main,16,0.75,0.7536231884057971,0.0,0.0,0.6995515695067265,0.0,0.0,0.0,1.0,0.0,1.0
TAO_TRAIN_GT_CONTROLLED_HELDOUT,policy_heldout,WITHOUT_MEMORY,frozen_MLP,1028,seed1027,1,0.75,0.714975845410628,0.0,0.0,0.6636771300448431,0.0,0.0,0.0,1.0,0.0,1.0
TAO_TRAIN_GT_CONTROLLED_HELDOUT,policy_heldout,WITHOUT_MEMORY,frozen_MLP,1028,seed1027,2,0.75,0.7294685990338164,0.0,0.0,0.6771300448430493,0.0,0.0,0.0,1.0,0.0,1.0
TAO_TRAIN_GT_CONTROLLED_HELDOUT,policy_heldout,WITHOUT_MEMORY,frozen_MLP,1028,seed1027,4,0.75,0.748792270531401,0.0,0.0,0.695067264573991,0.0,0.0,0.0,1.0,0.0,1.0
TAO_TRAIN_GT_CONTROLLED_HELDOUT,policy_heldout,WITHOUT_MEMORY,frozen_MLP,1028,seed1027,8,0.75,0.7632850241545893,0.0,0.0,0.7085201793721974,0.0,0.0,0.0,1.0,0.0,1.0
TAO_TRAIN_GT_CONTROLLED_HELDOUT,policy_heldout,WITHOUT_MEMORY,frozen_MLP,1028,seed1027,16,0.75,0.7536231884057971,0.0,0.0,0.6995515695067265,0.0,0.0,0.0,1.0,0.0,1.0
TAO_TRAIN_GT_CONTROLLED_HELDOUT,policy_heldout,WITHOUT_MEMORY,frozen_MLP,1028,seed1028,1,0.75,0.714975845410628,0.0,0.0,0.6636771300448431,0.0,0.0,0.0,1.0,0.0,1.0
TAO_TRAIN_GT_CONTROLLED_HELDOUT,policy_heldout,WITHOUT_MEMORY,frozen_MLP,1028,seed1028,2,0.75,0.7294685990338164,0.0,0.0,0.6771300448430493,0.0,0.0,0.0,1.0,0.0,1.0
TAO_TRAIN_GT_CONTROLLED_HELDOUT,policy_heldout,WITHOUT_MEMORY,frozen_MLP,1028,seed1028,4,0.75,0.748792270531401,0.0,0.0,0.695067264573991,0.0,0.0,0.0,1.0,0.0,1.0
TAO_TRAIN_GT_CONTROLLED_HELDOUT,policy_heldout,WITHOUT_MEMORY,frozen_MLP,1028,seed1028,8,0.75,0.7632850241545893,0.0,0.0,0.7085201793721974,0.0,0.0,0.0,1.0,0.0,1.0
TAO_TRAIN_GT_CONTROLLED_HELDOUT,policy_heldout,WITHOUT_MEMORY,frozen_MLP,1028,seed1028,16,0.75,0.7536231884057971,0.0,0.0,0.6995515695067265,0.0,0.0,0.0,1.0,0.0,1.0
TAO_TRAIN_GT_CONTROLLED_HELDOUT,policy_heldout,WITHOUT_MEMORY,frozen_MLP,1028,seed1029,1,0.75,0.714975845410628,0.0,0.0,0.6636771300448431,0.0,0.0,0.0,1.0,0.0,1.0
TAO_TRAIN_GT_CONTROLLED_HELDOUT,policy_heldout,WITHOUT_MEMORY,frozen_MLP,1028,seed1029,2,0.75,0.7294685990338164,0.0,0.0,0.6771300448430493,0.0,0.0,0.0,1.0,0.0,1.0
TAO_TRAIN_GT_CONTROLLED_HELDOUT,policy_heldout,WITHOUT_MEMORY,frozen_MLP,1028,seed1029,4,0.75,0.748792270531401,0.0,0.0,0.695067264573991,0.0,0.0,0.0,1.0,0.0,1.0
TAO_TRAIN_GT_CONTROLLED_HELDOUT,policy_heldout,WITHOUT_MEMORY,frozen_MLP,1028,seed1029,8,0.75,0.7632850241545893,0.0,0.0,0.7085201793721974,0.0,0.0,0.0,1.0,0.0,1.0
TAO_TRAIN_GT_CONTROLLED_HELDOUT,policy_heldout,WITHOUT_MEMORY,frozen_MLP,1028,seed1029,16,0.75,0.7536231884057971,0.0,0.0,0.6995515695067265,0.0,0.0,0.0,1.0,0.0,1.0
TAO_TRAIN_GT_CONTROLLED_HELDOUT,policy_heldout,WITHOUT_MEMORY,frozen_MLP,1028,main,1,1.0,0.714975845410628,0.0,0.0,0.6636771300448431,0.0,0.0,0.0,1.0,0.0,1.0
TAO_TRAIN_GT_CONTROLLED_HELDOUT,policy_heldout,WITHOUT_MEMORY,frozen_MLP,1028,main,2,1.0,0.7294685990338164,0.0,0.0,0.6771300448430493,0.0,0.0,0.0,1.0,0.0,1.0
TAO_TRAIN_GT_CONTROLLED_HELDOUT,policy_heldout,WITHOUT_MEMORY,frozen_MLP,1028,main,4,1.0,0.748792270531401,0.0,0.0,0.695067264573991,0.0,0.0,0.0,1.0,0.0,1.0
TAO_TRAIN_GT_CONTROLLED_HELDOUT,policy_heldout,WITHOUT_MEMORY,frozen_MLP,1028,main,8,1.0,0.7632850241545893,0.0,0.0,0.7085201793721974,0.0,0.0,0.0,1.0,0.0,1.0
TAO_TRAIN_GT_CONTROLLED_HELDOUT,policy_heldout,WITHOUT_MEMORY,frozen_MLP,1028,main,16,1.0,0.7536231884057971,0.0,0.0,0.6995515695067265,0.0,0.0,0.0,1.0,0.0,1.0
TAO_TRAIN_GT_CONTROLLED_HELDOUT,policy_heldout,WITHOUT_MEMORY,frozen_MLP,1028,seed1027,1,1.0,0.714975845410628,0.0,0.0,0.6636771300448431,0.0,0.0,0.0,1.0,0.0,1.0
TAO_TRAIN_GT_CONTROLLED_HELDOUT,policy_heldout,WITHOUT_MEMORY,frozen_MLP,1028,seed1027,2,1.0,0.7294685990338164,0.0,0.0,0.6771300448430493,0.0,0.0,0.0,1.0,0.0,1.0
TAO_TRAIN_GT_CONTROLLED_HELDOUT,policy_heldout,WITHOUT_MEMORY,frozen_MLP,1028,seed1027,4,1.0,0.748792270531401,0.0,0.0,0.695067264573991,0.0,0.0,0.0,1.0,0.0,1.0
TAO_TRAIN_GT_CONTROLLED_HELDOUT,policy_heldout,WITHOUT_MEMORY,frozen_MLP,1028,seed1027,8,1.0,0.7632850241545893,0.0,0.0,0.7085201793721974,0.0,0.0,0.0,1.0,0.0,1.0
TAO_TRAIN_GT_CONTROLLED_HELDOUT,policy_heldout,WITHOUT_MEMORY,frozen_MLP,1028,seed1027,16,1.0,0.7536231884057971,0.0,0.0,0.6995515695067265,0.0,0.0,0.0,1.0,0.0,1.0
TAO_TRAIN_GT_CONTROLLED_HELDOUT,policy_heldout,WITHOUT_MEMORY,frozen_MLP,1028,seed1028,1,1.0,0.714975845410628,0.0,0.0,0.6636771300448431,0.0,0.0,0.0,1.0,0.0,1.0
TAO_TRAIN_GT_CONTROLLED_HELDOUT,policy_heldout,WITHOUT_MEMORY,frozen_MLP,1028,seed1028,2,1.0,0.7294685990338164,0.0,0.0,0.6771300448430493,0.0,0.0,0.0,1.0,0.0,1.0
TAO_TRAIN_GT_CONTROLLED_HELDOUT,policy_heldout,WITHOUT_MEMORY,frozen_MLP,1028,seed1028,4,1.0,0.748792270531401,0.0,0.0,0.695067264573991,0.0,0.0,0.0,1.0,0.0,1.0
TAO_TRAIN_GT_CONTROLLED_HELDOUT,policy_heldout,WITHOUT_MEMORY,frozen_MLP,1028,seed1028,8,1.0,0.7632850241545893,0.0,0.0,0.7085201793721974,0.0,0.0,0.0,1.0,0.0,1.0
TAO_TRAIN_GT_CONTROLLED_HELDOUT,policy_heldout,WITHOUT_MEMORY,frozen_MLP,1028,seed1028,16,1.0,0.7536231884057971,0.0,0.0,0.6995515695067265,0.0,0.0,0.0,1.0,0.0,1.0
TAO_TRAIN_GT_CONTROLLED_HELDOUT,policy_heldout,WITHOUT_MEMORY,frozen_MLP,1028,seed1029,1,1.0,0.714975845410628,0.0,0.0,0.6636771300448431,0.0,0.0,0.0,1.0,0.0,1.0
TAO_TRAIN_GT_CONTROLLED_HELDOUT,policy_heldout,WITHOUT_MEMORY,frozen_MLP,1028,seed1029,2,1.0,0.7294685990338164,0.0,0.0,0.6771300448430493,0.0,0.0,0.0,1.0,0.0,1.0
TAO_TRAIN_GT_CONTROLLED_HELDOUT,policy_heldout,WITHOUT_MEMORY,frozen_MLP,1028,seed1029,4,1.0,0.748792270531401,0.0,0.0,0.695067264573991,0.0,0.0,0.0,1.0,0.0,1.0
TAO_TRAIN_GT_CONTROLLED_HELDOUT,policy_heldout,WITHOUT_MEMORY,frozen_MLP,1028,seed1029,8,1.0,0.7632850241545893,0.0,0.0,0.7085201793721974,0.0,0.0,0.0,1.0,0.0,1.0
TAO_TRAIN_GT_CONTROLLED_HELDOUT,policy_heldout,WITHOUT_MEMORY,frozen_MLP,1028,seed1029,16,1.0,0.7536231884057971,0.0,0.0,0.6995515695067265,0.0,0.0,0.0,1.0,0.0,1.0
TAO_TRAIN_GT_CONTROLLED_HELDOUT,policy_heldout,WITHOUT_RISK,frozen_MLP,1028,main,1,0.5,0.12077294685990338,0.0,0.0,0.11210762331838565,0.0,0.0,0.0,0.1111111111111111,0.8888888888888888,0.1111111111111111
TAO_TRAIN_GT_CONTROLLED_HELDOUT,policy_heldout,WITHOUT_RISK,frozen_MLP,1028,main,2,0.5,0.2028985507246377,0.0,0.0,0.18834080717488788,0.0,0.0,0.0,0.1111111111111111,0.8888888888888888,0.1111111111111111
TAO_TRAIN_GT_CONTROLLED_HELDOUT,policy_heldout,WITHOUT_RISK,frozen_MLP,1028,main,4,0.5,0.2560386473429952,0.0,0.0,0.23766816143497757,0.0,0.0,0.0,0.2222222222222222,0.7777777777777778,0.2222222222222222
TAO_TRAIN_GT_CONTROLLED_HELDOUT,policy_heldout,WITHOUT_RISK,frozen_MLP,1028,main,8,0.5,0.2560386473429952,0.0625,0.1004739336492891,0.242152466367713,0.0,0.0,0.1111111111111111,0.2222222222222222,0.6666666666666666,0.3333333333333333
TAO_TRAIN_GT_CONTROLLED_HELDOUT,policy_heldout,WITHOUT_RISK,frozen_MLP,1028,main,16,0.5,0.26570048309178745,0.125,0.17001545595054096,0.2556053811659193,0.0,0.0,0.1111111111111111,0.2222222222222222,0.6666666666666666,0.3333333333333333
TAO_TRAIN_GT_CONTROLLED_HELDOUT,policy_heldout,WITHOUT_RISK,frozen_MLP,1028,seed1027,1,0.5,0.30917874396135264,0.0,0.0,0.28699551569506726,0.0,0.0,0.0,0.0,1.0,0.0
TAO_TRAIN_GT_CONTROLLED_HELDOUT,policy_heldout,WITHOUT_RISK,frozen_MLP,1028,seed1027,2,0.5,0.24154589371980675,0.0,0.0,0.2242152466367713,0.0,0.0,0.0,0.0,1.0,0.0
TAO_TRAIN_GT_CONTROLLED_HELDOUT,policy_heldout,WITHOUT_RISK,frozen_MLP,1028,seed1027,4,0.5,0.27053140096618356,0.0,0.0,0.25112107623318386,0.0,0.0,0.0,0.14285714285714285,0.8571428571428571,0.14285714285714285
TAO_TRAIN_GT_CONTROLLED_HELDOUT,policy_heldout,WITHOUT_RISK,frozen_MLP,1028,seed1027,8,0.5,0.27053140096618356,0.0625,0.10154125113327289,0.2556053811659193,0.0,0.0,0.0,0.2857142857142857,0.7142857142857143,0.2857142857142857
TAO_TRAIN_GT_CONTROLLED_HELDOUT,policy_heldout,WITHOUT_RISK,frozen_MLP,1028,seed1027,16,0.5,0.26570048309178745,0.125,0.17001545595054096,0.2556053811659193,0.0,0.0,0.2857142857142857,0.2857142857142857,0.42857142857142855,0.5714285714285714
TAO_TRAIN_GT_CONTROLLED_HELDOUT,policy_heldout,WITHOUT_RISK,frozen_MLP,1028,seed1028,1,0.5,0.2608695652173913,0.0,0.0,0.242152466367713,0.0,0.0,0.0,0.14285714285714285,0.8571428571428571,0.14285714285714285
TAO_TRAIN_GT_CONTROLLED_HELDOUT,policy_heldout,WITHOUT_RISK,frozen_MLP,1028,seed1028,2,0.5,0.36231884057971014,0.0,0.0,0.336322869955157,0.0,0.0,0.0,0.14285714285714285,0.8571428571428571,0.14285714285714285
TAO_TRAIN_GT_CONTROLLED_HELDOUT,policy_heldout,WITHOUT_RISK,frozen_MLP,1028,seed1028,4,0.5,0.391304347826087,0.0,0.0,0.3632286995515695,0.0,0.0,0.0,0.2857142857142857,0.7142857142857143,0.2857142857142857
TAO_TRAIN_GT_CONTROLLED_HELDOUT,policy_heldout,WITHOUT_RISK,frozen_MLP,1028,seed1028,8,0.5,0.30917874396135264,0.0625,0.10398050365556458,0.2914798206278027,0.0,0.0,0.14285714285714285,0.2857142857142857,0.5714285714285714,0.42857142857142855
TAO_TRAIN_GT_CONTROLLED_HELDOUT,policy_heldout,WITHOUT_RISK,frozen_MLP,1028,seed1028,16,0.5,0.2946859903381642,0.125,0.17553956834532375,0.2825112107623318,0.0,0.0,0.2857142857142857,0.2857142857142857,0.42857142857142855,0.5714285714285714
TAO_TRAIN_GT_CONTROLLED_HELDOUT,policy_heldout,WITHOUT_RISK,frozen_MLP,1028,seed1029,1,0.5,0.13526570048309178,0.0,0.0,0.12556053811659193,0.0,0.0,0.0,0.0,1.0,0.0
TAO_TRAIN_GT_CONTROLLED_HELDOUT,policy_heldout,WITHOUT_RISK,frozen_MLP,1028,seed1029,2,0.5,0.2028985507246377,0.0,0.0,0.18834080717488788,0.0,0.0,0.0,0.0,1.0,0.0
TAO_TRAIN_GT_CONTROLLED_HELDOUT,policy_heldout,WITHOUT_RISK,frozen_MLP,1028,seed1029,4,0.5,0.25120772946859904,0.0,0.0,0.23318385650224216,0.0,0.0,0.0,0.1111111111111111,0.8888888888888888,0.1111111111111111
TAO_TRAIN_GT_CONTROLLED_HELDOUT,policy_heldout,WITHOUT_RISK,frozen_MLP,1028,seed1029,8,0.5,0.2463768115942029,0.0625,0.0997067448680352,0.23318385650224216,0.0,0.0,0.1111111111111111,0.2222222222222222,0.6666666666666666,0.3333333333333333
TAO_TRAIN_GT_CONTROLLED_HELDOUT,policy_heldout,WITHOUT_RISK,frozen_MLP,1028,seed1029,16,0.5,0.26570048309178745,0.125,0.17001545595054096,0.2556053811659193,0.0,0.0,0.1111111111111111,0.2222222222222222,0.6666666666666666,0.3333333333333333
TAO_TRAIN_GT_CONTROLLED_HELDOUT,policy_heldout,WITHOUT_RISK,frozen_MLP,1028,main,1,0.75,0.12077294685990338,0.0,0.0,0.11210762331838565,0.0,0.0,0.0,0.1111111111111111,0.8888888888888888,0.1111111111111111
TAO_TRAIN_GT_CONTROLLED_HELDOUT,policy_heldout,WITHOUT_RISK,frozen_MLP,1028,main,2,0.75,0.2028985507246377,0.0,0.0,0.18834080717488788,0.0,0.0,0.0,0.1111111111111111,0.8888888888888888,0.1111111111111111
TAO_TRAIN_GT_CONTROLLED_HELDOUT,policy_heldout,WITHOUT_RISK,frozen_MLP,1028,main,4,0.75,0.2560386473429952,0.0,0.0,0.23766816143497757,0.0,0.0,0.0,0.2222222222222222,0.7777777777777778,0.2222222222222222
TAO_TRAIN_GT_CONTROLLED_HELDOUT,policy_heldout,WITHOUT_RISK,frozen_MLP,1028,main,8,0.75,0.2560386473429952,0.0625,0.1004739336492891,0.242152466367713,0.0,0.0,0.1111111111111111,0.2222222222222222,0.6666666666666666,0.3333333333333333
TAO_TRAIN_GT_CONTROLLED_HELDOUT,policy_heldout,WITHOUT_RISK,frozen_MLP,1028,main,16,0.75,0.26570048309178745,0.125,0.17001545595054096,0.2556053811659193,0.0,0.0,0.1111111111111111,0.2222222222222222,0.6666666666666666,0.3333333333333333
TAO_TRAIN_GT_CONTROLLED_HELDOUT,policy_heldout,WITHOUT_RISK,frozen_MLP,1028,seed1027,1,0.75,0.30917874396135264,0.0,0.0,0.28699551569506726,0.0,0.0,0.0,0.0,1.0,0.0
TAO_TRAIN_GT_CONTROLLED_HELDOUT,policy_heldout,WITHOUT_RISK,frozen_MLP,1028,seed1027,2,0.75,0.24154589371980675,0.0,0.0,0.2242152466367713,0.0,0.0,0.0,0.0,1.0,0.0
TAO_TRAIN_GT_CONTROLLED_HELDOUT,policy_heldout,WITHOUT_RISK,frozen_MLP,1028,seed1027,4,0.75,0.27053140096618356,0.0,0.0,0.25112107623318386,0.0,0.0,0.0,0.14285714285714285,0.8571428571428571,0.14285714285714285
TAO_TRAIN_GT_CONTROLLED_HELDOUT,policy_heldout,WITHOUT_RISK,frozen_MLP,1028,seed1027,8,0.75,0.27053140096618356,0.0625,0.10154125113327289,0.2556053811659193,0.0,0.0,0.0,0.2857142857142857,0.7142857142857143,0.2857142857142857
TAO_TRAIN_GT_CONTROLLED_HELDOUT,policy_heldout,WITHOUT_RISK,frozen_MLP,1028,seed1027,16,0.75,0.26570048309178745,0.125,0.17001545595054096,0.2556053811659193,0.0,0.0,0.2857142857142857,0.2857142857142857,0.42857142857142855,0.5714285714285714
TAO_TRAIN_GT_CONTROLLED_HELDOUT,policy_heldout,WITHOUT_RISK,frozen_MLP,1028,seed1028,1,0.75,0.2608695652173913,0.0,0.0,0.242152466367713,0.0,0.0,0.0,0.14285714285714285,0.8571428571428571,0.14285714285714285
TAO_TRAIN_GT_CONTROLLED_HELDOUT,policy_heldout,WITHOUT_RISK,frozen_MLP,1028,seed1028,2,0.75,0.36231884057971014,0.0,0.0,0.336322869955157,0.0,0.0,0.0,0.14285714285714285,0.8571428571428571,0.14285714285714285
TAO_TRAIN_GT_CONTROLLED_HELDOUT,policy_heldout,WITHOUT_RISK,frozen_MLP,1028,seed1028,4,0.75,0.391304347826087,0.0,0.0,0.3632286995515695,0.0,0.0,0.0,0.2857142857142857,0.7142857142857143,0.2857142857142857
TAO_TRAIN_GT_CONTROLLED_HELDOUT,policy_heldout,WITHOUT_RISK,frozen_MLP,1028,seed1028,8,0.75,0.30917874396135264,0.0625,0.10398050365556458,0.2914798206278027,0.0,0.0,0.14285714285714285,0.2857142857142857,0.5714285714285714,0.42857142857142855
TAO_TRAIN_GT_CONTROLLED_HELDOUT,policy_heldout,WITHOUT_RISK,frozen_MLP,1028,seed1028,16,0.75,0.2946859903381642,0.125,0.17553956834532375,0.2825112107623318,0.0,0.0,0.2857142857142857,0.2857142857142857,0.42857142857142855,0.5714285714285714
TAO_TRAIN_GT_CONTROLLED_HELDOUT,policy_heldout,WITHOUT_RISK,frozen_MLP,1028,seed1029,1,0.75,0.13526570048309178,0.0,0.0,0.12556053811659193,0.0,0.0,0.0,0.0,1.0,0.0
TAO_TRAIN_GT_CONTROLLED_HELDOUT,policy_heldout,WITHOUT_RISK,frozen_MLP,1028,seed1029,2,0.75,0.2028985507246377,0.0,0.0,0.18834080717488788,0.0,0.0,0.0,0.0,1.0,0.0
TAO_TRAIN_GT_CONTROLLED_HELDOUT,policy_heldout,WITHOUT_RISK,frozen_MLP,1028,seed1029,4,0.75,0.25120772946859904,0.0,0.0,0.23318385650224216,0.0,0.0,0.0,0.1111111111111111,0.8888888888888888,0.1111111111111111
TAO_TRAIN_GT_CONTROLLED_HELDOUT,policy_heldout,WITHOUT_RISK,frozen_MLP,1028,seed1029,8,0.75,0.2463768115942029,0.0625,0.0997067448680352,0.23318385650224216,0.0,0.0,0.1111111111111111,0.2222222222222222,0.6666666666666666,0.3333333333333333
TAO_TRAIN_GT_CONTROLLED_HELDOUT,policy_heldout,WITHOUT_RISK,frozen_MLP,1028,seed1029,16,0.75,0.26570048309178745,0.125,0.17001545595054096,0.2556053811659193,0.0,0.0,0.1111111111111111,0.2222222222222222,0.6666666666666666,0.3333333333333333
TAO_TRAIN_GT_CONTROLLED_HELDOUT,policy_heldout,WITHOUT_RISK,frozen_MLP,1028,main,1,1.0,0.28019323671497587,0.1875,0.22466107165913493,0.273542600896861,0.0,0.0,0.1111111111111111,0.8888888888888888,0.0,1.0
TAO_TRAIN_GT_CONTROLLED_HELDOUT,policy_heldout,WITHOUT_RISK,frozen_MLP,1028,main,2,1.0,0.30434782608695654,0.0625,0.1037037037037037,0.28699551569506726,0.0,0.0,0.1111111111111111,0.8888888888888888,0.0,1.0
TAO_TRAIN_GT_CONTROLLED_HELDOUT,policy_heldout,WITHOUT_RISK,frozen_MLP,1028,main,4,1.0,0.30434782608695654,0.0625,0.1037037037037037,0.28699551569506726,0.0,0.0,0.1111111111111111,0.8888888888888888,0.0,1.0
TAO_TRAIN_GT_CONTROLLED_HELDOUT,policy_heldout,WITHOUT_RISK,frozen_MLP,1028,main,8,1.0,0.3140096618357488,0.125,0.17881705639614856,0.3004484304932735,0.0,0.0,0.2222222222222222,0.7777777777777778,0.0,1.0
TAO_TRAIN_GT_CONTROLLED_HELDOUT,policy_heldout,WITHOUT_RISK,frozen_MLP,1028,main,16,1.0,0.30917874396135264,0.125,0.1780250347705146,0.29596412556053814,0.0,0.0,0.1111111111111111,0.8888888888888888,0.0,1.0
TAO_TRAIN_GT_CONTROLLED_HELDOUT,policy_heldout,WITHOUT_RISK,frozen_MLP,1028,seed1027,1,1.0,0.357487922705314,0.0625,0.10639827462257369,0.336322869955157,0.0,0.0,0.14285714285714285,0.8571428571428571,0.0,1.0
TAO_TRAIN_GT_CONTROLLED_HELDOUT,policy_heldout,WITHOUT_RISK,frozen_MLP,1028,seed1027,2,1.0,0.3333333333333333,0.0625,0.10526315789473684,0.31390134529147984,0.0,0.0,0.0,1.0,0.0,1.0
TAO_TRAIN_GT_CONTROLLED_HELDOUT,policy_heldout,WITHOUT_RISK,frozen_MLP,1028,seed1027,4,1.0,0.32367149758454106,0.0625,0.10476935105551212,0.30493273542600896,0.0,0.0,0.0,1.0,0.0,1.0
TAO_TRAIN_GT_CONTROLLED_HELDOUT,policy_heldout,WITHOUT_RISK,frozen_MLP,1028,seed1027,8,1.0,0.33816425120772947,0.0625,0.10550113036925396,0.3183856502242152,0.0,0.0,0.0,1.0,0.0,1.0
TAO_TRAIN_GT_CONTROLLED_HELDOUT,policy_heldout,WITHOUT_RISK,frozen_MLP,1028,seed1027,16,1.0,0.3140096618357488,0.1875,0.23479831426851291,0.30493273542600896,0.0,0.0,0.5714285714285714,0.42857142857142855,0.0,1.0
TAO_TRAIN_GT_CONTROLLED_HELDOUT,policy_heldout,WITHOUT_RISK,frozen_MLP,1028,seed1028,1,1.0,0.2753623188405797,0.1875,0.22309197651663404,0.26905829596412556,0.0,0.0,0.42857142857142855,0.5714285714285714,0.0,1.0
TAO_TRAIN_GT_CONTROLLED_HELDOUT,policy_heldout,WITHOUT_RISK,frozen_MLP,1028,seed1028,2,1.0,0.42995169082125606,0.0625,0.10913549969343961,0.40358744394618834,0.0,0.0,0.14285714285714285,0.8571428571428571,0.0,1.0
TAO_TRAIN_GT_CONTROLLED_HELDOUT,policy_heldout,WITHOUT_RISK,frozen_MLP,1028,seed1028,4,1.0,0.42028985507246375,0.0625,0.10881801125703565,0.39461883408071746,0.0,0.0,0.14285714285714285,0.8571428571428571,0.0,1.0
TAO_TRAIN_GT_CONTROLLED_HELDOUT,policy_heldout,WITHOUT_RISK,frozen_MLP,1028,seed1028,8,1.0,0.3671497584541063,0.125,0.18650306748466258,0.34977578475336324,0.0,0.0,0.14285714285714285,0.8571428571428571,0.0,1.0
TAO_TRAIN_GT_CONTROLLED_HELDOUT,policy_heldout,WITHOUT_RISK,frozen_MLP,1028,seed1028,16,1.0,0.33816425120772947,0.125,0.18252933507170796,0.32286995515695066,0.0,0.0,0.2857142857142857,0.7142857142857143,0.0,1.0
TAO_TRAIN_GT_CONTROLLED_HELDOUT,policy_heldout,WITHOUT_RISK,frozen_MLP,1028,seed1029,1,1.0,0.2753623188405797,0.125,0.17194570135746606,0.2645739910313901,0.0,0.0,0.1111111111111111,0.8888888888888888,0.0,1.0
TAO_TRAIN_GT_CONTROLLED_HELDOUT,policy_heldout,WITHOUT_RISK,frozen_MLP,1028,seed1029,2,1.0,0.30434782608695654,0.0625,0.1037037037037037,0.28699551569506726,0.0,0.0,0.1111111111111111,0.8888888888888888,0.0,1.0
TAO_TRAIN_GT_CONTROLLED_HELDOUT,policy_heldout,WITHOUT_RISK,frozen_MLP,1028,seed1029,4,1.0,0.30434782608695654,0.0625,0.1037037037037037,0.28699551569506726,0.0,0.0,0.1111111111111111,0.8888888888888888,0.0,1.0
TAO_TRAIN_GT_CONTROLLED_HELDOUT,policy_heldout,WITHOUT_RISK,frozen_MLP,1028,seed1029,8,1.0,0.3140096618357488,0.0625,0.10425020048115477,0.29596412556053814,0.0,0.0,0.1111111111111111,0.8888888888888888,0.0,1.0
TAO_TRAIN_GT_CONTROLLED_HELDOUT,policy_heldout,WITHOUT_RISK,frozen_MLP,1028,seed1029,16,1.0,0.3140096618357488,0.1875,0.23479831426851291,0.30493273542600896,0.0,0.0,0.1111111111111111,0.8888888888888888,0.0,1.0
TAO_TRAIN_GT_CONTROLLED_HELDOUT,policy_heldout,RESET_PER_VIDEO,frozen_MLP,1028,main,1,0.5,0.714975845410628,0.0,0.0,0.6636771300448431,0.0,0.0,0.0,1.0,0.0,1.0
TAO_TRAIN_GT_CONTROLLED_HELDOUT,policy_heldout,RESET_PER_VIDEO,frozen_MLP,1028,main,2,0.5,0.7294685990338164,0.0,0.0,0.6771300448430493,0.0,0.0,0.0,1.0,0.0,1.0
TAO_TRAIN_GT_CONTROLLED_HELDOUT,policy_heldout,RESET_PER_VIDEO,frozen_MLP,1028,main,4,0.5,0.748792270531401,0.0,0.0,0.695067264573991,0.0,0.0,0.0,1.0,0.0,1.0
TAO_TRAIN_GT_CONTROLLED_HELDOUT,policy_heldout,RESET_PER_VIDEO,frozen_MLP,1028,main,8,0.5,0.7632850241545893,0.0,0.0,0.7085201793721974,0.0,0.0,0.0,1.0,0.0,1.0
TAO_TRAIN_GT_CONTROLLED_HELDOUT,policy_heldout,RESET_PER_VIDEO,frozen_MLP,1028,main,16,0.5,0.7536231884057971,0.0,0.0,0.6995515695067265,0.0,0.0,0.0,1.0,0.0,1.0
TAO_TRAIN_GT_CONTROLLED_HELDOUT,policy_heldout,RESET_PER_VIDEO,frozen_MLP,1028,seed1027,1,0.5,0.714975845410628,0.0,0.0,0.6636771300448431,0.0,0.0,0.0,1.0,0.0,1.0
TAO_TRAIN_GT_CONTROLLED_HELDOUT,policy_heldout,RESET_PER_VIDEO,frozen_MLP,1028,seed1027,2,0.5,0.7294685990338164,0.0,0.0,0.6771300448430493,0.0,0.0,0.0,1.0,0.0,1.0
TAO_TRAIN_GT_CONTROLLED_HELDOUT,policy_heldout,RESET_PER_VIDEO,frozen_MLP,1028,seed1027,4,0.5,0.748792270531401,0.0,0.0,0.695067264573991,0.0,0.0,0.0,1.0,0.0,1.0
TAO_TRAIN_GT_CONTROLLED_HELDOUT,policy_heldout,RESET_PER_VIDEO,frozen_MLP,1028,seed1027,8,0.5,0.7632850241545893,0.0,0.0,0.7085201793721974,0.0,0.0,0.0,1.0,0.0,1.0
TAO_TRAIN_GT_CONTROLLED_HELDOUT,policy_heldout,RESET_PER_VIDEO,frozen_MLP,1028,seed1027,16,0.5,0.7536231884057971,0.0,0.0,0.6995515695067265,0.0,0.0,0.0,1.0,0.0,1.0
TAO_TRAIN_GT_CONTROLLED_HELDOUT,policy_heldout,RESET_PER_VIDEO,frozen_MLP,1028,seed1028,1,0.5,0.714975845410628,0.0,0.0,0.6636771300448431,0.0,0.0,0.0,1.0,0.0,1.0
TAO_TRAIN_GT_CONTROLLED_HELDOUT,policy_heldout,RESET_PER_VIDEO,frozen_MLP,1028,seed1028,2,0.5,0.7294685990338164,0.0,0.0,0.6771300448430493,0.0,0.0,0.0,1.0,0.0,1.0
TAO_TRAIN_GT_CONTROLLED_HELDOUT,policy_heldout,RESET_PER_VIDEO,frozen_MLP,1028,seed1028,4,0.5,0.748792270531401,0.0,0.0,0.695067264573991,0.0,0.0,0.0,1.0,0.0,1.0
TAO_TRAIN_GT_CONTROLLED_HELDOUT,policy_heldout,RESET_PER_VIDEO,frozen_MLP,1028,seed1028,8,0.5,0.7632850241545893,0.0,0.0,0.7085201793721974,0.0,0.0,0.0,1.0,0.0,1.0
TAO_TRAIN_GT_CONTROLLED_HELDOUT,policy_heldout,RESET_PER_VIDEO,frozen_MLP,1028,seed1028,16,0.5,0.7536231884057971,0.0,0.0,0.6995515695067265,0.0,0.0,0.0,1.0,0.0,1.0
TAO_TRAIN_GT_CONTROLLED_HELDOUT,policy_heldout,RESET_PER_VIDEO,frozen_MLP,1028,seed1029,1,0.5,0.714975845410628,0.0,0.0,0.6636771300448431,0.0,0.0,0.0,1.0,0.0,1.0
TAO_TRAIN_GT_CONTROLLED_HELDOUT,policy_heldout,RESET_PER_VIDEO,frozen_MLP,1028,seed1029,2,0.5,0.7294685990338164,0.0,0.0,0.6771300448430493,0.0,0.0,0.0,1.0,0.0,1.0
TAO_TRAIN_GT_CONTROLLED_HELDOUT,policy_heldout,RESET_PER_VIDEO,frozen_MLP,1028,seed1029,4,0.5,0.748792270531401,0.0,0.0,0.695067264573991,0.0,0.0,0.0,1.0,0.0,1.0
TAO_TRAIN_GT_CONTROLLED_HELDOUT,policy_heldout,RESET_PER_VIDEO,frozen_MLP,1028,seed1029,8,0.5,0.7632850241545893,0.0,0.0,0.7085201793721974,0.0,0.0,0.0,1.0,0.0,1.0
TAO_TRAIN_GT_CONTROLLED_HELDOUT,policy_heldout,RESET_PER_VIDEO,frozen_MLP,1028,seed1029,16,0.5,0.7536231884057971,0.0,0.0,0.6995515695067265,0.0,0.0,0.0,1.0,0.0,1.0
TAO_TRAIN_GT_CONTROLLED_HELDOUT,policy_heldout,RESET_PER_VIDEO,frozen_MLP,1028,main,1,0.75,0.714975845410628,0.0,0.0,0.6636771300448431,0.0,0.0,0.0,1.0,0.0,1.0
TAO_TRAIN_GT_CONTROLLED_HELDOUT,policy_heldout,RESET_PER_VIDEO,frozen_MLP,1028,main,2,0.75,0.7294685990338164,0.0,0.0,0.6771300448430493,0.0,0.0,0.0,1.0,0.0,1.0
TAO_TRAIN_GT_CONTROLLED_HELDOUT,policy_heldout,RESET_PER_VIDEO,frozen_MLP,1028,main,4,0.75,0.748792270531401,0.0,0.0,0.695067264573991,0.0,0.0,0.0,1.0,0.0,1.0
TAO_TRAIN_GT_CONTROLLED_HELDOUT,policy_heldout,RESET_PER_VIDEO,frozen_MLP,1028,main,8,0.75,0.7632850241545893,0.0,0.0,0.7085201793721974,0.0,0.0,0.0,1.0,0.0,1.0
TAO_TRAIN_GT_CONTROLLED_HELDOUT,policy_heldout,RESET_PER_VIDEO,frozen_MLP,1028,main,16,0.75,0.7536231884057971,0.0,0.0,0.6995515695067265,0.0,0.0,0.0,1.0,0.0,1.0
TAO_TRAIN_GT_CONTROLLED_HELDOUT,policy_heldout,RESET_PER_VIDEO,frozen_MLP,1028,seed1027,1,0.75,0.714975845410628,0.0,0.0,0.6636771300448431,0.0,0.0,0.0,1.0,0.0,1.0
TAO_TRAIN_GT_CONTROLLED_HELDOUT,policy_heldout,RESET_PER_VIDEO,frozen_MLP,1028,seed1027,2,0.75,0.7294685990338164,0.0,0.0,0.6771300448430493,0.0,0.0,0.0,1.0,0.0,1.0
TAO_TRAIN_GT_CONTROLLED_HELDOUT,policy_heldout,RESET_PER_VIDEO,frozen_MLP,1028,seed1027,4,0.75,0.748792270531401,0.0,0.0,0.695067264573991,0.0,0.0,0.0,1.0,0.0,1.0
TAO_TRAIN_GT_CONTROLLED_HELDOUT,policy_heldout,RESET_PER_VIDEO,frozen_MLP,1028,seed1027,8,0.75,0.7632850241545893,0.0,0.0,0.7085201793721974,0.0,0.0,0.0,1.0,0.0,1.0
TAO_TRAIN_GT_CONTROLLED_HELDOUT,policy_heldout,RESET_PER_VIDEO,frozen_MLP,1028,seed1027,16,0.75,0.7536231884057971,0.0,0.0,0.6995515695067265,0.0,0.0,0.0,1.0,0.0,1.0
TAO_TRAIN_GT_CONTROLLED_HELDOUT,policy_heldout,RESET_PER_VIDEO,frozen_MLP,1028,seed1028,1,0.75,0.714975845410628,0.0,0.0,0.6636771300448431,0.0,0.0,0.0,1.0,0.0,1.0
TAO_TRAIN_GT_CONTROLLED_HELDOUT,policy_heldout,RESET_PER_VIDEO,frozen_MLP,1028,seed1028,2,0.75,0.7294685990338164,0.0,0.0,0.6771300448430493,0.0,0.0,0.0,1.0,0.0,1.0
TAO_TRAIN_GT_CONTROLLED_HELDOUT,policy_heldout,RESET_PER_VIDEO,frozen_MLP,1028,seed1028,4,0.75,0.748792270531401,0.0,0.0,0.695067264573991,0.0,0.0,0.0,1.0,0.0,1.0
TAO_TRAIN_GT_CONTROLLED_HELDOUT,policy_heldout,RESET_PER_VIDEO,frozen_MLP,1028,seed1028,8,0.75,0.7632850241545893,0.0,0.0,0.7085201793721974,0.0,0.0,0.0,1.0,0.0,1.0
TAO_TRAIN_GT_CONTROLLED_HELDOUT,policy_heldout,RESET_PER_VIDEO,frozen_MLP,1028,seed1028,16,0.75,0.7536231884057971,0.0,0.0,0.6995515695067265,0.0,0.0,0.0,1.0,0.0,1.0
TAO_TRAIN_GT_CONTROLLED_HELDOUT,policy_heldout,RESET_PER_VIDEO,frozen_MLP,1028,seed1029,1,0.75,0.714975845410628,0.0,0.0,0.6636771300448431,0.0,0.0,0.0,1.0,0.0,1.0
TAO_TRAIN_GT_CONTROLLED_HELDOUT,policy_heldout,RESET_PER_VIDEO,frozen_MLP,1028,seed1029,2,0.75,0.7294685990338164,0.0,0.0,0.6771300448430493,0.0,0.0,0.0,1.0,0.0,1.0
TAO_TRAIN_GT_CONTROLLED_HELDOUT,policy_heldout,RESET_PER_VIDEO,frozen_MLP,1028,seed1029,4,0.75,0.748792270531401,0.0,0.0,0.695067264573991,0.0,0.0,0.0,1.0,0.0,1.0
TAO_TRAIN_GT_CONTROLLED_HELDOUT,policy_heldout,RESET_PER_VIDEO,frozen_MLP,1028,seed1029,8,0.75,0.7632850241545893,0.0,0.0,0.7085201793721974,0.0,0.0,0.0,1.0,0.0,1.0
TAO_TRAIN_GT_CONTROLLED_HELDOUT,policy_heldout,RESET_PER_VIDEO,frozen_MLP,1028,seed1029,16,0.75,0.7536231884057971,0.0,0.0,0.6995515695067265,0.0,0.0,0.0,1.0,0.0,1.0
TAO_TRAIN_GT_CONTROLLED_HELDOUT,policy_heldout,RESET_PER_VIDEO,frozen_MLP,1028,main,1,1.0,0.714975845410628,0.0,0.0,0.6636771300448431,0.0,0.0,0.0,1.0,0.0,1.0
TAO_TRAIN_GT_CONTROLLED_HELDOUT,policy_heldout,RESET_PER_VIDEO,frozen_MLP,1028,main,2,1.0,0.7294685990338164,0.0,0.0,0.6771300448430493,0.0,0.0,0.0,1.0,0.0,1.0
TAO_TRAIN_GT_CONTROLLED_HELDOUT,policy_heldout,RESET_PER_VIDEO,frozen_MLP,1028,main,4,1.0,0.748792270531401,0.0,0.0,0.695067264573991,0.0,0.0,0.0,1.0,0.0,1.0
TAO_TRAIN_GT_CONTROLLED_HELDOUT,policy_heldout,RESET_PER_VIDEO,frozen_MLP,1028,main,8,1.0,0.7632850241545893,0.0,0.0,0.7085201793721974,0.0,0.0,0.0,1.0,0.0,1.0
TAO_TRAIN_GT_CONTROLLED_HELDOUT,policy_heldout,RESET_PER_VIDEO,frozen_MLP,1028,main,16,1.0,0.7536231884057971,0.0,0.0,0.6995515695067265,0.0,0.0,0.0,1.0,0.0,1.0
TAO_TRAIN_GT_CONTROLLED_HELDOUT,policy_heldout,RESET_PER_VIDEO,frozen_MLP,1028,seed1027,1,1.0,0.714975845410628,0.0,0.0,0.6636771300448431,0.0,0.0,0.0,1.0,0.0,1.0
TAO_TRAIN_GT_CONTROLLED_HELDOUT,policy_heldout,RESET_PER_VIDEO,frozen_MLP,1028,seed1027,2,1.0,0.7294685990338164,0.0,0.0,0.6771300448430493,0.0,0.0,0.0,1.0,0.0,1.0
TAO_TRAIN_GT_CONTROLLED_HELDOUT,policy_heldout,RESET_PER_VIDEO,frozen_MLP,1028,seed1027,4,1.0,0.748792270531401,0.0,0.0,0.695067264573991,0.0,0.0,0.0,1.0,0.0,1.0
TAO_TRAIN_GT_CONTROLLED_HELDOUT,policy_heldout,RESET_PER_VIDEO,frozen_MLP,1028,seed1027,8,1.0,0.7632850241545893,0.0,0.0,0.7085201793721974,0.0,0.0,0.0,1.0,0.0,1.0
TAO_TRAIN_GT_CONTROLLED_HELDOUT,policy_heldout,RESET_PER_VIDEO,frozen_MLP,1028,seed1027,16,1.0,0.7536231884057971,0.0,0.0,0.6995515695067265,0.0,0.0,0.0,1.0,0.0,1.0
TAO_TRAIN_GT_CONTROLLED_HELDOUT,policy_heldout,RESET_PER_VIDEO,frozen_MLP,1028,seed1028,1,1.0,0.714975845410628,0.0,0.0,0.6636771300448431,0.0,0.0,0.0,1.0,0.0,1.0
TAO_TRAIN_GT_CONTROLLED_HELDOUT,policy_heldout,RESET_PER_VIDEO,frozen_MLP,1028,seed1028,2,1.0,0.7294685990338164,0.0,0.0,0.6771300448430493,0.0,0.0,0.0,1.0,0.0,1.0
TAO_TRAIN_GT_CONTROLLED_HELDOUT,policy_heldout,RESET_PER_VIDEO,frozen_MLP,1028,seed1028,4,1.0,0.748792270531401,0.0,0.0,0.695067264573991,0.0,0.0,0.0,1.0,0.0,1.0
TAO_TRAIN_GT_CONTROLLED_HELDOUT,policy_heldout,RESET_PER_VIDEO,frozen_MLP,1028,seed1028,8,1.0,0.7632850241545893,0.0,0.0,0.7085201793721974,0.0,0.0,0.0,1.0,0.0,1.0
TAO_TRAIN_GT_CONTROLLED_HELDOUT,policy_heldout,RESET_PER_VIDEO,frozen_MLP,1028,seed1028,16,1.0,0.7536231884057971,0.0,0.0,0.6995515695067265,0.0,0.0,0.0,1.0,0.0,1.0
TAO_TRAIN_GT_CONTROLLED_HELDOUT,policy_heldout,RESET_PER_VIDEO,frozen_MLP,1028,seed1029,1,1.0,0.714975845410628,0.0,0.0,0.6636771300448431,0.0,0.0,0.0,1.0,0.0,1.0
TAO_TRAIN_GT_CONTROLLED_HELDOUT,policy_heldout,RESET_PER_VIDEO,frozen_MLP,1028,seed1029,2,1.0,0.7294685990338164,0.0,0.0,0.6771300448430493,0.0,0.0,0.0,1.0,0.0,1.0
TAO_TRAIN_GT_CONTROLLED_HELDOUT,policy_heldout,RESET_PER_VIDEO,frozen_MLP,1028,seed1029,4,1.0,0.748792270531401,0.0,0.0,0.695067264573991,0.0,0.0,0.0,1.0,0.0,1.0
TAO_TRAIN_GT_CONTROLLED_HELDOUT,policy_heldout,RESET_PER_VIDEO,frozen_MLP,1028,seed1029,8,1.0,0.7632850241545893,0.0,0.0,0.7085201793721974,0.0,0.0,0.0,1.0,0.0,1.0
TAO_TRAIN_GT_CONTROLLED_HELDOUT,policy_heldout,RESET_PER_VIDEO,frozen_MLP,1028,seed1029,16,1.0,0.7536231884057971,0.0,0.0,0.6995515695067265,0.0,0.0,0.0,1.0,0.0,1.0
TAO_TRAIN_GT_CONTROLLED_HELDOUT,policy_heldout,FULL,frozen_MLP,1028,main,1,0.5,0.714975845410628,0.0,0.0,0.6636771300448431,0.0,0.0,0.0,1.0,0.0,1.0
TAO_TRAIN_GT_CONTROLLED_HELDOUT,policy_heldout,FULL,frozen_MLP,1028,main,2,0.5,0.7294685990338164,0.0,0.0,0.6771300448430493,0.0,0.0,0.0,1.0,0.0,1.0
TAO_TRAIN_GT_CONTROLLED_HELDOUT,policy_heldout,FULL,frozen_MLP,1028,main,4,0.5,0.748792270531401,0.0,0.0,0.695067264573991,0.0,0.0,0.0,1.0,0.0,1.0
TAO_TRAIN_GT_CONTROLLED_HELDOUT,policy_heldout,FULL,frozen_MLP,1028,main,8,0.5,0.7632850241545893,0.0,0.0,0.7085201793721974,0.0,0.0,0.0,1.0,0.0,1.0
TAO_TRAIN_GT_CONTROLLED_HELDOUT,policy_heldout,FULL,frozen_MLP,1028,main,16,0.5,0.7536231884057971,0.0,0.0,0.6995515695067265,0.0,0.0,0.0,1.0,0.0,1.0
TAO_TRAIN_GT_CONTROLLED_HELDOUT,policy_heldout,FULL,frozen_MLP,1028,seed1027,1,0.5,0.714975845410628,0.0,0.0,0.6636771300448431,0.0,0.0,0.0,1.0,0.0,1.0
TAO_TRAIN_GT_CONTROLLED_HELDOUT,policy_heldout,FULL,frozen_MLP,1028,seed1027,2,0.5,0.7294685990338164,0.0,0.0,0.6771300448430493,0.0,0.0,0.0,1.0,0.0,1.0
TAO_TRAIN_GT_CONTROLLED_HELDOUT,policy_heldout,FULL,frozen_MLP,1028,seed1027,4,0.5,0.748792270531401,0.0,0.0,0.695067264573991,0.0,0.0,0.0,1.0,0.0,1.0
TAO_TRAIN_GT_CONTROLLED_HELDOUT,policy_heldout,FULL,frozen_MLP,1028,seed1027,8,0.5,0.7632850241545893,0.0,0.0,0.7085201793721974,0.0,0.0,0.0,1.0,0.0,1.0
TAO_TRAIN_GT_CONTROLLED_HELDOUT,policy_heldout,FULL,frozen_MLP,1028,seed1027,16,0.5,0.7536231884057971,0.0,0.0,0.6995515695067265,0.0,0.0,0.0,1.0,0.0,1.0
TAO_TRAIN_GT_CONTROLLED_HELDOUT,policy_heldout,FULL,frozen_MLP,1028,seed1028,1,0.5,0.714975845410628,0.0,0.0,0.6636771300448431,0.0,0.0,0.0,1.0,0.0,1.0
TAO_TRAIN_GT_CONTROLLED_HELDOUT,policy_heldout,FULL,frozen_MLP,1028,seed1028,2,0.5,0.7294685990338164,0.0,0.0,0.6771300448430493,0.0,0.0,0.0,1.0,0.0,1.0
TAO_TRAIN_GT_CONTROLLED_HELDOUT,policy_heldout,FULL,frozen_MLP,1028,seed1028,4,0.5,0.748792270531401,0.0,0.0,0.695067264573991,0.0,0.0,0.0,1.0,0.0,1.0
TAO_TRAIN_GT_CONTROLLED_HELDOUT,policy_heldout,FULL,frozen_MLP,1028,seed1028,8,0.5,0.7632850241545893,0.0,0.0,0.7085201793721974,0.0,0.0,0.0,1.0,0.0,1.0
TAO_TRAIN_GT_CONTROLLED_HELDOUT,policy_heldout,FULL,frozen_MLP,1028,seed1028,16,0.5,0.7536231884057971,0.0,0.0,0.6995515695067265,0.0,0.0,0.0,1.0,0.0,1.0
TAO_TRAIN_GT_CONTROLLED_HELDOUT,policy_heldout,FULL,frozen_MLP,1028,seed1029,1,0.5,0.714975845410628,0.0,0.0,0.6636771300448431,0.0,0.0,0.0,1.0,0.0,1.0
TAO_TRAIN_GT_CONTROLLED_HELDOUT,policy_heldout,FULL,frozen_MLP,1028,seed1029,2,0.5,0.7294685990338164,0.0,0.0,0.6771300448430493,0.0,0.0,0.0,1.0,0.0,1.0
TAO_TRAIN_GT_CONTROLLED_HELDOUT,policy_heldout,FULL,frozen_MLP,1028,seed1029,4,0.5,0.748792270531401,0.0,0.0,0.695067264573991,0.0,0.0,0.0,1.0,0.0,1.0
TAO_TRAIN_GT_CONTROLLED_HELDOUT,policy_heldout,FULL,frozen_MLP,1028,seed1029,8,0.5,0.7632850241545893,0.0,0.0,0.7085201793721974,0.0,0.0,0.0,1.0,0.0,1.0
TAO_TRAIN_GT_CONTROLLED_HELDOUT,policy_heldout,FULL,frozen_MLP,1028,seed1029,16,0.5,0.7536231884057971,0.0,0.0,0.6995515695067265,0.0,0.0,0.0,1.0,0.0,1.0
TAO_TRAIN_GT_CONTROLLED_HELDOUT,policy_heldout,FULL,frozen_MLP,1028,main,1,0.75,0.714975845410628,0.0,0.0,0.6636771300448431,0.0,0.0,0.0,1.0,0.0,1.0
TAO_TRAIN_GT_CONTROLLED_HELDOUT,policy_heldout,FULL,frozen_MLP,1028,main,2,0.75,0.7294685990338164,0.0,0.0,0.6771300448430493,0.0,0.0,0.0,1.0,0.0,1.0
TAO_TRAIN_GT_CONTROLLED_HELDOUT,policy_heldout,FULL,frozen_MLP,1028,main,4,0.75,0.748792270531401,0.0,0.0,0.695067264573991,0.0,0.0,0.0,1.0,0.0,1.0
TAO_TRAIN_GT_CONTROLLED_HELDOUT,policy_heldout,FULL,frozen_MLP,1028,main,8,0.75,0.7632850241545893,0.0,0.0,0.7085201793721974,0.0,0.0,0.0,1.0,0.0,1.0
TAO_TRAIN_GT_CONTROLLED_HELDOUT,policy_heldout,FULL,frozen_MLP,1028,main,16,0.75,0.7536231884057971,0.0,0.0,0.6995515695067265,0.0,0.0,0.0,1.0,0.0,1.0
TAO_TRAIN_GT_CONTROLLED_HELDOUT,policy_heldout,FULL,frozen_MLP,1028,seed1027,1,0.75,0.714975845410628,0.0,0.0,0.6636771300448431,0.0,0.0,0.0,1.0,0.0,1.0
TAO_TRAIN_GT_CONTROLLED_HELDOUT,policy_heldout,FULL,frozen_MLP,1028,seed1027,2,0.75,0.7294685990338164,0.0,0.0,0.6771300448430493,0.0,0.0,0.0,1.0,0.0,1.0
TAO_TRAIN_GT_CONTROLLED_HELDOUT,policy_heldout,FULL,frozen_MLP,1028,seed1027,4,0.75,0.748792270531401,0.0,0.0,0.695067264573991,0.0,0.0,0.0,1.0,0.0,1.0
TAO_TRAIN_GT_CONTROLLED_HELDOUT,policy_heldout,FULL,frozen_MLP,1028,seed1027,8,0.75,0.7632850241545893,0.0,0.0,0.7085201793721974,0.0,0.0,0.0,1.0,0.0,1.0
TAO_TRAIN_GT_CONTROLLED_HELDOUT,policy_heldout,FULL,frozen_MLP,1028,seed1027,16,0.75,0.7536231884057971,0.0,0.0,0.6995515695067265,0.0,0.0,0.0,1.0,0.0,1.0
TAO_TRAIN_GT_CONTROLLED_HELDOUT,policy_heldout,FULL,frozen_MLP,1028,seed1028,1,0.75,0.714975845410628,0.0,0.0,0.6636771300448431,0.0,0.0,0.0,1.0,0.0,1.0
TAO_TRAIN_GT_CONTROLLED_HELDOUT,policy_heldout,FULL,frozen_MLP,1028,seed1028,2,0.75,0.7294685990338164,0.0,0.0,0.6771300448430493,0.0,0.0,0.0,1.0,0.0,1.0
TAO_TRAIN_GT_CONTROLLED_HELDOUT,policy_heldout,FULL,frozen_MLP,1028,seed1028,4,0.75,0.748792270531401,0.0,0.0,0.695067264573991,0.0,0.0,0.0,1.0,0.0,1.0
TAO_TRAIN_GT_CONTROLLED_HELDOUT,policy_heldout,FULL,frozen_MLP,1028,seed1028,8,0.75,0.7632850241545893,0.0,0.0,0.7085201793721974,0.0,0.0,0.0,1.0,0.0,1.0
TAO_TRAIN_GT_CONTROLLED_HELDOUT,policy_heldout,FULL,frozen_MLP,1028,seed1028,16,0.75,0.7536231884057971,0.0,0.0,0.6995515695067265,0.0,0.0,0.0,1.0,0.0,1.0
TAO_TRAIN_GT_CONTROLLED_HELDOUT,policy_heldout,FULL,frozen_MLP,1028,seed1029,1,0.75,0.714975845410628,0.0,0.0,0.6636771300448431,0.0,0.0,0.0,1.0,0.0,1.0
TAO_TRAIN_GT_CONTROLLED_HELDOUT,policy_heldout,FULL,frozen_MLP,1028,seed1029,2,0.75,0.7294685990338164,0.0,0.0,0.6771300448430493,0.0,0.0,0.0,1.0,0.0,1.0
TAO_TRAIN_GT_CONTROLLED_HELDOUT,policy_heldout,FULL,frozen_MLP,1028,seed1029,4,0.75,0.748792270531401,0.0,0.0,0.695067264573991,0.0,0.0,0.0,1.0,0.0,1.0
TAO_TRAIN_GT_CONTROLLED_HELDOUT,policy_heldout,FULL,frozen_MLP,1028,seed1029,8,0.75,0.7632850241545893,0.0,0.0,0.7085201793721974,0.0,0.0,0.0,1.0,0.0,1.0
TAO_TRAIN_GT_CONTROLLED_HELDOUT,policy_heldout,FULL,frozen_MLP,1028,seed1029,16,0.75,0.7536231884057971,0.0,0.0,0.6995515695067265,0.0,0.0,0.0,1.0,0.0,1.0
TAO_TRAIN_GT_CONTROLLED_HELDOUT,policy_heldout,FULL,frozen_MLP,1028,main,1,1.0,0.714975845410628,0.0,0.0,0.6636771300448431,0.0,0.0,0.0,1.0,0.0,1.0
TAO_TRAIN_GT_CONTROLLED_HELDOUT,policy_heldout,FULL,frozen_MLP,1028,main,2,1.0,0.7294685990338164,0.0,0.0,0.6771300448430493,0.0,0.0,0.0,1.0,0.0,1.0
TAO_TRAIN_GT_CONTROLLED_HELDOUT,policy_heldout,FULL,frozen_MLP,1028,main,4,1.0,0.748792270531401,0.0,0.0,0.695067264573991,0.0,0.0,0.0,1.0,0.0,1.0
TAO_TRAIN_GT_CONTROLLED_HELDOUT,policy_heldout,FULL,frozen_MLP,1028,main,8,1.0,0.7632850241545893,0.0,0.0,0.7085201793721974,0.0,0.0,0.0,1.0,0.0,1.0
TAO_TRAIN_GT_CONTROLLED_HELDOUT,policy_heldout,FULL,frozen_MLP,1028,main,16,1.0,0.7536231884057971,0.0,0.0,0.6995515695067265,0.0,0.0,0.0,1.0,0.0,1.0
TAO_TRAIN_GT_CONTROLLED_HELDOUT,policy_heldout,FULL,frozen_MLP,1028,seed1027,1,1.0,0.714975845410628,0.0,0.0,0.6636771300448431,0.0,0.0,0.0,1.0,0.0,1.0
TAO_TRAIN_GT_CONTROLLED_HELDOUT,policy_heldout,FULL,frozen_MLP,1028,seed1027,2,1.0,0.7294685990338164,0.0,0.0,0.6771300448430493,0.0,0.0,0.0,1.0,0.0,1.0
TAO_TRAIN_GT_CONTROLLED_HELDOUT,policy_heldout,FULL,frozen_MLP,1028,seed1027,4,1.0,0.748792270531401,0.0,0.0,0.695067264573991,0.0,0.0,0.0,1.0,0.0,1.0
TAO_TRAIN_GT_CONTROLLED_HELDOUT,policy_heldout,FULL,frozen_MLP,1028,seed1027,8,1.0,0.7632850241545893,0.0,0.0,0.7085201793721974,0.0,0.0,0.0,1.0,0.0,1.0
TAO_TRAIN_GT_CONTROLLED_HELDOUT,policy_heldout,FULL,frozen_MLP,1028,seed1027,16,1.0,0.7536231884057971,0.0,0.0,0.6995515695067265,0.0,0.0,0.0,1.0,0.0,1.0
TAO_TRAIN_GT_CONTROLLED_HELDOUT,policy_heldout,FULL,frozen_MLP,1028,seed1028,1,1.0,0.714975845410628,0.0,0.0,0.6636771300448431,0.0,0.0,0.0,1.0,0.0,1.0
TAO_TRAIN_GT_CONTROLLED_HELDOUT,policy_heldout,FULL,frozen_MLP,1028,seed1028,2,1.0,0.7294685990338164,0.0,0.0,0.6771300448430493,0.0,0.0,0.0,1.0,0.0,1.0
TAO_TRAIN_GT_CONTROLLED_HELDOUT,policy_heldout,FULL,frozen_MLP,1028,seed1028,4,1.0,0.748792270531401,0.0,0.0,0.695067264573991,0.0,0.0,0.0,1.0,0.0,1.0
TAO_TRAIN_GT_CONTROLLED_HELDOUT,policy_heldout,FULL,frozen_MLP,1028,seed1028,8,1.0,0.7632850241545893,0.0,0.0,0.7085201793721974,0.0,0.0,0.0,1.0,0.0,1.0
TAO_TRAIN_GT_CONTROLLED_HELDOUT,policy_heldout,FULL,frozen_MLP,1028,seed1028,16,1.0,0.7536231884057971,0.0,0.0,0.6995515695067265,0.0,0.0,0.0,1.0,0.0,1.0
TAO_TRAIN_GT_CONTROLLED_HELDOUT,policy_heldout,FULL,frozen_MLP,1028,seed1029,1,1.0,0.714975845410628,0.0,0.0,0.6636771300448431,0.0,0.0,0.0,1.0,0.0,1.0
TAO_TRAIN_GT_CONTROLLED_HELDOUT,policy_heldout,FULL,frozen_MLP,1028,seed1029,2,1.0,0.7294685990338164,0.0,0.0,0.6771300448430493,0.0,0.0,0.0,1.0,0.0,1.0
TAO_TRAIN_GT_CONTROLLED_HELDOUT,policy_heldout,FULL,frozen_MLP,1028,seed1029,4,1.0,0.748792270531401,0.0,0.0,0.695067264573991,0.0,0.0,0.0,1.0,0.0,1.0
TAO_TRAIN_GT_CONTROLLED_HELDOUT,policy_heldout,FULL,frozen_MLP,1028,seed1029,8,1.0,0.7632850241545893,0.0,0.0,0.7085201793721974,0.0,0.0,0.0,1.0,0.0,1.0
TAO_TRAIN_GT_CONTROLLED_HELDOUT,policy_heldout,FULL,frozen_MLP,1028,seed1029,16,1.0,0.7536231884057971,0.0,0.0,0.6995515695067265,0.0,0.0,0.0,1.0,0.0,1.0
TAO_TRAIN_GT_CONTROLLED_HELDOUT,policy_heldout,D1_SIMPLE_MLP,frozen_MLP,1029,main,1,0.5,0.6328502415458938,0.0,0.0,0.5874439461883408,0.0,0.0,0.0,1.0,0.0,1.0
TAO_TRAIN_GT_CONTROLLED_HELDOUT,policy_heldout,D1_SIMPLE_MLP,frozen_MLP,1029,main,2,0.5,0.6763285024154589,0.0,0.0,0.6278026905829597,0.0,0.0,0.0,1.0,0.0,1.0
TAO_TRAIN_GT_CONTROLLED_HELDOUT,policy_heldout,D1_SIMPLE_MLP,frozen_MLP,1029,main,4,0.5,0.7246376811594203,0.0,0.0,0.672645739910314,0.0,0.0,0.0,1.0,0.0,1.0
TAO_TRAIN_GT_CONTROLLED_HELDOUT,policy_heldout,D1_SIMPLE_MLP,frozen_MLP,1029,main,8,0.5,0.7681159420289855,0.0,0.0,0.7130044843049327,0.0,0.0,0.0,1.0,0.0,1.0
TAO_TRAIN_GT_CONTROLLED_HELDOUT,policy_heldout,D1_SIMPLE_MLP,frozen_MLP,1029,main,16,0.5,0.782608695652174,0.0,0.0,0.726457399103139,0.0,0.0,0.0,1.0,0.0,1.0
TAO_TRAIN_GT_CONTROLLED_HELDOUT,policy_heldout,D1_SIMPLE_MLP,frozen_MLP,1029,seed1027,1,0.5,0.6328502415458938,0.0,0.0,0.5874439461883408,0.0,0.0,0.0,1.0,0.0,1.0
TAO_TRAIN_GT_CONTROLLED_HELDOUT,policy_heldout,D1_SIMPLE_MLP,frozen_MLP,1029,seed1027,2,0.5,0.6763285024154589,0.0,0.0,0.6278026905829597,0.0,0.0,0.0,1.0,0.0,1.0
TAO_TRAIN_GT_CONTROLLED_HELDOUT,policy_heldout,D1_SIMPLE_MLP,frozen_MLP,1029,seed1027,4,0.5,0.7246376811594203,0.0,0.0,0.672645739910314,0.0,0.0,0.0,1.0,0.0,1.0
TAO_TRAIN_GT_CONTROLLED_HELDOUT,policy_heldout,D1_SIMPLE_MLP,frozen_MLP,1029,seed1027,8,0.5,0.7681159420289855,0.0,0.0,0.7130044843049327,0.0,0.0,0.0,1.0,0.0,1.0
TAO_TRAIN_GT_CONTROLLED_HELDOUT,policy_heldout,D1_SIMPLE_MLP,frozen_MLP,1029,seed1027,16,0.5,0.782608695652174,0.0,0.0,0.726457399103139,0.0,0.0,0.0,1.0,0.0,1.0
TAO_TRAIN_GT_CONTROLLED_HELDOUT,policy_heldout,D1_SIMPLE_MLP,frozen_MLP,1029,seed1028,1,0.5,0.6328502415458938,0.0,0.0,0.5874439461883408,0.0,0.0,0.0,1.0,0.0,1.0
TAO_TRAIN_GT_CONTROLLED_HELDOUT,policy_heldout,D1_SIMPLE_MLP,frozen_MLP,1029,seed1028,2,0.5,0.6763285024154589,0.0,0.0,0.6278026905829597,0.0,0.0,0.0,1.0,0.0,1.0
TAO_TRAIN_GT_CONTROLLED_HELDOUT,policy_heldout,D1_SIMPLE_MLP,frozen_MLP,1029,seed1028,4,0.5,0.7246376811594203,0.0,0.0,0.672645739910314,0.0,0.0,0.0,1.0,0.0,1.0
TAO_TRAIN_GT_CONTROLLED_HELDOUT,policy_heldout,D1_SIMPLE_MLP,frozen_MLP,1029,seed1028,8,0.5,0.7681159420289855,0.0,0.0,0.7130044843049327,0.0,0.0,0.0,1.0,0.0,1.0
TAO_TRAIN_GT_CONTROLLED_HELDOUT,policy_heldout,D1_SIMPLE_MLP,frozen_MLP,1029,seed1028,16,0.5,0.782608695652174,0.0,0.0,0.726457399103139,0.0,0.0,0.0,1.0,0.0,1.0
TAO_TRAIN_GT_CONTROLLED_HELDOUT,policy_heldout,D1_SIMPLE_MLP,frozen_MLP,1029,seed1029,1,0.5,0.6328502415458938,0.0,0.0,0.5874439461883408,0.0,0.0,0.0,1.0,0.0,1.0
TAO_TRAIN_GT_CONTROLLED_HELDOUT,policy_heldout,D1_SIMPLE_MLP,frozen_MLP,1029,seed1029,2,0.5,0.6763285024154589,0.0,0.0,0.6278026905829597,0.0,0.0,0.0,1.0,0.0,1.0
TAO_TRAIN_GT_CONTROLLED_HELDOUT,policy_heldout,D1_SIMPLE_MLP,frozen_MLP,1029,seed1029,4,0.5,0.7246376811594203,0.0,0.0,0.672645739910314,0.0,0.0,0.0,1.0,0.0,1.0
TAO_TRAIN_GT_CONTROLLED_HELDOUT,policy_heldout,D1_SIMPLE_MLP,frozen_MLP,1029,seed1029,8,0.5,0.7681159420289855,0.0,0.0,0.7130044843049327,0.0,0.0,0.0,1.0,0.0,1.0
TAO_TRAIN_GT_CONTROLLED_HELDOUT,policy_heldout,D1_SIMPLE_MLP,frozen_MLP,1029,seed1029,16,0.5,0.782608695652174,0.0,0.0,0.726457399103139,0.0,0.0,0.0,1.0,0.0,1.0
TAO_TRAIN_GT_CONTROLLED_HELDOUT,policy_heldout,D1_SIMPLE_MLP,frozen_MLP,1029,main,1,0.75,0.6328502415458938,0.0,0.0,0.5874439461883408,0.0,0.0,0.0,1.0,0.0,1.0
TAO_TRAIN_GT_CONTROLLED_HELDOUT,policy_heldout,D1_SIMPLE_MLP,frozen_MLP,1029,main,2,0.75,0.6763285024154589,0.0,0.0,0.6278026905829597,0.0,0.0,0.0,1.0,0.0,1.0
TAO_TRAIN_GT_CONTROLLED_HELDOUT,policy_heldout,D1_SIMPLE_MLP,frozen_MLP,1029,main,4,0.75,0.7246376811594203,0.0,0.0,0.672645739910314,0.0,0.0,0.0,1.0,0.0,1.0
TAO_TRAIN_GT_CONTROLLED_HELDOUT,policy_heldout,D1_SIMPLE_MLP,frozen_MLP,1029,main,8,0.75,0.7681159420289855,0.0,0.0,0.7130044843049327,0.0,0.0,0.0,1.0,0.0,1.0
TAO_TRAIN_GT_CONTROLLED_HELDOUT,policy_heldout,D1_SIMPLE_MLP,frozen_MLP,1029,main,16,0.75,0.782608695652174,0.0,0.0,0.726457399103139,0.0,0.0,0.0,1.0,0.0,1.0
TAO_TRAIN_GT_CONTROLLED_HELDOUT,policy_heldout,D1_SIMPLE_MLP,frozen_MLP,1029,seed1027,1,0.75,0.6328502415458938,0.0,0.0,0.5874439461883408,0.0,0.0,0.0,1.0,0.0,1.0
TAO_TRAIN_GT_CONTROLLED_HELDOUT,policy_heldout,D1_SIMPLE_MLP,frozen_MLP,1029,seed1027,2,0.75,0.6763285024154589,0.0,0.0,0.6278026905829597,0.0,0.0,0.0,1.0,0.0,1.0
TAO_TRAIN_GT_CONTROLLED_HELDOUT,policy_heldout,D1_SIMPLE_MLP,frozen_MLP,1029,seed1027,4,0.75,0.7246376811594203,0.0,0.0,0.672645739910314,0.0,0.0,0.0,1.0,0.0,1.0
TAO_TRAIN_GT_CONTROLLED_HELDOUT,policy_heldout,D1_SIMPLE_MLP,frozen_MLP,1029,seed1027,8,0.75,0.7681159420289855,0.0,0.0,0.7130044843049327,0.0,0.0,0.0,1.0,0.0,1.0
TAO_TRAIN_GT_CONTROLLED_HELDOUT,policy_heldout,D1_SIMPLE_MLP,frozen_MLP,1029,seed1027,16,0.75,0.782608695652174,0.0,0.0,0.726457399103139,0.0,0.0,0.0,1.0,0.0,1.0
TAO_TRAIN_GT_CONTROLLED_HELDOUT,policy_heldout,D1_SIMPLE_MLP,frozen_MLP,1029,seed1028,1,0.75,0.6328502415458938,0.0,0.0,0.5874439461883408,0.0,0.0,0.0,1.0,0.0,1.0
TAO_TRAIN_GT_CONTROLLED_HELDOUT,policy_heldout,D1_SIMPLE_MLP,frozen_MLP,1029,seed1028,2,0.75,0.6763285024154589,0.0,0.0,0.6278026905829597,0.0,0.0,0.0,1.0,0.0,1.0
TAO_TRAIN_GT_CONTROLLED_HELDOUT,policy_heldout,D1_SIMPLE_MLP,frozen_MLP,1029,seed1028,4,0.75,0.7246376811594203,0.0,0.0,0.672645739910314,0.0,0.0,0.0,1.0,0.0,1.0
TAO_TRAIN_GT_CONTROLLED_HELDOUT,policy_heldout,D1_SIMPLE_MLP,frozen_MLP,1029,seed1028,8,0.75,0.7681159420289855,0.0,0.0,0.7130044843049327,0.0,0.0,0.0,1.0,0.0,1.0
TAO_TRAIN_GT_CONTROLLED_HELDOUT,policy_heldout,D1_SIMPLE_MLP,frozen_MLP,1029,seed1028,16,0.75,0.782608695652174,0.0,0.0,0.726457399103139,0.0,0.0,0.0,1.0,0.0,1.0
TAO_TRAIN_GT_CONTROLLED_HELDOUT,policy_heldout,D1_SIMPLE_MLP,frozen_MLP,1029,seed1029,1,0.75,0.6328502415458938,0.0,0.0,0.5874439461883408,0.0,0.0,0.0,1.0,0.0,1.0
TAO_TRAIN_GT_CONTROLLED_HELDOUT,policy_heldout,D1_SIMPLE_MLP,frozen_MLP,1029,seed1029,2,0.75,0.6763285024154589,0.0,0.0,0.6278026905829597,0.0,0.0,0.0,1.0,0.0,1.0
TAO_TRAIN_GT_CONTROLLED_HELDOUT,policy_heldout,D1_SIMPLE_MLP,frozen_MLP,1029,seed1029,4,0.75,0.7246376811594203,0.0,0.0,0.672645739910314,0.0,0.0,0.0,1.0,0.0,1.0
TAO_TRAIN_GT_CONTROLLED_HELDOUT,policy_heldout,D1_SIMPLE_MLP,frozen_MLP,1029,seed1029,8,0.75,0.7681159420289855,0.0,0.0,0.7130044843049327,0.0,0.0,0.0,1.0,0.0,1.0
TAO_TRAIN_GT_CONTROLLED_HELDOUT,policy_heldout,D1_SIMPLE_MLP,frozen_MLP,1029,seed1029,16,0.75,0.782608695652174,0.0,0.0,0.726457399103139,0.0,0.0,0.0,1.0,0.0,1.0
TAO_TRAIN_GT_CONTROLLED_HELDOUT,policy_heldout,D1_SIMPLE_MLP,frozen_MLP,1029,main,1,1.0,0.6328502415458938,0.0,0.0,0.5874439461883408,0.0,0.0,0.0,1.0,0.0,1.0
TAO_TRAIN_GT_CONTROLLED_HELDOUT,policy_heldout,D1_SIMPLE_MLP,frozen_MLP,1029,main,2,1.0,0.6763285024154589,0.0,0.0,0.6278026905829597,0.0,0.0,0.0,1.0,0.0,1.0
TAO_TRAIN_GT_CONTROLLED_HELDOUT,policy_heldout,D1_SIMPLE_MLP,frozen_MLP,1029,main,4,1.0,0.7246376811594203,0.0,0.0,0.672645739910314,0.0,0.0,0.0,1.0,0.0,1.0
TAO_TRAIN_GT_CONTROLLED_HELDOUT,policy_heldout,D1_SIMPLE_MLP,frozen_MLP,1029,main,8,1.0,0.7681159420289855,0.0,0.0,0.7130044843049327,0.0,0.0,0.0,1.0,0.0,1.0
TAO_TRAIN_GT_CONTROLLED_HELDOUT,policy_heldout,D1_SIMPLE_MLP,frozen_MLP,1029,main,16,1.0,0.782608695652174,0.0,0.0,0.726457399103139,0.0,0.0,0.0,1.0,0.0,1.0
TAO_TRAIN_GT_CONTROLLED_HELDOUT,policy_heldout,D1_SIMPLE_MLP,frozen_MLP,1029,seed1027,1,1.0,0.6328502415458938,0.0,0.0,0.5874439461883408,0.0,0.0,0.0,1.0,0.0,1.0
TAO_TRAIN_GT_CONTROLLED_HELDOUT,policy_heldout,D1_SIMPLE_MLP,frozen_MLP,1029,seed1027,2,1.0,0.6763285024154589,0.0,0.0,0.6278026905829597,0.0,0.0,0.0,1.0,0.0,1.0
TAO_TRAIN_GT_CONTROLLED_HELDOUT,policy_heldout,D1_SIMPLE_MLP,frozen_MLP,1029,seed1027,4,1.0,0.7246376811594203,0.0,0.0,0.672645739910314,0.0,0.0,0.0,1.0,0.0,1.0
TAO_TRAIN_GT_CONTROLLED_HELDOUT,policy_heldout,D1_SIMPLE_MLP,frozen_MLP,1029,seed1027,8,1.0,0.7681159420289855,0.0,0.0,0.7130044843049327,0.0,0.0,0.0,1.0,0.0,1.0
TAO_TRAIN_GT_CONTROLLED_HELDOUT,policy_heldout,D1_SIMPLE_MLP,frozen_MLP,1029,seed1027,16,1.0,0.782608695652174,0.0,0.0,0.726457399103139,0.0,0.0,0.0,1.0,0.0,1.0
TAO_TRAIN_GT_CONTROLLED_HELDOUT,policy_heldout,D1_SIMPLE_MLP,frozen_MLP,1029,seed1028,1,1.0,0.6328502415458938,0.0,0.0,0.5874439461883408,0.0,0.0,0.0,1.0,0.0,1.0
TAO_TRAIN_GT_CONTROLLED_HELDOUT,policy_heldout,D1_SIMPLE_MLP,frozen_MLP,1029,seed1028,2,1.0,0.6763285024154589,0.0,0.0,0.6278026905829597,0.0,0.0,0.0,1.0,0.0,1.0
TAO_TRAIN_GT_CONTROLLED_HELDOUT,policy_heldout,D1_SIMPLE_MLP,frozen_MLP,1029,seed1028,4,1.0,0.7246376811594203,0.0,0.0,0.672645739910314,0.0,0.0,0.0,1.0,0.0,1.0
TAO_TRAIN_GT_CONTROLLED_HELDOUT,policy_heldout,D1_SIMPLE_MLP,frozen_MLP,1029,seed1028,8,1.0,0.7681159420289855,0.0,0.0,0.7130044843049327,0.0,0.0,0.0,1.0,0.0,1.0
TAO_TRAIN_GT_CONTROLLED_HELDOUT,policy_heldout,D1_SIMPLE_MLP,frozen_MLP,1029,seed1028,16,1.0,0.782608695652174,0.0,0.0,0.726457399103139,0.0,0.0,0.0,1.0,0.0,1.0
TAO_TRAIN_GT_CONTROLLED_HELDOUT,policy_heldout,D1_SIMPLE_MLP,frozen_MLP,1029,seed1029,1,1.0,0.6328502415458938,0.0,0.0,0.5874439461883408,0.0,0.0,0.0,1.0,0.0,1.0
TAO_TRAIN_GT_CONTROLLED_HELDOUT,policy_heldout,D1_SIMPLE_MLP,frozen_MLP,1029,seed1029,2,1.0,0.6763285024154589,0.0,0.0,0.6278026905829597,0.0,0.0,0.0,1.0,0.0,1.0
TAO_TRAIN_GT_CONTROLLED_HELDOUT,policy_heldout,D1_SIMPLE_MLP,frozen_MLP,1029,seed1029,4,1.0,0.7246376811594203,0.0,0.0,0.672645739910314,0.0,0.0,0.0,1.0,0.0,1.0
TAO_TRAIN_GT_CONTROLLED_HELDOUT,policy_heldout,D1_SIMPLE_MLP,frozen_MLP,1029,seed1029,8,1.0,0.7681159420289855,0.0,0.0,0.7130044843049327,0.0,0.0,0.0,1.0,0.0,1.0
TAO_TRAIN_GT_CONTROLLED_HELDOUT,policy_heldout,D1_SIMPLE_MLP,frozen_MLP,1029,seed1029,16,1.0,0.782608695652174,0.0,0.0,0.726457399103139,0.0,0.0,0.0,1.0,0.0,1.0
TAO_TRAIN_GT_CONTROLLED_HELDOUT,policy_heldout,D2_RISK_AWARE,frozen_MLP,1029,main,1,0.5,0.6328502415458938,0.0,0.0,0.5874439461883408,0.0,0.0,0.0,1.0,0.0,1.0
TAO_TRAIN_GT_CONTROLLED_HELDOUT,policy_heldout,D2_RISK_AWARE,frozen_MLP,1029,main,2,0.5,0.6763285024154589,0.0,0.0,0.6278026905829597,0.0,0.0,0.0,1.0,0.0,1.0
TAO_TRAIN_GT_CONTROLLED_HELDOUT,policy_heldout,D2_RISK_AWARE,frozen_MLP,1029,main,4,0.5,0.7246376811594203,0.0,0.0,0.672645739910314,0.0,0.0,0.0,1.0,0.0,1.0
TAO_TRAIN_GT_CONTROLLED_HELDOUT,policy_heldout,D2_RISK_AWARE,frozen_MLP,1029,main,8,0.5,0.7681159420289855,0.0,0.0,0.7130044843049327,0.0,0.0,0.0,1.0,0.0,1.0
TAO_TRAIN_GT_CONTROLLED_HELDOUT,policy_heldout,D2_RISK_AWARE,frozen_MLP,1029,main,16,0.5,0.782608695652174,0.0,0.0,0.726457399103139,0.0,0.0,0.0,1.0,0.0,1.0
TAO_TRAIN_GT_CONTROLLED_HELDOUT,policy_heldout,D2_RISK_AWARE,frozen_MLP,1029,seed1027,1,0.5,0.6328502415458938,0.0,0.0,0.5874439461883408,0.0,0.0,0.0,1.0,0.0,1.0
TAO_TRAIN_GT_CONTROLLED_HELDOUT,policy_heldout,D2_RISK_AWARE,frozen_MLP,1029,seed1027,2,0.5,0.6763285024154589,0.0,0.0,0.6278026905829597,0.0,0.0,0.0,1.0,0.0,1.0
TAO_TRAIN_GT_CONTROLLED_HELDOUT,policy_heldout,D2_RISK_AWARE,frozen_MLP,1029,seed1027,4,0.5,0.7246376811594203,0.0,0.0,0.672645739910314,0.0,0.0,0.0,1.0,0.0,1.0
TAO_TRAIN_GT_CONTROLLED_HELDOUT,policy_heldout,D2_RISK_AWARE,frozen_MLP,1029,seed1027,8,0.5,0.7681159420289855,0.0,0.0,0.7130044843049327,0.0,0.0,0.0,1.0,0.0,1.0
TAO_TRAIN_GT_CONTROLLED_HELDOUT,policy_heldout,D2_RISK_AWARE,frozen_MLP,1029,seed1027,16,0.5,0.782608695652174,0.0,0.0,0.726457399103139,0.0,0.0,0.0,1.0,0.0,1.0
TAO_TRAIN_GT_CONTROLLED_HELDOUT,policy_heldout,D2_RISK_AWARE,frozen_MLP,1029,seed1028,1,0.5,0.6328502415458938,0.0,0.0,0.5874439461883408,0.0,0.0,0.0,1.0,0.0,1.0
TAO_TRAIN_GT_CONTROLLED_HELDOUT,policy_heldout,D2_RISK_AWARE,frozen_MLP,1029,seed1028,2,0.5,0.6763285024154589,0.0,0.0,0.6278026905829597,0.0,0.0,0.0,1.0,0.0,1.0
TAO_TRAIN_GT_CONTROLLED_HELDOUT,policy_heldout,D2_RISK_AWARE,frozen_MLP,1029,seed1028,4,0.5,0.7246376811594203,0.0,0.0,0.672645739910314,0.0,0.0,0.0,1.0,0.0,1.0
TAO_TRAIN_GT_CONTROLLED_HELDOUT,policy_heldout,D2_RISK_AWARE,frozen_MLP,1029,seed1028,8,0.5,0.7681159420289855,0.0,0.0,0.7130044843049327,0.0,0.0,0.0,1.0,0.0,1.0
TAO_TRAIN_GT_CONTROLLED_HELDOUT,policy_heldout,D2_RISK_AWARE,frozen_MLP,1029,seed1028,16,0.5,0.782608695652174,0.0,0.0,0.726457399103139,0.0,0.0,0.0,1.0,0.0,1.0
TAO_TRAIN_GT_CONTROLLED_HELDOUT,policy_heldout,D2_RISK_AWARE,frozen_MLP,1029,seed1029,1,0.5,0.6328502415458938,0.0,0.0,0.5874439461883408,0.0,0.0,0.0,1.0,0.0,1.0
TAO_TRAIN_GT_CONTROLLED_HELDOUT,policy_heldout,D2_RISK_AWARE,frozen_MLP,1029,seed1029,2,0.5,0.6763285024154589,0.0,0.0,0.6278026905829597,0.0,0.0,0.0,1.0,0.0,1.0
TAO_TRAIN_GT_CONTROLLED_HELDOUT,policy_heldout,D2_RISK_AWARE,frozen_MLP,1029,seed1029,4,0.5,0.7246376811594203,0.0,0.0,0.672645739910314,0.0,0.0,0.0,1.0,0.0,1.0
TAO_TRAIN_GT_CONTROLLED_HELDOUT,policy_heldout,D2_RISK_AWARE,frozen_MLP,1029,seed1029,8,0.5,0.7681159420289855,0.0,0.0,0.7130044843049327,0.0,0.0,0.0,1.0,0.0,1.0
TAO_TRAIN_GT_CONTROLLED_HELDOUT,policy_heldout,D2_RISK_AWARE,frozen_MLP,1029,seed1029,16,0.5,0.782608695652174,0.0,0.0,0.726457399103139,0.0,0.0,0.0,1.0,0.0,1.0
TAO_TRAIN_GT_CONTROLLED_HELDOUT,policy_heldout,D2_RISK_AWARE,frozen_MLP,1029,main,1,0.75,0.6328502415458938,0.0,0.0,0.5874439461883408,0.0,0.0,0.0,1.0,0.0,1.0
TAO_TRAIN_GT_CONTROLLED_HELDOUT,policy_heldout,D2_RISK_AWARE,frozen_MLP,1029,main,2,0.75,0.6763285024154589,0.0,0.0,0.6278026905829597,0.0,0.0,0.0,1.0,0.0,1.0
TAO_TRAIN_GT_CONTROLLED_HELDOUT,policy_heldout,D2_RISK_AWARE,frozen_MLP,1029,main,4,0.75,0.7246376811594203,0.0,0.0,0.672645739910314,0.0,0.0,0.0,1.0,0.0,1.0
TAO_TRAIN_GT_CONTROLLED_HELDOUT,policy_heldout,D2_RISK_AWARE,frozen_MLP,1029,main,8,0.75,0.7681159420289855,0.0,0.0,0.7130044843049327,0.0,0.0,0.0,1.0,0.0,1.0
TAO_TRAIN_GT_CONTROLLED_HELDOUT,policy_heldout,D2_RISK_AWARE,frozen_MLP,1029,main,16,0.75,0.782608695652174,0.0,0.0,0.726457399103139,0.0,0.0,0.0,1.0,0.0,1.0
TAO_TRAIN_GT_CONTROLLED_HELDOUT,policy_heldout,D2_RISK_AWARE,frozen_MLP,1029,seed1027,1,0.75,0.6328502415458938,0.0,0.0,0.5874439461883408,0.0,0.0,0.0,1.0,0.0,1.0
TAO_TRAIN_GT_CONTROLLED_HELDOUT,policy_heldout,D2_RISK_AWARE,frozen_MLP,1029,seed1027,2,0.75,0.6763285024154589,0.0,0.0,0.6278026905829597,0.0,0.0,0.0,1.0,0.0,1.0
TAO_TRAIN_GT_CONTROLLED_HELDOUT,policy_heldout,D2_RISK_AWARE,frozen_MLP,1029,seed1027,4,0.75,0.7246376811594203,0.0,0.0,0.672645739910314,0.0,0.0,0.0,1.0,0.0,1.0
TAO_TRAIN_GT_CONTROLLED_HELDOUT,policy_heldout,D2_RISK_AWARE,frozen_MLP,1029,seed1027,8,0.75,0.7681159420289855,0.0,0.0,0.7130044843049327,0.0,0.0,0.0,1.0,0.0,1.0
TAO_TRAIN_GT_CONTROLLED_HELDOUT,policy_heldout,D2_RISK_AWARE,frozen_MLP,1029,seed1027,16,0.75,0.782608695652174,0.0,0.0,0.726457399103139,0.0,0.0,0.0,1.0,0.0,1.0
TAO_TRAIN_GT_CONTROLLED_HELDOUT,policy_heldout,D2_RISK_AWARE,frozen_MLP,1029,seed1028,1,0.75,0.6328502415458938,0.0,0.0,0.5874439461883408,0.0,0.0,0.0,1.0,0.0,1.0
TAO_TRAIN_GT_CONTROLLED_HELDOUT,policy_heldout,D2_RISK_AWARE,frozen_MLP,1029,seed1028,2,0.75,0.6763285024154589,0.0,0.0,0.6278026905829597,0.0,0.0,0.0,1.0,0.0,1.0
TAO_TRAIN_GT_CONTROLLED_HELDOUT,policy_heldout,D2_RISK_AWARE,frozen_MLP,1029,seed1028,4,0.75,0.7246376811594203,0.0,0.0,0.672645739910314,0.0,0.0,0.0,1.0,0.0,1.0
TAO_TRAIN_GT_CONTROLLED_HELDOUT,policy_heldout,D2_RISK_AWARE,frozen_MLP,1029,seed1028,8,0.75,0.7681159420289855,0.0,0.0,0.7130044843049327,0.0,0.0,0.0,1.0,0.0,1.0
TAO_TRAIN_GT_CONTROLLED_HELDOUT,policy_heldout,D2_RISK_AWARE,frozen_MLP,1029,seed1028,16,0.75,0.782608695652174,0.0,0.0,0.726457399103139,0.0,0.0,0.0,1.0,0.0,1.0
TAO_TRAIN_GT_CONTROLLED_HELDOUT,policy_heldout,D2_RISK_AWARE,frozen_MLP,1029,seed1029,1,0.75,0.6328502415458938,0.0,0.0,0.5874439461883408,0.0,0.0,0.0,1.0,0.0,1.0
TAO_TRAIN_GT_CONTROLLED_HELDOUT,policy_heldout,D2_RISK_AWARE,frozen_MLP,1029,seed1029,2,0.75,0.6763285024154589,0.0,0.0,0.6278026905829597,0.0,0.0,0.0,1.0,0.0,1.0
TAO_TRAIN_GT_CONTROLLED_HELDOUT,policy_heldout,D2_RISK_AWARE,frozen_MLP,1029,seed1029,4,0.75,0.7246376811594203,0.0,0.0,0.672645739910314,0.0,0.0,0.0,1.0,0.0,1.0
TAO_TRAIN_GT_CONTROLLED_HELDOUT,policy_heldout,D2_RISK_AWARE,frozen_MLP,1029,seed1029,8,0.75,0.7681159420289855,0.0,0.0,0.7130044843049327,0.0,0.0,0.0,1.0,0.0,1.0
TAO_TRAIN_GT_CONTROLLED_HELDOUT,policy_heldout,D2_RISK_AWARE,frozen_MLP,1029,seed1029,16,0.75,0.782608695652174,0.0,0.0,0.726457399103139,0.0,0.0,0.0,1.0,0.0,1.0
TAO_TRAIN_GT_CONTROLLED_HELDOUT,policy_heldout,D2_RISK_AWARE,frozen_MLP,1029,main,1,1.0,0.6328502415458938,0.0,0.0,0.5874439461883408,0.0,0.0,0.0,1.0,0.0,1.0
TAO_TRAIN_GT_CONTROLLED_HELDOUT,policy_heldout,D2_RISK_AWARE,frozen_MLP,1029,main,2,1.0,0.6763285024154589,0.0,0.0,0.6278026905829597,0.0,0.0,0.0,1.0,0.0,1.0
TAO_TRAIN_GT_CONTROLLED_HELDOUT,policy_heldout,D2_RISK_AWARE,frozen_MLP,1029,main,4,1.0,0.7246376811594203,0.0,0.0,0.672645739910314,0.0,0.0,0.0,1.0,0.0,1.0
TAO_TRAIN_GT_CONTROLLED_HELDOUT,policy_heldout,D2_RISK_AWARE,frozen_MLP,1029,main,8,1.0,0.7681159420289855,0.0,0.0,0.7130044843049327,0.0,0.0,0.0,1.0,0.0,1.0
TAO_TRAIN_GT_CONTROLLED_HELDOUT,policy_heldout,D2_RISK_AWARE,frozen_MLP,1029,main,16,1.0,0.782608695652174,0.0,0.0,0.726457399103139,0.0,0.0,0.0,1.0,0.0,1.0
TAO_TRAIN_GT_CONTROLLED_HELDOUT,policy_heldout,D2_RISK_AWARE,frozen_MLP,1029,seed1027,1,1.0,0.6328502415458938,0.0,0.0,0.5874439461883408,0.0,0.0,0.0,1.0,0.0,1.0
TAO_TRAIN_GT_CONTROLLED_HELDOUT,policy_heldout,D2_RISK_AWARE,frozen_MLP,1029,seed1027,2,1.0,0.6763285024154589,0.0,0.0,0.6278026905829597,0.0,0.0,0.0,1.0,0.0,1.0
TAO_TRAIN_GT_CONTROLLED_HELDOUT,policy_heldout,D2_RISK_AWARE,frozen_MLP,1029,seed1027,4,1.0,0.7246376811594203,0.0,0.0,0.672645739910314,0.0,0.0,0.0,1.0,0.0,1.0
TAO_TRAIN_GT_CONTROLLED_HELDOUT,policy_heldout,D2_RISK_AWARE,frozen_MLP,1029,seed1027,8,1.0,0.7681159420289855,0.0,0.0,0.7130044843049327,0.0,0.0,0.0,1.0,0.0,1.0
TAO_TRAIN_GT_CONTROLLED_HELDOUT,policy_heldout,D2_RISK_AWARE,frozen_MLP,1029,seed1027,16,1.0,0.782608695652174,0.0,0.0,0.726457399103139,0.0,0.0,0.0,1.0,0.0,1.0
TAO_TRAIN_GT_CONTROLLED_HELDOUT,policy_heldout,D2_RISK_AWARE,frozen_MLP,1029,seed1028,1,1.0,0.6328502415458938,0.0,0.0,0.5874439461883408,0.0,0.0,0.0,1.0,0.0,1.0
TAO_TRAIN_GT_CONTROLLED_HELDOUT,policy_heldout,D2_RISK_AWARE,frozen_MLP,1029,seed1028,2,1.0,0.6763285024154589,0.0,0.0,0.6278026905829597,0.0,0.0,0.0,1.0,0.0,1.0
TAO_TRAIN_GT_CONTROLLED_HELDOUT,policy_heldout,D2_RISK_AWARE,frozen_MLP,1029,seed1028,4,1.0,0.7246376811594203,0.0,0.0,0.672645739910314,0.0,0.0,0.0,1.0,0.0,1.0
TAO_TRAIN_GT_CONTROLLED_HELDOUT,policy_heldout,D2_RISK_AWARE,frozen_MLP,1029,seed1028,8,1.0,0.7681159420289855,0.0,0.0,0.7130044843049327,0.0,0.0,0.0,1.0,0.0,1.0
TAO_TRAIN_GT_CONTROLLED_HELDOUT,policy_heldout,D2_RISK_AWARE,frozen_MLP,1029,seed1028,16,1.0,0.782608695652174,0.0,0.0,0.726457399103139,0.0,0.0,0.0,1.0,0.0,1.0
TAO_TRAIN_GT_CONTROLLED_HELDOUT,policy_heldout,D2_RISK_AWARE,frozen_MLP,1029,seed1029,1,1.0,0.6328502415458938,0.0,0.0,0.5874439461883408,0.0,0.0,0.0,1.0,0.0,1.0
TAO_TRAIN_GT_CONTROLLED_HELDOUT,policy_heldout,D2_RISK_AWARE,frozen_MLP,1029,seed1029,2,1.0,0.6763285024154589,0.0,0.0,0.6278026905829597,0.0,0.0,0.0,1.0,0.0,1.0
TAO_TRAIN_GT_CONTROLLED_HELDOUT,policy_heldout,D2_RISK_AWARE,frozen_MLP,1029,seed1029,4,1.0,0.7246376811594203,0.0,0.0,0.672645739910314,0.0,0.0,0.0,1.0,0.0,1.0
TAO_TRAIN_GT_CONTROLLED_HELDOUT,policy_heldout,D2_RISK_AWARE,frozen_MLP,1029,seed1029,8,1.0,0.7681159420289855,0.0,0.0,0.7130044843049327,0.0,0.0,0.0,1.0,0.0,1.0
TAO_TRAIN_GT_CONTROLLED_HELDOUT,policy_heldout,D2_RISK_AWARE,frozen_MLP,1029,seed1029,16,1.0,0.782608695652174,0.0,0.0,0.726457399103139,0.0,0.0,0.0,1.0,0.0,1.0
TAO_TRAIN_GT_CONTROLLED_HELDOUT,policy_heldout,WITHOUT_ADAPTER,frozen_MLP,1029,main,1,0.5,0.6038647342995169,0.0,0.0,0.5605381165919282,0.0,0.0,0.0,1.0,0.0,1.0
TAO_TRAIN_GT_CONTROLLED_HELDOUT,policy_heldout,WITHOUT_ADAPTER,frozen_MLP,1029,main,2,0.5,0.0821256038647343,0.625,0.14517506404782238,0.1210762331838565,0.0,1.0,0.0,0.0,0.0,1.0
TAO_TRAIN_GT_CONTROLLED_HELDOUT,policy_heldout,WITHOUT_ADAPTER,frozen_MLP,1029,main,4,0.5,0.004830917874396135,0.625,0.009587727708533077,0.04932735426008968,0.0,1.0,0.0,0.0,0.0,1.0
TAO_TRAIN_GT_CONTROLLED_HELDOUT,policy_heldout,WITHOUT_ADAPTER,frozen_MLP,1029,main,8,0.5,0.0,0.625,0.0,0.04484304932735426,0.0,1.0,0.0,0.0,0.0,1.0
TAO_TRAIN_GT_CONTROLLED_HELDOUT,policy_heldout,WITHOUT_ADAPTER,frozen_MLP,1029,main,16,0.5,0.0,0.625,0.0,0.04484304932735426,0.0,1.0,0.0,0.0,0.0,1.0
TAO_TRAIN_GT_CONTROLLED_HELDOUT,policy_heldout,WITHOUT_ADAPTER,frozen_MLP,1029,seed1027,1,0.5,0.6038647342995169,0.0,0.0,0.5605381165919282,0.0,0.0,0.0,1.0,0.0,1.0
TAO_TRAIN_GT_CONTROLLED_HELDOUT,policy_heldout,WITHOUT_ADAPTER,frozen_MLP,1029,seed1027,2,0.5,0.07729468599033816,0.625,0.13757523645743766,0.11659192825112108,0.0,1.0,0.0,0.0,0.0,1.0
TAO_TRAIN_GT_CONTROLLED_HELDOUT,policy_heldout,WITHOUT_ADAPTER,frozen_MLP,1029,seed1027,4,0.5,0.014492753623188406,0.625,0.028328611898017,0.05829596412556054,0.0,1.0,0.0,0.0,0.0,1.0
TAO_TRAIN_GT_CONTROLLED_HELDOUT,policy_heldout,WITHOUT_ADAPTER,frozen_MLP,1029,seed1027,8,0.5,0.0,0.625,0.0,0.04484304932735426,0.0,1.0,0.0,0.0,0.0,1.0
TAO_TRAIN_GT_CONTROLLED_HELDOUT,policy_heldout,WITHOUT_ADAPTER,frozen_MLP,1029,seed1027,16,0.5,0.0,0.625,0.0,0.04484304932735426,0.0,1.0,0.0,0.0,0.0,1.0
TAO_TRAIN_GT_CONTROLLED_HELDOUT,policy_heldout,WITHOUT_ADAPTER,frozen_MLP,1029,seed1028,1,0.5,0.6038647342995169,0.0,0.0,0.5605381165919282,0.0,0.0,0.0,1.0,0.0,1.0
TAO_TRAIN_GT_CONTROLLED_HELDOUT,policy_heldout,WITHOUT_ADAPTER,frozen_MLP,1029,seed1028,2,0.5,0.04830917874396135,0.625,0.08968609865470852,0.08968609865470852,0.0,1.0,0.0,0.0,0.0,1.0
TAO_TRAIN_GT_CONTROLLED_HELDOUT,policy_heldout,WITHOUT_ADAPTER,frozen_MLP,1029,seed1028,4,0.5,0.0,0.625,0.0,0.04484304932735426,0.0,1.0,0.0,0.0,0.0,1.0
TAO_TRAIN_GT_CONTROLLED_HELDOUT,policy_heldout,WITHOUT_ADAPTER,frozen_MLP,1029,seed1028,8,0.5,0.0,0.625,0.0,0.04484304932735426,0.0,1.0,0.0,0.0,0.0,1.0
TAO_TRAIN_GT_CONTROLLED_HELDOUT,policy_heldout,WITHOUT_ADAPTER,frozen_MLP,1029,seed1028,16,0.5,0.0,0.625,0.0,0.04484304932735426,0.0,1.0,0.0,0.0,0.0,1.0
TAO_TRAIN_GT_CONTROLLED_HELDOUT,policy_heldout,WITHOUT_ADAPTER,frozen_MLP,1029,seed1029,1,0.5,0.6038647342995169,0.0,0.0,0.5605381165919282,0.0,0.0,0.0,1.0,0.0,1.0
TAO_TRAIN_GT_CONTROLLED_HELDOUT,policy_heldout,WITHOUT_ADAPTER,frozen_MLP,1029,seed1029,2,0.5,0.004830917874396135,0.625,0.009587727708533077,0.04932735426008968,0.0,1.0,0.0,0.0,0.0,1.0
TAO_TRAIN_GT_CONTROLLED_HELDOUT,policy_heldout,WITHOUT_ADAPTER,frozen_MLP,1029,seed1029,4,0.5,0.0,0.625,0.0,0.04484304932735426,0.0,1.0,0.0,0.0,0.0,1.0
TAO_TRAIN_GT_CONTROLLED_HELDOUT,policy_heldout,WITHOUT_ADAPTER,frozen_MLP,1029,seed1029,8,0.5,0.0,0.625,0.0,0.04484304932735426,0.0,1.0,0.0,0.0,0.0,1.0
TAO_TRAIN_GT_CONTROLLED_HELDOUT,policy_heldout,WITHOUT_ADAPTER,frozen_MLP,1029,seed1029,16,0.5,0.0,0.625,0.0,0.04484304932735426,0.0,1.0,0.0,0.0,0.0,1.0
TAO_TRAIN_GT_CONTROLLED_HELDOUT,policy_heldout,WITHOUT_ADAPTER,frozen_MLP,1029,main,1,0.75,0.6038647342995169,0.0,0.0,0.5605381165919282,0.0,0.0,0.0,1.0,0.0,1.0
TAO_TRAIN_GT_CONTROLLED_HELDOUT,policy_heldout,WITHOUT_ADAPTER,frozen_MLP,1029,main,2,0.75,0.0821256038647343,0.625,0.14517506404782238,0.1210762331838565,0.0,1.0,0.0,0.0,0.0,1.0
TAO_TRAIN_GT_CONTROLLED_HELDOUT,policy_heldout,WITHOUT_ADAPTER,frozen_MLP,1029,main,4,0.75,0.004830917874396135,0.625,0.009587727708533077,0.04932735426008968,0.0,1.0,0.0,0.0,0.0,1.0
TAO_TRAIN_GT_CONTROLLED_HELDOUT,policy_heldout,WITHOUT_ADAPTER,frozen_MLP,1029,main,8,0.75,0.0,0.625,0.0,0.04484304932735426,0.0,1.0,0.0,0.0,0.0,1.0
TAO_TRAIN_GT_CONTROLLED_HELDOUT,policy_heldout,WITHOUT_ADAPTER,frozen_MLP,1029,main,16,0.75,0.0,0.625,0.0,0.04484304932735426,0.0,1.0,0.0,0.0,0.0,1.0
TAO_TRAIN_GT_CONTROLLED_HELDOUT,policy_heldout,WITHOUT_ADAPTER,frozen_MLP,1029,seed1027,1,0.75,0.6038647342995169,0.0,0.0,0.5605381165919282,0.0,0.0,0.0,1.0,0.0,1.0
TAO_TRAIN_GT_CONTROLLED_HELDOUT,policy_heldout,WITHOUT_ADAPTER,frozen_MLP,1029,seed1027,2,0.75,0.07729468599033816,0.625,0.13757523645743766,0.11659192825112108,0.0,1.0,0.0,0.0,0.0,1.0
TAO_TRAIN_GT_CONTROLLED_HELDOUT,policy_heldout,WITHOUT_ADAPTER,frozen_MLP,1029,seed1027,4,0.75,0.014492753623188406,0.625,0.028328611898017,0.05829596412556054,0.0,1.0,0.0,0.0,0.0,1.0
TAO_TRAIN_GT_CONTROLLED_HELDOUT,policy_heldout,WITHOUT_ADAPTER,frozen_MLP,1029,seed1027,8,0.75,0.0,0.625,0.0,0.04484304932735426,0.0,1.0,0.0,0.0,0.0,1.0
TAO_TRAIN_GT_CONTROLLED_HELDOUT,policy_heldout,WITHOUT_ADAPTER,frozen_MLP,1029,seed1027,16,0.75,0.0,0.625,0.0,0.04484304932735426,0.0,1.0,0.0,0.0,0.0,1.0
TAO_TRAIN_GT_CONTROLLED_HELDOUT,policy_heldout,WITHOUT_ADAPTER,frozen_MLP,1029,seed1028,1,0.75,0.6038647342995169,0.0,0.0,0.5605381165919282,0.0,0.0,0.0,1.0,0.0,1.0
TAO_TRAIN_GT_CONTROLLED_HELDOUT,policy_heldout,WITHOUT_ADAPTER,frozen_MLP,1029,seed1028,2,0.75,0.04830917874396135,0.625,0.08968609865470852,0.08968609865470852,0.0,1.0,0.0,0.0,0.0,1.0
TAO_TRAIN_GT_CONTROLLED_HELDOUT,policy_heldout,WITHOUT_ADAPTER,frozen_MLP,1029,seed1028,4,0.75,0.0,0.625,0.0,0.04484304932735426,0.0,1.0,0.0,0.0,0.0,1.0
TAO_TRAIN_GT_CONTROLLED_HELDOUT,policy_heldout,WITHOUT_ADAPTER,frozen_MLP,1029,seed1028,8,0.75,0.0,0.625,0.0,0.04484304932735426,0.0,1.0,0.0,0.0,0.0,1.0
TAO_TRAIN_GT_CONTROLLED_HELDOUT,policy_heldout,WITHOUT_ADAPTER,frozen_MLP,1029,seed1028,16,0.75,0.0,0.625,0.0,0.04484304932735426,0.0,1.0,0.0,0.0,0.0,1.0
TAO_TRAIN_GT_CONTROLLED_HELDOUT,policy_heldout,WITHOUT_ADAPTER,frozen_MLP,1029,seed1029,1,0.75,0.6038647342995169,0.0,0.0,0.5605381165919282,0.0,0.0,0.0,1.0,0.0,1.0
TAO_TRAIN_GT_CONTROLLED_HELDOUT,policy_heldout,WITHOUT_ADAPTER,frozen_MLP,1029,seed1029,2,0.75,0.004830917874396135,0.625,0.009587727708533077,0.04932735426008968,0.0,1.0,0.0,0.0,0.0,1.0
TAO_TRAIN_GT_CONTROLLED_HELDOUT,policy_heldout,WITHOUT_ADAPTER,frozen_MLP,1029,seed1029,4,0.75,0.0,0.625,0.0,0.04484304932735426,0.0,1.0,0.0,0.0,0.0,1.0
TAO_TRAIN_GT_CONTROLLED_HELDOUT,policy_heldout,WITHOUT_ADAPTER,frozen_MLP,1029,seed1029,8,0.75,0.0,0.625,0.0,0.04484304932735426,0.0,1.0,0.0,0.0,0.0,1.0
TAO_TRAIN_GT_CONTROLLED_HELDOUT,policy_heldout,WITHOUT_ADAPTER,frozen_MLP,1029,seed1029,16,0.75,0.0,0.625,0.0,0.04484304932735426,0.0,1.0,0.0,0.0,0.0,1.0
TAO_TRAIN_GT_CONTROLLED_HELDOUT,policy_heldout,WITHOUT_ADAPTER,frozen_MLP,1029,main,1,1.0,0.6038647342995169,0.0,0.0,0.5605381165919282,0.0,0.0,0.0,1.0,0.0,1.0
TAO_TRAIN_GT_CONTROLLED_HELDOUT,policy_heldout,WITHOUT_ADAPTER,frozen_MLP,1029,main,2,1.0,0.0821256038647343,0.625,0.14517506404782238,0.1210762331838565,0.0,1.0,0.0,0.0,0.0,1.0
TAO_TRAIN_GT_CONTROLLED_HELDOUT,policy_heldout,WITHOUT_ADAPTER,frozen_MLP,1029,main,4,1.0,0.004830917874396135,0.625,0.009587727708533077,0.04932735426008968,0.0,1.0,0.0,0.0,0.0,1.0
TAO_TRAIN_GT_CONTROLLED_HELDOUT,policy_heldout,WITHOUT_ADAPTER,frozen_MLP,1029,main,8,1.0,0.0,0.625,0.0,0.04484304932735426,0.0,1.0,0.0,0.0,0.0,1.0
TAO_TRAIN_GT_CONTROLLED_HELDOUT,policy_heldout,WITHOUT_ADAPTER,frozen_MLP,1029,main,16,1.0,0.0,0.625,0.0,0.04484304932735426,0.0,1.0,0.0,0.0,0.0,1.0
TAO_TRAIN_GT_CONTROLLED_HELDOUT,policy_heldout,WITHOUT_ADAPTER,frozen_MLP,1029,seed1027,1,1.0,0.6038647342995169,0.0,0.0,0.5605381165919282,0.0,0.0,0.0,1.0,0.0,1.0
TAO_TRAIN_GT_CONTROLLED_HELDOUT,policy_heldout,WITHOUT_ADAPTER,frozen_MLP,1029,seed1027,2,1.0,0.07729468599033816,0.625,0.13757523645743766,0.11659192825112108,0.0,1.0,0.0,0.0,0.0,1.0
TAO_TRAIN_GT_CONTROLLED_HELDOUT,policy_heldout,WITHOUT_ADAPTER,frozen_MLP,1029,seed1027,4,1.0,0.014492753623188406,0.625,0.028328611898017,0.05829596412556054,0.0,1.0,0.0,0.0,0.0,1.0
TAO_TRAIN_GT_CONTROLLED_HELDOUT,policy_heldout,WITHOUT_ADAPTER,frozen_MLP,1029,seed1027,8,1.0,0.0,0.625,0.0,0.04484304932735426,0.0,1.0,0.0,0.0,0.0,1.0
TAO_TRAIN_GT_CONTROLLED_HELDOUT,policy_heldout,WITHOUT_ADAPTER,frozen_MLP,1029,seed1027,16,1.0,0.0,0.625,0.0,0.04484304932735426,0.0,1.0,0.0,0.0,0.0,1.0
TAO_TRAIN_GT_CONTROLLED_HELDOUT,policy_heldout,WITHOUT_ADAPTER,frozen_MLP,1029,seed1028,1,1.0,0.6038647342995169,0.0,0.0,0.5605381165919282,0.0,0.0,0.0,1.0,0.0,1.0
TAO_TRAIN_GT_CONTROLLED_HELDOUT,policy_heldout,WITHOUT_ADAPTER,frozen_MLP,1029,seed1028,2,1.0,0.04830917874396135,0.625,0.08968609865470852,0.08968609865470852,0.0,1.0,0.0,0.0,0.0,1.0
TAO_TRAIN_GT_CONTROLLED_HELDOUT,policy_heldout,WITHOUT_ADAPTER,frozen_MLP,1029,seed1028,4,1.0,0.0,0.625,0.0,0.04484304932735426,0.0,1.0,0.0,0.0,0.0,1.0
TAO_TRAIN_GT_CONTROLLED_HELDOUT,policy_heldout,WITHOUT_ADAPTER,frozen_MLP,1029,seed1028,8,1.0,0.0,0.625,0.0,0.04484304932735426,0.0,1.0,0.0,0.0,0.0,1.0
TAO_TRAIN_GT_CONTROLLED_HELDOUT,policy_heldout,WITHOUT_ADAPTER,frozen_MLP,1029,seed1028,16,1.0,0.0,0.625,0.0,0.04484304932735426,0.0,1.0,0.0,0.0,0.0,1.0
TAO_TRAIN_GT_CONTROLLED_HELDOUT,policy_heldout,WITHOUT_ADAPTER,frozen_MLP,1029,seed1029,1,1.0,0.6038647342995169,0.0,0.0,0.5605381165919282,0.0,0.0,0.0,1.0,0.0,1.0
TAO_TRAIN_GT_CONTROLLED_HELDOUT,policy_heldout,WITHOUT_ADAPTER,frozen_MLP,1029,seed1029,2,1.0,0.004830917874396135,0.625,0.009587727708533077,0.04932735426008968,0.0,1.0,0.0,0.0,0.0,1.0
TAO_TRAIN_GT_CONTROLLED_HELDOUT,policy_heldout,WITHOUT_ADAPTER,frozen_MLP,1029,seed1029,4,1.0,0.0,0.625,0.0,0.04484304932735426,0.0,1.0,0.0,0.0,0.0,1.0
TAO_TRAIN_GT_CONTROLLED_HELDOUT,policy_heldout,WITHOUT_ADAPTER,frozen_MLP,1029,seed1029,8,1.0,0.0,0.625,0.0,0.04484304932735426,0.0,1.0,0.0,0.0,0.0,1.0
TAO_TRAIN_GT_CONTROLLED_HELDOUT,policy_heldout,WITHOUT_ADAPTER,frozen_MLP,1029,seed1029,16,1.0,0.0,0.625,0.0,0.04484304932735426,0.0,1.0,0.0,0.0,0.0,1.0
TAO_TRAIN_GT_CONTROLLED_HELDOUT,policy_heldout,WITHOUT_TEMPORAL,frozen_MLP,1029,main,1,0.5,0.6328502415458938,0.0,0.0,0.5874439461883408,0.0,0.0,0.0,1.0,0.0,1.0
TAO_TRAIN_GT_CONTROLLED_HELDOUT,policy_heldout,WITHOUT_TEMPORAL,frozen_MLP,1029,main,2,0.5,0.6763285024154589,0.0,0.0,0.6278026905829597,0.0,0.0,0.0,1.0,0.0,1.0
TAO_TRAIN_GT_CONTROLLED_HELDOUT,policy_heldout,WITHOUT_TEMPORAL,frozen_MLP,1029,main,4,0.5,0.7246376811594203,0.0,0.0,0.672645739910314,0.0,0.0,0.0,1.0,0.0,1.0
TAO_TRAIN_GT_CONTROLLED_HELDOUT,policy_heldout,WITHOUT_TEMPORAL,frozen_MLP,1029,main,8,0.5,0.7681159420289855,0.0,0.0,0.7130044843049327,0.0,0.0,0.0,1.0,0.0,1.0
TAO_TRAIN_GT_CONTROLLED_HELDOUT,policy_heldout,WITHOUT_TEMPORAL,frozen_MLP,1029,main,16,0.5,0.782608695652174,0.0,0.0,0.726457399103139,0.0,0.0,0.0,1.0,0.0,1.0
TAO_TRAIN_GT_CONTROLLED_HELDOUT,policy_heldout,WITHOUT_TEMPORAL,frozen_MLP,1029,seed1027,1,0.5,0.6328502415458938,0.0,0.0,0.5874439461883408,0.0,0.0,0.0,1.0,0.0,1.0
TAO_TRAIN_GT_CONTROLLED_HELDOUT,policy_heldout,WITHOUT_TEMPORAL,frozen_MLP,1029,seed1027,2,0.5,0.6763285024154589,0.0,0.0,0.6278026905829597,0.0,0.0,0.0,1.0,0.0,1.0
TAO_TRAIN_GT_CONTROLLED_HELDOUT,policy_heldout,WITHOUT_TEMPORAL,frozen_MLP,1029,seed1027,4,0.5,0.7246376811594203,0.0,0.0,0.672645739910314,0.0,0.0,0.0,1.0,0.0,1.0
TAO_TRAIN_GT_CONTROLLED_HELDOUT,policy_heldout,WITHOUT_TEMPORAL,frozen_MLP,1029,seed1027,8,0.5,0.7681159420289855,0.0,0.0,0.7130044843049327,0.0,0.0,0.0,1.0,0.0,1.0
TAO_TRAIN_GT_CONTROLLED_HELDOUT,policy_heldout,WITHOUT_TEMPORAL,frozen_MLP,1029,seed1027,16,0.5,0.782608695652174,0.0,0.0,0.726457399103139,0.0,0.0,0.0,1.0,0.0,1.0
TAO_TRAIN_GT_CONTROLLED_HELDOUT,policy_heldout,WITHOUT_TEMPORAL,frozen_MLP,1029,seed1028,1,0.5,0.6328502415458938,0.0,0.0,0.5874439461883408,0.0,0.0,0.0,1.0,0.0,1.0
TAO_TRAIN_GT_CONTROLLED_HELDOUT,policy_heldout,WITHOUT_TEMPORAL,frozen_MLP,1029,seed1028,2,0.5,0.6763285024154589,0.0,0.0,0.6278026905829597,0.0,0.0,0.0,1.0,0.0,1.0
TAO_TRAIN_GT_CONTROLLED_HELDOUT,policy_heldout,WITHOUT_TEMPORAL,frozen_MLP,1029,seed1028,4,0.5,0.7246376811594203,0.0,0.0,0.672645739910314,0.0,0.0,0.0,1.0,0.0,1.0
TAO_TRAIN_GT_CONTROLLED_HELDOUT,policy_heldout,WITHOUT_TEMPORAL,frozen_MLP,1029,seed1028,8,0.5,0.7681159420289855,0.0,0.0,0.7130044843049327,0.0,0.0,0.0,1.0,0.0,1.0
TAO_TRAIN_GT_CONTROLLED_HELDOUT,policy_heldout,WITHOUT_TEMPORAL,frozen_MLP,1029,seed1028,16,0.5,0.782608695652174,0.0,0.0,0.726457399103139,0.0,0.0,0.0,1.0,0.0,1.0
TAO_TRAIN_GT_CONTROLLED_HELDOUT,policy_heldout,WITHOUT_TEMPORAL,frozen_MLP,1029,seed1029,1,0.5,0.6328502415458938,0.0,0.0,0.5874439461883408,0.0,0.0,0.0,1.0,0.0,1.0
TAO_TRAIN_GT_CONTROLLED_HELDOUT,policy_heldout,WITHOUT_TEMPORAL,frozen_MLP,1029,seed1029,2,0.5,0.6763285024154589,0.0,0.0,0.6278026905829597,0.0,0.0,0.0,1.0,0.0,1.0
TAO_TRAIN_GT_CONTROLLED_HELDOUT,policy_heldout,WITHOUT_TEMPORAL,frozen_MLP,1029,seed1029,4,0.5,0.7246376811594203,0.0,0.0,0.672645739910314,0.0,0.0,0.0,1.0,0.0,1.0
TAO_TRAIN_GT_CONTROLLED_HELDOUT,policy_heldout,WITHOUT_TEMPORAL,frozen_MLP,1029,seed1029,8,0.5,0.7681159420289855,0.0,0.0,0.7130044843049327,0.0,0.0,0.0,1.0,0.0,1.0
TAO_TRAIN_GT_CONTROLLED_HELDOUT,policy_heldout,WITHOUT_TEMPORAL,frozen_MLP,1029,seed1029,16,0.5,0.782608695652174,0.0,0.0,0.726457399103139,0.0,0.0,0.0,1.0,0.0,1.0
TAO_TRAIN_GT_CONTROLLED_HELDOUT,policy_heldout,WITHOUT_TEMPORAL,frozen_MLP,1029,main,1,0.75,0.6328502415458938,0.0,0.0,0.5874439461883408,0.0,0.0,0.0,1.0,0.0,1.0
TAO_TRAIN_GT_CONTROLLED_HELDOUT,policy_heldout,WITHOUT_TEMPORAL,frozen_MLP,1029,main,2,0.75,0.6763285024154589,0.0,0.0,0.6278026905829597,0.0,0.0,0.0,1.0,0.0,1.0
TAO_TRAIN_GT_CONTROLLED_HELDOUT,policy_heldout,WITHOUT_TEMPORAL,frozen_MLP,1029,main,4,0.75,0.7246376811594203,0.0,0.0,0.672645739910314,0.0,0.0,0.0,1.0,0.0,1.0
TAO_TRAIN_GT_CONTROLLED_HELDOUT,policy_heldout,WITHOUT_TEMPORAL,frozen_MLP,1029,main,8,0.75,0.7681159420289855,0.0,0.0,0.7130044843049327,0.0,0.0,0.0,1.0,0.0,1.0
TAO_TRAIN_GT_CONTROLLED_HELDOUT,policy_heldout,WITHOUT_TEMPORAL,frozen_MLP,1029,main,16,0.75,0.782608695652174,0.0,0.0,0.726457399103139,0.0,0.0,0.0,1.0,0.0,1.0
TAO_TRAIN_GT_CONTROLLED_HELDOUT,policy_heldout,WITHOUT_TEMPORAL,frozen_MLP,1029,seed1027,1,0.75,0.6328502415458938,0.0,0.0,0.5874439461883408,0.0,0.0,0.0,1.0,0.0,1.0
TAO_TRAIN_GT_CONTROLLED_HELDOUT,policy_heldout,WITHOUT_TEMPORAL,frozen_MLP,1029,seed1027,2,0.75,0.6763285024154589,0.0,0.0,0.6278026905829597,0.0,0.0,0.0,1.0,0.0,1.0
TAO_TRAIN_GT_CONTROLLED_HELDOUT,policy_heldout,WITHOUT_TEMPORAL,frozen_MLP,1029,seed1027,4,0.75,0.7246376811594203,0.0,0.0,0.672645739910314,0.0,0.0,0.0,1.0,0.0,1.0
TAO_TRAIN_GT_CONTROLLED_HELDOUT,policy_heldout,WITHOUT_TEMPORAL,frozen_MLP,1029,seed1027,8,0.75,0.7681159420289855,0.0,0.0,0.7130044843049327,0.0,0.0,0.0,1.0,0.0,1.0
TAO_TRAIN_GT_CONTROLLED_HELDOUT,policy_heldout,WITHOUT_TEMPORAL,frozen_MLP,1029,seed1027,16,0.75,0.782608695652174,0.0,0.0,0.726457399103139,0.0,0.0,0.0,1.0,0.0,1.0
TAO_TRAIN_GT_CONTROLLED_HELDOUT,policy_heldout,WITHOUT_TEMPORAL,frozen_MLP,1029,seed1028,1,0.75,0.6328502415458938,0.0,0.0,0.5874439461883408,0.0,0.0,0.0,1.0,0.0,1.0
TAO_TRAIN_GT_CONTROLLED_HELDOUT,policy_heldout,WITHOUT_TEMPORAL,frozen_MLP,1029,seed1028,2,0.75,0.6763285024154589,0.0,0.0,0.6278026905829597,0.0,0.0,0.0,1.0,0.0,1.0
TAO_TRAIN_GT_CONTROLLED_HELDOUT,policy_heldout,WITHOUT_TEMPORAL,frozen_MLP,1029,seed1028,4,0.75,0.7246376811594203,0.0,0.0,0.672645739910314,0.0,0.0,0.0,1.0,0.0,1.0
TAO_TRAIN_GT_CONTROLLED_HELDOUT,policy_heldout,WITHOUT_TEMPORAL,frozen_MLP,1029,seed1028,8,0.75,0.7681159420289855,0.0,0.0,0.7130044843049327,0.0,0.0,0.0,1.0,0.0,1.0
TAO_TRAIN_GT_CONTROLLED_HELDOUT,policy_heldout,WITHOUT_TEMPORAL,frozen_MLP,1029,seed1028,16,0.75,0.782608695652174,0.0,0.0,0.726457399103139,0.0,0.0,0.0,1.0,0.0,1.0
TAO_TRAIN_GT_CONTROLLED_HELDOUT,policy_heldout,WITHOUT_TEMPORAL,frozen_MLP,1029,seed1029,1,0.75,0.6328502415458938,0.0,0.0,0.5874439461883408,0.0,0.0,0.0,1.0,0.0,1.0
TAO_TRAIN_GT_CONTROLLED_HELDOUT,policy_heldout,WITHOUT_TEMPORAL,frozen_MLP,1029,seed1029,2,0.75,0.6763285024154589,0.0,0.0,0.6278026905829597,0.0,0.0,0.0,1.0,0.0,1.0
TAO_TRAIN_GT_CONTROLLED_HELDOUT,policy_heldout,WITHOUT_TEMPORAL,frozen_MLP,1029,seed1029,4,0.75,0.7246376811594203,0.0,0.0,0.672645739910314,0.0,0.0,0.0,1.0,0.0,1.0
TAO_TRAIN_GT_CONTROLLED_HELDOUT,policy_heldout,WITHOUT_TEMPORAL,frozen_MLP,1029,seed1029,8,0.75,0.7681159420289855,0.0,0.0,0.7130044843049327,0.0,0.0,0.0,1.0,0.0,1.0
TAO_TRAIN_GT_CONTROLLED_HELDOUT,policy_heldout,WITHOUT_TEMPORAL,frozen_MLP,1029,seed1029,16,0.75,0.782608695652174,0.0,0.0,0.726457399103139,0.0,0.0,0.0,1.0,0.0,1.0
TAO_TRAIN_GT_CONTROLLED_HELDOUT,policy_heldout,WITHOUT_TEMPORAL,frozen_MLP,1029,main,1,1.0,0.6328502415458938,0.0,0.0,0.5874439461883408,0.0,0.0,0.0,1.0,0.0,1.0
TAO_TRAIN_GT_CONTROLLED_HELDOUT,policy_heldout,WITHOUT_TEMPORAL,frozen_MLP,1029,main,2,1.0,0.6763285024154589,0.0,0.0,0.6278026905829597,0.0,0.0,0.0,1.0,0.0,1.0
TAO_TRAIN_GT_CONTROLLED_HELDOUT,policy_heldout,WITHOUT_TEMPORAL,frozen_MLP,1029,main,4,1.0,0.7246376811594203,0.0,0.0,0.672645739910314,0.0,0.0,0.0,1.0,0.0,1.0
TAO_TRAIN_GT_CONTROLLED_HELDOUT,policy_heldout,WITHOUT_TEMPORAL,frozen_MLP,1029,main,8,1.0,0.7681159420289855,0.0,0.0,0.7130044843049327,0.0,0.0,0.0,1.0,0.0,1.0
TAO_TRAIN_GT_CONTROLLED_HELDOUT,policy_heldout,WITHOUT_TEMPORAL,frozen_MLP,1029,main,16,1.0,0.782608695652174,0.0,0.0,0.726457399103139,0.0,0.0,0.0,1.0,0.0,1.0
TAO_TRAIN_GT_CONTROLLED_HELDOUT,policy_heldout,WITHOUT_TEMPORAL,frozen_MLP,1029,seed1027,1,1.0,0.6328502415458938,0.0,0.0,0.5874439461883408,0.0,0.0,0.0,1.0,0.0,1.0
TAO_TRAIN_GT_CONTROLLED_HELDOUT,policy_heldout,WITHOUT_TEMPORAL,frozen_MLP,1029,seed1027,2,1.0,0.6763285024154589,0.0,0.0,0.6278026905829597,0.0,0.0,0.0,1.0,0.0,1.0
TAO_TRAIN_GT_CONTROLLED_HELDOUT,policy_heldout,WITHOUT_TEMPORAL,frozen_MLP,1029,seed1027,4,1.0,0.7246376811594203,0.0,0.0,0.672645739910314,0.0,0.0,0.0,1.0,0.0,1.0
TAO_TRAIN_GT_CONTROLLED_HELDOUT,policy_heldout,WITHOUT_TEMPORAL,frozen_MLP,1029,seed1027,8,1.0,0.7681159420289855,0.0,0.0,0.7130044843049327,0.0,0.0,0.0,1.0,0.0,1.0
TAO_TRAIN_GT_CONTROLLED_HELDOUT,policy_heldout,WITHOUT_TEMPORAL,frozen_MLP,1029,seed1027,16,1.0,0.782608695652174,0.0,0.0,0.726457399103139,0.0,0.0,0.0,1.0,0.0,1.0
TAO_TRAIN_GT_CONTROLLED_HELDOUT,policy_heldout,WITHOUT_TEMPORAL,frozen_MLP,1029,seed1028,1,1.0,0.6328502415458938,0.0,0.0,0.5874439461883408,0.0,0.0,0.0,1.0,0.0,1.0
TAO_TRAIN_GT_CONTROLLED_HELDOUT,policy_heldout,WITHOUT_TEMPORAL,frozen_MLP,1029,seed1028,2,1.0,0.6763285024154589,0.0,0.0,0.6278026905829597,0.0,0.0,0.0,1.0,0.0,1.0
TAO_TRAIN_GT_CONTROLLED_HELDOUT,policy_heldout,WITHOUT_TEMPORAL,frozen_MLP,1029,seed1028,4,1.0,0.7246376811594203,0.0,0.0,0.672645739910314,0.0,0.0,0.0,1.0,0.0,1.0
TAO_TRAIN_GT_CONTROLLED_HELDOUT,policy_heldout,WITHOUT_TEMPORAL,frozen_MLP,1029,seed1028,8,1.0,0.7681159420289855,0.0,0.0,0.7130044843049327,0.0,0.0,0.0,1.0,0.0,1.0
TAO_TRAIN_GT_CONTROLLED_HELDOUT,policy_heldout,WITHOUT_TEMPORAL,frozen_MLP,1029,seed1028,16,1.0,0.782608695652174,0.0,0.0,0.726457399103139,0.0,0.0,0.0,1.0,0.0,1.0
TAO_TRAIN_GT_CONTROLLED_HELDOUT,policy_heldout,WITHOUT_TEMPORAL,frozen_MLP,1029,seed1029,1,1.0,0.6328502415458938,0.0,0.0,0.5874439461883408,0.0,0.0,0.0,1.0,0.0,1.0
TAO_TRAIN_GT_CONTROLLED_HELDOUT,policy_heldout,WITHOUT_TEMPORAL,frozen_MLP,1029,seed1029,2,1.0,0.6763285024154589,0.0,0.0,0.6278026905829597,0.0,0.0,0.0,1.0,0.0,1.0
TAO_TRAIN_GT_CONTROLLED_HELDOUT,policy_heldout,WITHOUT_TEMPORAL,frozen_MLP,1029,seed1029,4,1.0,0.7246376811594203,0.0,0.0,0.672645739910314,0.0,0.0,0.0,1.0,0.0,1.0
TAO_TRAIN_GT_CONTROLLED_HELDOUT,policy_heldout,WITHOUT_TEMPORAL,frozen_MLP,1029,seed1029,8,1.0,0.7681159420289855,0.0,0.0,0.7130044843049327,0.0,0.0,0.0,1.0,0.0,1.0
TAO_TRAIN_GT_CONTROLLED_HELDOUT,policy_heldout,WITHOUT_TEMPORAL,frozen_MLP,1029,seed1029,16,1.0,0.782608695652174,0.0,0.0,0.726457399103139,0.0,0.0,0.0,1.0,0.0,1.0
TAO_TRAIN_GT_CONTROLLED_HELDOUT,policy_heldout,WITHOUT_RELIABILITY,frozen_MLP,1029,main,1,0.5,0.6231884057971014,0.0,0.0,0.57847533632287,0.0,0.0,0.0,1.0,0.0,1.0
TAO_TRAIN_GT_CONTROLLED_HELDOUT,policy_heldout,WITHOUT_RELIABILITY,frozen_MLP,1029,main,2,0.5,0.6859903381642513,0.0,0.0,0.6367713004484304,0.0,0.0,0.0,1.0,0.0,1.0
TAO_TRAIN_GT_CONTROLLED_HELDOUT,policy_heldout,WITHOUT_RELIABILITY,frozen_MLP,1029,main,4,0.5,0.7246376811594203,0.0,0.0,0.672645739910314,0.0,0.0,0.0,1.0,0.0,1.0
TAO_TRAIN_GT_CONTROLLED_HELDOUT,policy_heldout,WITHOUT_RELIABILITY,frozen_MLP,1029,main,8,0.5,0.7584541062801933,0.0,0.0,0.7040358744394619,0.0,0.0,0.0,1.0,0.0,1.0
TAO_TRAIN_GT_CONTROLLED_HELDOUT,policy_heldout,WITHOUT_RELIABILITY,frozen_MLP,1029,main,16,0.5,0.7874396135265701,0.0,0.0,0.7309417040358744,0.0,0.0,0.0,1.0,0.0,1.0
TAO_TRAIN_GT_CONTROLLED_HELDOUT,policy_heldout,WITHOUT_RELIABILITY,frozen_MLP,1029,seed1027,1,0.5,0.6231884057971014,0.0,0.0,0.57847533632287,0.0,0.0,0.0,1.0,0.0,1.0
TAO_TRAIN_GT_CONTROLLED_HELDOUT,policy_heldout,WITHOUT_RELIABILITY,frozen_MLP,1029,seed1027,2,0.5,0.6859903381642513,0.0,0.0,0.6367713004484304,0.0,0.0,0.0,1.0,0.0,1.0
TAO_TRAIN_GT_CONTROLLED_HELDOUT,policy_heldout,WITHOUT_RELIABILITY,frozen_MLP,1029,seed1027,4,0.5,0.7246376811594203,0.0,0.0,0.672645739910314,0.0,0.0,0.0,1.0,0.0,1.0
TAO_TRAIN_GT_CONTROLLED_HELDOUT,policy_heldout,WITHOUT_RELIABILITY,frozen_MLP,1029,seed1027,8,0.5,0.7584541062801933,0.0,0.0,0.7040358744394619,0.0,0.0,0.0,1.0,0.0,1.0
TAO_TRAIN_GT_CONTROLLED_HELDOUT,policy_heldout,WITHOUT_RELIABILITY,frozen_MLP,1029,seed1027,16,0.5,0.7874396135265701,0.0,0.0,0.7309417040358744,0.0,0.0,0.0,1.0,0.0,1.0
TAO_TRAIN_GT_CONTROLLED_HELDOUT,policy_heldout,WITHOUT_RELIABILITY,frozen_MLP,1029,seed1028,1,0.5,0.6231884057971014,0.0,0.0,0.57847533632287,0.0,0.0,0.0,1.0,0.0,1.0
TAO_TRAIN_GT_CONTROLLED_HELDOUT,policy_heldout,WITHOUT_RELIABILITY,frozen_MLP,1029,seed1028,2,0.5,0.6859903381642513,0.0,0.0,0.6367713004484304,0.0,0.0,0.0,1.0,0.0,1.0
TAO_TRAIN_GT_CONTROLLED_HELDOUT,policy_heldout,WITHOUT_RELIABILITY,frozen_MLP,1029,seed1028,4,0.5,0.7246376811594203,0.0,0.0,0.672645739910314,0.0,0.0,0.0,1.0,0.0,1.0
TAO_TRAIN_GT_CONTROLLED_HELDOUT,policy_heldout,WITHOUT_RELIABILITY,frozen_MLP,1029,seed1028,8,0.5,0.7584541062801933,0.0,0.0,0.7040358744394619,0.0,0.0,0.0,1.0,0.0,1.0
TAO_TRAIN_GT_CONTROLLED_HELDOUT,policy_heldout,WITHOUT_RELIABILITY,frozen_MLP,1029,seed1028,16,0.5,0.7874396135265701,0.0,0.0,0.7309417040358744,0.0,0.0,0.0,1.0,0.0,1.0
TAO_TRAIN_GT_CONTROLLED_HELDOUT,policy_heldout,WITHOUT_RELIABILITY,frozen_MLP,1029,seed1029,1,0.5,0.6231884057971014,0.0,0.0,0.57847533632287,0.0,0.0,0.0,1.0,0.0,1.0
TAO_TRAIN_GT_CONTROLLED_HELDOUT,policy_heldout,WITHOUT_RELIABILITY,frozen_MLP,1029,seed1029,2,0.5,0.6859903381642513,0.0,0.0,0.6367713004484304,0.0,0.0,0.0,1.0,0.0,1.0
TAO_TRAIN_GT_CONTROLLED_HELDOUT,policy_heldout,WITHOUT_RELIABILITY,frozen_MLP,1029,seed1029,4,0.5,0.7246376811594203,0.0,0.0,0.672645739910314,0.0,0.0,0.0,1.0,0.0,1.0
TAO_TRAIN_GT_CONTROLLED_HELDOUT,policy_heldout,WITHOUT_RELIABILITY,frozen_MLP,1029,seed1029,8,0.5,0.7584541062801933,0.0,0.0,0.7040358744394619,0.0,0.0,0.0,1.0,0.0,1.0
TAO_TRAIN_GT_CONTROLLED_HELDOUT,policy_heldout,WITHOUT_RELIABILITY,frozen_MLP,1029,seed1029,16,0.5,0.7874396135265701,0.0,0.0,0.7309417040358744,0.0,0.0,0.0,1.0,0.0,1.0
TAO_TRAIN_GT_CONTROLLED_HELDOUT,policy_heldout,WITHOUT_RELIABILITY,frozen_MLP,1029,main,1,0.75,0.6231884057971014,0.0,0.0,0.57847533632287,0.0,0.0,0.0,1.0,0.0,1.0
TAO_TRAIN_GT_CONTROLLED_HELDOUT,policy_heldout,WITHOUT_RELIABILITY,frozen_MLP,1029,main,2,0.75,0.6859903381642513,0.0,0.0,0.6367713004484304,0.0,0.0,0.0,1.0,0.0,1.0
TAO_TRAIN_GT_CONTROLLED_HELDOUT,policy_heldout,WITHOUT_RELIABILITY,frozen_MLP,1029,main,4,0.75,0.7246376811594203,0.0,0.0,0.672645739910314,0.0,0.0,0.0,1.0,0.0,1.0
TAO_TRAIN_GT_CONTROLLED_HELDOUT,policy_heldout,WITHOUT_RELIABILITY,frozen_MLP,1029,main,8,0.75,0.7584541062801933,0.0,0.0,0.7040358744394619,0.0,0.0,0.0,1.0,0.0,1.0
TAO_TRAIN_GT_CONTROLLED_HELDOUT,policy_heldout,WITHOUT_RELIABILITY,frozen_MLP,1029,main,16,0.75,0.7874396135265701,0.0,0.0,0.7309417040358744,0.0,0.0,0.0,1.0,0.0,1.0
TAO_TRAIN_GT_CONTROLLED_HELDOUT,policy_heldout,WITHOUT_RELIABILITY,frozen_MLP,1029,seed1027,1,0.75,0.6231884057971014,0.0,0.0,0.57847533632287,0.0,0.0,0.0,1.0,0.0,1.0
TAO_TRAIN_GT_CONTROLLED_HELDOUT,policy_heldout,WITHOUT_RELIABILITY,frozen_MLP,1029,seed1027,2,0.75,0.6859903381642513,0.0,0.0,0.6367713004484304,0.0,0.0,0.0,1.0,0.0,1.0
TAO_TRAIN_GT_CONTROLLED_HELDOUT,policy_heldout,WITHOUT_RELIABILITY,frozen_MLP,1029,seed1027,4,0.75,0.7246376811594203,0.0,0.0,0.672645739910314,0.0,0.0,0.0,1.0,0.0,1.0
TAO_TRAIN_GT_CONTROLLED_HELDOUT,policy_heldout,WITHOUT_RELIABILITY,frozen_MLP,1029,seed1027,8,0.75,0.7584541062801933,0.0,0.0,0.7040358744394619,0.0,0.0,0.0,1.0,0.0,1.0
TAO_TRAIN_GT_CONTROLLED_HELDOUT,policy_heldout,WITHOUT_RELIABILITY,frozen_MLP,1029,seed1027,16,0.75,0.7874396135265701,0.0,0.0,0.7309417040358744,0.0,0.0,0.0,1.0,0.0,1.0
TAO_TRAIN_GT_CONTROLLED_HELDOUT,policy_heldout,WITHOUT_RELIABILITY,frozen_MLP,1029,seed1028,1,0.75,0.6231884057971014,0.0,0.0,0.57847533632287,0.0,0.0,0.0,1.0,0.0,1.0
TAO_TRAIN_GT_CONTROLLED_HELDOUT,policy_heldout,WITHOUT_RELIABILITY,frozen_MLP,1029,seed1028,2,0.75,0.6859903381642513,0.0,0.0,0.6367713004484304,0.0,0.0,0.0,1.0,0.0,1.0
TAO_TRAIN_GT_CONTROLLED_HELDOUT,policy_heldout,WITHOUT_RELIABILITY,frozen_MLP,1029,seed1028,4,0.75,0.7246376811594203,0.0,0.0,0.672645739910314,0.0,0.0,0.0,1.0,0.0,1.0
TAO_TRAIN_GT_CONTROLLED_HELDOUT,policy_heldout,WITHOUT_RELIABILITY,frozen_MLP,1029,seed1028,8,0.75,0.7584541062801933,0.0,0.0,0.7040358744394619,0.0,0.0,0.0,1.0,0.0,1.0
TAO_TRAIN_GT_CONTROLLED_HELDOUT,policy_heldout,WITHOUT_RELIABILITY,frozen_MLP,1029,seed1028,16,0.75,0.7874396135265701,0.0,0.0,0.7309417040358744,0.0,0.0,0.0,1.0,0.0,1.0
TAO_TRAIN_GT_CONTROLLED_HELDOUT,policy_heldout,WITHOUT_RELIABILITY,frozen_MLP,1029,seed1029,1,0.75,0.6231884057971014,0.0,0.0,0.57847533632287,0.0,0.0,0.0,1.0,0.0,1.0
TAO_TRAIN_GT_CONTROLLED_HELDOUT,policy_heldout,WITHOUT_RELIABILITY,frozen_MLP,1029,seed1029,2,0.75,0.6859903381642513,0.0,0.0,0.6367713004484304,0.0,0.0,0.0,1.0,0.0,1.0
TAO_TRAIN_GT_CONTROLLED_HELDOUT,policy_heldout,WITHOUT_RELIABILITY,frozen_MLP,1029,seed1029,4,0.75,0.7246376811594203,0.0,0.0,0.672645739910314,0.0,0.0,0.0,1.0,0.0,1.0
TAO_TRAIN_GT_CONTROLLED_HELDOUT,policy_heldout,WITHOUT_RELIABILITY,frozen_MLP,1029,seed1029,8,0.75,0.7584541062801933,0.0,0.0,0.7040358744394619,0.0,0.0,0.0,1.0,0.0,1.0
TAO_TRAIN_GT_CONTROLLED_HELDOUT,policy_heldout,WITHOUT_RELIABILITY,frozen_MLP,1029,seed1029,16,0.75,0.7874396135265701,0.0,0.0,0.7309417040358744,0.0,0.0,0.0,1.0,0.0,1.0
TAO_TRAIN_GT_CONTROLLED_HELDOUT,policy_heldout,WITHOUT_RELIABILITY,frozen_MLP,1029,main,1,1.0,0.6231884057971014,0.0,0.0,0.57847533632287,0.0,0.0,0.0,1.0,0.0,1.0
TAO_TRAIN_GT_CONTROLLED_HELDOUT,policy_heldout,WITHOUT_RELIABILITY,frozen_MLP,1029,main,2,1.0,0.6859903381642513,0.0,0.0,0.6367713004484304,0.0,0.0,0.0,1.0,0.0,1.0
TAO_TRAIN_GT_CONTROLLED_HELDOUT,policy_heldout,WITHOUT_RELIABILITY,frozen_MLP,1029,main,4,1.0,0.7246376811594203,0.0,0.0,0.672645739910314,0.0,0.0,0.0,1.0,0.0,1.0
TAO_TRAIN_GT_CONTROLLED_HELDOUT,policy_heldout,WITHOUT_RELIABILITY,frozen_MLP,1029,main,8,1.0,0.7584541062801933,0.0,0.0,0.7040358744394619,0.0,0.0,0.0,1.0,0.0,1.0
TAO_TRAIN_GT_CONTROLLED_HELDOUT,policy_heldout,WITHOUT_RELIABILITY,frozen_MLP,1029,main,16,1.0,0.7874396135265701,0.0,0.0,0.7309417040358744,0.0,0.0,0.0,1.0,0.0,1.0
TAO_TRAIN_GT_CONTROLLED_HELDOUT,policy_heldout,WITHOUT_RELIABILITY,frozen_MLP,1029,seed1027,1,1.0,0.6231884057971014,0.0,0.0,0.57847533632287,0.0,0.0,0.0,1.0,0.0,1.0
TAO_TRAIN_GT_CONTROLLED_HELDOUT,policy_heldout,WITHOUT_RELIABILITY,frozen_MLP,1029,seed1027,2,1.0,0.6859903381642513,0.0,0.0,0.6367713004484304,0.0,0.0,0.0,1.0,0.0,1.0
TAO_TRAIN_GT_CONTROLLED_HELDOUT,policy_heldout,WITHOUT_RELIABILITY,frozen_MLP,1029,seed1027,4,1.0,0.7246376811594203,0.0,0.0,0.672645739910314,0.0,0.0,0.0,1.0,0.0,1.0
TAO_TRAIN_GT_CONTROLLED_HELDOUT,policy_heldout,WITHOUT_RELIABILITY,frozen_MLP,1029,seed1027,8,1.0,0.7584541062801933,0.0,0.0,0.7040358744394619,0.0,0.0,0.0,1.0,0.0,1.0
TAO_TRAIN_GT_CONTROLLED_HELDOUT,policy_heldout,WITHOUT_RELIABILITY,frozen_MLP,1029,seed1027,16,1.0,0.7874396135265701,0.0,0.0,0.7309417040358744,0.0,0.0,0.0,1.0,0.0,1.0
TAO_TRAIN_GT_CONTROLLED_HELDOUT,policy_heldout,WITHOUT_RELIABILITY,frozen_MLP,1029,seed1028,1,1.0,0.6231884057971014,0.0,0.0,0.57847533632287,0.0,0.0,0.0,1.0,0.0,1.0
TAO_TRAIN_GT_CONTROLLED_HELDOUT,policy_heldout,WITHOUT_RELIABILITY,frozen_MLP,1029,seed1028,2,1.0,0.6859903381642513,0.0,0.0,0.6367713004484304,0.0,0.0,0.0,1.0,0.0,1.0
TAO_TRAIN_GT_CONTROLLED_HELDOUT,policy_heldout,WITHOUT_RELIABILITY,frozen_MLP,1029,seed1028,4,1.0,0.7246376811594203,0.0,0.0,0.672645739910314,0.0,0.0,0.0,1.0,0.0,1.0
TAO_TRAIN_GT_CONTROLLED_HELDOUT,policy_heldout,WITHOUT_RELIABILITY,frozen_MLP,1029,seed1028,8,1.0,0.7584541062801933,0.0,0.0,0.7040358744394619,0.0,0.0,0.0,1.0,0.0,1.0
TAO_TRAIN_GT_CONTROLLED_HELDOUT,policy_heldout,WITHOUT_RELIABILITY,frozen_MLP,1029,seed1028,16,1.0,0.7874396135265701,0.0,0.0,0.7309417040358744,0.0,0.0,0.0,1.0,0.0,1.0
TAO_TRAIN_GT_CONTROLLED_HELDOUT,policy_heldout,WITHOUT_RELIABILITY,frozen_MLP,1029,seed1029,1,1.0,0.6231884057971014,0.0,0.0,0.57847533632287,0.0,0.0,0.0,1.0,0.0,1.0
TAO_TRAIN_GT_CONTROLLED_HELDOUT,policy_heldout,WITHOUT_RELIABILITY,frozen_MLP,1029,seed1029,2,1.0,0.6859903381642513,0.0,0.0,0.6367713004484304,0.0,0.0,0.0,1.0,0.0,1.0
TAO_TRAIN_GT_CONTROLLED_HELDOUT,policy_heldout,WITHOUT_RELIABILITY,frozen_MLP,1029,seed1029,4,1.0,0.7246376811594203,0.0,0.0,0.672645739910314,0.0,0.0,0.0,1.0,0.0,1.0
TAO_TRAIN_GT_CONTROLLED_HELDOUT,policy_heldout,WITHOUT_RELIABILITY,frozen_MLP,1029,seed1029,8,1.0,0.7584541062801933,0.0,0.0,0.7040358744394619,0.0,0.0,0.0,1.0,0.0,1.0
TAO_TRAIN_GT_CONTROLLED_HELDOUT,policy_heldout,WITHOUT_RELIABILITY,frozen_MLP,1029,seed1029,16,1.0,0.7874396135265701,0.0,0.0,0.7309417040358744,0.0,0.0,0.0,1.0,0.0,1.0
TAO_TRAIN_GT_CONTROLLED_HELDOUT,policy_heldout,WITHOUT_WAIT,frozen_MLP,1029,main,1,0.5,0.6231884057971014,0.0,0.0,0.57847533632287,0.0,0.0,0.0,1.0,0.0,1.0
TAO_TRAIN_GT_CONTROLLED_HELDOUT,policy_heldout,WITHOUT_WAIT,frozen_MLP,1029,main,2,0.5,0.6714975845410628,0.0,0.0,0.6233183856502242,0.0,0.0,0.0,1.0,0.0,1.0
TAO_TRAIN_GT_CONTROLLED_HELDOUT,policy_heldout,WITHOUT_WAIT,frozen_MLP,1029,main,4,0.5,0.7198067632850241,0.0,0.0,0.6681614349775785,0.0,0.0,0.0,1.0,0.0,1.0
TAO_TRAIN_GT_CONTROLLED_HELDOUT,policy_heldout,WITHOUT_WAIT,frozen_MLP,1029,main,8,0.5,0.7584541062801933,0.0,0.0,0.7040358744394619,0.0,0.0,0.0,1.0,0.0,1.0
TAO_TRAIN_GT_CONTROLLED_HELDOUT,policy_heldout,WITHOUT_WAIT,frozen_MLP,1029,main,16,0.5,0.782608695652174,0.0,0.0,0.726457399103139,0.0,0.0,0.0,1.0,0.0,1.0
TAO_TRAIN_GT_CONTROLLED_HELDOUT,policy_heldout,WITHOUT_WAIT,frozen_MLP,1029,seed1027,1,0.5,0.6231884057971014,0.0,0.0,0.57847533632287,0.0,0.0,0.0,1.0,0.0,1.0
TAO_TRAIN_GT_CONTROLLED_HELDOUT,policy_heldout,WITHOUT_WAIT,frozen_MLP,1029,seed1027,2,0.5,0.6714975845410628,0.0,0.0,0.6233183856502242,0.0,0.0,0.0,1.0,0.0,1.0
TAO_TRAIN_GT_CONTROLLED_HELDOUT,policy_heldout,WITHOUT_WAIT,frozen_MLP,1029,seed1027,4,0.5,0.7198067632850241,0.0,0.0,0.6681614349775785,0.0,0.0,0.0,1.0,0.0,1.0
TAO_TRAIN_GT_CONTROLLED_HELDOUT,policy_heldout,WITHOUT_WAIT,frozen_MLP,1029,seed1027,8,0.5,0.7584541062801933,0.0,0.0,0.7040358744394619,0.0,0.0,0.0,1.0,0.0,1.0
TAO_TRAIN_GT_CONTROLLED_HELDOUT,policy_heldout,WITHOUT_WAIT,frozen_MLP,1029,seed1027,16,0.5,0.782608695652174,0.0,0.0,0.726457399103139,0.0,0.0,0.0,1.0,0.0,1.0
TAO_TRAIN_GT_CONTROLLED_HELDOUT,policy_heldout,WITHOUT_WAIT,frozen_MLP,1029,seed1028,1,0.5,0.6231884057971014,0.0,0.0,0.57847533632287,0.0,0.0,0.0,1.0,0.0,1.0
TAO_TRAIN_GT_CONTROLLED_HELDOUT,policy_heldout,WITHOUT_WAIT,frozen_MLP,1029,seed1028,2,0.5,0.6714975845410628,0.0,0.0,0.6233183856502242,0.0,0.0,0.0,1.0,0.0,1.0
TAO_TRAIN_GT_CONTROLLED_HELDOUT,policy_heldout,WITHOUT_WAIT,frozen_MLP,1029,seed1028,4,0.5,0.7198067632850241,0.0,0.0,0.6681614349775785,0.0,0.0,0.0,1.0,0.0,1.0
TAO_TRAIN_GT_CONTROLLED_HELDOUT,policy_heldout,WITHOUT_WAIT,frozen_MLP,1029,seed1028,8,0.5,0.7584541062801933,0.0,0.0,0.7040358744394619,0.0,0.0,0.0,1.0,0.0,1.0
TAO_TRAIN_GT_CONTROLLED_HELDOUT,policy_heldout,WITHOUT_WAIT,frozen_MLP,1029,seed1028,16,0.5,0.782608695652174,0.0,0.0,0.726457399103139,0.0,0.0,0.0,1.0,0.0,1.0
TAO_TRAIN_GT_CONTROLLED_HELDOUT,policy_heldout,WITHOUT_WAIT,frozen_MLP,1029,seed1029,1,0.5,0.6231884057971014,0.0,0.0,0.57847533632287,0.0,0.0,0.0,1.0,0.0,1.0
TAO_TRAIN_GT_CONTROLLED_HELDOUT,policy_heldout,WITHOUT_WAIT,frozen_MLP,1029,seed1029,2,0.5,0.6714975845410628,0.0,0.0,0.6233183856502242,0.0,0.0,0.0,1.0,0.0,1.0
TAO_TRAIN_GT_CONTROLLED_HELDOUT,policy_heldout,WITHOUT_WAIT,frozen_MLP,1029,seed1029,4,0.5,0.7198067632850241,0.0,0.0,0.6681614349775785,0.0,0.0,0.0,1.0,0.0,1.0
TAO_TRAIN_GT_CONTROLLED_HELDOUT,policy_heldout,WITHOUT_WAIT,frozen_MLP,1029,seed1029,8,0.5,0.7584541062801933,0.0,0.0,0.7040358744394619,0.0,0.0,0.0,1.0,0.0,1.0
TAO_TRAIN_GT_CONTROLLED_HELDOUT,policy_heldout,WITHOUT_WAIT,frozen_MLP,1029,seed1029,16,0.5,0.782608695652174,0.0,0.0,0.726457399103139,0.0,0.0,0.0,1.0,0.0,1.0
TAO_TRAIN_GT_CONTROLLED_HELDOUT,policy_heldout,WITHOUT_WAIT,frozen_MLP,1029,main,1,0.75,0.6231884057971014,0.0,0.0,0.57847533632287,0.0,0.0,0.0,1.0,0.0,1.0
TAO_TRAIN_GT_CONTROLLED_HELDOUT,policy_heldout,WITHOUT_WAIT,frozen_MLP,1029,main,2,0.75,0.6714975845410628,0.0,0.0,0.6233183856502242,0.0,0.0,0.0,1.0,0.0,1.0
TAO_TRAIN_GT_CONTROLLED_HELDOUT,policy_heldout,WITHOUT_WAIT,frozen_MLP,1029,main,4,0.75,0.7198067632850241,0.0,0.0,0.6681614349775785,0.0,0.0,0.0,1.0,0.0,1.0
TAO_TRAIN_GT_CONTROLLED_HELDOUT,policy_heldout,WITHOUT_WAIT,frozen_MLP,1029,main,8,0.75,0.7584541062801933,0.0,0.0,0.7040358744394619,0.0,0.0,0.0,1.0,0.0,1.0
TAO_TRAIN_GT_CONTROLLED_HELDOUT,policy_heldout,WITHOUT_WAIT,frozen_MLP,1029,main,16,0.75,0.782608695652174,0.0,0.0,0.726457399103139,0.0,0.0,0.0,1.0,0.0,1.0
TAO_TRAIN_GT_CONTROLLED_HELDOUT,policy_heldout,WITHOUT_WAIT,frozen_MLP,1029,seed1027,1,0.75,0.6231884057971014,0.0,0.0,0.57847533632287,0.0,0.0,0.0,1.0,0.0,1.0
TAO_TRAIN_GT_CONTROLLED_HELDOUT,policy_heldout,WITHOUT_WAIT,frozen_MLP,1029,seed1027,2,0.75,0.6714975845410628,0.0,0.0,0.6233183856502242,0.0,0.0,0.0,1.0,0.0,1.0
TAO_TRAIN_GT_CONTROLLED_HELDOUT,policy_heldout,WITHOUT_WAIT,frozen_MLP,1029,seed1027,4,0.75,0.7198067632850241,0.0,0.0,0.6681614349775785,0.0,0.0,0.0,1.0,0.0,1.0
TAO_TRAIN_GT_CONTROLLED_HELDOUT,policy_heldout,WITHOUT_WAIT,frozen_MLP,1029,seed1027,8,0.75,0.7584541062801933,0.0,0.0,0.7040358744394619,0.0,0.0,0.0,1.0,0.0,1.0
TAO_TRAIN_GT_CONTROLLED_HELDOUT,policy_heldout,WITHOUT_WAIT,frozen_MLP,1029,seed1027,16,0.75,0.782608695652174,0.0,0.0,0.726457399103139,0.0,0.0,0.0,1.0,0.0,1.0
TAO_TRAIN_GT_CONTROLLED_HELDOUT,policy_heldout,WITHOUT_WAIT,frozen_MLP,1029,seed1028,1,0.75,0.6231884057971014,0.0,0.0,0.57847533632287,0.0,0.0,0.0,1.0,0.0,1.0
TAO_TRAIN_GT_CONTROLLED_HELDOUT,policy_heldout,WITHOUT_WAIT,frozen_MLP,1029,seed1028,2,0.75,0.6714975845410628,0.0,0.0,0.6233183856502242,0.0,0.0,0.0,1.0,0.0,1.0
TAO_TRAIN_GT_CONTROLLED_HELDOUT,policy_heldout,WITHOUT_WAIT,frozen_MLP,1029,seed1028,4,0.75,0.7198067632850241,0.0,0.0,0.6681614349775785,0.0,0.0,0.0,1.0,0.0,1.0
TAO_TRAIN_GT_CONTROLLED_HELDOUT,policy_heldout,WITHOUT_WAIT,frozen_MLP,1029,seed1028,8,0.75,0.7584541062801933,0.0,0.0,0.7040358744394619,0.0,0.0,0.0,1.0,0.0,1.0
TAO_TRAIN_GT_CONTROLLED_HELDOUT,policy_heldout,WITHOUT_WAIT,frozen_MLP,1029,seed1028,16,0.75,0.782608695652174,0.0,0.0,0.726457399103139,0.0,0.0,0.0,1.0,0.0,1.0
TAO_TRAIN_GT_CONTROLLED_HELDOUT,policy_heldout,WITHOUT_WAIT,frozen_MLP,1029,seed1029,1,0.75,0.6231884057971014,0.0,0.0,0.57847533632287,0.0,0.0,0.0,1.0,0.0,1.0
TAO_TRAIN_GT_CONTROLLED_HELDOUT,policy_heldout,WITHOUT_WAIT,frozen_MLP,1029,seed1029,2,0.75,0.6714975845410628,0.0,0.0,0.6233183856502242,0.0,0.0,0.0,1.0,0.0,1.0
TAO_TRAIN_GT_CONTROLLED_HELDOUT,policy_heldout,WITHOUT_WAIT,frozen_MLP,1029,seed1029,4,0.75,0.7198067632850241,0.0,0.0,0.6681614349775785,0.0,0.0,0.0,1.0,0.0,1.0
TAO_TRAIN_GT_CONTROLLED_HELDOUT,policy_heldout,WITHOUT_WAIT,frozen_MLP,1029,seed1029,8,0.75,0.7584541062801933,0.0,0.0,0.7040358744394619,0.0,0.0,0.0,1.0,0.0,1.0
TAO_TRAIN_GT_CONTROLLED_HELDOUT,policy_heldout,WITHOUT_WAIT,frozen_MLP,1029,seed1029,16,0.75,0.782608695652174,0.0,0.0,0.726457399103139,0.0,0.0,0.0,1.0,0.0,1.0
TAO_TRAIN_GT_CONTROLLED_HELDOUT,policy_heldout,WITHOUT_WAIT,frozen_MLP,1029,main,1,1.0,0.6231884057971014,0.0,0.0,0.57847533632287,0.0,0.0,0.0,1.0,0.0,1.0
TAO_TRAIN_GT_CONTROLLED_HELDOUT,policy_heldout,WITHOUT_WAIT,frozen_MLP,1029,main,2,1.0,0.6714975845410628,0.0,0.0,0.6233183856502242,0.0,0.0,0.0,1.0,0.0,1.0
TAO_TRAIN_GT_CONTROLLED_HELDOUT,policy_heldout,WITHOUT_WAIT,frozen_MLP,1029,main,4,1.0,0.7198067632850241,0.0,0.0,0.6681614349775785,0.0,0.0,0.0,1.0,0.0,1.0
TAO_TRAIN_GT_CONTROLLED_HELDOUT,policy_heldout,WITHOUT_WAIT,frozen_MLP,1029,main,8,1.0,0.7584541062801933,0.0,0.0,0.7040358744394619,0.0,0.0,0.0,1.0,0.0,1.0
TAO_TRAIN_GT_CONTROLLED_HELDOUT,policy_heldout,WITHOUT_WAIT,frozen_MLP,1029,main,16,1.0,0.782608695652174,0.0,0.0,0.726457399103139,0.0,0.0,0.0,1.0,0.0,1.0
TAO_TRAIN_GT_CONTROLLED_HELDOUT,policy_heldout,WITHOUT_WAIT,frozen_MLP,1029,seed1027,1,1.0,0.6231884057971014,0.0,0.0,0.57847533632287,0.0,0.0,0.0,1.0,0.0,1.0
TAO_TRAIN_GT_CONTROLLED_HELDOUT,policy_heldout,WITHOUT_WAIT,frozen_MLP,1029,seed1027,2,1.0,0.6714975845410628,0.0,0.0,0.6233183856502242,0.0,0.0,0.0,1.0,0.0,1.0
TAO_TRAIN_GT_CONTROLLED_HELDOUT,policy_heldout,WITHOUT_WAIT,frozen_MLP,1029,seed1027,4,1.0,0.7198067632850241,0.0,0.0,0.6681614349775785,0.0,0.0,0.0,1.0,0.0,1.0
TAO_TRAIN_GT_CONTROLLED_HELDOUT,policy_heldout,WITHOUT_WAIT,frozen_MLP,1029,seed1027,8,1.0,0.7584541062801933,0.0,0.0,0.7040358744394619,0.0,0.0,0.0,1.0,0.0,1.0
TAO_TRAIN_GT_CONTROLLED_HELDOUT,policy_heldout,WITHOUT_WAIT,frozen_MLP,1029,seed1027,16,1.0,0.782608695652174,0.0,0.0,0.726457399103139,0.0,0.0,0.0,1.0,0.0,1.0
TAO_TRAIN_GT_CONTROLLED_HELDOUT,policy_heldout,WITHOUT_WAIT,frozen_MLP,1029,seed1028,1,1.0,0.6231884057971014,0.0,0.0,0.57847533632287,0.0,0.0,0.0,1.0,0.0,1.0
TAO_TRAIN_GT_CONTROLLED_HELDOUT,policy_heldout,WITHOUT_WAIT,frozen_MLP,1029,seed1028,2,1.0,0.6714975845410628,0.0,0.0,0.6233183856502242,0.0,0.0,0.0,1.0,0.0,1.0
TAO_TRAIN_GT_CONTROLLED_HELDOUT,policy_heldout,WITHOUT_WAIT,frozen_MLP,1029,seed1028,4,1.0,0.7198067632850241,0.0,0.0,0.6681614349775785,0.0,0.0,0.0,1.0,0.0,1.0
TAO_TRAIN_GT_CONTROLLED_HELDOUT,policy_heldout,WITHOUT_WAIT,frozen_MLP,1029,seed1028,8,1.0,0.7584541062801933,0.0,0.0,0.7040358744394619,0.0,0.0,0.0,1.0,0.0,1.0
TAO_TRAIN_GT_CONTROLLED_HELDOUT,policy_heldout,WITHOUT_WAIT,frozen_MLP,1029,seed1028,16,1.0,0.782608695652174,0.0,0.0,0.726457399103139,0.0,0.0,0.0,1.0,0.0,1.0
TAO_TRAIN_GT_CONTROLLED_HELDOUT,policy_heldout,WITHOUT_WAIT,frozen_MLP,1029,seed1029,1,1.0,0.6231884057971014,0.0,0.0,0.57847533632287,0.0,0.0,0.0,1.0,0.0,1.0
TAO_TRAIN_GT_CONTROLLED_HELDOUT,policy_heldout,WITHOUT_WAIT,frozen_MLP,1029,seed1029,2,1.0,0.6714975845410628,0.0,0.0,0.6233183856502242,0.0,0.0,0.0,1.0,0.0,1.0
TAO_TRAIN_GT_CONTROLLED_HELDOUT,policy_heldout,WITHOUT_WAIT,frozen_MLP,1029,seed1029,4,1.0,0.7198067632850241,0.0,0.0,0.6681614349775785,0.0,0.0,0.0,1.0,0.0,1.0
TAO_TRAIN_GT_CONTROLLED_HELDOUT,policy_heldout,WITHOUT_WAIT,frozen_MLP,1029,seed1029,8,1.0,0.7584541062801933,0.0,0.0,0.7040358744394619,0.0,0.0,0.0,1.0,0.0,1.0
TAO_TRAIN_GT_CONTROLLED_HELDOUT,policy_heldout,WITHOUT_WAIT,frozen_MLP,1029,seed1029,16,1.0,0.782608695652174,0.0,0.0,0.726457399103139,0.0,0.0,0.0,1.0,0.0,1.0
TAO_TRAIN_GT_CONTROLLED_HELDOUT,policy_heldout,WITHOUT_MEMORY,frozen_MLP,1029,main,1,0.5,0.6231884057971014,0.0,0.0,0.57847533632287,0.0,0.0,0.0,1.0,0.0,1.0
TAO_TRAIN_GT_CONTROLLED_HELDOUT,policy_heldout,WITHOUT_MEMORY,frozen_MLP,1029,main,2,0.5,0.6714975845410628,0.0,0.0,0.6233183856502242,0.0,0.0,0.0,1.0,0.0,1.0
TAO_TRAIN_GT_CONTROLLED_HELDOUT,policy_heldout,WITHOUT_MEMORY,frozen_MLP,1029,main,4,0.5,0.7198067632850241,0.0,0.0,0.6681614349775785,0.0,0.0,0.0,1.0,0.0,1.0
TAO_TRAIN_GT_CONTROLLED_HELDOUT,policy_heldout,WITHOUT_MEMORY,frozen_MLP,1029,main,8,0.5,0.7584541062801933,0.0,0.0,0.7040358744394619,0.0,0.0,0.0,1.0,0.0,1.0
TAO_TRAIN_GT_CONTROLLED_HELDOUT,policy_heldout,WITHOUT_MEMORY,frozen_MLP,1029,main,16,0.5,0.782608695652174,0.0,0.0,0.726457399103139,0.0,0.0,0.0,1.0,0.0,1.0
TAO_TRAIN_GT_CONTROLLED_HELDOUT,policy_heldout,WITHOUT_MEMORY,frozen_MLP,1029,seed1027,1,0.5,0.6231884057971014,0.0,0.0,0.57847533632287,0.0,0.0,0.0,1.0,0.0,1.0
TAO_TRAIN_GT_CONTROLLED_HELDOUT,policy_heldout,WITHOUT_MEMORY,frozen_MLP,1029,seed1027,2,0.5,0.6714975845410628,0.0,0.0,0.6233183856502242,0.0,0.0,0.0,1.0,0.0,1.0
TAO_TRAIN_GT_CONTROLLED_HELDOUT,policy_heldout,WITHOUT_MEMORY,frozen_MLP,1029,seed1027,4,0.5,0.7198067632850241,0.0,0.0,0.6681614349775785,0.0,0.0,0.0,1.0,0.0,1.0
TAO_TRAIN_GT_CONTROLLED_HELDOUT,policy_heldout,WITHOUT_MEMORY,frozen_MLP,1029,seed1027,8,0.5,0.7584541062801933,0.0,0.0,0.7040358744394619,0.0,0.0,0.0,1.0,0.0,1.0
TAO_TRAIN_GT_CONTROLLED_HELDOUT,policy_heldout,WITHOUT_MEMORY,frozen_MLP,1029,seed1027,16,0.5,0.782608695652174,0.0,0.0,0.726457399103139,0.0,0.0,0.0,1.0,0.0,1.0
TAO_TRAIN_GT_CONTROLLED_HELDOUT,policy_heldout,WITHOUT_MEMORY,frozen_MLP,1029,seed1028,1,0.5,0.6231884057971014,0.0,0.0,0.57847533632287,0.0,0.0,0.0,1.0,0.0,1.0
TAO_TRAIN_GT_CONTROLLED_HELDOUT,policy_heldout,WITHOUT_MEMORY,frozen_MLP,1029,seed1028,2,0.5,0.6714975845410628,0.0,0.0,0.6233183856502242,0.0,0.0,0.0,1.0,0.0,1.0
TAO_TRAIN_GT_CONTROLLED_HELDOUT,policy_heldout,WITHOUT_MEMORY,frozen_MLP,1029,seed1028,4,0.5,0.7198067632850241,0.0,0.0,0.6681614349775785,0.0,0.0,0.0,1.0,0.0,1.0
TAO_TRAIN_GT_CONTROLLED_HELDOUT,policy_heldout,WITHOUT_MEMORY,frozen_MLP,1029,seed1028,8,0.5,0.7584541062801933,0.0,0.0,0.7040358744394619,0.0,0.0,0.0,1.0,0.0,1.0
TAO_TRAIN_GT_CONTROLLED_HELDOUT,policy_heldout,WITHOUT_MEMORY,frozen_MLP,1029,seed1028,16,0.5,0.782608695652174,0.0,0.0,0.726457399103139,0.0,0.0,0.0,1.0,0.0,1.0
TAO_TRAIN_GT_CONTROLLED_HELDOUT,policy_heldout,WITHOUT_MEMORY,frozen_MLP,1029,seed1029,1,0.5,0.6231884057971014,0.0,0.0,0.57847533632287,0.0,0.0,0.0,1.0,0.0,1.0
TAO_TRAIN_GT_CONTROLLED_HELDOUT,policy_heldout,WITHOUT_MEMORY,frozen_MLP,1029,seed1029,2,0.5,0.6714975845410628,0.0,0.0,0.6233183856502242,0.0,0.0,0.0,1.0,0.0,1.0
TAO_TRAIN_GT_CONTROLLED_HELDOUT,policy_heldout,WITHOUT_MEMORY,frozen_MLP,1029,seed1029,4,0.5,0.7198067632850241,0.0,0.0,0.6681614349775785,0.0,0.0,0.0,1.0,0.0,1.0
TAO_TRAIN_GT_CONTROLLED_HELDOUT,policy_heldout,WITHOUT_MEMORY,frozen_MLP,1029,seed1029,8,0.5,0.7584541062801933,0.0,0.0,0.7040358744394619,0.0,0.0,0.0,1.0,0.0,1.0
TAO_TRAIN_GT_CONTROLLED_HELDOUT,policy_heldout,WITHOUT_MEMORY,frozen_MLP,1029,seed1029,16,0.5,0.782608695652174,0.0,0.0,0.726457399103139,0.0,0.0,0.0,1.0,0.0,1.0
TAO_TRAIN_GT_CONTROLLED_HELDOUT,policy_heldout,WITHOUT_MEMORY,frozen_MLP,1029,main,1,0.75,0.6231884057971014,0.0,0.0,0.57847533632287,0.0,0.0,0.0,1.0,0.0,1.0
TAO_TRAIN_GT_CONTROLLED_HELDOUT,policy_heldout,WITHOUT_MEMORY,frozen_MLP,1029,main,2,0.75,0.6714975845410628,0.0,0.0,0.6233183856502242,0.0,0.0,0.0,1.0,0.0,1.0
TAO_TRAIN_GT_CONTROLLED_HELDOUT,policy_heldout,WITHOUT_MEMORY,frozen_MLP,1029,main,4,0.75,0.7198067632850241,0.0,0.0,0.6681614349775785,0.0,0.0,0.0,1.0,0.0,1.0
TAO_TRAIN_GT_CONTROLLED_HELDOUT,policy_heldout,WITHOUT_MEMORY,frozen_MLP,1029,main,8,0.75,0.7584541062801933,0.0,0.0,0.7040358744394619,0.0,0.0,0.0,1.0,0.0,1.0
TAO_TRAIN_GT_CONTROLLED_HELDOUT,policy_heldout,WITHOUT_MEMORY,frozen_MLP,1029,main,16,0.75,0.782608695652174,0.0,0.0,0.726457399103139,0.0,0.0,0.0,1.0,0.0,1.0
TAO_TRAIN_GT_CONTROLLED_HELDOUT,policy_heldout,WITHOUT_MEMORY,frozen_MLP,1029,seed1027,1,0.75,0.6231884057971014,0.0,0.0,0.57847533632287,0.0,0.0,0.0,1.0,0.0,1.0
TAO_TRAIN_GT_CONTROLLED_HELDOUT,policy_heldout,WITHOUT_MEMORY,frozen_MLP,1029,seed1027,2,0.75,0.6714975845410628,0.0,0.0,0.6233183856502242,0.0,0.0,0.0,1.0,0.0,1.0
TAO_TRAIN_GT_CONTROLLED_HELDOUT,policy_heldout,WITHOUT_MEMORY,frozen_MLP,1029,seed1027,4,0.75,0.7198067632850241,0.0,0.0,0.6681614349775785,0.0,0.0,0.0,1.0,0.0,1.0
TAO_TRAIN_GT_CONTROLLED_HELDOUT,policy_heldout,WITHOUT_MEMORY,frozen_MLP,1029,seed1027,8,0.75,0.7584541062801933,0.0,0.0,0.7040358744394619,0.0,0.0,0.0,1.0,0.0,1.0
TAO_TRAIN_GT_CONTROLLED_HELDOUT,policy_heldout,WITHOUT_MEMORY,frozen_MLP,1029,seed1027,16,0.75,0.782608695652174,0.0,0.0,0.726457399103139,0.0,0.0,0.0,1.0,0.0,1.0
TAO_TRAIN_GT_CONTROLLED_HELDOUT,policy_heldout,WITHOUT_MEMORY,frozen_MLP,1029,seed1028,1,0.75,0.6231884057971014,0.0,0.0,0.57847533632287,0.0,0.0,0.0,1.0,0.0,1.0
TAO_TRAIN_GT_CONTROLLED_HELDOUT,policy_heldout,WITHOUT_MEMORY,frozen_MLP,1029,seed1028,2,0.75,0.6714975845410628,0.0,0.0,0.6233183856502242,0.0,0.0,0.0,1.0,0.0,1.0
TAO_TRAIN_GT_CONTROLLED_HELDOUT,policy_heldout,WITHOUT_MEMORY,frozen_MLP,1029,seed1028,4,0.75,0.7198067632850241,0.0,0.0,0.6681614349775785,0.0,0.0,0.0,1.0,0.0,1.0
TAO_TRAIN_GT_CONTROLLED_HELDOUT,policy_heldout,WITHOUT_MEMORY,frozen_MLP,1029,seed1028,8,0.75,0.7584541062801933,0.0,0.0,0.7040358744394619,0.0,0.0,0.0,1.0,0.0,1.0
TAO_TRAIN_GT_CONTROLLED_HELDOUT,policy_heldout,WITHOUT_MEMORY,frozen_MLP,1029,seed1028,16,0.75,0.782608695652174,0.0,0.0,0.726457399103139,0.0,0.0,0.0,1.0,0.0,1.0
TAO_TRAIN_GT_CONTROLLED_HELDOUT,policy_heldout,WITHOUT_MEMORY,frozen_MLP,1029,seed1029,1,0.75,0.6231884057971014,0.0,0.0,0.57847533632287,0.0,0.0,0.0,1.0,0.0,1.0
TAO_TRAIN_GT_CONTROLLED_HELDOUT,policy_heldout,WITHOUT_MEMORY,frozen_MLP,1029,seed1029,2,0.75,0.6714975845410628,0.0,0.0,0.6233183856502242,0.0,0.0,0.0,1.0,0.0,1.0
TAO_TRAIN_GT_CONTROLLED_HELDOUT,policy_heldout,WITHOUT_MEMORY,frozen_MLP,1029,seed1029,4,0.75,0.7198067632850241,0.0,0.0,0.6681614349775785,0.0,0.0,0.0,1.0,0.0,1.0
TAO_TRAIN_GT_CONTROLLED_HELDOUT,policy_heldout,WITHOUT_MEMORY,frozen_MLP,1029,seed1029,8,0.75,0.7584541062801933,0.0,0.0,0.7040358744394619,0.0,0.0,0.0,1.0,0.0,1.0
TAO_TRAIN_GT_CONTROLLED_HELDOUT,policy_heldout,WITHOUT_MEMORY,frozen_MLP,1029,seed1029,16,0.75,0.782608695652174,0.0,0.0,0.726457399103139,0.0,0.0,0.0,1.0,0.0,1.0
TAO_TRAIN_GT_CONTROLLED_HELDOUT,policy_heldout,WITHOUT_MEMORY,frozen_MLP,1029,main,1,1.0,0.6231884057971014,0.0,0.0,0.57847533632287,0.0,0.0,0.0,1.0,0.0,1.0
TAO_TRAIN_GT_CONTROLLED_HELDOUT,policy_heldout,WITHOUT_MEMORY,frozen_MLP,1029,main,2,1.0,0.6714975845410628,0.0,0.0,0.6233183856502242,0.0,0.0,0.0,1.0,0.0,1.0
TAO_TRAIN_GT_CONTROLLED_HELDOUT,policy_heldout,WITHOUT_MEMORY,frozen_MLP,1029,main,4,1.0,0.7198067632850241,0.0,0.0,0.6681614349775785,0.0,0.0,0.0,1.0,0.0,1.0
TAO_TRAIN_GT_CONTROLLED_HELDOUT,policy_heldout,WITHOUT_MEMORY,frozen_MLP,1029,main,8,1.0,0.7584541062801933,0.0,0.0,0.7040358744394619,0.0,0.0,0.0,1.0,0.0,1.0
TAO_TRAIN_GT_CONTROLLED_HELDOUT,policy_heldout,WITHOUT_MEMORY,frozen_MLP,1029,main,16,1.0,0.782608695652174,0.0,0.0,0.726457399103139,0.0,0.0,0.0,1.0,0.0,1.0
TAO_TRAIN_GT_CONTROLLED_HELDOUT,policy_heldout,WITHOUT_MEMORY,frozen_MLP,1029,seed1027,1,1.0,0.6231884057971014,0.0,0.0,0.57847533632287,0.0,0.0,0.0,1.0,0.0,1.0
TAO_TRAIN_GT_CONTROLLED_HELDOUT,policy_heldout,WITHOUT_MEMORY,frozen_MLP,1029,seed1027,2,1.0,0.6714975845410628,0.0,0.0,0.6233183856502242,0.0,0.0,0.0,1.0,0.0,1.0
TAO_TRAIN_GT_CONTROLLED_HELDOUT,policy_heldout,WITHOUT_MEMORY,frozen_MLP,1029,seed1027,4,1.0,0.7198067632850241,0.0,0.0,0.6681614349775785,0.0,0.0,0.0,1.0,0.0,1.0
TAO_TRAIN_GT_CONTROLLED_HELDOUT,policy_heldout,WITHOUT_MEMORY,frozen_MLP,1029,seed1027,8,1.0,0.7584541062801933,0.0,0.0,0.7040358744394619,0.0,0.0,0.0,1.0,0.0,1.0
TAO_TRAIN_GT_CONTROLLED_HELDOUT,policy_heldout,WITHOUT_MEMORY,frozen_MLP,1029,seed1027,16,1.0,0.782608695652174,0.0,0.0,0.726457399103139,0.0,0.0,0.0,1.0,0.0,1.0
TAO_TRAIN_GT_CONTROLLED_HELDOUT,policy_heldout,WITHOUT_MEMORY,frozen_MLP,1029,seed1028,1,1.0,0.6231884057971014,0.0,0.0,0.57847533632287,0.0,0.0,0.0,1.0,0.0,1.0
TAO_TRAIN_GT_CONTROLLED_HELDOUT,policy_heldout,WITHOUT_MEMORY,frozen_MLP,1029,seed1028,2,1.0,0.6714975845410628,0.0,0.0,0.6233183856502242,0.0,0.0,0.0,1.0,0.0,1.0
TAO_TRAIN_GT_CONTROLLED_HELDOUT,policy_heldout,WITHOUT_MEMORY,frozen_MLP,1029,seed1028,4,1.0,0.7198067632850241,0.0,0.0,0.6681614349775785,0.0,0.0,0.0,1.0,0.0,1.0
TAO_TRAIN_GT_CONTROLLED_HELDOUT,policy_heldout,WITHOUT_MEMORY,frozen_MLP,1029,seed1028,8,1.0,0.7584541062801933,0.0,0.0,0.7040358744394619,0.0,0.0,0.0,1.0,0.0,1.0
TAO_TRAIN_GT_CONTROLLED_HELDOUT,policy_heldout,WITHOUT_MEMORY,frozen_MLP,1029,seed1028,16,1.0,0.782608695652174,0.0,0.0,0.726457399103139,0.0,0.0,0.0,1.0,0.0,1.0
TAO_TRAIN_GT_CONTROLLED_HELDOUT,policy_heldout,WITHOUT_MEMORY,frozen_MLP,1029,seed1029,1,1.0,0.6231884057971014,0.0,0.0,0.57847533632287,0.0,0.0,0.0,1.0,0.0,1.0
TAO_TRAIN_GT_CONTROLLED_HELDOUT,policy_heldout,WITHOUT_MEMORY,frozen_MLP,1029,seed1029,2,1.0,0.6714975845410628,0.0,0.0,0.6233183856502242,0.0,0.0,0.0,1.0,0.0,1.0
TAO_TRAIN_GT_CONTROLLED_HELDOUT,policy_heldout,WITHOUT_MEMORY,frozen_MLP,1029,seed1029,4,1.0,0.7198067632850241,0.0,0.0,0.6681614349775785,0.0,0.0,0.0,1.0,0.0,1.0
TAO_TRAIN_GT_CONTROLLED_HELDOUT,policy_heldout,WITHOUT_MEMORY,frozen_MLP,1029,seed1029,8,1.0,0.7584541062801933,0.0,0.0,0.7040358744394619,0.0,0.0,0.0,1.0,0.0,1.0
TAO_TRAIN_GT_CONTROLLED_HELDOUT,policy_heldout,WITHOUT_MEMORY,frozen_MLP,1029,seed1029,16,1.0,0.782608695652174,0.0,0.0,0.726457399103139,0.0,0.0,0.0,1.0,0.0,1.0
TAO_TRAIN_GT_CONTROLLED_HELDOUT,policy_heldout,WITHOUT_RISK,frozen_MLP,1029,main,1,0.5,0.6231884057971014,0.0,0.0,0.57847533632287,0.0,0.0,0.0,1.0,0.0,1.0
TAO_TRAIN_GT_CONTROLLED_HELDOUT,policy_heldout,WITHOUT_RISK,frozen_MLP,1029,main,2,0.5,0.6714975845410628,0.0,0.0,0.6233183856502242,0.0,0.0,0.0,1.0,0.0,1.0
TAO_TRAIN_GT_CONTROLLED_HELDOUT,policy_heldout,WITHOUT_RISK,frozen_MLP,1029,main,4,0.5,0.7198067632850241,0.0,0.0,0.6681614349775785,0.0,0.0,0.0,1.0,0.0,1.0
TAO_TRAIN_GT_CONTROLLED_HELDOUT,policy_heldout,WITHOUT_RISK,frozen_MLP,1029,main,8,0.5,0.7584541062801933,0.0,0.0,0.7040358744394619,0.0,0.0,0.0,1.0,0.0,1.0
TAO_TRAIN_GT_CONTROLLED_HELDOUT,policy_heldout,WITHOUT_RISK,frozen_MLP,1029,main,16,0.5,0.782608695652174,0.0,0.0,0.726457399103139,0.0,0.0,0.0,1.0,0.0,1.0
TAO_TRAIN_GT_CONTROLLED_HELDOUT,policy_heldout,WITHOUT_RISK,frozen_MLP,1029,seed1027,1,0.5,0.6231884057971014,0.0,0.0,0.57847533632287,0.0,0.0,0.0,1.0,0.0,1.0
TAO_TRAIN_GT_CONTROLLED_HELDOUT,policy_heldout,WITHOUT_RISK,frozen_MLP,1029,seed1027,2,0.5,0.6714975845410628,0.0,0.0,0.6233183856502242,0.0,0.0,0.0,1.0,0.0,1.0
TAO_TRAIN_GT_CONTROLLED_HELDOUT,policy_heldout,WITHOUT_RISK,frozen_MLP,1029,seed1027,4,0.5,0.7198067632850241,0.0,0.0,0.6681614349775785,0.0,0.0,0.0,1.0,0.0,1.0
TAO_TRAIN_GT_CONTROLLED_HELDOUT,policy_heldout,WITHOUT_RISK,frozen_MLP,1029,seed1027,8,0.5,0.7584541062801933,0.0,0.0,0.7040358744394619,0.0,0.0,0.0,1.0,0.0,1.0
TAO_TRAIN_GT_CONTROLLED_HELDOUT,policy_heldout,WITHOUT_RISK,frozen_MLP,1029,seed1027,16,0.5,0.782608695652174,0.0,0.0,0.726457399103139,0.0,0.0,0.0,1.0,0.0,1.0
TAO_TRAIN_GT_CONTROLLED_HELDOUT,policy_heldout,WITHOUT_RISK,frozen_MLP,1029,seed1028,1,0.5,0.6231884057971014,0.0,0.0,0.57847533632287,0.0,0.0,0.0,1.0,0.0,1.0
TAO_TRAIN_GT_CONTROLLED_HELDOUT,policy_heldout,WITHOUT_RISK,frozen_MLP,1029,seed1028,2,0.5,0.6714975845410628,0.0,0.0,0.6233183856502242,0.0,0.0,0.0,1.0,0.0,1.0
TAO_TRAIN_GT_CONTROLLED_HELDOUT,policy_heldout,WITHOUT_RISK,frozen_MLP,1029,seed1028,4,0.5,0.7198067632850241,0.0,0.0,0.6681614349775785,0.0,0.0,0.0,1.0,0.0,1.0
TAO_TRAIN_GT_CONTROLLED_HELDOUT,policy_heldout,WITHOUT_RISK,frozen_MLP,1029,seed1028,8,0.5,0.7584541062801933,0.0,0.0,0.7040358744394619,0.0,0.0,0.0,1.0,0.0,1.0
TAO_TRAIN_GT_CONTROLLED_HELDOUT,policy_heldout,WITHOUT_RISK,frozen_MLP,1029,seed1028,16,0.5,0.782608695652174,0.0,0.0,0.726457399103139,0.0,0.0,0.0,1.0,0.0,1.0
TAO_TRAIN_GT_CONTROLLED_HELDOUT,policy_heldout,WITHOUT_RISK,frozen_MLP,1029,seed1029,1,0.5,0.6231884057971014,0.0,0.0,0.57847533632287,0.0,0.0,0.0,1.0,0.0,1.0
TAO_TRAIN_GT_CONTROLLED_HELDOUT,policy_heldout,WITHOUT_RISK,frozen_MLP,1029,seed1029,2,0.5,0.6714975845410628,0.0,0.0,0.6233183856502242,0.0,0.0,0.0,1.0,0.0,1.0
TAO_TRAIN_GT_CONTROLLED_HELDOUT,policy_heldout,WITHOUT_RISK,frozen_MLP,1029,seed1029,4,0.5,0.7198067632850241,0.0,0.0,0.6681614349775785,0.0,0.0,0.0,1.0,0.0,1.0
TAO_TRAIN_GT_CONTROLLED_HELDOUT,policy_heldout,WITHOUT_RISK,frozen_MLP,1029,seed1029,8,0.5,0.7584541062801933,0.0,0.0,0.7040358744394619,0.0,0.0,0.0,1.0,0.0,1.0
TAO_TRAIN_GT_CONTROLLED_HELDOUT,policy_heldout,WITHOUT_RISK,frozen_MLP,1029,seed1029,16,0.5,0.782608695652174,0.0,0.0,0.726457399103139,0.0,0.0,0.0,1.0,0.0,1.0
TAO_TRAIN_GT_CONTROLLED_HELDOUT,policy_heldout,WITHOUT_RISK,frozen_MLP,1029,main,1,0.75,0.6231884057971014,0.0,0.0,0.57847533632287,0.0,0.0,0.0,1.0,0.0,1.0
TAO_TRAIN_GT_CONTROLLED_HELDOUT,policy_heldout,WITHOUT_RISK,frozen_MLP,1029,main,2,0.75,0.6714975845410628,0.0,0.0,0.6233183856502242,0.0,0.0,0.0,1.0,0.0,1.0
TAO_TRAIN_GT_CONTROLLED_HELDOUT,policy_heldout,WITHOUT_RISK,frozen_MLP,1029,main,4,0.75,0.7198067632850241,0.0,0.0,0.6681614349775785,0.0,0.0,0.0,1.0,0.0,1.0
TAO_TRAIN_GT_CONTROLLED_HELDOUT,policy_heldout,WITHOUT_RISK,frozen_MLP,1029,main,8,0.75,0.7584541062801933,0.0,0.0,0.7040358744394619,0.0,0.0,0.0,1.0,0.0,1.0
TAO_TRAIN_GT_CONTROLLED_HELDOUT,policy_heldout,WITHOUT_RISK,frozen_MLP,1029,main,16,0.75,0.782608695652174,0.0,0.0,0.726457399103139,0.0,0.0,0.0,1.0,0.0,1.0
TAO_TRAIN_GT_CONTROLLED_HELDOUT,policy_heldout,WITHOUT_RISK,frozen_MLP,1029,seed1027,1,0.75,0.6231884057971014,0.0,0.0,0.57847533632287,0.0,0.0,0.0,1.0,0.0,1.0
TAO_TRAIN_GT_CONTROLLED_HELDOUT,policy_heldout,WITHOUT_RISK,frozen_MLP,1029,seed1027,2,0.75,0.6714975845410628,0.0,0.0,0.6233183856502242,0.0,0.0,0.0,1.0,0.0,1.0
TAO_TRAIN_GT_CONTROLLED_HELDOUT,policy_heldout,WITHOUT_RISK,frozen_MLP,1029,seed1027,4,0.75,0.7198067632850241,0.0,0.0,0.6681614349775785,0.0,0.0,0.0,1.0,0.0,1.0
TAO_TRAIN_GT_CONTROLLED_HELDOUT,policy_heldout,WITHOUT_RISK,frozen_MLP,1029,seed1027,8,0.75,0.7584541062801933,0.0,0.0,0.7040358744394619,0.0,0.0,0.0,1.0,0.0,1.0
TAO_TRAIN_GT_CONTROLLED_HELDOUT,policy_heldout,WITHOUT_RISK,frozen_MLP,1029,seed1027,16,0.75,0.782608695652174,0.0,0.0,0.726457399103139,0.0,0.0,0.0,1.0,0.0,1.0
TAO_TRAIN_GT_CONTROLLED_HELDOUT,policy_heldout,WITHOUT_RISK,frozen_MLP,1029,seed1028,1,0.75,0.6231884057971014,0.0,0.0,0.57847533632287,0.0,0.0,0.0,1.0,0.0,1.0
TAO_TRAIN_GT_CONTROLLED_HELDOUT,policy_heldout,WITHOUT_RISK,frozen_MLP,1029,seed1028,2,0.75,0.6714975845410628,0.0,0.0,0.6233183856502242,0.0,0.0,0.0,1.0,0.0,1.0
TAO_TRAIN_GT_CONTROLLED_HELDOUT,policy_heldout,WITHOUT_RISK,frozen_MLP,1029,seed1028,4,0.75,0.7198067632850241,0.0,0.0,0.6681614349775785,0.0,0.0,0.0,1.0,0.0,1.0
TAO_TRAIN_GT_CONTROLLED_HELDOUT,policy_heldout,WITHOUT_RISK,frozen_MLP,1029,seed1028,8,0.75,0.7584541062801933,0.0,0.0,0.7040358744394619,0.0,0.0,0.0,1.0,0.0,1.0
TAO_TRAIN_GT_CONTROLLED_HELDOUT,policy_heldout,WITHOUT_RISK,frozen_MLP,1029,seed1028,16,0.75,0.782608695652174,0.0,0.0,0.726457399103139,0.0,0.0,0.0,1.0,0.0,1.0
TAO_TRAIN_GT_CONTROLLED_HELDOUT,policy_heldout,WITHOUT_RISK,frozen_MLP,1029,seed1029,1,0.75,0.6231884057971014,0.0,0.0,0.57847533632287,0.0,0.0,0.0,1.0,0.0,1.0
TAO_TRAIN_GT_CONTROLLED_HELDOUT,policy_heldout,WITHOUT_RISK,frozen_MLP,1029,seed1029,2,0.75,0.6714975845410628,0.0,0.0,0.6233183856502242,0.0,0.0,0.0,1.0,0.0,1.0
TAO_TRAIN_GT_CONTROLLED_HELDOUT,policy_heldout,WITHOUT_RISK,frozen_MLP,1029,seed1029,4,0.75,0.7198067632850241,0.0,0.0,0.6681614349775785,0.0,0.0,0.0,1.0,0.0,1.0
TAO_TRAIN_GT_CONTROLLED_HELDOUT,policy_heldout,WITHOUT_RISK,frozen_MLP,1029,seed1029,8,0.75,0.7584541062801933,0.0,0.0,0.7040358744394619,0.0,0.0,0.0,1.0,0.0,1.0
TAO_TRAIN_GT_CONTROLLED_HELDOUT,policy_heldout,WITHOUT_RISK,frozen_MLP,1029,seed1029,16,0.75,0.782608695652174,0.0,0.0,0.726457399103139,0.0,0.0,0.0,1.0,0.0,1.0
TAO_TRAIN_GT_CONTROLLED_HELDOUT,policy_heldout,WITHOUT_RISK,frozen_MLP,1029,main,1,1.0,0.6231884057971014,0.0,0.0,0.57847533632287,0.0,0.0,0.0,1.0,0.0,1.0
TAO_TRAIN_GT_CONTROLLED_HELDOUT,policy_heldout,WITHOUT_RISK,frozen_MLP,1029,main,2,1.0,0.6714975845410628,0.0,0.0,0.6233183856502242,0.0,0.0,0.0,1.0,0.0,1.0
TAO_TRAIN_GT_CONTROLLED_HELDOUT,policy_heldout,WITHOUT_RISK,frozen_MLP,1029,main,4,1.0,0.7198067632850241,0.0,0.0,0.6681614349775785,0.0,0.0,0.0,1.0,0.0,1.0
TAO_TRAIN_GT_CONTROLLED_HELDOUT,policy_heldout,WITHOUT_RISK,frozen_MLP,1029,main,8,1.0,0.7584541062801933,0.0,0.0,0.7040358744394619,0.0,0.0,0.0,1.0,0.0,1.0
TAO_TRAIN_GT_CONTROLLED_HELDOUT,policy_heldout,WITHOUT_RISK,frozen_MLP,1029,main,16,1.0,0.782608695652174,0.0,0.0,0.726457399103139,0.0,0.0,0.0,1.0,0.0,1.0
TAO_TRAIN_GT_CONTROLLED_HELDOUT,policy_heldout,WITHOUT_RISK,frozen_MLP,1029,seed1027,1,1.0,0.6231884057971014,0.0,0.0,0.57847533632287,0.0,0.0,0.0,1.0,0.0,1.0
TAO_TRAIN_GT_CONTROLLED_HELDOUT,policy_heldout,WITHOUT_RISK,frozen_MLP,1029,seed1027,2,1.0,0.6714975845410628,0.0,0.0,0.6233183856502242,0.0,0.0,0.0,1.0,0.0,1.0
TAO_TRAIN_GT_CONTROLLED_HELDOUT,policy_heldout,WITHOUT_RISK,frozen_MLP,1029,seed1027,4,1.0,0.7198067632850241,0.0,0.0,0.6681614349775785,0.0,0.0,0.0,1.0,0.0,1.0
TAO_TRAIN_GT_CONTROLLED_HELDOUT,policy_heldout,WITHOUT_RISK,frozen_MLP,1029,seed1027,8,1.0,0.7584541062801933,0.0,0.0,0.7040358744394619,0.0,0.0,0.0,1.0,0.0,1.0
TAO_TRAIN_GT_CONTROLLED_HELDOUT,policy_heldout,WITHOUT_RISK,frozen_MLP,1029,seed1027,16,1.0,0.782608695652174,0.0,0.0,0.726457399103139,0.0,0.0,0.0,1.0,0.0,1.0
TAO_TRAIN_GT_CONTROLLED_HELDOUT,policy_heldout,WITHOUT_RISK,frozen_MLP,1029,seed1028,1,1.0,0.6231884057971014,0.0,0.0,0.57847533632287,0.0,0.0,0.0,1.0,0.0,1.0
TAO_TRAIN_GT_CONTROLLED_HELDOUT,policy_heldout,WITHOUT_RISK,frozen_MLP,1029,seed1028,2,1.0,0.6714975845410628,0.0,0.0,0.6233183856502242,0.0,0.0,0.0,1.0,0.0,1.0
TAO_TRAIN_GT_CONTROLLED_HELDOUT,policy_heldout,WITHOUT_RISK,frozen_MLP,1029,seed1028,4,1.0,0.7198067632850241,0.0,0.0,0.6681614349775785,0.0,0.0,0.0,1.0,0.0,1.0
TAO_TRAIN_GT_CONTROLLED_HELDOUT,policy_heldout,WITHOUT_RISK,frozen_MLP,1029,seed1028,8,1.0,0.7584541062801933,0.0,0.0,0.7040358744394619,0.0,0.0,0.0,1.0,0.0,1.0
TAO_TRAIN_GT_CONTROLLED_HELDOUT,policy_heldout,WITHOUT_RISK,frozen_MLP,1029,seed1028,16,1.0,0.782608695652174,0.0,0.0,0.726457399103139,0.0,0.0,0.0,1.0,0.0,1.0
TAO_TRAIN_GT_CONTROLLED_HELDOUT,policy_heldout,WITHOUT_RISK,frozen_MLP,1029,seed1029,1,1.0,0.6231884057971014,0.0,0.0,0.57847533632287,0.0,0.0,0.0,1.0,0.0,1.0
TAO_TRAIN_GT_CONTROLLED_HELDOUT,policy_heldout,WITHOUT_RISK,frozen_MLP,1029,seed1029,2,1.0,0.6714975845410628,0.0,0.0,0.6233183856502242,0.0,0.0,0.0,1.0,0.0,1.0
TAO_TRAIN_GT_CONTROLLED_HELDOUT,policy_heldout,WITHOUT_RISK,frozen_MLP,1029,seed1029,4,1.0,0.7198067632850241,0.0,0.0,0.6681614349775785,0.0,0.0,0.0,1.0,0.0,1.0
TAO_TRAIN_GT_CONTROLLED_HELDOUT,policy_heldout,WITHOUT_RISK,frozen_MLP,1029,seed1029,8,1.0,0.7584541062801933,0.0,0.0,0.7040358744394619,0.0,0.0,0.0,1.0,0.0,1.0
TAO_TRAIN_GT_CONTROLLED_HELDOUT,policy_heldout,WITHOUT_RISK,frozen_MLP,1029,seed1029,16,1.0,0.782608695652174,0.0,0.0,0.726457399103139,0.0,0.0,0.0,1.0,0.0,1.0
TAO_TRAIN_GT_CONTROLLED_HELDOUT,policy_heldout,RESET_PER_VIDEO,frozen_MLP,1029,main,1,0.5,0.6231884057971014,0.0,0.0,0.57847533632287,0.0,0.0,0.0,1.0,0.0,1.0
TAO_TRAIN_GT_CONTROLLED_HELDOUT,policy_heldout,RESET_PER_VIDEO,frozen_MLP,1029,main,2,0.5,0.6714975845410628,0.0,0.0,0.6233183856502242,0.0,0.0,0.0,1.0,0.0,1.0
TAO_TRAIN_GT_CONTROLLED_HELDOUT,policy_heldout,RESET_PER_VIDEO,frozen_MLP,1029,main,4,0.5,0.7198067632850241,0.0,0.0,0.6681614349775785,0.0,0.0,0.0,1.0,0.0,1.0
TAO_TRAIN_GT_CONTROLLED_HELDOUT,policy_heldout,RESET_PER_VIDEO,frozen_MLP,1029,main,8,0.5,0.7584541062801933,0.0,0.0,0.7040358744394619,0.0,0.0,0.0,1.0,0.0,1.0
TAO_TRAIN_GT_CONTROLLED_HELDOUT,policy_heldout,RESET_PER_VIDEO,frozen_MLP,1029,main,16,0.5,0.782608695652174,0.0,0.0,0.726457399103139,0.0,0.0,0.0,1.0,0.0,1.0
TAO_TRAIN_GT_CONTROLLED_HELDOUT,policy_heldout,RESET_PER_VIDEO,frozen_MLP,1029,seed1027,1,0.5,0.6231884057971014,0.0,0.0,0.57847533632287,0.0,0.0,0.0,1.0,0.0,1.0
TAO_TRAIN_GT_CONTROLLED_HELDOUT,policy_heldout,RESET_PER_VIDEO,frozen_MLP,1029,seed1027,2,0.5,0.6714975845410628,0.0,0.0,0.6233183856502242,0.0,0.0,0.0,1.0,0.0,1.0
TAO_TRAIN_GT_CONTROLLED_HELDOUT,policy_heldout,RESET_PER_VIDEO,frozen_MLP,1029,seed1027,4,0.5,0.7198067632850241,0.0,0.0,0.6681614349775785,0.0,0.0,0.0,1.0,0.0,1.0
TAO_TRAIN_GT_CONTROLLED_HELDOUT,policy_heldout,RESET_PER_VIDEO,frozen_MLP,1029,seed1027,8,0.5,0.7584541062801933,0.0,0.0,0.7040358744394619,0.0,0.0,0.0,1.0,0.0,1.0
TAO_TRAIN_GT_CONTROLLED_HELDOUT,policy_heldout,RESET_PER_VIDEO,frozen_MLP,1029,seed1027,16,0.5,0.782608695652174,0.0,0.0,0.726457399103139,0.0,0.0,0.0,1.0,0.0,1.0
TAO_TRAIN_GT_CONTROLLED_HELDOUT,policy_heldout,RESET_PER_VIDEO,frozen_MLP,1029,seed1028,1,0.5,0.6231884057971014,0.0,0.0,0.57847533632287,0.0,0.0,0.0,1.0,0.0,1.0
TAO_TRAIN_GT_CONTROLLED_HELDOUT,policy_heldout,RESET_PER_VIDEO,frozen_MLP,1029,seed1028,2,0.5,0.6714975845410628,0.0,0.0,0.6233183856502242,0.0,0.0,0.0,1.0,0.0,1.0
TAO_TRAIN_GT_CONTROLLED_HELDOUT,policy_heldout,RESET_PER_VIDEO,frozen_MLP,1029,seed1028,4,0.5,0.7198067632850241,0.0,0.0,0.6681614349775785,0.0,0.0,0.0,1.0,0.0,1.0
TAO_TRAIN_GT_CONTROLLED_HELDOUT,policy_heldout,RESET_PER_VIDEO,frozen_MLP,1029,seed1028,8,0.5,0.7584541062801933,0.0,0.0,0.7040358744394619,0.0,0.0,0.0,1.0,0.0,1.0
TAO_TRAIN_GT_CONTROLLED_HELDOUT,policy_heldout,RESET_PER_VIDEO,frozen_MLP,1029,seed1028,16,0.5,0.782608695652174,0.0,0.0,0.726457399103139,0.0,0.0,0.0,1.0,0.0,1.0
TAO_TRAIN_GT_CONTROLLED_HELDOUT,policy_heldout,RESET_PER_VIDEO,frozen_MLP,1029,seed1029,1,0.5,0.6231884057971014,0.0,0.0,0.57847533632287,0.0,0.0,0.0,1.0,0.0,1.0
TAO_TRAIN_GT_CONTROLLED_HELDOUT,policy_heldout,RESET_PER_VIDEO,frozen_MLP,1029,seed1029,2,0.5,0.6714975845410628,0.0,0.0,0.6233183856502242,0.0,0.0,0.0,1.0,0.0,1.0
TAO_TRAIN_GT_CONTROLLED_HELDOUT,policy_heldout,RESET_PER_VIDEO,frozen_MLP,1029,seed1029,4,0.5,0.7198067632850241,0.0,0.0,0.6681614349775785,0.0,0.0,0.0,1.0,0.0,1.0
TAO_TRAIN_GT_CONTROLLED_HELDOUT,policy_heldout,RESET_PER_VIDEO,frozen_MLP,1029,seed1029,8,0.5,0.7584541062801933,0.0,0.0,0.7040358744394619,0.0,0.0,0.0,1.0,0.0,1.0
TAO_TRAIN_GT_CONTROLLED_HELDOUT,policy_heldout,RESET_PER_VIDEO,frozen_MLP,1029,seed1029,16,0.5,0.782608695652174,0.0,0.0,0.726457399103139,0.0,0.0,0.0,1.0,0.0,1.0
TAO_TRAIN_GT_CONTROLLED_HELDOUT,policy_heldout,RESET_PER_VIDEO,frozen_MLP,1029,main,1,0.75,0.6231884057971014,0.0,0.0,0.57847533632287,0.0,0.0,0.0,1.0,0.0,1.0
TAO_TRAIN_GT_CONTROLLED_HELDOUT,policy_heldout,RESET_PER_VIDEO,frozen_MLP,1029,main,2,0.75,0.6714975845410628,0.0,0.0,0.6233183856502242,0.0,0.0,0.0,1.0,0.0,1.0
TAO_TRAIN_GT_CONTROLLED_HELDOUT,policy_heldout,RESET_PER_VIDEO,frozen_MLP,1029,main,4,0.75,0.7198067632850241,0.0,0.0,0.6681614349775785,0.0,0.0,0.0,1.0,0.0,1.0
TAO_TRAIN_GT_CONTROLLED_HELDOUT,policy_heldout,RESET_PER_VIDEO,frozen_MLP,1029,main,8,0.75,0.7584541062801933,0.0,0.0,0.7040358744394619,0.0,0.0,0.0,1.0,0.0,1.0
TAO_TRAIN_GT_CONTROLLED_HELDOUT,policy_heldout,RESET_PER_VIDEO,frozen_MLP,1029,main,16,0.75,0.782608695652174,0.0,0.0,0.726457399103139,0.0,0.0,0.0,1.0,0.0,1.0
TAO_TRAIN_GT_CONTROLLED_HELDOUT,policy_heldout,RESET_PER_VIDEO,frozen_MLP,1029,seed1027,1,0.75,0.6231884057971014,0.0,0.0,0.57847533632287,0.0,0.0,0.0,1.0,0.0,1.0
TAO_TRAIN_GT_CONTROLLED_HELDOUT,policy_heldout,RESET_PER_VIDEO,frozen_MLP,1029,seed1027,2,0.75,0.6714975845410628,0.0,0.0,0.6233183856502242,0.0,0.0,0.0,1.0,0.0,1.0
TAO_TRAIN_GT_CONTROLLED_HELDOUT,policy_heldout,RESET_PER_VIDEO,frozen_MLP,1029,seed1027,4,0.75,0.7198067632850241,0.0,0.0,0.6681614349775785,0.0,0.0,0.0,1.0,0.0,1.0
TAO_TRAIN_GT_CONTROLLED_HELDOUT,policy_heldout,RESET_PER_VIDEO,frozen_MLP,1029,seed1027,8,0.75,0.7584541062801933,0.0,0.0,0.7040358744394619,0.0,0.0,0.0,1.0,0.0,1.0
TAO_TRAIN_GT_CONTROLLED_HELDOUT,policy_heldout,RESET_PER_VIDEO,frozen_MLP,1029,seed1027,16,0.75,0.782608695652174,0.0,0.0,0.726457399103139,0.0,0.0,0.0,1.0,0.0,1.0
TAO_TRAIN_GT_CONTROLLED_HELDOUT,policy_heldout,RESET_PER_VIDEO,frozen_MLP,1029,seed1028,1,0.75,0.6231884057971014,0.0,0.0,0.57847533632287,0.0,0.0,0.0,1.0,0.0,1.0
TAO_TRAIN_GT_CONTROLLED_HELDOUT,policy_heldout,RESET_PER_VIDEO,frozen_MLP,1029,seed1028,2,0.75,0.6714975845410628,0.0,0.0,0.6233183856502242,0.0,0.0,0.0,1.0,0.0,1.0
TAO_TRAIN_GT_CONTROLLED_HELDOUT,policy_heldout,RESET_PER_VIDEO,frozen_MLP,1029,seed1028,4,0.75,0.7198067632850241,0.0,0.0,0.6681614349775785,0.0,0.0,0.0,1.0,0.0,1.0
TAO_TRAIN_GT_CONTROLLED_HELDOUT,policy_heldout,RESET_PER_VIDEO,frozen_MLP,1029,seed1028,8,0.75,0.7584541062801933,0.0,0.0,0.7040358744394619,0.0,0.0,0.0,1.0,0.0,1.0
TAO_TRAIN_GT_CONTROLLED_HELDOUT,policy_heldout,RESET_PER_VIDEO,frozen_MLP,1029,seed1028,16,0.75,0.782608695652174,0.0,0.0,0.726457399103139,0.0,0.0,0.0,1.0,0.0,1.0
TAO_TRAIN_GT_CONTROLLED_HELDOUT,policy_heldout,RESET_PER_VIDEO,frozen_MLP,1029,seed1029,1,0.75,0.6231884057971014,0.0,0.0,0.57847533632287,0.0,0.0,0.0,1.0,0.0,1.0
TAO_TRAIN_GT_CONTROLLED_HELDOUT,policy_heldout,RESET_PER_VIDEO,frozen_MLP,1029,seed1029,2,0.75,0.6714975845410628,0.0,0.0,0.6233183856502242,0.0,0.0,0.0,1.0,0.0,1.0
TAO_TRAIN_GT_CONTROLLED_HELDOUT,policy_heldout,RESET_PER_VIDEO,frozen_MLP,1029,seed1029,4,0.75,0.7198067632850241,0.0,0.0,0.6681614349775785,0.0,0.0,0.0,1.0,0.0,1.0
TAO_TRAIN_GT_CONTROLLED_HELDOUT,policy_heldout,RESET_PER_VIDEO,frozen_MLP,1029,seed1029,8,0.75,0.7584541062801933,0.0,0.0,0.7040358744394619,0.0,0.0,0.0,1.0,0.0,1.0
TAO_TRAIN_GT_CONTROLLED_HELDOUT,policy_heldout,RESET_PER_VIDEO,frozen_MLP,1029,seed1029,16,0.75,0.782608695652174,0.0,0.0,0.726457399103139,0.0,0.0,0.0,1.0,0.0,1.0
TAO_TRAIN_GT_CONTROLLED_HELDOUT,policy_heldout,RESET_PER_VIDEO,frozen_MLP,1029,main,1,1.0,0.6231884057971014,0.0,0.0,0.57847533632287,0.0,0.0,0.0,1.0,0.0,1.0
TAO_TRAIN_GT_CONTROLLED_HELDOUT,policy_heldout,RESET_PER_VIDEO,frozen_MLP,1029,main,2,1.0,0.6714975845410628,0.0,0.0,0.6233183856502242,0.0,0.0,0.0,1.0,0.0,1.0
TAO_TRAIN_GT_CONTROLLED_HELDOUT,policy_heldout,RESET_PER_VIDEO,frozen_MLP,1029,main,4,1.0,0.7198067632850241,0.0,0.0,0.6681614349775785,0.0,0.0,0.0,1.0,0.0,1.0
TAO_TRAIN_GT_CONTROLLED_HELDOUT,policy_heldout,RESET_PER_VIDEO,frozen_MLP,1029,main,8,1.0,0.7584541062801933,0.0,0.0,0.7040358744394619,0.0,0.0,0.0,1.0,0.0,1.0
TAO_TRAIN_GT_CONTROLLED_HELDOUT,policy_heldout,RESET_PER_VIDEO,frozen_MLP,1029,main,16,1.0,0.782608695652174,0.0,0.0,0.726457399103139,0.0,0.0,0.0,1.0,0.0,1.0
TAO_TRAIN_GT_CONTROLLED_HELDOUT,policy_heldout,RESET_PER_VIDEO,frozen_MLP,1029,seed1027,1,1.0,0.6231884057971014,0.0,0.0,0.57847533632287,0.0,0.0,0.0,1.0,0.0,1.0
TAO_TRAIN_GT_CONTROLLED_HELDOUT,policy_heldout,RESET_PER_VIDEO,frozen_MLP,1029,seed1027,2,1.0,0.6714975845410628,0.0,0.0,0.6233183856502242,0.0,0.0,0.0,1.0,0.0,1.0
TAO_TRAIN_GT_CONTROLLED_HELDOUT,policy_heldout,RESET_PER_VIDEO,frozen_MLP,1029,seed1027,4,1.0,0.7198067632850241,0.0,0.0,0.6681614349775785,0.0,0.0,0.0,1.0,0.0,1.0
TAO_TRAIN_GT_CONTROLLED_HELDOUT,policy_heldout,RESET_PER_VIDEO,frozen_MLP,1029,seed1027,8,1.0,0.7584541062801933,0.0,0.0,0.7040358744394619,0.0,0.0,0.0,1.0,0.0,1.0
TAO_TRAIN_GT_CONTROLLED_HELDOUT,policy_heldout,RESET_PER_VIDEO,frozen_MLP,1029,seed1027,16,1.0,0.782608695652174,0.0,0.0,0.726457399103139,0.0,0.0,0.0,1.0,0.0,1.0
TAO_TRAIN_GT_CONTROLLED_HELDOUT,policy_heldout,RESET_PER_VIDEO,frozen_MLP,1029,seed1028,1,1.0,0.6231884057971014,0.0,0.0,0.57847533632287,0.0,0.0,0.0,1.0,0.0,1.0
TAO_TRAIN_GT_CONTROLLED_HELDOUT,policy_heldout,RESET_PER_VIDEO,frozen_MLP,1029,seed1028,2,1.0,0.6714975845410628,0.0,0.0,0.6233183856502242,0.0,0.0,0.0,1.0,0.0,1.0
TAO_TRAIN_GT_CONTROLLED_HELDOUT,policy_heldout,RESET_PER_VIDEO,frozen_MLP,1029,seed1028,4,1.0,0.7198067632850241,0.0,0.0,0.6681614349775785,0.0,0.0,0.0,1.0,0.0,1.0
TAO_TRAIN_GT_CONTROLLED_HELDOUT,policy_heldout,RESET_PER_VIDEO,frozen_MLP,1029,seed1028,8,1.0,0.7584541062801933,0.0,0.0,0.7040358744394619,0.0,0.0,0.0,1.0,0.0,1.0
TAO_TRAIN_GT_CONTROLLED_HELDOUT,policy_heldout,RESET_PER_VIDEO,frozen_MLP,1029,seed1028,16,1.0,0.782608695652174,0.0,0.0,0.726457399103139,0.0,0.0,0.0,1.0,0.0,1.0
TAO_TRAIN_GT_CONTROLLED_HELDOUT,policy_heldout,RESET_PER_VIDEO,frozen_MLP,1029,seed1029,1,1.0,0.6231884057971014,0.0,0.0,0.57847533632287,0.0,0.0,0.0,1.0,0.0,1.0
TAO_TRAIN_GT_CONTROLLED_HELDOUT,policy_heldout,RESET_PER_VIDEO,frozen_MLP,1029,seed1029,2,1.0,0.6714975845410628,0.0,0.0,0.6233183856502242,0.0,0.0,0.0,1.0,0.0,1.0
TAO_TRAIN_GT_CONTROLLED_HELDOUT,policy_heldout,RESET_PER_VIDEO,frozen_MLP,1029,seed1029,4,1.0,0.7198067632850241,0.0,0.0,0.6681614349775785,0.0,0.0,0.0,1.0,0.0,1.0
TAO_TRAIN_GT_CONTROLLED_HELDOUT,policy_heldout,RESET_PER_VIDEO,frozen_MLP,1029,seed1029,8,1.0,0.7584541062801933,0.0,0.0,0.7040358744394619,0.0,0.0,0.0,1.0,0.0,1.0
TAO_TRAIN_GT_CONTROLLED_HELDOUT,policy_heldout,RESET_PER_VIDEO,frozen_MLP,1029,seed1029,16,1.0,0.782608695652174,0.0,0.0,0.726457399103139,0.0,0.0,0.0,1.0,0.0,1.0
TAO_TRAIN_GT_CONTROLLED_HELDOUT,policy_heldout,FULL,frozen_MLP,1029,main,1,0.5,0.6231884057971014,0.0,0.0,0.57847533632287,0.0,0.0,0.0,1.0,0.0,1.0
TAO_TRAIN_GT_CONTROLLED_HELDOUT,policy_heldout,FULL,frozen_MLP,1029,main,2,0.5,0.6714975845410628,0.0,0.0,0.6233183856502242,0.0,0.0,0.0,1.0,0.0,1.0
TAO_TRAIN_GT_CONTROLLED_HELDOUT,policy_heldout,FULL,frozen_MLP,1029,main,4,0.5,0.7198067632850241,0.0,0.0,0.6681614349775785,0.0,0.0,0.0,1.0,0.0,1.0
TAO_TRAIN_GT_CONTROLLED_HELDOUT,policy_heldout,FULL,frozen_MLP,1029,main,8,0.5,0.7584541062801933,0.0,0.0,0.7040358744394619,0.0,0.0,0.0,1.0,0.0,1.0
TAO_TRAIN_GT_CONTROLLED_HELDOUT,policy_heldout,FULL,frozen_MLP,1029,main,16,0.5,0.782608695652174,0.0,0.0,0.726457399103139,0.0,0.0,0.0,1.0,0.0,1.0
TAO_TRAIN_GT_CONTROLLED_HELDOUT,policy_heldout,FULL,frozen_MLP,1029,seed1027,1,0.5,0.6231884057971014,0.0,0.0,0.57847533632287,0.0,0.0,0.0,1.0,0.0,1.0
TAO_TRAIN_GT_CONTROLLED_HELDOUT,policy_heldout,FULL,frozen_MLP,1029,seed1027,2,0.5,0.6714975845410628,0.0,0.0,0.6233183856502242,0.0,0.0,0.0,1.0,0.0,1.0
TAO_TRAIN_GT_CONTROLLED_HELDOUT,policy_heldout,FULL,frozen_MLP,1029,seed1027,4,0.5,0.7198067632850241,0.0,0.0,0.6681614349775785,0.0,0.0,0.0,1.0,0.0,1.0
TAO_TRAIN_GT_CONTROLLED_HELDOUT,policy_heldout,FULL,frozen_MLP,1029,seed1027,8,0.5,0.7584541062801933,0.0,0.0,0.7040358744394619,0.0,0.0,0.0,1.0,0.0,1.0
TAO_TRAIN_GT_CONTROLLED_HELDOUT,policy_heldout,FULL,frozen_MLP,1029,seed1027,16,0.5,0.782608695652174,0.0,0.0,0.726457399103139,0.0,0.0,0.0,1.0,0.0,1.0
TAO_TRAIN_GT_CONTROLLED_HELDOUT,policy_heldout,FULL,frozen_MLP,1029,seed1028,1,0.5,0.6231884057971014,0.0,0.0,0.57847533632287,0.0,0.0,0.0,1.0,0.0,1.0
TAO_TRAIN_GT_CONTROLLED_HELDOUT,policy_heldout,FULL,frozen_MLP,1029,seed1028,2,0.5,0.6714975845410628,0.0,0.0,0.6233183856502242,0.0,0.0,0.0,1.0,0.0,1.0
TAO_TRAIN_GT_CONTROLLED_HELDOUT,policy_heldout,FULL,frozen_MLP,1029,seed1028,4,0.5,0.7198067632850241,0.0,0.0,0.6681614349775785,0.0,0.0,0.0,1.0,0.0,1.0
TAO_TRAIN_GT_CONTROLLED_HELDOUT,policy_heldout,FULL,frozen_MLP,1029,seed1028,8,0.5,0.7584541062801933,0.0,0.0,0.7040358744394619,0.0,0.0,0.0,1.0,0.0,1.0
TAO_TRAIN_GT_CONTROLLED_HELDOUT,policy_heldout,FULL,frozen_MLP,1029,seed1028,16,0.5,0.782608695652174,0.0,0.0,0.726457399103139,0.0,0.0,0.0,1.0,0.0,1.0
TAO_TRAIN_GT_CONTROLLED_HELDOUT,policy_heldout,FULL,frozen_MLP,1029,seed1029,1,0.5,0.6231884057971014,0.0,0.0,0.57847533632287,0.0,0.0,0.0,1.0,0.0,1.0
TAO_TRAIN_GT_CONTROLLED_HELDOUT,policy_heldout,FULL,frozen_MLP,1029,seed1029,2,0.5,0.6714975845410628,0.0,0.0,0.6233183856502242,0.0,0.0,0.0,1.0,0.0,1.0
TAO_TRAIN_GT_CONTROLLED_HELDOUT,policy_heldout,FULL,frozen_MLP,1029,seed1029,4,0.5,0.7198067632850241,0.0,0.0,0.6681614349775785,0.0,0.0,0.0,1.0,0.0,1.0
TAO_TRAIN_GT_CONTROLLED_HELDOUT,policy_heldout,FULL,frozen_MLP,1029,seed1029,8,0.5,0.7584541062801933,0.0,0.0,0.7040358744394619,0.0,0.0,0.0,1.0,0.0,1.0
TAO_TRAIN_GT_CONTROLLED_HELDOUT,policy_heldout,FULL,frozen_MLP,1029,seed1029,16,0.5,0.782608695652174,0.0,0.0,0.726457399103139,0.0,0.0,0.0,1.0,0.0,1.0
TAO_TRAIN_GT_CONTROLLED_HELDOUT,policy_heldout,FULL,frozen_MLP,1029,main,1,0.75,0.6231884057971014,0.0,0.0,0.57847533632287,0.0,0.0,0.0,1.0,0.0,1.0
TAO_TRAIN_GT_CONTROLLED_HELDOUT,policy_heldout,FULL,frozen_MLP,1029,main,2,0.75,0.6714975845410628,0.0,0.0,0.6233183856502242,0.0,0.0,0.0,1.0,0.0,1.0
TAO_TRAIN_GT_CONTROLLED_HELDOUT,policy_heldout,FULL,frozen_MLP,1029,main,4,0.75,0.7198067632850241,0.0,0.0,0.6681614349775785,0.0,0.0,0.0,1.0,0.0,1.0
TAO_TRAIN_GT_CONTROLLED_HELDOUT,policy_heldout,FULL,frozen_MLP,1029,main,8,0.75,0.7584541062801933,0.0,0.0,0.7040358744394619,0.0,0.0,0.0,1.0,0.0,1.0
TAO_TRAIN_GT_CONTROLLED_HELDOUT,policy_heldout,FULL,frozen_MLP,1029,main,16,0.75,0.782608695652174,0.0,0.0,0.726457399103139,0.0,0.0,0.0,1.0,0.0,1.0
TAO_TRAIN_GT_CONTROLLED_HELDOUT,policy_heldout,FULL,frozen_MLP,1029,seed1027,1,0.75,0.6231884057971014,0.0,0.0,0.57847533632287,0.0,0.0,0.0,1.0,0.0,1.0
TAO_TRAIN_GT_CONTROLLED_HELDOUT,policy_heldout,FULL,frozen_MLP,1029,seed1027,2,0.75,0.6714975845410628,0.0,0.0,0.6233183856502242,0.0,0.0,0.0,1.0,0.0,1.0
TAO_TRAIN_GT_CONTROLLED_HELDOUT,policy_heldout,FULL,frozen_MLP,1029,seed1027,4,0.75,0.7198067632850241,0.0,0.0,0.6681614349775785,0.0,0.0,0.0,1.0,0.0,1.0
TAO_TRAIN_GT_CONTROLLED_HELDOUT,policy_heldout,FULL,frozen_MLP,1029,seed1027,8,0.75,0.7584541062801933,0.0,0.0,0.7040358744394619,0.0,0.0,0.0,1.0,0.0,1.0
TAO_TRAIN_GT_CONTROLLED_HELDOUT,policy_heldout,FULL,frozen_MLP,1029,seed1027,16,0.75,0.782608695652174,0.0,0.0,0.726457399103139,0.0,0.0,0.0,1.0,0.0,1.0
TAO_TRAIN_GT_CONTROLLED_HELDOUT,policy_heldout,FULL,frozen_MLP,1029,seed1028,1,0.75,0.6231884057971014,0.0,0.0,0.57847533632287,0.0,0.0,0.0,1.0,0.0,1.0
TAO_TRAIN_GT_CONTROLLED_HELDOUT,policy_heldout,FULL,frozen_MLP,1029,seed1028,2,0.75,0.6714975845410628,0.0,0.0,0.6233183856502242,0.0,0.0,0.0,1.0,0.0,1.0
TAO_TRAIN_GT_CONTROLLED_HELDOUT,policy_heldout,FULL,frozen_MLP,1029,seed1028,4,0.75,0.7198067632850241,0.0,0.0,0.6681614349775785,0.0,0.0,0.0,1.0,0.0,1.0
TAO_TRAIN_GT_CONTROLLED_HELDOUT,policy_heldout,FULL,frozen_MLP,1029,seed1028,8,0.75,0.7584541062801933,0.0,0.0,0.7040358744394619,0.0,0.0,0.0,1.0,0.0,1.0
TAO_TRAIN_GT_CONTROLLED_HELDOUT,policy_heldout,FULL,frozen_MLP,1029,seed1028,16,0.75,0.782608695652174,0.0,0.0,0.726457399103139,0.0,0.0,0.0,1.0,0.0,1.0
TAO_TRAIN_GT_CONTROLLED_HELDOUT,policy_heldout,FULL,frozen_MLP,1029,seed1029,1,0.75,0.6231884057971014,0.0,0.0,0.57847533632287,0.0,0.0,0.0,1.0,0.0,1.0
TAO_TRAIN_GT_CONTROLLED_HELDOUT,policy_heldout,FULL,frozen_MLP,1029,seed1029,2,0.75,0.6714975845410628,0.0,0.0,0.6233183856502242,0.0,0.0,0.0,1.0,0.0,1.0
TAO_TRAIN_GT_CONTROLLED_HELDOUT,policy_heldout,FULL,frozen_MLP,1029,seed1029,4,0.75,0.7198067632850241,0.0,0.0,0.6681614349775785,0.0,0.0,0.0,1.0,0.0,1.0
TAO_TRAIN_GT_CONTROLLED_HELDOUT,policy_heldout,FULL,frozen_MLP,1029,seed1029,8,0.75,0.7584541062801933,0.0,0.0,0.7040358744394619,0.0,0.0,0.0,1.0,0.0,1.0
TAO_TRAIN_GT_CONTROLLED_HELDOUT,policy_heldout,FULL,frozen_MLP,1029,seed1029,16,0.75,0.782608695652174,0.0,0.0,0.726457399103139,0.0,0.0,0.0,1.0,0.0,1.0
TAO_TRAIN_GT_CONTROLLED_HELDOUT,policy_heldout,FULL,frozen_MLP,1029,main,1,1.0,0.6231884057971014,0.0,0.0,0.57847533632287,0.0,0.0,0.0,1.0,0.0,1.0
TAO_TRAIN_GT_CONTROLLED_HELDOUT,policy_heldout,FULL,frozen_MLP,1029,main,2,1.0,0.6714975845410628,0.0,0.0,0.6233183856502242,0.0,0.0,0.0,1.0,0.0,1.0
TAO_TRAIN_GT_CONTROLLED_HELDOUT,policy_heldout,FULL,frozen_MLP,1029,main,4,1.0,0.7198067632850241,0.0,0.0,0.6681614349775785,0.0,0.0,0.0,1.0,0.0,1.0
TAO_TRAIN_GT_CONTROLLED_HELDOUT,policy_heldout,FULL,frozen_MLP,1029,main,8,1.0,0.7584541062801933,0.0,0.0,0.7040358744394619,0.0,0.0,0.0,1.0,0.0,1.0
TAO_TRAIN_GT_CONTROLLED_HELDOUT,policy_heldout,FULL,frozen_MLP,1029,main,16,1.0,0.782608695652174,0.0,0.0,0.726457399103139,0.0,0.0,0.0,1.0,0.0,1.0
TAO_TRAIN_GT_CONTROLLED_HELDOUT,policy_heldout,FULL,frozen_MLP,1029,seed1027,1,1.0,0.6231884057971014,0.0,0.0,0.57847533632287,0.0,0.0,0.0,1.0,0.0,1.0
TAO_TRAIN_GT_CONTROLLED_HELDOUT,policy_heldout,FULL,frozen_MLP,1029,seed1027,2,1.0,0.6714975845410628,0.0,0.0,0.6233183856502242,0.0,0.0,0.0,1.0,0.0,1.0
TAO_TRAIN_GT_CONTROLLED_HELDOUT,policy_heldout,FULL,frozen_MLP,1029,seed1027,4,1.0,0.7198067632850241,0.0,0.0,0.6681614349775785,0.0,0.0,0.0,1.0,0.0,1.0
TAO_TRAIN_GT_CONTROLLED_HELDOUT,policy_heldout,FULL,frozen_MLP,1029,seed1027,8,1.0,0.7584541062801933,0.0,0.0,0.7040358744394619,0.0,0.0,0.0,1.0,0.0,1.0
TAO_TRAIN_GT_CONTROLLED_HELDOUT,policy_heldout,FULL,frozen_MLP,1029,seed1027,16,1.0,0.782608695652174,0.0,0.0,0.726457399103139,0.0,0.0,0.0,1.0,0.0,1.0
TAO_TRAIN_GT_CONTROLLED_HELDOUT,policy_heldout,FULL,frozen_MLP,1029,seed1028,1,1.0,0.6231884057971014,0.0,0.0,0.57847533632287,0.0,0.0,0.0,1.0,0.0,1.0
TAO_TRAIN_GT_CONTROLLED_HELDOUT,policy_heldout,FULL,frozen_MLP,1029,seed1028,2,1.0,0.6714975845410628,0.0,0.0,0.6233183856502242,0.0,0.0,0.0,1.0,0.0,1.0
TAO_TRAIN_GT_CONTROLLED_HELDOUT,policy_heldout,FULL,frozen_MLP,1029,seed1028,4,1.0,0.7198067632850241,0.0,0.0,0.6681614349775785,0.0,0.0,0.0,1.0,0.0,1.0
TAO_TRAIN_GT_CONTROLLED_HELDOUT,policy_heldout,FULL,frozen_MLP,1029,seed1028,8,1.0,0.7584541062801933,0.0,0.0,0.7040358744394619,0.0,0.0,0.0,1.0,0.0,1.0
TAO_TRAIN_GT_CONTROLLED_HELDOUT,policy_heldout,FULL,frozen_MLP,1029,seed1028,16,1.0,0.782608695652174,0.0,0.0,0.726457399103139,0.0,0.0,0.0,1.0,0.0,1.0
TAO_TRAIN_GT_CONTROLLED_HELDOUT,policy_heldout,FULL,frozen_MLP,1029,seed1029,1,1.0,0.6231884057971014,0.0,0.0,0.57847533632287,0.0,0.0,0.0,1.0,0.0,1.0
TAO_TRAIN_GT_CONTROLLED_HELDOUT,policy_heldout,FULL,frozen_MLP,1029,seed1029,2,1.0,0.6714975845410628,0.0,0.0,0.6233183856502242,0.0,0.0,0.0,1.0,0.0,1.0
TAO_TRAIN_GT_CONTROLLED_HELDOUT,policy_heldout,FULL,frozen_MLP,1029,seed1029,4,1.0,0.7198067632850241,0.0,0.0,0.6681614349775785,0.0,0.0,0.0,1.0,0.0,1.0
TAO_TRAIN_GT_CONTROLLED_HELDOUT,policy_heldout,FULL,frozen_MLP,1029,seed1029,8,1.0,0.7584541062801933,0.0,0.0,0.7040358744394619,0.0,0.0,0.0,1.0,0.0,1.0
TAO_TRAIN_GT_CONTROLLED_HELDOUT,policy_heldout,FULL,frozen_MLP,1029,seed1029,16,1.0,0.782608695652174,0.0,0.0,0.726457399103139,0.0,0.0,0.0,1.0,0.0,1.0
